{"percentile": {"y": [0.0, 1.5, 3.1, 4.6, 6.2, 7.8, 9.3, 10.9, 12.5, 18.7, 21.8, 23.4, 25.0, 28.1, 31.2, 32.8, 35.9, 37.5, 40.6, 43.7, 45.3, 46.8, 48.4, 50.0, 51.5, 54.6, 56.2, 59.3, 62.5, 65.6, 67.1, 70.3, 71.8, 76.5, 78.1, 79.6, 81.2, 82.8, 84.3, 85.9, 87.5, 89.0, 92.1, 93.7, 95.3, 96.8, 98.4], "x": [5.6, 6.9, 7.2, 7.3, 7.6, 7.833333333333333, 7.866666666666667, 7.933333333333334, 8.0, 8.1, 8.166666666666666, 8.266666666666667, 8.3, 8.333333333333334, 8.4, 8.433333333333334, 8.5, 8.533333333333333, 8.6, 8.7, 8.8, 8.833333333333334, 9.033333333333333, 9.266666666666667, 9.333333333333334, 9.366666666666667, 9.433333333333334, 9.466666666666667, 9.6, 9.666666666666666, 9.7, 9.966666666666667, 10.0, 10.366666666666667, 10.433333333333334, 10.6, 10.633333333333333, 10.666666666666666, 10.8, 10.833333333333334, 10.966666666666667, 11.0, 11.2, 11.266666666666667, 11.7, 11.766666666666667, 11.8]}, "histogram": {"y": [1, 1, 6, 23, 15, 11, 8, 0, 0], "x": [5.0, 6.0, 7.0, 8.0, 9.0, 10.0, 11.0, 12.0, 13.0]}}