{"histogram": {"x": [5.0, 6.0, 7.0, 8.0, 9.0, 10.0, 11.0, 12.0, 13.0], "y": [3, 8, 36, 43, 41, 27, 10, 0, 0]}, "percentile": {"x": [5.6, 5.733333333333333, 6.366666666666666, 6.4, 6.433333333333334, 6.6, 6.766666666666667, 6.866666666666667, 7.0, 7.133333333333334, 7.233333333333333, 7.266666666666667, 7.3, 7.333333333333333, 7.366666666666666, 7.466666666666667, 7.566666666666666, 7.6, 7.7, 7.733333333333333, 7.766666666666667, 7.8, 7.833333333333333, 7.866666666666667, 7.9, 7.933333333333334, 7.966666666666667, 8.0, 8.1, 8.166666666666666, 8.3, 8.333333333333334, 8.433333333333334, 8.533333333333333, 8.566666666666666, 8.6, 8.633333333333333, 8.666666666666666, 8.7, 8.733333333333333, 8.8, 8.833333333333334, 8.866666666666667, 8.9, 8.933333333333334, 8.966666666666667, 9.0, 9.033333333333333, 9.133333333333333, 9.166666666666666, 9.233333333333333, 9.266666666666667, 9.3, 9.333333333333334, 9.366666666666667, 9.433333333333334, 9.6, 9.633333333333333, 9.666666666666666, 9.7, 9.733333333333333, 9.766666666666667, 9.933333333333334, 9.966666666666667, 10.0, 10.066666666666666, 10.1, 10.133333333333333, 10.166666666666666, 10.233333333333333, 10.266666666666667, 10.3, 10.333333333333334, 10.366666666666667, 10.433333333333334, 10.5, 10.533333333333333, 10.6, 10.633333333333333, 10.666666666666666, 10.766666666666667, 10.8, 10.833333333333334, 10.866666666666667, 11.0, 11.166666666666666, 11.266666666666667, 11.333333333333334, 11.4, 11.533333333333333, 11.566666666666666, 11.6, 11.7], "y": [0.0, 1.1, 1.7, 2.3, 2.9, 3.5, 4.1, 5.9, 6.5, 8.9, 10.1, 10.7, 11.3, 11.9, 12.5, 13.7, 15.5, 16.1, 18.5, 20.3, 22.1, 22.7, 23.9, 25.1, 25.7, 26.3, 26.9, 28.1, 31.7, 32.3, 32.9, 33.5, 34.1, 34.7, 35.9, 37.1, 39.5, 40.7, 43.1, 43.7, 45.5, 46.1, 48.5, 50.2, 51.4, 52.6, 53.8, 58.0, 59.2, 59.8, 61.0, 61.6, 62.8, 63.4, 64.0, 64.6, 65.8, 71.2, 73.0, 74.2, 74.8, 76.0, 76.6, 77.8, 78.4, 80.2, 80.8, 81.4, 82.6, 83.2, 83.8, 84.4, 85.0, 85.6, 86.2, 86.8, 87.4, 88.0, 89.8, 91.0, 91.6, 92.8, 93.4, 94.0, 94.6, 95.8, 96.4, 97.0, 97.6, 98.2, 98.8, 99.4, 100.0]}}