{"percentile": {"y": [0.0, 0.2, 0.4, 0.9, 1.3, 1.6, 1.8, 2.0, 2.3, 2.5, 3.2, 3.4, 3.9, 4.3, 4.6, 4.8, 5.3, 6.4, 6.7, 7.1, 7.6, 7.8, 8.5, 9.0, 9.2, 9.9, 10.1, 10.8, 11.5, 11.8, 12.5, 12.7, 13.4, 14.1, 14.5, 15.2, 15.7, 16.4, 17.3, 17.8, 18.9, 20.3, 21.0, 21.7, 22.6, 22.9, 23.6, 23.8, 25.6, 27.3, 27.7, 29.3, 29.8, 31.2, 31.9, 32.4, 32.8, 33.5, 37.2, 38.6, 38.8, 39.3, 40.2, 41.2, 41.8, 42.3, 42.5, 43.0, 43.7, 44.9, 45.3, 49.5, 50.0, 50.2, 51.1, 51.6, 52.0, 52.3, 53.0, 55.3, 55.7, 57.4, 58.1, 58.3, 60.1, 61.1, 61.8, 62.2, 67.1, 67.8, 68.7, 69.2, 69.6, 70.3, 71.2, 71.9, 72.9, 73.3, 73.6, 75.2, 75.6, 77.5, 78.0, 78.4, 79.1, 79.8, 80.3, 82.8, 83.1, 83.7, 84.9, 85.1, 86.1, 86.8, 87.5, 89.3, 90.2, 90.7, 90.9, 91.2, 91.6, 91.8, 92.3, 93.0, 93.7, 93.9, 94.6, 94.9, 95.8, 96.0, 96.5, 96.7, 97.4, 97.9, 98.6, 98.8, 99.0, 99.3, 99.5, 100.0], "x": [0.5625, 4.0, 5.25, 5.5625, 5.59375, 5.6875, 6.03125, 6.3125, 6.40625, 6.4375, 6.53125, 6.5625, 6.625, 6.71875, 6.8125, 6.84375, 7.0, 7.03125, 7.1875, 7.25, 7.28125, 7.3125, 7.34375, 7.375, 7.40625, 7.4375, 7.46875, 7.5, 7.53125, 7.5625, 7.59375, 7.625, 7.65625, 7.75, 7.78125, 7.8125, 7.84375, 7.875, 7.90625, 7.9375, 8.0, 8.0625, 8.09375, 8.125, 8.15625, 8.1875, 8.21875, 8.25, 8.28125, 8.3125, 8.34375, 8.375, 8.40625, 8.4375, 8.46875, 8.5, 8.53125, 8.5625, 8.59375, 8.625, 8.65625, 8.6875, 8.71875, 8.75, 8.78125, 8.8125, 8.84375, 8.875, 8.90625, 8.9375, 9.0, 9.03125, 9.0625, 9.09375, 9.125, 9.15625, 9.1875, 9.21875, 9.25, 9.28125, 9.3125, 9.34375, 9.375, 9.40625, 9.46875, 9.5, 9.53125, 9.5625, 9.59375, 9.625, 9.65625, 9.6875, 9.71875, 9.75, 9.78125, 9.84375, 9.875, 9.90625, 9.9375, 9.96875, 10.0, 10.0625, 10.09375, 10.125, 10.15625, 10.1875, 10.25, 10.28125, 10.3125, 10.34375, 10.40625, 10.4375, 10.46875, 10.5, 10.5625, 10.59375, 10.625, 10.6875, 10.71875, 10.75, 10.78125, 10.875, 10.9375, 11.0, 11.09375, 11.125, 11.15625, 11.25, 11.3125, 11.40625, 11.46875, 11.5625, 11.59375, 11.625, 11.65625, 11.75, 11.9375, 12.09375, 12.25, 13.3125]}, "histogram": {"y": [1, 0, 0, 0, 1, 6, 15, 59, 114, 131, 75, 27, 3, 1, 0], "x": [0.0, 1.0, 2.0, 3.0, 4.0, 5.0, 6.0, 7.0, 8.0, 9.0, 10.0, 11.0, 12.0, 13.0, 14.0]}}