{"histogram": {"y": [1, 4, 1, 6, 9, 11, 6, 2, 1, 0, 1, 0], "x": [2.0, 3.0, 4.0, 5.0, 6.0, 7.0, 8.0, 9.0, 10.0, 11.0, 12.0, 13.0]}, "percentile": {"y": [0.0, 2.4, 4.8, 7.3, 12.1, 14.6, 19.5, 21.9, 24.3, 26.8, 29.2, 31.7, 34.1, 41.4, 43.9, 46.3, 48.7, 51.2, 53.6, 56.0, 58.5, 60.9, 63.4, 73.1, 75.6, 78.0, 80.4, 82.9, 85.3, 87.8, 90.2, 92.6, 95.1, 97.5, 100.0], "x": [2.7, 3.3666666666666667, 3.4333333333333336, 3.6, 4.033333333333333, 5.1, 5.333333333333333, 5.433333333333334, 5.5, 5.7, 6.0, 6.066666666666666, 6.2, 6.433333333333334, 6.533333333333333, 6.6, 6.7, 7.0, 7.4, 7.433333333333334, 7.466666666666667, 7.5, 7.6, 7.633333333333333, 7.666666666666667, 8.0, 8.066666666666666, 8.166666666666666, 8.5, 8.7, 8.9, 9.0, 9.433333333333334, 10.6, 12.233333333333333]}}