{"histogram": {"x": [0.0, 1.0, 2.0, 3.0, 4.0, 5.0, 6.0, 7.0, 8.0, 9.0, 10.0, 11.0, 12.0, 13.0, 14.0], "y": [1, 0, 0, 1, 0, 2, 2, 14, 20, 39, 40, 18, 5, 2, 0]}, "percentile": {"x": [0.03125, 3.0, 5.0, 5.25, 6.0, 6.5, 7.0, 7.125, 7.375, 7.4375, 7.5625, 7.625, 7.71875, 7.8125, 7.84375, 7.875, 8.0, 8.03125, 8.125, 8.21875, 8.25, 8.375, 8.40625, 8.4375, 8.5, 8.53125, 8.5625, 8.59375, 8.625, 8.65625, 8.875, 9.0, 9.03125, 9.0625, 9.09375, 9.125, 9.25, 9.28125, 9.3125, 9.34375, 9.40625, 9.5625, 9.59375, 9.625, 9.6875, 9.71875, 9.84375, 9.875, 9.90625, 9.9375, 9.96875, 10.0, 10.03125, 10.0625, 10.15625, 10.1875, 10.21875, 10.25, 10.28125, 10.3125, 10.34375, 10.40625, 10.46875, 10.5625, 10.625, 10.71875, 10.75, 10.78125, 10.8125, 10.84375, 10.875, 10.96875, 11.0, 11.25, 11.28125, 11.34375, 11.53125, 11.5625, 11.59375, 11.625, 11.65625, 11.6875, 12.0, 12.34375, 12.5625, 12.59375, 12.71875, 13.0, 13.8125], "y": [0.0, 0.6, 1.3, 2.0, 2.7, 3.4, 4.1, 4.8, 5.5, 6.2, 7.6, 9.7, 10.4, 11.1, 12.5, 13.2, 13.9, 14.6, 15.3, 16.0, 16.7, 17.4, 18.1, 18.8, 20.9, 21.6, 22.3, 25.1, 25.8, 26.5, 27.2, 27.9, 30.7, 31.4, 32.1, 32.8, 34.2, 34.9, 37.0, 37.7, 38.4, 39.1, 41.9, 43.3, 44.0, 46.8, 48.2, 49.6, 51.0, 52.4, 53.1, 55.2, 58.7, 60.1, 60.8, 61.5, 62.9, 63.6, 69.2, 69.9, 70.6, 72.7, 73.4, 74.1, 75.5, 76.9, 78.3, 79.0, 80.4, 81.1, 81.8, 82.5, 83.2, 86.0, 87.4, 88.1, 88.8, 90.2, 92.3, 93.0, 94.4, 95.1, 95.8, 96.5, 97.2, 97.9, 98.6, 99.3, 100.0]}}