{"histogram": {"x": [0.0, 1.0, 2.0, 3.0, 4.0, 5.0, 6.0, 7.0, 8.0, 9.0, 10.0, 11.0, 12.0, 13.0, 14.0, 15.0], "y": [7, 2, 1, 3, 29, 100, 249, 496, 546, 432, 243, 87, 17, 5, 0, 0]}, "percentile": {"x": [0.03125, 0.25, 0.40625, 0.4375, 0.5625, 0.9375, 1.0, 2.0, 3.21875, 3.5625, 3.625, 4.0, 4.0625, 4.09375, 4.125, 4.15625, 4.1875, 4.3125, 4.40625, 4.4375, 4.46875, 4.5, 4.59375, 4.625, 4.71875, 4.75, 4.84375, 4.96875, 5.0, 5.03125, 5.0625, 5.09375, 5.125, 5.15625, 5.1875, 5.21875, 5.25, 5.28125, 5.3125, 5.34375, 5.375, 5.40625, 5.4375, 5.46875, 5.5, 5.53125, 5.5625, 5.59375, 5.625, 5.65625, 5.6875, 5.71875, 5.75, 5.78125, 5.8125, 5.84375, 5.875, 5.90625, 5.9375, 5.96875, 6.0, 6.03125, 6.0625, 6.09375, 6.125, 6.15625, 6.1875, 6.21875, 6.25, 6.28125, 6.3125, 6.34375, 6.375, 6.40625, 6.4375, 6.46875, 6.5, 6.53125, 6.5625, 6.59375, 6.625, 6.65625, 6.6875, 6.71875, 6.75, 6.78125, 6.8125, 6.84375, 6.875, 6.90625, 6.9375, 6.96875, 7.0, 7.03125, 7.0625, 7.09375, 7.125, 7.15625, 7.1875, 7.21875, 7.25, 7.28125, 7.3125, 7.34375, 7.375, 7.40625, 7.4375, 7.46875, 7.5, 7.53125, 7.5625, 7.59375, 7.625, 7.65625, 7.6875, 7.71875, 7.75, 7.78125, 7.8125, 7.84375, 7.875, 7.90625, 7.9375, 7.96875, 8.0, 8.03125, 8.0625, 8.09375, 8.125, 8.15625, 8.1875, 8.21875, 8.25, 8.28125, 8.3125, 8.34375, 8.375, 8.40625, 8.4375, 8.46875, 8.5, 8.53125, 8.5625, 8.59375, 8.625, 8.65625, 8.6875, 8.71875, 8.75, 8.78125, 8.8125, 8.84375, 8.875, 8.90625, 8.9375, 8.96875, 9.0, 9.03125, 9.0625, 9.09375, 9.125, 9.15625, 9.1875, 9.21875, 9.25, 9.28125, 9.3125, 9.34375, 9.375, 9.40625, 9.4375, 9.46875, 9.5, 9.53125, 9.5625, 9.59375, 9.625, 9.65625, 9.6875, 9.71875, 9.75, 9.78125, 9.8125, 9.84375, 9.875, 9.90625, 9.9375, 9.96875, 10.0, 10.03125, 10.0625, 10.09375, 10.125, 10.15625, 10.1875, 10.21875, 10.25, 10.28125, 10.3125, 10.34375, 10.375, 10.40625, 10.4375, 10.46875, 10.5, 10.53125, 10.5625, 10.59375, 10.625, 10.65625, 10.6875, 10.71875, 10.75, 10.78125, 10.8125, 10.84375, 10.875, 10.90625, 10.9375, 10.96875, 11.0, 11.03125, 11.0625, 11.09375, 11.125, 11.15625, 11.25, 11.28125, 11.3125, 11.34375, 11.375, 11.40625, 11.5, 11.53125, 11.5625, 11.59375, 11.625, 11.65625, 11.6875, 11.71875, 11.78125, 11.84375, 11.875, 11.9375, 11.96875, 12.0, 12.03125, 12.0625, 12.1875, 12.25, 12.46875, 12.5, 12.65625, 12.6875, 13.0, 13.03125, 13.34375, 13.5625, 13.90625], "y": [0.0, 0.0, 0.1, 0.1, 0.2, 0.2, 0.3, 0.4, 0.4, 0.4, 0.5, 0.5, 0.7, 0.8, 0.9, 1.0, 1.1, 1.3, 1.3, 1.4, 1.5, 1.5, 1.6, 1.6, 1.7, 1.7, 1.8, 1.8, 1.8, 2.0, 2.1, 2.3, 2.4, 2.6, 2.6, 2.9, 3.3, 3.5, 3.6, 3.7, 3.8, 3.9, 4.0, 4.1, 4.3, 4.3, 4.6, 5.0, 5.1, 5.2, 5.2, 5.4, 5.5, 5.5, 5.7, 5.8, 5.9, 6.0, 6.1, 6.3, 6.4, 6.9, 7.1, 7.4, 7.9, 8.4, 8.8, 9.3, 9.7, 10.4, 10.6, 10.7, 10.9, 11.2, 11.5, 12.0, 12.5, 12.8, 13.0, 14.0, 14.2, 14.8, 15.2, 15.2, 15.5, 15.6, 16.0, 16.2, 16.5, 16.7, 17.0, 17.2, 17.6, 19.6, 20.0, 20.6, 21.2, 22.0, 22.6, 23.5, 23.8, 25.1, 26.0, 26.7, 27.3, 27.7, 28.7, 29.1, 29.9, 30.4, 30.6, 33.1, 34.0, 34.3, 34.9, 35.5, 36.5, 37.0, 37.5, 37.7, 37.9, 38.5, 38.9, 39.4, 40.0, 42.0, 42.8, 43.7, 44.6, 45.9, 47.0, 48.0, 48.9, 50.0, 50.6, 51.2, 51.8, 52.7, 53.7, 54.4, 55.0, 55.6, 56.0, 58.7, 59.2, 60.1, 60.6, 61.1, 61.5, 61.8, 62.1, 62.4, 62.7, 63.1, 63.6, 64.2, 64.6, 66.4, 67.4, 68.0, 68.7, 69.7, 70.4, 71.2, 71.9, 73.1, 73.9, 74.3, 74.8, 75.3, 76.1, 76.4, 76.8, 77.3, 77.6, 79.5, 80.1, 80.7, 81.1, 81.3, 81.8, 82.1, 82.4, 82.8, 83.2, 83.6, 83.9, 84.0, 84.1, 85.4, 86.1, 86.5, 87.2, 87.7, 88.4, 88.9, 89.4, 90.0, 90.4, 90.7, 90.8, 91.1, 91.2, 91.3, 91.6, 91.9, 92.1, 93.0, 93.3, 93.4, 93.5, 93.9, 94.2, 94.4, 94.4, 94.6, 94.8, 94.9, 95.0, 95.0, 95.1, 95.5, 95.7, 95.8, 96.0, 96.3, 96.5, 96.9, 97.0, 97.1, 97.2, 97.4, 97.6, 97.6, 97.7, 98.1, 98.2, 98.4, 98.4, 98.5, 98.5, 98.6, 98.7, 98.9, 99.0, 99.0, 99.2, 99.3, 99.4, 99.5, 99.5, 99.6, 99.6, 99.7, 99.8, 99.8, 99.9, 99.9, 100.0]}}