{"percentile": {"y": [0.0, 3.1, 6.2, 9.3, 12.5, 15.6, 18.7, 21.8, 25.0, 28.1, 31.2, 34.3, 40.6, 46.8, 50.0, 53.1, 59.3, 62.5, 65.6, 68.7, 71.8, 75.0, 78.1, 81.2, 84.3, 87.5, 93.7, 96.8, 100.0], "x": [3.40625, 3.5625, 5.03125, 5.125, 5.28125, 5.5, 5.65625, 6.375, 6.5, 7.0, 7.0625, 7.3125, 7.5625, 7.875, 8.0, 8.0625, 8.09375, 8.1875, 8.4375, 8.5625, 8.6875, 8.75, 9.09375, 9.21875, 9.25, 9.5625, 9.6875, 10.46875, 11.25]}, "histogram": {"y": [2, 0, 5, 2, 7, 9, 6, 1, 1, 0], "x": [3.0, 4.0, 5.0, 6.0, 7.0, 8.0, 9.0, 10.0, 11.0, 12.0]}}