{"histogram": {"y": [1, 0, 0, 2, 10, 29, 41, 40, 29, 14, 2, 0, 0], "x": [1.0, 2.0, 3.0, 4.0, 5.0, 6.0, 7.0, 8.0, 9.0, 10.0, 11.0, 12.0, 13.0]}, "percentile": {"y": [0.0, 0.5, 1.1, 1.7, 2.3, 3.5, 4.1, 4.7, 5.3, 5.9, 6.5, 7.1, 7.7, 8.9, 10.1, 10.7, 11.3, 12.5, 13.1, 14.3, 15.5, 16.1, 17.3, 18.5, 20.9, 22.1, 22.7, 23.3, 23.9, 25.1, 26.9, 27.5, 28.7, 29.3, 30.5, 31.1, 32.3, 32.9, 34.1, 34.7, 35.3, 37.1, 38.9, 40.1, 41.3, 43.7, 44.3, 44.9, 46.1, 46.7, 47.3, 48.5, 49.7, 52.0, 53.8, 54.4, 55.0, 56.2, 57.4, 58.0, 58.6, 59.2, 59.8, 61.0, 62.2, 62.8, 63.4, 67.6, 68.2, 68.8, 69.4, 70.0, 71.8, 72.4, 73.6, 76.0, 77.2, 77.8, 79.0, 79.6, 81.4, 82.0, 82.6, 83.8, 85.0, 85.6, 86.2, 88.0, 88.6, 89.2, 89.8, 90.4, 91.0, 92.8, 93.4, 94.0, 94.6, 95.2, 96.4, 97.0, 97.6, 98.2, 98.8, 99.4, 100.0], "x": [1.0, 4.25, 4.34375, 5.0625, 5.09375, 5.1875, 5.21875, 5.5, 5.5625, 5.8125, 5.875, 5.9375, 6.0, 6.0625, 6.09375, 6.15625, 6.1875, 6.21875, 6.25, 6.28125, 6.3125, 6.46875, 6.5, 6.5625, 6.625, 6.6875, 6.84375, 6.875, 6.90625, 7.0, 7.03125, 7.0625, 7.125, 7.1875, 7.21875, 7.28125, 7.3125, 7.40625, 7.4375, 7.46875, 7.53125, 7.5625, 7.59375, 7.625, 7.65625, 7.6875, 7.75, 7.78125, 7.8125, 7.875, 7.90625, 7.9375, 8.0, 8.03125, 8.0625, 8.09375, 8.1875, 8.21875, 8.25, 8.3125, 8.34375, 8.40625, 8.4375, 8.46875, 8.5, 8.53125, 8.5625, 8.59375, 8.625, 8.65625, 8.78125, 8.8125, 8.875, 8.90625, 9.0, 9.03125, 9.0625, 9.09375, 9.125, 9.1875, 9.25, 9.28125, 9.3125, 9.34375, 9.40625, 9.4375, 9.46875, 9.5625, 9.65625, 9.71875, 9.78125, 9.84375, 10.0, 10.03125, 10.15625, 10.1875, 10.21875, 10.25, 10.3125, 10.4375, 10.46875, 10.5, 10.59375, 11.0, 11.40625]}}