{"percentile": {"x": [0.25, 0.34375, 2.28125, 3.5, 3.53125, 4.59375, 4.8125, 5.0, 5.40625, 5.5625, 5.65625, 5.71875, 5.78125, 5.875, 5.90625, 6.0, 6.03125, 6.0625, 6.09375, 6.125, 6.15625, 6.25, 6.3125, 6.34375, 6.375, 6.40625, 6.4375, 6.46875, 6.5, 6.53125, 6.5625, 6.59375, 6.625, 6.65625, 6.6875, 6.71875, 6.75, 6.78125, 6.8125, 6.84375, 6.875, 6.90625, 6.96875, 7.0, 7.03125, 7.0625, 7.125, 7.15625, 7.1875, 7.21875, 7.25, 7.28125, 7.3125, 7.34375, 7.375, 7.40625, 7.4375, 7.46875, 7.5, 7.53125, 7.5625, 7.59375, 7.625, 7.65625, 7.6875, 7.71875, 7.75, 7.78125, 7.8125, 7.84375, 7.875, 7.90625, 7.9375, 7.96875, 8.0, 8.03125, 8.0625, 8.09375, 8.125, 8.15625, 8.1875, 8.21875, 8.25, 8.28125, 8.3125, 8.34375, 8.375, 8.40625, 8.4375, 8.46875, 8.5, 8.53125, 8.5625, 8.59375, 8.625, 8.65625, 8.6875, 8.71875, 8.75, 8.78125, 8.8125, 8.84375, 8.875, 8.90625, 8.9375, 8.96875, 9.0, 9.03125, 9.0625, 9.09375, 9.125, 9.15625, 9.1875, 9.21875, 9.25, 9.28125, 9.3125, 9.34375, 9.375, 9.40625, 9.4375, 9.46875, 9.5, 9.53125, 9.5625, 9.59375, 9.625, 9.65625, 9.6875, 9.71875, 9.75, 9.78125, 9.8125, 9.84375, 9.875, 9.90625, 9.9375, 9.96875, 10.0, 10.03125, 10.0625, 10.09375, 10.125, 10.15625, 10.1875, 10.21875, 10.25, 10.28125, 10.3125, 10.34375, 10.375, 10.40625, 10.4375, 10.46875, 10.5, 10.53125, 10.5625, 10.59375, 10.625, 10.65625, 10.6875, 10.71875, 10.75, 10.78125, 10.8125, 10.84375, 10.875, 10.90625, 10.9375, 10.96875, 11.0, 11.03125, 11.0625, 11.09375, 11.125, 11.15625, 11.1875, 11.21875, 11.25, 11.28125, 11.3125, 11.34375, 11.375, 11.40625, 11.4375, 11.46875, 11.5, 11.53125, 11.5625, 11.59375, 11.625, 11.6875, 11.71875, 11.78125, 11.8125, 11.84375, 11.875, 11.90625, 11.9375, 11.96875, 12.0, 12.03125, 12.09375, 12.125, 12.15625, 12.1875, 12.21875, 12.25, 12.28125, 12.3125, 12.34375, 12.375, 12.40625, 12.4375, 12.46875, 12.5, 12.5625, 12.625, 12.65625, 12.6875, 12.71875, 12.8125, 12.84375, 12.90625, 12.96875, 13.0, 13.09375, 13.125, 13.1875, 13.21875, 13.3125, 13.53125, 13.5625, 14.5625, 14.65625], "y": [0.0, 0.1, 0.1, 0.2, 0.2, 0.2, 0.3, 0.3, 0.5, 0.5, 0.8, 0.8, 0.9, 1.0, 1.0, 1.0, 1.2, 1.3, 1.4, 1.5, 1.5, 1.6, 2.0, 2.1, 2.2, 2.2, 2.3, 2.3, 2.4, 2.5, 2.6, 3.1, 3.1, 3.1, 3.2, 3.3, 3.3, 3.4, 3.5, 3.7, 3.8, 3.9, 4.0, 4.0, 4.7, 4.8, 5.3, 5.6, 5.8, 5.9, 6.0, 6.7, 7.0, 7.2, 7.2, 7.5, 7.9, 8.1, 8.3, 8.6, 8.6, 10.4, 10.8, 11.0, 11.4, 11.7, 12.2, 12.3, 12.6, 12.8, 13.1, 13.5, 13.8, 14.2, 14.5, 16.5, 16.7, 16.9, 17.4, 17.8, 18.0, 18.6, 18.7, 20.6, 21.1, 21.8, 22.3, 22.9, 23.7, 24.3, 24.9, 25.4, 26.2, 29.1, 29.9, 30.3, 31.3, 32.0, 32.7, 33.2, 33.6, 34.0, 34.7, 35.7, 36.4, 37.0, 37.6, 40.7, 40.8, 41.7, 42.4, 43.0, 43.5, 44.0, 44.3, 46.2, 46.9, 48.0, 48.7, 49.7, 50.8, 51.5, 52.2, 53.1, 53.8, 57.5, 58.1, 58.8, 59.4, 60.1, 60.6, 61.1, 61.8, 62.7, 63.1, 64.2, 64.8, 65.4, 66.0, 69.7, 70.0, 70.6, 71.1, 71.4, 72.2, 72.6, 72.9, 74.6, 75.1, 76.0, 76.8, 77.9, 78.6, 79.2, 79.5, 80.0, 80.4, 82.9, 83.4, 83.8, 84.5, 84.9, 85.2, 85.5, 85.9, 86.3, 86.7, 87.2, 87.4, 87.7, 88.0, 89.3, 89.6, 89.8, 90.0, 90.1, 90.3, 90.5, 90.6, 91.3, 91.6, 91.9, 92.1, 92.5, 92.8, 93.1, 93.5, 93.7, 93.8, 94.5, 94.5, 94.6, 94.9, 95.0, 95.3, 95.6, 95.7, 95.8, 96.1, 96.3, 96.4, 97.1, 97.2, 97.2, 97.3, 97.4, 97.4, 97.4, 97.6, 97.7, 97.9, 97.9, 98.0, 98.1, 98.2, 98.4, 98.4, 98.9, 99.0, 99.0, 99.1, 99.1, 99.1, 99.2, 99.2, 99.2, 99.4, 99.4, 99.5, 99.5, 99.6, 99.6, 99.7, 99.9, 100.0]}, "histogram": {"x": [0.0, 1.0, 2.0, 3.0, 4.0, 5.0, 6.0, 7.0, 8.0, 9.0, 10.0, 11.0, 12.0, 13.0, 14.0, 15.0], "y": [4, 0, 2, 2, 3, 21, 87, 307, 676, 828, 645, 245, 83, 20, 2, 0]}}