{"histogram": {"x": [5.0, 6.0, 7.0, 8.0, 9.0, 10.0, 11.0, 12.0, 13.0], "y": [2, 4, 9, 13, 14, 5, 2, 1, 0]}, "percentile": {"x": [5.28125, 5.75, 6.28125, 6.3125, 6.5625, 6.6875, 7.21875, 7.3125, 7.34375, 7.40625, 7.5, 7.75, 7.875, 8.0, 8.125, 8.15625, 8.21875, 8.25, 8.34375, 8.4375, 8.5625, 8.90625, 9.0, 9.15625, 9.25, 9.40625, 9.4375, 9.5625, 9.625, 9.65625, 9.75, 9.8125, 9.90625, 10.0, 10.03125, 10.5625, 10.78125, 11.03125, 11.21875, 12.0], "y": [0.0, 2.0, 4.0, 6.1, 8.1, 10.2, 12.2, 16.3, 18.3, 20.4, 24.4, 26.5, 28.5, 30.6, 32.6, 34.6, 36.7, 40.8, 44.8, 46.9, 48.9, 55.1, 57.1, 61.2, 63.2, 67.3, 69.3, 73.4, 75.5, 77.5, 79.5, 81.6, 83.6, 85.7, 89.7, 91.8, 93.8, 95.9, 97.9, 100.0]}}