{"histogram": {"x": [0.0, 1.0, 2.0, 3.0, 4.0, 5.0, 6.0, 7.0, 8.0, 9.0, 10.0, 11.0, 12.0], "y": [1, 2, 4, 3, 13, 22, 32, 28, 12, 7, 2, 0, 0]}, "percentile": {"x": [0.1, 1.0, 1.2, 2.1333333333333333, 2.1666666666666665, 2.2, 2.3, 3.033333333333333, 3.3, 3.5666666666666664, 4.0, 4.1, 4.133333333333334, 4.2, 4.266666666666667, 4.333333333333333, 4.4, 4.433333333333334, 4.5, 4.533333333333333, 4.566666666666666, 4.6, 5.0, 5.1, 5.133333333333334, 5.2, 5.233333333333333, 5.333333333333333, 5.433333333333334, 5.5, 5.533333333333333, 5.6, 5.666666666666667, 5.733333333333333, 5.766666666666667, 5.833333333333333, 6.0, 6.033333333333333, 6.1, 6.133333333333334, 6.166666666666667, 6.2, 6.233333333333333, 6.266666666666667, 6.3, 6.333333333333333, 6.433333333333334, 6.466666666666667, 6.5, 6.533333333333333, 6.6, 6.633333333333333, 6.666666666666667, 6.766666666666667, 6.9, 6.966666666666667, 7.0, 7.033333333333333, 7.1, 7.166666666666667, 7.2, 7.233333333333333, 7.3, 7.333333333333333, 7.366666666666666, 7.4, 7.433333333333334, 7.466666666666667, 7.533333333333333, 7.6, 7.7, 7.8, 7.9, 8.0, 8.1, 8.2, 8.266666666666667, 8.3, 8.6, 8.666666666666666, 8.766666666666667, 8.9, 8.933333333333334, 9.033333333333333, 9.133333333333333, 9.366666666666667, 9.533333333333333, 9.6, 9.7, 9.833333333333334, 10.1, 10.4], "y": [0.0, 0.8, 1.6, 2.4, 3.2, 4.0, 4.8, 5.6, 6.4, 7.2, 8.0, 9.6, 10.4, 11.2, 12.0, 12.8, 13.6, 14.4, 15.2, 16.0, 16.8, 17.6, 18.4, 19.2, 20.0, 21.6, 23.2, 24.0, 24.8, 25.6, 26.4, 28.0, 32.0, 32.8, 34.4, 35.2, 36.0, 40.8, 41.6, 42.4, 44.0, 44.8, 45.6, 48.0, 49.6, 50.4, 51.2, 52.0, 52.8, 53.6, 54.4, 56.8, 57.6, 58.4, 59.2, 60.0, 61.6, 64.0, 64.8, 66.4, 68.0, 68.8, 69.6, 70.4, 71.2, 72.0, 72.8, 76.0, 76.8, 78.4, 80.8, 82.4, 83.2, 84.0, 85.6, 86.4, 87.2, 88.0, 88.8, 90.4, 91.2, 92.0, 92.8, 93.6, 94.4, 95.2, 96.0, 96.8, 97.6, 98.4, 99.2, 100.0]}}