{"histogram": {"y": [1, 1, 1, 0, 2, 5, 10, 17, 7, 5, 2, 1, 1, 0, 0], "x": [0.0, 1.0, 2.0, 3.0, 4.0, 5.0, 6.0, 7.0, 8.0, 9.0, 10.0, 11.0, 12.0, 13.0, 14.0]}, "percentile": {"y": [0.0, 1.9, 3.8, 5.7, 7.6, 9.6, 11.5, 13.4, 15.3, 19.2, 21.1, 23.0, 25.0, 26.9, 32.6, 34.6, 36.5, 38.4, 42.3, 44.2, 48.0, 50.0, 55.7, 57.6, 59.6, 63.4, 67.3, 69.2, 71.1, 73.0, 75.0, 76.9, 78.8, 80.7, 82.6, 84.6, 86.5, 88.4, 90.3, 92.3, 94.2, 96.1, 98.0, 100.0], "x": [0.0625, 1.0, 2.34375, 4.09375, 4.3125, 5.0625, 5.25, 5.34375, 5.40625, 6.0, 6.09375, 6.1875, 6.4375, 6.5625, 6.65625, 6.75, 6.78125, 7.03125, 7.15625, 7.1875, 7.25, 7.28125, 7.375, 7.5, 7.5625, 7.59375, 7.90625, 7.96875, 8.0625, 8.09375, 8.21875, 8.28125, 8.4375, 8.59375, 8.78125, 9.03125, 9.21875, 9.71875, 9.78125, 9.9375, 10.3125, 10.34375, 11.90625, 12.15625]}}