{"histogram": {"y": [37, 5, 12, 23, 61, 209, 637, 1218, 1687, 1761, 1465, 894, 445, 164, 39, 2, 0, 0], "x": [0.0, 1.0, 2.0, 3.0, 4.0, 5.0, 6.0, 7.0, 8.0, 9.0, 10.0, 11.0, 12.0, 13.0, 14.0, 15.0, 16.0, 17.0]}, "percentile": {"y": [0.0, 0.2, 0.2, 0.3, 0.3, 0.4, 0.4, 0.4, 0.4, 0.4, 0.5, 0.5, 0.5, 0.6, 0.6, 0.6, 0.6, 0.6, 0.7, 0.7, 0.7, 0.8, 0.8, 0.8, 0.8, 0.8, 0.8, 0.8, 0.9, 0.9, 1.0, 1.0, 1.1, 1.1, 1.1, 1.2, 1.2, 1.2, 1.2, 1.3, 1.3, 1.3, 1.3, 1.4, 1.4, 1.4, 1.5, 1.5, 1.5, 1.5, 1.5, 1.5, 1.7, 1.8, 1.9, 2.0, 2.1, 2.1, 2.2, 2.3, 2.4, 2.4, 2.4, 2.5, 2.5, 2.6, 2.7, 2.8, 2.9, 2.9, 3.2, 3.3, 3.4, 3.4, 3.5, 3.5, 3.6, 3.6, 3.7, 3.8, 3.9, 3.9, 3.9, 4.0, 4.3, 4.6, 4.8, 5.0, 5.4, 5.6, 5.9, 6.0, 6.5, 6.7, 6.9, 7.2, 7.3, 7.6, 7.9, 8.1, 8.3, 8.4, 9.0, 9.2, 9.5, 9.7, 9.9, 10.0, 10.1, 10.3, 10.4, 10.6, 10.8, 11.0, 11.1, 11.3, 12.2, 12.6, 13.0, 13.4, 13.9, 14.5, 15.0, 15.5, 16.1, 16.5, 17.2, 17.7, 18.0, 18.7, 18.9, 19.2, 19.6, 19.9, 21.3, 21.8, 22.1, 22.4, 22.7, 22.9, 23.3, 23.5, 23.9, 24.2, 24.4, 24.8, 25.1, 25.4, 27.0, 27.5, 28.2, 28.8, 29.8, 30.6, 31.4, 32.1, 33.2, 33.6, 34.2, 34.8, 35.3, 36.0, 36.5, 37.1, 37.6, 38.0, 39.9, 40.5, 41.0, 41.5, 41.9, 42.1, 42.5, 42.7, 43.0, 43.4, 43.9, 44.2, 44.6, 44.9, 46.9, 47.7, 48.5, 49.2, 49.8, 50.6, 51.6, 52.3, 53.5, 53.9, 54.4, 55.0, 55.5, 56.3, 56.9, 57.5, 58.1, 58.5, 60.3, 60.8, 61.2, 61.8, 62.2, 62.5, 62.7, 63.1, 63.4, 63.8, 64.1, 64.4, 64.8, 65.2, 67.0, 67.7, 68.3, 69.0, 69.7, 70.5, 71.0, 71.5, 72.5, 72.9, 73.4, 73.9, 74.4, 75.0, 75.3, 75.8, 76.3, 76.7, 77.9, 78.4, 78.7, 79.0, 79.3, 79.7, 80.0, 80.3, 80.6, 81.0, 81.4, 81.7, 81.9, 82.1, 83.0, 83.5, 83.9, 84.1, 84.5, 84.9, 85.2, 85.6, 86.2, 86.7, 87.1, 87.4, 87.8, 88.1, 88.4, 88.7, 88.9, 89.1, 89.9, 90.1, 90.4, 90.5, 90.8, 91.0, 91.1, 91.4, 91.6, 91.8, 92.0, 92.1, 92.3, 92.5, 93.0, 93.3, 93.5, 93.6, 93.7, 93.9, 94.0, 94.2, 94.5, 94.6, 94.9, 95.0, 95.1, 95.4, 95.4, 95.5, 95.7, 95.8, 96.3, 96.4, 96.5, 96.6, 96.7, 96.8, 97.0, 97.1, 97.2, 97.3, 97.4, 97.5, 97.5, 97.6, 97.8, 97.9, 97.9, 98.0, 98.1, 98.2, 98.2, 98.3, 98.4, 98.5, 98.5, 98.6, 98.6, 98.7, 98.7, 98.8, 98.9, 98.9, 99.0, 99.1, 99.1, 99.1, 99.2, 99.2, 99.3, 99.3, 99.3, 99.4, 99.4, 99.5, 99.6, 99.6, 99.6, 99.7, 99.7, 99.7, 99.7, 99.8, 99.8, 99.8, 99.8, 99.8, 99.8, 99.9, 99.9, 99.9, 99.9, 99.9, 100.0], "x": [0.03125, 0.21875, 0.25, 0.28125, 0.40625, 0.5625, 1.0, 1.15625, 1.1875, 2.03125, 2.09375, 2.15625, 2.21875, 2.40625, 2.9375, 3.0, 3.0625, 3.09375, 3.125, 3.1875, 3.25, 3.375, 3.40625, 3.5, 3.53125, 3.6875, 3.90625, 4.0, 4.03125, 4.0625, 4.09375, 4.125, 4.15625, 4.1875, 4.21875, 4.25, 4.34375, 4.40625, 4.4375, 4.46875, 4.5, 4.53125, 4.5625, 4.59375, 4.625, 4.6875, 4.71875, 4.75, 4.78125, 4.84375, 4.96875, 5.0, 5.03125, 5.0625, 5.09375, 5.125, 5.15625, 5.1875, 5.21875, 5.25, 5.28125, 5.3125, 5.34375, 5.375, 5.40625, 5.4375, 5.46875, 5.5, 5.53125, 5.5625, 5.59375, 5.625, 5.65625, 5.6875, 5.71875, 5.75, 5.78125, 5.8125, 5.84375, 5.875, 5.90625, 5.9375, 5.96875, 6.0, 6.03125, 6.0625, 6.09375, 6.125, 6.15625, 6.1875, 6.21875, 6.25, 6.28125, 6.3125, 6.34375, 6.375, 6.40625, 6.4375, 6.46875, 6.5, 6.53125, 6.5625, 6.59375, 6.625, 6.65625, 6.6875, 6.71875, 6.75, 6.78125, 6.8125, 6.84375, 6.875, 6.90625, 6.9375, 6.96875, 7.0, 7.03125, 7.0625, 7.09375, 7.125, 7.15625, 7.1875, 7.21875, 7.25, 7.28125, 7.3125, 7.34375, 7.375, 7.40625, 7.4375, 7.46875, 7.5, 7.53125, 7.5625, 7.59375, 7.625, 7.65625, 7.6875, 7.71875, 7.75, 7.78125, 7.8125, 7.84375, 7.875, 7.90625, 7.9375, 7.96875, 8.0, 8.03125, 8.0625, 8.09375, 8.125, 8.15625, 8.1875, 8.21875, 8.25, 8.28125, 8.3125, 8.34375, 8.375, 8.40625, 8.4375, 8.46875, 8.5, 8.53125, 8.5625, 8.59375, 8.625, 8.65625, 8.6875, 8.71875, 8.75, 8.78125, 8.8125, 8.84375, 8.875, 8.90625, 8.9375, 8.96875, 9.0, 9.03125, 9.0625, 9.09375, 9.125, 9.15625, 9.1875, 9.21875, 9.25, 9.28125, 9.3125, 9.34375, 9.375, 9.40625, 9.4375, 9.46875, 9.5, 9.53125, 9.5625, 9.59375, 9.625, 9.65625, 9.6875, 9.71875, 9.75, 9.78125, 9.8125, 9.84375, 9.875, 9.90625, 9.9375, 9.96875, 10.0, 10.03125, 10.0625, 10.09375, 10.125, 10.15625, 10.1875, 10.21875, 10.25, 10.28125, 10.3125, 10.34375, 10.375, 10.40625, 10.4375, 10.46875, 10.5, 10.53125, 10.5625, 10.59375, 10.625, 10.65625, 10.6875, 10.71875, 10.75, 10.78125, 10.8125, 10.84375, 10.875, 10.90625, 10.9375, 10.96875, 11.0, 11.03125, 11.0625, 11.09375, 11.125, 11.15625, 11.1875, 11.21875, 11.25, 11.28125, 11.3125, 11.34375, 11.375, 11.40625, 11.4375, 11.46875, 11.5, 11.53125, 11.5625, 11.59375, 11.625, 11.65625, 11.6875, 11.71875, 11.75, 11.78125, 11.8125, 11.84375, 11.875, 11.90625, 11.9375, 11.96875, 12.0, 12.03125, 12.0625, 12.09375, 12.125, 12.15625, 12.1875, 12.21875, 12.25, 12.28125, 12.3125, 12.34375, 12.375, 12.40625, 12.4375, 12.46875, 12.5, 12.53125, 12.5625, 12.59375, 12.625, 12.65625, 12.6875, 12.71875, 12.75, 12.78125, 12.8125, 12.84375, 12.875, 12.90625, 12.9375, 12.96875, 13.0, 13.03125, 13.0625, 13.09375, 13.125, 13.15625, 13.1875, 13.21875, 13.25, 13.28125, 13.3125, 13.34375, 13.375, 13.40625, 13.4375, 13.46875, 13.5, 13.53125, 13.5625, 13.59375, 13.625, 13.65625, 13.6875, 13.71875, 13.75, 13.78125, 13.8125, 13.84375, 13.875, 13.96875, 14.0, 14.03125, 14.0625, 14.125, 14.15625, 14.1875, 14.21875, 14.25, 14.28125, 14.34375, 14.375, 14.4375, 14.5, 14.5625, 14.65625, 14.8125, 14.875, 14.90625, 15.0, 15.21875]}}