{"percentile": {"y": [0.0, 1.8, 3.7, 5.5, 7.4, 9.2, 11.1, 12.9, 16.6, 18.5, 20.3, 25.9, 27.7, 29.6, 38.8, 40.7, 42.5, 44.4, 48.1, 50.0, 53.7, 55.5, 57.4, 59.2, 61.1, 62.9, 64.8, 70.3, 74.0, 77.7, 79.6, 81.4, 85.1, 87.0, 88.8, 90.7, 92.5, 94.4, 96.2, 98.1, 100.0], "x": [5.40625, 5.78125, 6.65625, 7.0, 7.5625, 7.75, 7.78125, 8.0, 8.15625, 8.21875, 8.25, 8.28125, 8.46875, 8.5625, 8.59375, 8.625, 8.71875, 8.75, 8.84375, 8.875, 9.0, 9.25, 9.28125, 9.3125, 9.40625, 9.46875, 9.5625, 9.6875, 9.75, 10.0, 10.0625, 10.15625, 10.3125, 10.34375, 10.53125, 10.65625, 10.71875, 10.875, 10.9375, 11.28125, 12.40625]}, "histogram": {"y": [2, 1, 4, 22, 13, 11, 1, 1, 0, 0], "x": [5.0, 6.0, 7.0, 8.0, 9.0, 10.0, 11.0, 12.0, 13.0, 14.0]}}