{"histogram": {"y": [6, 1, 1, 3, 8, 74, 189, 319, 349, 263, 143, 46, 10, 2, 0, 0], "x": [0.0, 1.0, 2.0, 3.0, 4.0, 5.0, 6.0, 7.0, 8.0, 9.0, 10.0, 11.0, 12.0, 13.0, 14.0, 15.0]}, "percentile": {"y": [0.0, 0.2, 0.4, 0.4, 0.5, 0.6, 0.7, 0.7, 0.8, 0.9, 0.9, 1.0, 1.1, 1.2, 1.2, 1.3, 1.6, 1.7, 1.9, 2.0, 2.1, 2.3, 2.5, 2.6, 2.8, 2.9, 3.0, 3.1, 3.3, 3.7, 3.8, 4.1, 4.3, 4.3, 5.1, 5.3, 5.4, 5.5, 5.5, 5.6, 5.9, 6.2, 6.3, 6.4, 6.5, 7.3, 8.2, 8.5, 9.0, 9.6, 10.3, 10.8, 11.1, 11.7, 12.1, 12.5, 12.8, 13.2, 13.8, 13.9, 14.5, 14.8, 15.2, 16.4, 16.7, 17.1, 17.4, 17.7, 17.9, 18.3, 18.5, 18.8, 19.1, 19.3, 19.4, 19.7, 19.9, 21.2, 22.2, 22.9, 24.0, 25.1, 26.1, 26.8, 27.5, 29.4, 30.5, 31.0, 31.7, 32.2, 33.1, 33.8, 34.1, 34.5, 34.9, 36.4, 37.0, 37.6, 38.3, 38.7, 38.9, 39.2, 39.8, 40.2, 40.9, 41.2, 41.6, 42.1, 42.5, 45.3, 46.1, 47.3, 48.2, 49.2, 50.2, 50.8, 51.3, 52.7, 53.1, 53.9, 55.2, 55.7, 56.9, 57.6, 58.2, 58.8, 59.4, 61.5, 62.7, 63.1, 63.6, 63.9, 64.4, 65.0, 65.7, 65.9, 66.5, 66.8, 66.9, 67.2, 69.4, 70.4, 71.4, 72.3, 72.8, 73.8, 74.2, 74.8, 75.7, 76.4, 76.8, 77.4, 78.0, 78.6, 78.9, 79.3, 79.6, 79.9, 82.0, 82.3, 82.8, 83.2, 83.5, 83.5, 83.6, 84.2, 84.4, 84.7, 85.0, 85.2, 85.4, 85.8, 87.0, 87.6, 87.9, 88.6, 89.2, 89.7, 89.9, 90.3, 91.1, 91.4, 91.5, 91.9, 92.3, 92.4, 92.4, 92.7, 92.8, 93.7, 93.9, 94.2, 94.6, 94.7, 94.8, 94.9, 95.1, 95.2, 95.4, 95.6, 95.7, 95.8, 95.9, 96.4, 96.6, 96.8, 97.1, 97.3, 97.4, 97.6, 97.7, 97.8, 97.9, 98.0, 98.0, 98.1, 98.2, 98.3, 98.4, 98.5, 98.5, 98.6, 98.7, 98.9, 99.0, 99.2, 99.2, 99.4, 99.5, 99.5, 99.6, 99.7, 99.7, 99.8, 99.9, 100.0], "x": [0.03125, 0.125, 1.0, 2.03125, 3.09375, 3.34375, 3.5, 4.0, 4.03125, 4.25, 4.34375, 4.40625, 4.53125, 4.78125, 4.875, 5.0, 5.03125, 5.0625, 5.09375, 5.125, 5.15625, 5.1875, 5.21875, 5.25, 5.28125, 5.3125, 5.34375, 5.375, 5.40625, 5.4375, 5.46875, 5.5, 5.53125, 5.5625, 5.59375, 5.625, 5.65625, 5.71875, 5.75, 5.78125, 5.8125, 5.875, 5.90625, 5.9375, 6.0, 6.03125, 6.0625, 6.09375, 6.125, 6.15625, 6.1875, 6.21875, 6.25, 6.28125, 6.3125, 6.34375, 6.375, 6.40625, 6.4375, 6.46875, 6.5, 6.53125, 6.5625, 6.59375, 6.625, 6.65625, 6.6875, 6.71875, 6.75, 6.78125, 6.8125, 6.84375, 6.875, 6.90625, 6.9375, 6.96875, 7.0, 7.03125, 7.0625, 7.09375, 7.125, 7.15625, 7.1875, 7.21875, 7.25, 7.28125, 7.3125, 7.34375, 7.375, 7.40625, 7.4375, 7.46875, 7.5, 7.53125, 7.5625, 7.59375, 7.625, 7.65625, 7.6875, 7.71875, 7.75, 7.78125, 7.8125, 7.84375, 7.875, 7.90625, 7.9375, 7.96875, 8.0, 8.03125, 8.0625, 8.09375, 8.125, 8.15625, 8.1875, 8.21875, 8.25, 8.28125, 8.3125, 8.34375, 8.375, 8.40625, 8.4375, 8.46875, 8.5, 8.53125, 8.5625, 8.59375, 8.625, 8.65625, 8.6875, 8.71875, 8.75, 8.8125, 8.84375, 8.875, 8.90625, 8.9375, 8.96875, 9.0, 9.03125, 9.0625, 9.09375, 9.125, 9.15625, 9.1875, 9.21875, 9.25, 9.28125, 9.3125, 9.34375, 9.375, 9.40625, 9.4375, 9.46875, 9.5, 9.53125, 9.5625, 9.59375, 9.625, 9.65625, 9.6875, 9.71875, 9.75, 9.78125, 9.8125, 9.84375, 9.875, 9.90625, 9.9375, 9.96875, 10.0, 10.03125, 10.0625, 10.09375, 10.125, 10.15625, 10.1875, 10.21875, 10.25, 10.28125, 10.3125, 10.34375, 10.375, 10.40625, 10.4375, 10.46875, 10.53125, 10.5625, 10.59375, 10.625, 10.65625, 10.6875, 10.71875, 10.75, 10.78125, 10.8125, 10.84375, 10.875, 10.90625, 10.9375, 10.96875, 11.0, 11.0625, 11.09375, 11.125, 11.15625, 11.1875, 11.21875, 11.25, 11.28125, 11.3125, 11.375, 11.4375, 11.46875, 11.53125, 11.5625, 11.59375, 11.65625, 11.78125, 11.8125, 11.875, 11.90625, 11.9375, 11.96875, 12.0, 12.125, 12.15625, 12.25, 12.40625, 12.53125, 12.5625, 12.71875, 12.75, 13.125, 13.28125]}}