{"histogram": {"x": [0.0, 1.0, 2.0, 3.0, 4.0, 5.0, 6.0, 7.0, 8.0, 9.0, 10.0, 11.0, 12.0, 13.0], "y": [1, 3, 8, 15, 47, 147, 210, 197, 165, 85, 64, 23, 5, 0]}, "percentile": {"x": [0.2, 1.0666666666666667, 1.2, 2.1, 2.1666666666666665, 2.533333333333333, 2.6, 2.6666666666666665, 2.966666666666667, 3.0, 3.033333333333333, 3.066666666666667, 3.1, 3.2, 3.3666666666666667, 3.4333333333333336, 3.6, 3.9333333333333336, 4.0, 4.033333333333333, 4.066666666666666, 4.1, 4.133333333333334, 4.166666666666667, 4.233333333333333, 4.3, 4.366666666666666, 4.4, 4.466666666666667, 4.5, 4.533333333333333, 4.6, 4.733333333333333, 4.8, 4.833333333333333, 4.9, 4.933333333333334, 5.0, 5.033333333333333, 5.066666666666666, 5.1, 5.133333333333334, 5.166666666666667, 5.2, 5.233333333333333, 5.266666666666667, 5.3, 5.333333333333333, 5.366666666666666, 5.4, 5.433333333333334, 5.466666666666667, 5.5, 5.533333333333333, 5.566666666666666, 5.6, 5.633333333333333, 5.666666666666667, 5.7, 5.733333333333333, 5.766666666666667, 5.8, 5.833333333333333, 5.866666666666667, 5.9, 5.933333333333334, 5.966666666666667, 6.0, 6.033333333333333, 6.066666666666666, 6.1, 6.133333333333334, 6.166666666666667, 6.2, 6.233333333333333, 6.266666666666667, 6.3, 6.333333333333333, 6.366666666666666, 6.4, 6.433333333333334, 6.466666666666667, 6.5, 6.533333333333333, 6.566666666666666, 6.6, 6.633333333333333, 6.666666666666667, 6.7, 6.733333333333333, 6.766666666666667, 6.8, 6.833333333333333, 6.866666666666667, 6.9, 6.933333333333334, 6.966666666666667, 7.0, 7.033333333333333, 7.066666666666666, 7.1, 7.133333333333334, 7.166666666666667, 7.2, 7.233333333333333, 7.266666666666667, 7.3, 7.333333333333333, 7.366666666666666, 7.4, 7.433333333333334, 7.466666666666667, 7.5, 7.533333333333333, 7.566666666666666, 7.6, 7.633333333333333, 7.666666666666667, 7.7, 7.733333333333333, 7.766666666666667, 7.8, 7.833333333333333, 7.866666666666667, 7.9, 7.933333333333334, 7.966666666666667, 8.0, 8.033333333333333, 8.066666666666666, 8.1, 8.133333333333333, 8.166666666666666, 8.2, 8.233333333333333, 8.266666666666667, 8.3, 8.333333333333334, 8.366666666666667, 8.4, 8.433333333333334, 8.466666666666667, 8.5, 8.533333333333333, 8.566666666666666, 8.6, 8.633333333333333, 8.666666666666666, 8.7, 8.733333333333333, 8.766666666666667, 8.8, 8.833333333333334, 8.866666666666667, 8.9, 8.933333333333334, 8.966666666666667, 9.0, 9.033333333333333, 9.066666666666666, 9.1, 9.133333333333333, 9.166666666666666, 9.2, 9.233333333333333, 9.266666666666667, 9.333333333333334, 9.366666666666667, 9.4, 9.433333333333334, 9.466666666666667, 9.5, 9.533333333333333, 9.6, 9.633333333333333, 9.666666666666666, 9.7, 9.733333333333333, 9.766666666666667, 9.8, 9.833333333333334, 9.866666666666667, 9.9, 9.933333333333334, 10.0, 10.066666666666666, 10.1, 10.133333333333333, 10.166666666666666, 10.233333333333333, 10.266666666666667, 10.3, 10.333333333333334, 10.4, 10.433333333333334, 10.466666666666667, 10.5, 10.566666666666666, 10.6, 10.633333333333333, 10.666666666666666, 10.7, 10.733333333333333, 10.766666666666667, 10.8, 10.833333333333334, 10.866666666666667, 10.966666666666667, 11.0, 11.033333333333333, 11.1, 11.166666666666666, 11.233333333333333, 11.333333333333334, 11.366666666666667, 11.4, 11.533333333333333, 11.566666666666666, 11.6, 11.633333333333333, 11.666666666666666, 11.733333333333333, 11.766666666666667, 11.8, 11.966666666666667, 12.0, 12.033333333333333, 12.3, 12.666666666666666, 12.933333333333334], "y": [0.0, 0.1, 0.3, 0.4, 0.5, 0.6, 0.8, 0.9, 1.0, 1.2, 1.3, 1.7, 2.0, 2.1, 2.3, 2.4, 2.5, 2.6, 2.7, 3.3, 3.6, 3.9, 4.4, 4.7, 4.9, 5.0, 5.2, 5.3, 5.5, 5.9, 6.2, 6.5, 7.0, 7.1, 7.3, 7.4, 7.5, 7.6, 8.2, 9.0, 10.1, 10.4, 11.5, 12.0, 12.5, 12.7, 13.5, 13.8, 14.0, 14.3, 14.8, 15.6, 16.2, 16.4, 16.8, 17.4, 19.0, 19.5, 19.7, 20.0, 20.3, 20.7, 21.0, 21.4, 21.7, 21.9, 22.4, 22.8, 24.0, 24.7, 25.2, 26.8, 27.2, 27.7, 28.4, 29.3, 30.2, 31.1, 31.6, 32.8, 33.4, 34.0, 34.2, 34.5, 35.0, 35.7, 37.5, 38.4, 39.1, 39.7, 40.2, 40.9, 41.4, 41.8, 42.5, 43.1, 44.0, 44.4, 46.7, 47.3, 48.0, 48.5, 48.9, 49.5, 49.7, 50.3, 51.5, 52.2, 52.7, 53.0, 53.9, 55.1, 55.3, 55.7, 56.0, 56.6, 58.4, 58.7, 59.6, 59.8, 60.8, 61.5, 62.0, 62.8, 63.1, 63.7, 64.3, 64.8, 65.7, 66.0, 66.7, 67.1, 67.9, 68.5, 69.0, 69.5, 70.5, 71.7, 72.1, 72.6, 72.9, 74.2, 74.6, 74.9, 75.4, 75.6, 76.4, 77.3, 78.3, 78.6, 78.8, 78.9, 79.5, 79.7, 80.1, 80.5, 81.3, 81.8, 82.6, 82.9, 83.2, 83.4, 83.5, 84.2, 84.6, 85.1, 85.2, 85.6, 85.9, 86.3, 86.9, 87.1, 87.5, 87.6, 88.3, 88.5, 88.7, 88.8, 89.0, 89.4, 89.6, 89.9, 90.2, 90.5, 90.6, 91.4, 91.7, 92.1, 92.6, 92.9, 93.2, 93.8, 93.9, 94.1, 94.4, 94.5, 94.6, 94.8, 94.9, 95.2, 95.4, 95.8, 95.9, 96.1, 96.2, 96.3, 96.5, 97.0, 97.2, 97.3, 97.4, 97.6, 97.9, 98.0, 98.1, 98.2, 98.3, 98.5, 98.6, 98.9, 99.0, 99.1, 99.2, 99.3, 99.4, 99.5, 99.6, 99.7, 99.8, 100.0]}}