{"percentile": {"y": [0.0, 1.4, 2.8, 4.2, 5.7, 7.1, 10.0, 11.4, 12.8, 14.2, 15.7, 17.1, 18.5, 20.0, 21.4, 22.8, 25.7, 27.1, 28.5, 32.8, 34.2, 35.7, 38.5, 40.0, 42.8, 45.7, 47.1, 50.0, 51.4, 52.8, 54.2, 55.7, 57.1, 60.0, 62.8, 64.2, 65.7, 67.1, 68.5, 70.0, 74.2, 75.7, 77.1, 78.5, 80.0, 81.4, 84.2, 85.7, 87.1, 88.5, 91.4, 92.8, 95.7, 97.1, 98.5, 100.0], "x": [0.25, 4.0, 5.375, 5.5, 5.59375, 6.5625, 6.75, 6.78125, 7.0625, 7.09375, 7.15625, 7.21875, 7.25, 7.28125, 7.53125, 7.5625, 7.65625, 7.71875, 8.0, 8.03125, 8.0625, 8.3125, 8.40625, 8.53125, 8.5625, 8.59375, 8.625, 8.71875, 8.75, 8.90625, 8.9375, 8.96875, 9.0, 9.03125, 9.15625, 9.1875, 9.34375, 9.4375, 9.46875, 9.5625, 9.65625, 9.78125, 9.8125, 9.875, 9.90625, 10.0, 10.25, 10.28125, 10.375, 10.40625, 10.5, 10.5625, 10.90625, 11.0, 11.0625, 11.09375]}, "histogram": {"y": [1, 0, 0, 0, 1, 3, 4, 11, 20, 17, 11, 3], "x": [0.0, 1.0, 2.0, 3.0, 4.0, 5.0, 6.0, 7.0, 8.0, 9.0, 10.0, 11.0]}}