{"percentile": {"x": [0.03125, 0.40625, 4.0, 4.09375, 4.125, 4.15625, 4.5625, 4.625, 5.0, 5.03125, 5.0625, 5.09375, 5.125, 5.15625, 5.1875, 5.25, 5.28125, 5.34375, 5.40625, 5.4375, 5.46875, 5.5625, 5.59375, 5.625, 5.6875, 5.71875, 5.75, 5.875, 5.90625, 5.96875, 6.0, 6.03125, 6.0625, 6.09375, 6.125, 6.15625, 6.1875, 6.21875, 6.25, 6.28125, 6.3125, 6.34375, 6.375, 6.40625, 6.4375, 6.46875, 6.5, 6.53125, 6.5625, 6.59375, 6.625, 6.6875, 6.71875, 6.75, 6.78125, 6.8125, 6.84375, 6.90625, 6.9375, 6.96875, 7.0, 7.03125, 7.0625, 7.09375, 7.125, 7.15625, 7.1875, 7.21875, 7.25, 7.28125, 7.3125, 7.34375, 7.375, 7.40625, 7.4375, 7.46875, 7.5, 7.53125, 7.5625, 7.59375, 7.625, 7.65625, 7.6875, 7.71875, 7.75, 7.78125, 7.8125, 7.84375, 7.875, 7.90625, 7.9375, 7.96875, 8.0, 8.03125, 8.0625, 8.09375, 8.125, 8.15625, 8.1875, 8.21875, 8.25, 8.28125, 8.3125, 8.34375, 8.375, 8.40625, 8.4375, 8.46875, 8.5, 8.53125, 8.5625, 8.59375, 8.625, 8.65625, 8.6875, 8.71875, 8.75, 8.78125, 8.8125, 8.84375, 8.875, 8.90625, 8.9375, 8.96875, 9.0, 9.03125, 9.0625, 9.09375, 9.125, 9.15625, 9.1875, 9.21875, 9.25, 9.28125, 9.3125, 9.34375, 9.375, 9.40625, 9.4375, 9.46875, 9.5, 9.53125, 9.5625, 9.59375, 9.625, 9.65625, 9.6875, 9.71875, 9.75, 9.78125, 9.8125, 9.84375, 9.875, 9.90625, 9.9375, 9.96875, 10.0, 10.03125, 10.0625, 10.09375, 10.125, 10.15625, 10.1875, 10.25, 10.28125, 10.3125, 10.34375, 10.375, 10.40625, 10.4375, 10.46875, 10.5, 10.53125, 10.5625, 10.59375, 10.625, 10.65625, 10.6875, 10.75, 10.78125, 10.8125, 10.90625, 11.0, 11.03125, 11.0625, 11.09375, 11.15625, 11.1875, 11.25, 11.3125, 11.40625, 11.4375, 11.71875, 11.75, 12.125, 12.25, 12.375, 13.28125, 13.4375, 13.84375], "y": [0.0, 0.1, 0.2, 0.3, 0.5, 0.7, 0.9, 1.1, 1.2, 1.4, 1.9, 2.0, 2.4, 2.5, 2.8, 3.2, 3.6, 3.7, 3.9, 4.2, 4.5, 4.6, 5.1, 5.2, 5.4, 5.5, 5.6, 5.7, 5.9, 6.0, 6.3, 7.2, 7.7, 8.1, 8.5, 8.7, 9.1, 9.5, 9.9, 10.6, 11.3, 11.8, 12.5, 12.6, 13.4, 13.6, 13.7, 14.0, 14.6, 15.3, 15.8, 16.3, 16.4, 16.6, 16.7, 17.1, 17.2, 17.6, 17.7, 18.1, 18.2, 20.2, 21.3, 21.7, 22.5, 23.3, 23.9, 24.7, 25.6, 26.8, 27.0, 28.2, 28.9, 29.6, 31.1, 31.7, 32.2, 32.7, 32.8, 34.4, 35.1, 35.9, 36.9, 37.3, 38.0, 38.2, 39.0, 39.3, 39.8, 40.3, 40.8, 41.3, 41.6, 44.7, 45.4, 46.6, 47.5, 48.8, 49.7, 50.3, 50.7, 52.1, 52.4, 53.3, 54.2, 54.7, 55.9, 56.9, 57.6, 58.3, 58.8, 61.2, 61.9, 62.1, 62.7, 63.6, 63.9, 64.5, 65.0, 65.8, 66.1, 66.3, 66.6, 67.0, 67.2, 69.0, 69.4, 70.6, 71.3, 72.8, 73.5, 74.8, 75.0, 77.0, 77.8, 78.2, 78.6, 79.2, 80.5, 81.0, 81.9, 82.2, 82.3, 83.7, 84.5, 84.9, 85.3, 85.4, 85.9, 86.2, 86.3, 86.4, 86.7, 86.9, 87.3, 87.5, 87.6, 88.4, 88.7, 88.9, 89.4, 89.9, 90.5, 91.1, 91.3, 91.4, 92.1, 92.2, 92.6, 92.7, 93.2, 93.6, 93.8, 94.2, 95.3, 95.6, 95.7, 95.8, 96.0, 96.2, 96.5, 97.0, 97.1, 97.5, 97.8, 97.9, 98.0, 98.1, 98.3, 98.4, 98.5, 98.8, 99.0, 99.2, 99.3, 99.4, 99.6, 99.7, 99.8, 100.0]}, "histogram": {"x": [0.0, 1.0, 2.0, 3.0, 4.0, 5.0, 6.0, 7.0, 8.0, 9.0, 10.0, 11.0, 12.0, 13.0, 14.0, 15.0], "y": [2, 0, 0, 0, 8, 39, 93, 181, 199, 158, 74, 17, 3, 3, 0, 0]}}