{"percentile": {"y": [0.0, 0.1, 0.2, 0.3, 0.4, 0.6, 0.8, 0.9, 1.1, 1.1, 1.2, 1.3, 1.6, 1.7, 1.8, 2.1, 2.2, 2.3, 2.8, 2.8, 2.9, 3.0, 3.1, 3.2, 3.3, 3.4, 3.8, 4.0, 4.2, 4.3, 4.4, 4.5, 4.7, 4.8, 4.9, 5.1, 5.1, 5.3, 5.4, 5.6, 5.8, 6.0, 6.1, 6.2, 6.2, 6.5, 6.6, 7.3, 7.5, 7.8, 8.5, 9.1, 9.7, 10.0, 10.4, 10.8, 10.9, 11.3, 11.4, 11.4, 11.7, 11.9, 12.0, 12.4, 12.7, 13.3, 14.0, 14.2, 14.5, 14.8, 15.2, 15.3, 15.5, 16.0, 16.4, 16.5, 18.1, 19.0, 19.5, 20.1, 21.3, 22.3, 22.8, 23.4, 24.2, 24.5, 24.9, 25.5, 26.2, 26.7, 26.9, 27.7, 28.0, 28.3, 29.8, 30.5, 31.0, 31.4, 32.0, 33.2, 33.4, 34.1, 34.8, 35.4, 35.7, 36.0, 37.9, 38.6, 39.4, 40.7, 41.7, 42.4, 43.3, 44.0, 45.1, 45.7, 46.2, 47.2, 47.6, 48.5, 49.1, 49.8, 50.8, 51.5, 53.7, 54.3, 55.4, 56.0, 56.5, 56.8, 57.1, 57.6, 58.1, 58.7, 59.3, 59.8, 61.4, 62.4, 63.8, 64.4, 65.4, 66.1, 67.2, 68.0, 68.5, 69.1, 69.5, 69.6, 70.2, 70.7, 71.2, 71.4, 71.8, 72.4, 74.6, 75.3, 75.5, 76.0, 76.1, 77.0, 77.7, 78.6, 78.8, 79.0, 79.4, 79.6, 80.7, 81.4, 82.1, 82.8, 83.3, 83.6, 84.2, 84.3, 85.0, 85.2, 85.6, 85.7, 86.0, 86.8, 87.2, 87.4, 87.4, 88.4, 88.7, 89.0, 89.2, 89.7, 89.8, 90.2, 90.3, 90.7, 90.8, 91.0, 91.4, 91.9, 92.4, 92.5, 92.9, 93.1, 93.2, 93.3, 93.7, 93.9, 94.1, 94.3, 94.4, 94.7, 95.2, 95.3, 95.5, 95.8, 95.9, 96.3, 96.4, 96.5, 96.6, 96.7, 96.8, 96.9, 97.4, 97.7, 97.8, 97.9, 98.0, 98.1, 98.2, 98.3, 98.4, 98.5, 98.6, 98.7, 98.8, 98.8, 98.9, 99.1, 99.2, 99.4, 99.4, 99.5, 99.6, 99.7, 99.8, 99.9, 100.0], "x": [0.03333333333333333, 0.06666666666666667, 0.2, 0.26666666666666666, 1.0, 1.0333333333333334, 1.1, 1.1666666666666667, 1.2, 1.8666666666666667, 2.0, 2.1333333333333333, 2.7, 3.0, 3.1, 3.1333333333333333, 3.2, 3.2333333333333334, 3.2666666666666666, 3.7, 3.8, 3.9333333333333336, 4.0, 4.033333333333333, 4.066666666666666, 4.1, 4.133333333333334, 4.166666666666667, 4.2, 4.233333333333333, 4.266666666666667, 4.3, 4.333333333333333, 4.366666666666666, 4.4, 4.433333333333334, 4.466666666666667, 4.5, 4.533333333333333, 4.6, 4.633333333333333, 4.666666666666667, 4.733333333333333, 4.766666666666667, 4.933333333333334, 4.966666666666667, 5.0, 5.033333333333333, 5.066666666666666, 5.1, 5.133333333333334, 5.166666666666667, 5.2, 5.233333333333333, 5.266666666666667, 5.3, 5.333333333333333, 5.366666666666666, 5.4, 5.433333333333334, 5.466666666666667, 5.5, 5.533333333333333, 5.566666666666666, 5.6, 5.633333333333333, 5.666666666666667, 5.7, 5.733333333333333, 5.766666666666667, 5.8, 5.833333333333333, 5.866666666666667, 5.9, 5.933333333333334, 6.0, 6.033333333333333, 6.066666666666666, 6.1, 6.133333333333334, 6.166666666666667, 6.2, 6.233333333333333, 6.266666666666667, 6.3, 6.333333333333333, 6.366666666666666, 6.4, 6.433333333333334, 6.466666666666667, 6.5, 6.533333333333333, 6.566666666666666, 6.6, 6.633333333333333, 6.666666666666667, 6.7, 6.733333333333333, 6.766666666666667, 6.8, 6.833333333333333, 6.866666666666667, 6.9, 6.933333333333334, 6.966666666666667, 7.0, 7.033333333333333, 7.066666666666666, 7.1, 7.133333333333334, 7.166666666666667, 7.2, 7.233333333333333, 7.266666666666667, 7.3, 7.333333333333333, 7.366666666666666, 7.4, 7.433333333333334, 7.466666666666667, 7.5, 7.533333333333333, 7.566666666666666, 7.6, 7.633333333333333, 7.666666666666667, 7.7, 7.733333333333333, 7.766666666666667, 7.8, 7.833333333333333, 7.866666666666667, 7.9, 7.933333333333334, 7.966666666666667, 8.0, 8.033333333333333, 8.066666666666666, 8.1, 8.133333333333333, 8.166666666666666, 8.2, 8.233333333333333, 8.266666666666667, 8.3, 8.333333333333334, 8.366666666666667, 8.4, 8.433333333333334, 8.466666666666667, 8.5, 8.533333333333333, 8.566666666666666, 8.6, 8.633333333333333, 8.666666666666666, 8.7, 8.733333333333333, 8.766666666666667, 8.8, 8.833333333333334, 8.866666666666667, 8.9, 8.933333333333334, 8.966666666666667, 9.0, 9.033333333333333, 9.066666666666666, 9.1, 9.133333333333333, 9.166666666666666, 9.2, 9.233333333333333, 9.266666666666667, 9.3, 9.333333333333334, 9.366666666666667, 9.4, 9.433333333333334, 9.466666666666667, 9.5, 9.533333333333333, 9.6, 9.633333333333333, 9.666666666666666, 9.7, 9.733333333333333, 9.766666666666667, 9.8, 9.833333333333334, 9.9, 9.933333333333334, 9.966666666666667, 10.0, 10.033333333333333, 10.066666666666666, 10.1, 10.133333333333333, 10.166666666666666, 10.2, 10.233333333333333, 10.266666666666667, 10.3, 10.333333333333334, 10.366666666666667, 10.4, 10.433333333333334, 10.466666666666667, 10.5, 10.566666666666666, 10.6, 10.633333333333333, 10.666666666666666, 10.7, 10.733333333333333, 10.8, 10.866666666666667, 10.933333333333334, 10.966666666666667, 11.0, 11.066666666666666, 11.133333333333333, 11.166666666666666, 11.2, 11.233333333333333, 11.266666666666667, 11.3, 11.366666666666667, 11.4, 11.433333333333334, 11.466666666666667, 11.5, 11.533333333333333, 11.566666666666666, 11.6, 11.7, 11.8, 11.933333333333334, 12.066666666666666, 12.3, 12.4, 12.933333333333334, 13.0, 13.1, 13.233333333333333]}, "histogram": {"y": [5, 10, 5, 17, 41, 117, 228, 280, 233, 134, 69, 30, 4, 3, 0, 0], "x": [0.0, 1.0, 2.0, 3.0, 4.0, 5.0, 6.0, 7.0, 8.0, 9.0, 10.0, 11.0, 12.0, 13.0, 14.0, 15.0]}}