{"histogram": {"y": [4, 19, 33, 31, 20, 8, 1, 0], "x": [6.0, 7.0, 8.0, 9.0, 10.0, 11.0, 12.0, 13.0]}, "percentile": {"y": [0.0, 0.8, 1.7, 2.6, 3.4, 5.2, 6.0, 6.9, 10.4, 13.0, 13.9, 15.6, 16.5, 17.3, 20.0, 22.6, 24.3, 25.2, 26.9, 27.8, 28.6, 29.5, 30.4, 33.9, 36.5, 38.2, 39.1, 40.0, 41.7, 42.6, 43.4, 46.0, 46.9, 48.6, 51.3, 53.0, 54.7, 58.2, 59.1, 60.0, 60.8, 61.7, 62.6, 63.4, 64.3, 66.9, 69.5, 70.4, 71.3, 72.1, 73.9, 74.7, 75.6, 77.3, 78.2, 79.1, 80.0, 80.8, 81.7, 82.6, 83.4, 84.3, 85.2, 86.9, 87.8, 88.6, 89.5, 90.4, 91.3, 93.0, 93.9, 95.6, 96.5, 97.3, 98.2, 99.1, 100.0], "x": [6.6, 6.8, 6.9, 6.933333333333334, 7.1, 7.433333333333334, 7.5, 7.6, 7.633333333333333, 7.7, 7.8, 7.833333333333333, 7.9, 7.933333333333334, 8.0, 8.066666666666666, 8.166666666666666, 8.266666666666667, 8.433333333333334, 8.466666666666667, 8.533333333333333, 8.566666666666666, 8.6, 8.633333333333333, 8.666666666666666, 8.7, 8.733333333333333, 8.766666666666667, 8.8, 8.866666666666667, 8.9, 8.933333333333334, 8.966666666666667, 9.0, 9.033333333333333, 9.066666666666666, 9.166666666666666, 9.2, 9.3, 9.333333333333334, 9.366666666666667, 9.4, 9.533333333333333, 9.566666666666666, 9.6, 9.666666666666666, 9.7, 9.733333333333333, 9.8, 9.866666666666667, 9.9, 9.933333333333334, 10.0, 10.066666666666666, 10.1, 10.166666666666666, 10.266666666666667, 10.333333333333334, 10.4, 10.433333333333334, 10.466666666666667, 10.5, 10.566666666666666, 10.6, 10.7, 10.733333333333333, 10.766666666666667, 10.8, 10.866666666666667, 11.0, 11.033333333333333, 11.066666666666666, 11.233333333333333, 11.266666666666667, 11.4, 11.866666666666667, 12.433333333333334]}}