{"percentile": {"x": [6.25, 6.34375, 6.625, 6.6875, 6.875, 7.0, 7.09375, 7.125, 7.25, 7.3125, 7.375, 7.46875, 7.53125, 7.5625, 7.59375, 7.625, 7.65625, 7.6875, 7.78125, 7.84375, 7.875, 7.9375, 7.96875, 8.0, 8.03125, 8.0625, 8.125, 8.15625, 8.25, 8.28125, 8.3125, 8.34375, 8.375, 8.40625, 8.4375, 8.46875, 8.53125, 8.5625, 8.59375, 8.65625, 8.6875, 8.75, 8.8125, 8.875, 8.90625, 8.9375, 8.96875, 9.0, 9.03125, 9.09375, 9.125, 9.15625, 9.21875, 9.25, 9.28125, 9.3125, 9.34375, 9.375, 9.40625, 9.46875, 9.5, 9.5625, 9.59375, 9.625, 9.65625, 9.6875, 9.71875, 9.78125, 9.8125, 9.84375, 9.90625, 9.9375, 10.0, 10.03125, 10.125, 10.15625, 10.1875, 10.21875, 10.25, 10.28125, 10.34375, 10.375, 10.40625, 10.4375, 10.5, 10.53125, 10.5625, 10.59375, 10.625, 10.65625, 10.6875, 10.71875, 10.75, 10.8125, 10.84375, 10.90625, 10.9375, 10.96875, 11.0, 11.09375, 11.15625, 11.25, 11.3125, 11.375, 11.4375, 11.46875, 11.5, 11.53125, 11.5625, 11.59375, 11.84375, 11.875, 11.9375, 12.09375, 12.125, 12.25, 12.5625, 12.6875], "y": [0.0, 0.4, 0.8, 1.2, 1.7, 2.1, 3.8, 4.3, 4.7, 5.6, 6.0, 6.4, 6.8, 7.3, 8.1, 8.6, 9.0, 9.4, 10.3, 10.7, 11.2, 11.6, 12.0, 12.5, 13.3, 13.7, 14.6, 15.0, 15.5, 17.2, 18.1, 18.9, 19.3, 22.4, 23.2, 24.1, 25.4, 25.8, 29.3, 30.1, 31.0, 31.4, 31.8, 32.7, 34.0, 34.4, 34.9, 35.7, 40.0, 40.5, 40.9, 41.3, 42.2, 43.1, 45.2, 45.6, 46.1, 46.9, 47.8, 48.7, 49.5, 51.2, 55.1, 56.0, 58.6, 59.4, 59.9, 60.3, 61.2, 62.0, 63.3, 64.6, 65.5, 67.6, 68.1, 68.9, 69.3, 70.6, 71.1, 72.8, 73.2, 74.5, 75.4, 75.8, 76.2, 77.1, 77.5, 80.1, 81.4, 82.3, 83.6, 84.0, 84.4, 84.9, 85.7, 87.0, 88.3, 89.2, 89.6, 91.3, 91.8, 92.2, 92.6, 93.1, 93.9, 94.3, 94.8, 95.2, 96.1, 96.5, 96.9, 97.4, 97.8, 98.2, 98.7, 99.1, 99.5, 100.0]}, "histogram": {"x": [6.0, 7.0, 8.0, 9.0, 10.0, 11.0, 12.0, 13.0], "y": [5, 24, 54, 69, 56, 20, 5, 0]}}