{"histogram": {"y": [5, 5, 4, 11, 60, 233, 550, 883, 896, 723, 495, 204, 48, 10, 0, 0], "x": [0.0, 1.0, 2.0, 3.0, 4.0, 5.0, 6.0, 7.0, 8.0, 9.0, 10.0, 11.0, 12.0, 13.0, 14.0, 15.0]}, "percentile": {"y": [0.0, 0.0, 0.0, 0.0, 0.1, 0.1, 0.2, 0.2, 0.2, 0.3, 0.3, 0.3, 0.4, 0.4, 0.4, 0.5, 0.5, 0.5, 0.6, 0.6, 0.6, 0.7, 0.8, 0.9, 1.0, 1.0, 1.0, 1.1, 1.1, 1.2, 1.2, 1.3, 1.4, 1.4, 1.5, 1.6, 1.6, 1.7, 1.7, 1.8, 1.8, 1.8, 1.9, 1.9, 2.0, 2.2, 2.4, 2.6, 2.8, 2.9, 3.0, 3.2, 3.2, 3.7, 3.9, 4.1, 4.2, 4.4, 4.7, 4.8, 5.0, 5.1, 5.2, 5.8, 6.0, 6.1, 6.2, 6.3, 6.5, 6.6, 6.8, 6.9, 7.0, 7.3, 7.5, 7.6, 7.7, 8.5, 8.8, 9.1, 9.5, 10.1, 10.7, 11.2, 11.5, 12.4, 12.7, 13.1, 13.5, 13.6, 14.4, 14.9, 15.3, 15.6, 15.8, 17.1, 17.5, 17.8, 18.1, 18.3, 18.7, 19.1, 19.2, 19.5, 20.0, 20.3, 20.5, 20.8, 21.0, 22.9, 23.6, 24.4, 25.0, 25.8, 26.9, 27.5, 28.2, 29.3, 30.0, 30.7, 31.2, 31.9, 32.7, 33.1, 33.7, 34.3, 34.8, 36.4, 36.9, 37.4, 37.8, 38.3, 38.7, 39.2, 39.6, 40.2, 40.4, 41.0, 41.5, 42.0, 42.4, 44.5, 45.1, 46.1, 46.6, 47.5, 48.2, 48.9, 49.4, 51.1, 51.5, 52.3, 53.1, 53.8, 54.7, 55.3, 55.8, 56.3, 56.7, 58.1, 58.6, 59.2, 59.6, 60.2, 60.5, 61.0, 61.5, 62.0, 62.6, 63.0, 63.4, 63.8, 64.1, 65.5, 66.1, 66.8, 67.1, 67.9, 68.5, 69.1, 69.5, 70.1, 70.7, 71.4, 71.9, 72.4, 73.4, 73.7, 74.2, 74.5, 74.9, 76.4, 77.0, 77.6, 78.0, 78.6, 78.8, 79.1, 79.7, 80.1, 80.4, 80.8, 81.2, 81.5, 81.6, 83.0, 83.5, 84.0, 84.4, 85.0, 85.4, 85.8, 86.2, 87.0, 87.5, 88.0, 88.4, 88.8, 89.1, 89.3, 89.6, 89.8, 90.0, 91.0, 91.1, 91.4, 91.6, 91.9, 92.1, 92.3, 92.5, 92.7, 92.9, 93.1, 93.3, 93.4, 93.6, 94.3, 94.4, 94.5, 94.6, 94.9, 95.1, 95.4, 95.5, 96.0, 96.1, 96.2, 96.3, 96.4, 96.5, 96.7, 96.8, 97.0, 97.2, 97.4, 97.5, 97.6, 97.9, 98.0, 98.2, 98.2, 98.2, 98.3, 98.4, 98.4, 98.5, 98.5, 98.6, 98.8, 98.8, 98.9, 98.9, 99.0, 99.1, 99.1, 99.1, 99.2, 99.2, 99.2, 99.3, 99.3, 99.4, 99.4, 99.5, 99.5, 99.5, 99.6, 99.6, 99.6, 99.7, 99.7, 99.7, 99.8, 99.8, 99.9, 99.9, 99.9, 100.0], "x": [0.03125, 0.15625, 0.21875, 0.5625, 1.0, 1.0625, 1.125, 2.09375, 2.1875, 3.0, 3.09375, 3.125, 3.15625, 3.1875, 3.34375, 3.40625, 3.46875, 3.875, 4.0, 4.03125, 4.0625, 4.09375, 4.125, 4.15625, 4.1875, 4.21875, 4.25, 4.3125, 4.34375, 4.375, 4.40625, 4.4375, 4.5, 4.53125, 4.5625, 4.625, 4.65625, 4.71875, 4.75, 4.8125, 4.84375, 4.90625, 4.9375, 4.96875, 5.0, 5.03125, 5.0625, 5.09375, 5.125, 5.15625, 5.1875, 5.21875, 5.25, 5.28125, 5.3125, 5.34375, 5.375, 5.40625, 5.4375, 5.46875, 5.5, 5.53125, 5.5625, 5.59375, 5.625, 5.65625, 5.6875, 5.71875, 5.75, 5.78125, 5.8125, 5.84375, 5.875, 5.90625, 5.9375, 5.96875, 6.0, 6.03125, 6.0625, 6.09375, 6.125, 6.15625, 6.1875, 6.21875, 6.25, 6.28125, 6.3125, 6.34375, 6.375, 6.40625, 6.4375, 6.46875, 6.5, 6.53125, 6.5625, 6.59375, 6.625, 6.65625, 6.6875, 6.71875, 6.75, 6.78125, 6.8125, 6.84375, 6.875, 6.90625, 6.9375, 6.96875, 7.0, 7.03125, 7.0625, 7.09375, 7.125, 7.15625, 7.1875, 7.21875, 7.25, 7.28125, 7.3125, 7.34375, 7.375, 7.40625, 7.4375, 7.46875, 7.5, 7.53125, 7.5625, 7.59375, 7.625, 7.65625, 7.6875, 7.71875, 7.75, 7.78125, 7.8125, 7.84375, 7.875, 7.90625, 7.9375, 7.96875, 8.0, 8.03125, 8.0625, 8.09375, 8.125, 8.15625, 8.1875, 8.21875, 8.25, 8.28125, 8.3125, 8.34375, 8.375, 8.40625, 8.4375, 8.46875, 8.5, 8.53125, 8.5625, 8.59375, 8.625, 8.65625, 8.6875, 8.71875, 8.75, 8.78125, 8.8125, 8.84375, 8.875, 8.90625, 8.9375, 8.96875, 9.0, 9.03125, 9.0625, 9.09375, 9.125, 9.15625, 9.1875, 9.21875, 9.25, 9.28125, 9.3125, 9.34375, 9.375, 9.40625, 9.4375, 9.46875, 9.5, 9.53125, 9.5625, 9.59375, 9.625, 9.65625, 9.6875, 9.71875, 9.75, 9.78125, 9.8125, 9.84375, 9.875, 9.90625, 9.9375, 9.96875, 10.0, 10.03125, 10.0625, 10.09375, 10.125, 10.15625, 10.1875, 10.21875, 10.25, 10.28125, 10.3125, 10.34375, 10.375, 10.40625, 10.4375, 10.46875, 10.5, 10.53125, 10.5625, 10.59375, 10.625, 10.65625, 10.6875, 10.71875, 10.75, 10.78125, 10.8125, 10.84375, 10.875, 10.90625, 10.9375, 10.96875, 11.0, 11.03125, 11.0625, 11.09375, 11.125, 11.15625, 11.1875, 11.21875, 11.25, 11.28125, 11.3125, 11.34375, 11.375, 11.40625, 11.4375, 11.46875, 11.5, 11.53125, 11.5625, 11.59375, 11.625, 11.65625, 11.6875, 11.71875, 11.75, 11.78125, 11.8125, 11.84375, 11.875, 11.90625, 11.9375, 11.96875, 12.0, 12.03125, 12.0625, 12.09375, 12.125, 12.15625, 12.1875, 12.21875, 12.25, 12.28125, 12.3125, 12.34375, 12.4375, 12.46875, 12.53125, 12.5625, 12.59375, 12.625, 12.65625, 12.6875, 12.75, 12.78125, 12.84375, 12.96875, 13.0, 13.0625, 13.125, 13.1875, 13.25, 13.4375, 13.5625]}}