{"percentile": {"x": [0.03125, 0.1875, 0.21875, 0.25, 0.6875, 2.0, 3.25, 3.84375, 4.0, 4.15625, 4.5625, 4.59375, 4.625, 4.78125, 4.875, 4.96875, 5.0, 5.03125, 5.0625, 5.125, 5.21875, 5.25, 5.3125, 5.34375, 5.40625, 5.46875, 5.5625, 5.625, 5.6875, 5.71875, 5.78125, 5.8125, 5.90625, 5.9375, 6.0, 6.03125, 6.0625, 6.09375, 6.125, 6.15625, 6.1875, 6.25, 6.28125, 6.3125, 6.34375, 6.375, 6.40625, 6.4375, 6.46875, 6.5, 6.53125, 6.5625, 6.59375, 6.625, 6.65625, 6.6875, 6.71875, 6.75, 6.78125, 6.8125, 6.84375, 6.875, 6.90625, 6.96875, 7.0, 7.03125, 7.0625, 7.09375, 7.125, 7.15625, 7.1875, 7.21875, 7.25, 7.28125, 7.3125, 7.34375, 7.375, 7.40625, 7.4375, 7.46875, 7.5, 7.53125, 7.5625, 7.59375, 7.625, 7.65625, 7.6875, 7.71875, 7.75, 7.78125, 7.8125, 7.84375, 7.875, 7.90625, 7.9375, 7.96875, 8.0, 8.03125, 8.0625, 8.09375, 8.125, 8.15625, 8.1875, 8.21875, 8.25, 8.28125, 8.3125, 8.34375, 8.375, 8.40625, 8.4375, 8.46875, 8.5, 8.53125, 8.5625, 8.59375, 8.625, 8.65625, 8.6875, 8.71875, 8.75, 8.78125, 8.8125, 8.84375, 8.875, 8.90625, 8.9375, 8.96875, 9.0, 9.03125, 9.0625, 9.09375, 9.125, 9.15625, 9.1875, 9.21875, 9.25, 9.28125, 9.3125, 9.34375, 9.375, 9.40625, 9.4375, 9.46875, 9.5, 9.53125, 9.5625, 9.59375, 9.625, 9.65625, 9.6875, 9.71875, 9.75, 9.78125, 9.8125, 9.84375, 9.875, 9.90625, 9.9375, 9.96875, 10.0, 10.03125, 10.0625, 10.09375, 10.125, 10.15625, 10.1875, 10.21875, 10.25, 10.28125, 10.3125, 10.34375, 10.375, 10.40625, 10.4375, 10.46875, 10.5, 10.53125, 10.5625, 10.59375, 10.625, 10.65625, 10.6875, 10.71875, 10.75, 10.78125, 10.8125, 10.84375, 10.875, 10.90625, 10.9375, 10.96875, 11.0, 11.03125, 11.0625, 11.09375, 11.125, 11.15625, 11.1875, 11.21875, 11.25, 11.28125, 11.3125, 11.34375, 11.375, 11.40625, 11.4375, 11.46875, 11.5, 11.53125, 11.5625, 11.59375, 11.625, 11.65625, 11.6875, 11.71875, 11.75, 11.78125, 11.84375, 11.875, 11.90625, 12.0, 12.03125, 12.09375, 12.15625, 12.1875, 12.25, 12.28125, 12.3125, 12.40625, 12.4375, 12.46875, 12.5, 12.5625, 12.65625, 12.6875, 12.8125, 13.0, 13.0625, 13.21875, 13.5625, 13.59375, 14.6875, 15.90625], "y": [0.0, 0.0, 0.1, 0.1, 0.2, 0.2, 0.2, 0.3, 0.3, 0.4, 0.4, 0.5, 0.5, 0.5, 0.5, 0.6, 0.6, 0.7, 0.8, 0.8, 0.8, 0.9, 0.9, 1.0, 1.0, 1.0, 1.0, 1.2, 1.2, 1.3, 1.3, 1.5, 1.6, 1.6, 1.7, 2.0, 2.1, 2.3, 2.3, 2.5, 2.5, 2.6, 3.0, 3.0, 3.2, 3.4, 3.5, 3.7, 3.9, 4.0, 4.0, 4.2, 5.0, 5.2, 5.2, 5.4, 5.6, 5.6, 5.9, 6.0, 6.2, 6.4, 6.5, 6.6, 6.7, 8.1, 8.5, 8.7, 8.8, 9.1, 9.3, 9.4, 9.5, 10.2, 10.5, 10.8, 11.3, 11.7, 12.1, 12.8, 13.2, 13.5, 13.8, 15.5, 16.3, 17.0, 17.3, 17.7, 18.1, 18.5, 19.0, 19.2, 19.7, 20.5, 21.1, 21.6, 21.8, 24.4, 24.6, 25.2, 25.6, 26.1, 26.6, 27.2, 27.6, 29.6, 30.1, 31.0, 31.4, 32.2, 33.4, 33.6, 34.1, 34.9, 35.7, 38.9, 39.7, 40.3, 40.8, 41.4, 42.2, 42.7, 43.8, 44.6, 45.2, 45.9, 46.3, 46.8, 47.5, 50.8, 51.1, 51.8, 52.2, 52.9, 53.5, 54.2, 54.7, 56.8, 57.4, 58.5, 59.1, 59.8, 61.2, 61.7, 62.4, 63.6, 64.2, 67.7, 68.6, 69.5, 70.3, 71.1, 71.8, 72.4, 73.1, 73.8, 74.2, 74.9, 75.3, 75.7, 76.1, 78.3, 78.6, 79.1, 79.6, 80.3, 80.8, 81.0, 81.3, 82.8, 83.4, 84.0, 84.3, 84.9, 85.4, 85.9, 86.4, 86.8, 87.1, 89.5, 89.9, 90.3, 90.7, 90.9, 91.2, 91.4, 91.7, 92.0, 92.3, 92.7, 92.8, 93.1, 93.3, 94.2, 94.4, 94.4, 94.6, 94.7, 94.9, 95.0, 95.1, 95.5, 95.7, 95.9, 96.1, 96.2, 96.3, 96.5, 96.5, 96.7, 96.8, 97.4, 97.6, 97.7, 97.7, 97.8, 97.9, 97.9, 98.1, 98.1, 98.2, 98.2, 98.7, 98.7, 98.8, 98.8, 98.9, 98.9, 98.9, 99.1, 99.2, 99.2, 99.3, 99.3, 99.5, 99.5, 99.6, 99.6, 99.7, 99.8, 99.8, 99.9, 99.9, 99.9]}, "histogram": {"x": [0.0, 1.0, 2.0, 3.0, 4.0, 5.0, 6.0, 7.0, 8.0, 9.0, 10.0, 11.0, 12.0, 13.0, 14.0, 15.0, 16.0], "y": [8, 0, 2, 2, 11, 35, 173, 511, 873, 971, 587, 167, 47, 9, 1, 2, 0]}}