{"histogram": {"y": [3, 3, 3, 9, 9, 28, 63, 102, 72, 58, 31, 4, 3, 0, 0], "x": [0.0, 1.0, 2.0, 3.0, 4.0, 5.0, 6.0, 7.0, 8.0, 9.0, 10.0, 11.0, 12.0, 13.0, 14.0]}, "percentile": {"y": [0.0, 0.5, 0.7, 1.0, 1.2, 1.5, 1.8, 2.0, 2.3, 2.8, 3.3, 3.8, 4.1, 4.3, 4.6, 4.9, 5.4, 5.6, 6.2, 6.4, 6.7, 6.9, 7.2, 7.4, 8.0, 8.5, 9.0, 9.3, 9.5, 9.8, 10.0, 10.3, 10.8, 11.3, 12.1, 12.4, 12.9, 13.4, 13.6, 13.9, 14.2, 14.9, 15.2, 16.0, 16.5, 18.0, 18.8, 19.3, 20.9, 21.4, 22.2, 22.9, 24.0, 24.5, 25.3, 26.0, 27.6, 27.9, 28.4, 28.6, 28.9, 29.4, 29.7, 30.2, 30.4, 33.3, 34.6, 35.4, 36.6, 38.2, 39.2, 41.3, 43.1, 44.1, 44.7, 45.2, 46.2, 47.8, 48.0, 48.3, 49.0, 49.6, 51.1, 51.4, 51.6, 52.4, 53.2, 54.5, 54.7, 55.5, 55.8, 56.0, 56.8, 59.4, 59.6, 60.4, 60.7, 61.2, 62.2, 62.5, 63.3, 65.3, 65.8, 66.1, 66.6, 66.9, 67.4, 67.9, 68.9, 70.8, 71.0, 71.3, 72.0, 72.8, 73.1, 74.1, 74.6, 75.4, 77.7, 78.0, 78.8, 80.1, 81.3, 82.1, 82.4, 82.9, 83.7, 83.9, 84.2, 84.7, 85.2, 85.5, 86.0, 86.8, 87.5, 88.1, 88.3, 88.6, 89.4, 89.6, 89.9, 90.4, 90.9, 91.9, 92.5, 93.5, 93.7, 94.0, 94.8, 95.6, 95.8, 96.1, 96.3, 96.6, 97.1, 97.6, 97.9, 98.1, 98.4, 98.7, 98.9, 99.2, 99.4, 99.7, 100.0], "x": [0.03333333333333333, 0.16666666666666666, 1.0, 1.0333333333333334, 1.4666666666666668, 2.033333333333333, 2.066666666666667, 2.2333333333333334, 3.0, 3.033333333333333, 3.066666666666667, 3.2333333333333334, 3.7666666666666666, 3.8333333333333335, 4.066666666666666, 4.166666666666667, 4.2, 4.6, 4.633333333333333, 4.8, 4.833333333333333, 5.066666666666666, 5.1, 5.133333333333334, 5.166666666666667, 5.233333333333333, 5.266666666666667, 5.366666666666666, 5.4, 5.5, 5.533333333333333, 5.6, 5.666666666666667, 5.7, 5.733333333333333, 5.8, 5.866666666666667, 5.9, 5.933333333333334, 5.966666666666667, 6.0, 6.033333333333333, 6.066666666666666, 6.1, 6.133333333333334, 6.166666666666667, 6.2, 6.233333333333333, 6.266666666666667, 6.3, 6.4, 6.433333333333334, 6.466666666666667, 6.5, 6.533333333333333, 6.6, 6.633333333333333, 6.666666666666667, 6.7, 6.733333333333333, 6.833333333333333, 6.866666666666667, 6.9, 6.933333333333334, 7.0, 7.033333333333333, 7.066666666666666, 7.1, 7.133333333333334, 7.166666666666667, 7.2, 7.233333333333333, 7.266666666666667, 7.333333333333333, 7.366666666666666, 7.4, 7.433333333333334, 7.466666666666667, 7.5, 7.533333333333333, 7.566666666666666, 7.6, 7.633333333333333, 7.7, 7.733333333333333, 7.766666666666667, 7.8, 7.833333333333333, 7.866666666666667, 7.9, 7.933333333333334, 7.966666666666667, 8.0, 8.033333333333333, 8.066666666666666, 8.1, 8.133333333333333, 8.166666666666666, 8.2, 8.233333333333333, 8.266666666666667, 8.3, 8.333333333333334, 8.366666666666667, 8.4, 8.466666666666667, 8.5, 8.566666666666666, 8.6, 8.633333333333333, 8.666666666666666, 8.7, 8.733333333333333, 8.8, 8.833333333333334, 8.866666666666667, 8.933333333333334, 9.0, 9.033333333333333, 9.066666666666666, 9.1, 9.133333333333333, 9.166666666666666, 9.2, 9.233333333333333, 9.3, 9.333333333333334, 9.366666666666667, 9.433333333333334, 9.5, 9.566666666666666, 9.6, 9.633333333333333, 9.666666666666666, 9.7, 9.733333333333333, 9.766666666666667, 9.833333333333334, 9.866666666666667, 9.933333333333334, 9.966666666666667, 10.0, 10.033333333333333, 10.1, 10.133333333333333, 10.166666666666666, 10.2, 10.233333333333333, 10.266666666666667, 10.3, 10.4, 10.5, 10.533333333333333, 10.6, 10.633333333333333, 10.666666666666666, 10.833333333333334, 10.866666666666667, 11.0, 11.4, 11.6, 11.633333333333333, 12.0, 12.133333333333333, 12.3]}}