{"histogram": {"y": [1, 0, 5, 14, 64, 144, 209, 216, 152, 108, 33, 6, 3], "x": [1.0, 2.0, 3.0, 4.0, 5.0, 6.0, 7.0, 8.0, 9.0, 10.0, 11.0, 12.0, 13.0]}, "percentile": {"y": [0.0, 0.1, 0.2, 0.3, 0.4, 0.5, 0.6, 1.0, 1.1, 1.2, 1.3, 1.4, 1.5, 1.6, 1.7, 1.8, 1.9, 2.0, 2.4, 2.7, 2.9, 3.0, 3.1, 3.2, 3.4, 3.7, 4.1, 4.2, 4.4, 4.7, 4.9, 5.2, 5.8, 6.1, 6.3, 6.8, 6.9, 7.1, 7.3, 7.6, 7.8, 8.0, 8.1, 8.3, 8.5, 8.7, 8.8, 10.2, 10.5, 11.2, 12.0, 12.5, 12.9, 13.8, 14.2, 14.7, 14.8, 15.5, 15.8, 16.2, 16.9, 17.1, 17.8, 18.1, 18.7, 18.9, 19.7, 20.0, 20.2, 20.7, 21.0, 21.4, 21.6, 22.2, 22.8, 23.0, 23.3, 23.8, 25.9, 26.7, 27.5, 28.0, 29.0, 30.1, 31.3, 31.8, 32.9, 34.0, 34.3, 34.8, 35.0, 36.1, 36.6, 37.5, 38.2, 38.3, 40.6, 41.5, 42.4, 42.7, 43.0, 43.3, 43.9, 44.0, 44.2, 44.8, 45.2, 45.3, 45.8, 48.0, 48.9, 50.1, 51.5, 52.4, 53.0, 54.2, 54.9, 56.3, 57.0, 57.5, 58.0, 58.5, 60.1, 60.2, 61.3, 61.5, 61.8, 63.3, 63.6, 64.2, 64.6, 65.0, 65.9, 66.3, 66.8, 67.0, 67.5, 67.7, 68.0, 68.4, 70.0, 70.4, 70.6, 71.5, 72.3, 72.9, 73.3, 74.0, 75.8, 76.7, 77.0, 77.4, 78.1, 78.7, 79.1, 79.4, 79.5, 79.7, 81.2, 81.5, 82.0, 82.3, 82.9, 83.3, 83.4, 83.7, 83.9, 84.3, 85.3, 85.6, 86.0, 86.5, 86.8, 87.3, 87.5, 87.8, 88.8, 89.2, 89.8, 90.3, 90.4, 90.9, 91.1, 91.9, 92.0, 93.3, 93.6, 93.9, 94.3, 94.5, 94.8, 94.9, 95.1, 95.3, 95.4, 95.5, 95.7, 96.0, 96.1, 96.3, 96.5, 96.9, 97.1, 97.2, 97.5, 97.6, 97.7, 98.1, 98.2, 98.6, 98.8, 99.0, 99.1, 99.3, 99.4, 99.5, 99.6, 99.7, 99.8, 100.0], "x": [1.9375, 3.0, 3.03125, 3.21875, 3.4375, 3.6875, 4.0, 4.09375, 4.15625, 4.1875, 4.34375, 4.375, 4.4375, 4.5, 4.5625, 4.875, 4.96875, 5.0, 5.03125, 5.0625, 5.09375, 5.125, 5.15625, 5.1875, 5.21875, 5.25, 5.28125, 5.3125, 5.34375, 5.40625, 5.4375, 5.46875, 5.5, 5.53125, 5.5625, 5.59375, 5.65625, 5.6875, 5.71875, 5.75, 5.78125, 5.8125, 5.875, 5.90625, 5.9375, 5.96875, 6.0, 6.03125, 6.0625, 6.09375, 6.125, 6.15625, 6.1875, 6.21875, 6.25, 6.28125, 6.3125, 6.34375, 6.375, 6.40625, 6.4375, 6.46875, 6.53125, 6.5625, 6.59375, 6.625, 6.65625, 6.6875, 6.71875, 6.75, 6.78125, 6.8125, 6.84375, 6.875, 6.90625, 6.9375, 6.96875, 7.0, 7.03125, 7.0625, 7.09375, 7.125, 7.15625, 7.1875, 7.21875, 7.25, 7.28125, 7.3125, 7.34375, 7.375, 7.40625, 7.4375, 7.46875, 7.5, 7.53125, 7.5625, 7.59375, 7.625, 7.65625, 7.71875, 7.75, 7.78125, 7.8125, 7.84375, 7.875, 7.90625, 7.9375, 7.96875, 8.0, 8.03125, 8.0625, 8.09375, 8.125, 8.15625, 8.1875, 8.21875, 8.25, 8.28125, 8.3125, 8.34375, 8.375, 8.40625, 8.4375, 8.46875, 8.5, 8.53125, 8.5625, 8.59375, 8.625, 8.65625, 8.6875, 8.71875, 8.75, 8.78125, 8.8125, 8.875, 8.90625, 8.9375, 8.96875, 9.0, 9.03125, 9.0625, 9.09375, 9.125, 9.15625, 9.1875, 9.21875, 9.25, 9.28125, 9.3125, 9.34375, 9.375, 9.40625, 9.4375, 9.46875, 9.5, 9.53125, 9.5625, 9.59375, 9.625, 9.65625, 9.6875, 9.71875, 9.75, 9.8125, 9.84375, 9.875, 10.0, 10.03125, 10.0625, 10.09375, 10.125, 10.15625, 10.1875, 10.21875, 10.25, 10.28125, 10.3125, 10.34375, 10.375, 10.40625, 10.4375, 10.46875, 10.53125, 10.5625, 10.59375, 10.625, 10.65625, 10.6875, 10.71875, 10.78125, 10.8125, 10.84375, 10.875, 10.90625, 10.96875, 11.0, 11.03125, 11.0625, 11.09375, 11.125, 11.15625, 11.1875, 11.25, 11.34375, 11.375, 11.40625, 11.53125, 11.5625, 11.65625, 11.6875, 11.71875, 12.0, 12.03125, 12.375, 12.40625, 12.5625, 13.125, 13.3125, 13.40625]}}