{"histogram": {"y": [4, 19, 32, 30, 20, 8, 1], "x": [6.0, 7.0, 8.0, 9.0, 10.0, 11.0, 12.0]}, "percentile": {"y": [0.0, 0.8, 1.7, 2.6, 3.5, 5.3, 6.1, 7.0, 10.6, 13.2, 14.1, 15.9, 16.8, 17.6, 20.3, 23.0, 24.7, 25.6, 27.4, 28.3, 29.2, 30.0, 33.6, 36.2, 38.0, 38.9, 39.8, 41.5, 42.4, 43.3, 46.0, 46.9, 48.6, 51.3, 53.0, 54.8, 57.5, 58.4, 59.2, 60.1, 61.0, 61.9, 62.8, 63.7, 66.3, 69.0, 69.9, 70.7, 71.6, 73.4, 74.3, 75.2, 76.9, 77.8, 78.7, 79.6, 80.5, 81.4, 82.3, 83.1, 84.0, 84.9, 86.7, 87.6, 88.4, 89.3, 90.2, 91.1, 92.9, 93.8, 95.5, 96.4, 97.3, 98.2, 99.1, 100.0], "x": [6.6, 6.8, 6.9, 6.933333333333334, 7.1, 7.433333333333334, 7.5, 7.6, 7.633333333333333, 7.7, 7.8, 7.833333333333333, 7.9, 7.933333333333334, 8.0, 8.066666666666666, 8.166666666666666, 8.266666666666667, 8.433333333333334, 8.533333333333333, 8.566666666666666, 8.6, 8.633333333333333, 8.666666666666666, 8.7, 8.733333333333333, 8.766666666666667, 8.8, 8.866666666666667, 8.9, 8.933333333333334, 8.966666666666667, 9.0, 9.033333333333333, 9.066666666666666, 9.166666666666666, 9.2, 9.3, 9.333333333333334, 9.366666666666667, 9.4, 9.533333333333333, 9.566666666666666, 9.6, 9.666666666666666, 9.7, 9.733333333333333, 9.8, 9.866666666666667, 9.9, 9.933333333333334, 10.0, 10.066666666666666, 10.1, 10.166666666666666, 10.266666666666667, 10.333333333333334, 10.4, 10.433333333333334, 10.466666666666667, 10.5, 10.566666666666666, 10.6, 10.7, 10.733333333333333, 10.766666666666667, 10.8, 10.866666666666667, 11.0, 11.033333333333333, 11.066666666666666, 11.233333333333333, 11.266666666666667, 11.4, 11.866666666666667, 12.433333333333334]}}