{"percentile": {"y": [0.0, 0.9, 2.9, 3.8, 4.8, 8.7, 9.7, 10.6, 11.6, 12.6, 13.5, 14.5, 15.5, 16.5, 18.4, 20.3, 21.3, 23.3, 29.1, 30.0, 31.0, 32.0, 33.0, 34.9, 36.8, 40.7, 41.7, 43.6, 44.6, 45.6, 46.6, 48.5, 50.4, 51.4, 52.4, 53.3, 56.3, 57.2, 58.2, 59.2, 60.1, 61.1, 63.1, 64.0, 65.0, 66.0, 66.9, 69.9, 70.8, 71.8, 72.8, 73.7, 75.7, 76.6, 77.6, 78.6, 85.4, 86.4, 88.3, 90.2, 94.1, 95.1, 96.1, 98.0, 99.0, 100.0], "x": [5.8125, 6.0, 6.5625, 6.625, 7.0, 7.40625, 7.4375, 7.5625, 7.875, 8.15625, 8.28125, 8.3125, 8.34375, 8.40625, 8.4375, 8.5, 8.53125, 8.5625, 8.59375, 8.625, 8.6875, 8.71875, 8.75, 8.96875, 9.0, 9.0625, 9.09375, 9.21875, 9.25, 9.28125, 9.34375, 9.375, 9.40625, 9.5, 9.53125, 9.5625, 9.625, 9.65625, 9.6875, 9.75, 9.78125, 9.8125, 9.84375, 9.875, 9.90625, 9.9375, 10.0, 10.0625, 10.25, 10.28125, 10.3125, 10.40625, 10.46875, 10.5, 10.53125, 10.5625, 10.90625, 10.96875, 11.15625, 11.25, 11.34375, 11.46875, 11.5625, 11.75, 11.9375, 12.15625]}, "histogram": {"y": [1, 4, 8, 25, 31, 22, 12, 1, 0], "x": [5.0, 6.0, 7.0, 8.0, 9.0, 10.0, 11.0, 12.0, 13.0]}}