{"percentile": {"x": [0.03125, 0.25, 1.28125, 1.5625, 3.09375, 3.625, 4.0, 4.09375, 4.28125, 4.3125, 4.40625, 4.5, 4.5625, 4.8125, 4.90625, 4.9375, 5.0, 5.09375, 5.125, 5.15625, 5.1875, 5.21875, 5.25, 5.28125, 5.3125, 5.34375, 5.375, 5.40625, 5.5, 5.53125, 5.5625, 5.59375, 5.625, 5.65625, 5.6875, 5.71875, 5.75, 5.78125, 5.90625, 5.9375, 6.0, 6.03125, 6.0625, 6.09375, 6.125, 6.15625, 6.1875, 6.21875, 6.25, 6.28125, 6.3125, 6.34375, 6.375, 6.40625, 6.4375, 6.46875, 6.5, 6.53125, 6.5625, 6.59375, 6.625, 6.65625, 6.6875, 6.71875, 6.75, 6.78125, 6.8125, 6.84375, 6.875, 6.90625, 6.9375, 6.96875, 7.0, 7.03125, 7.09375, 7.125, 7.15625, 7.1875, 7.21875, 7.25, 7.28125, 7.3125, 7.34375, 7.375, 7.40625, 7.4375, 7.46875, 7.5, 7.53125, 7.5625, 7.59375, 7.625, 7.65625, 7.6875, 7.71875, 7.75, 7.78125, 7.8125, 7.84375, 7.875, 7.90625, 7.9375, 8.0, 8.03125, 8.0625, 8.09375, 8.125, 8.15625, 8.1875, 8.21875, 8.25, 8.28125, 8.34375, 8.375, 8.40625, 8.4375, 8.46875, 8.5, 8.53125, 8.5625, 8.59375, 8.625, 8.65625, 8.6875, 8.71875, 8.78125, 8.875, 8.90625, 8.9375, 9.0, 9.03125, 9.0625, 9.09375, 9.125, 9.15625, 9.1875, 9.25, 9.28125, 9.3125, 9.34375, 9.40625, 9.46875, 9.53125, 9.5625, 9.59375, 9.625, 9.8125, 9.84375, 9.9375, 9.96875, 10.03125, 10.15625, 10.1875, 10.21875, 10.28125, 10.3125, 10.34375, 10.375, 10.40625, 10.4375, 10.46875, 10.5, 10.53125, 10.5625, 10.59375, 10.65625, 10.9375, 11.0, 11.09375, 11.125, 11.3125, 11.5625, 11.8125], "y": [0.0, 0.4, 0.7, 0.9, 1.1, 1.4, 1.6, 1.9, 2.1, 2.3, 2.6, 2.8, 3.1, 3.3, 3.5, 4.0, 4.3, 4.7, 5.0, 5.2, 5.5, 5.7, 5.9, 6.2, 6.6, 7.1, 7.4, 7.6, 8.1, 8.3, 8.6, 9.5, 10.0, 10.2, 10.5, 10.7, 11.2, 11.7, 12.2, 12.6, 12.9, 14.8, 15.7, 16.2, 16.7, 16.9, 17.4, 17.9, 18.6, 20.8, 21.0, 21.7, 22.2, 22.9, 23.9, 24.8, 25.5, 26.5, 27.0, 28.2, 28.7, 28.9, 30.1, 30.6, 31.5, 32.0, 32.2, 33.0, 33.7, 34.4, 34.9, 35.4, 35.6, 37.7, 38.7, 39.9, 41.1, 42.8, 44.2, 44.9, 46.6, 47.3, 48.5, 49.5, 50.4, 51.9, 53.1, 53.8, 54.5, 54.7, 58.6, 59.3, 59.8, 60.7, 61.0, 61.9, 62.2, 62.9, 63.6, 64.1, 64.8, 65.3, 66.2, 67.9, 69.3, 70.0, 70.8, 71.0, 72.0, 72.9, 74.1, 75.8, 76.0, 76.7, 77.0, 77.9, 78.4, 79.1, 80.1, 80.3, 81.1, 81.5, 82.2, 82.5, 83.0, 83.4, 83.9, 84.2, 84.9, 85.1, 86.6, 87.0, 87.3, 88.2, 88.5, 88.7, 88.9, 89.2, 89.4, 89.7, 89.9, 90.1, 90.4, 90.9, 91.3, 92.1, 92.3, 92.5, 92.8, 93.0, 93.3, 93.5, 93.7, 94.0, 94.2, 94.7, 95.2, 95.6, 95.9, 96.1, 96.4, 96.6, 96.8, 97.1, 97.3, 97.6, 98.0, 98.5, 99.0, 99.2, 99.5, 99.7, 100.0]}, "histogram": {"x": [0.0, 1.0, 2.0, 3.0, 4.0, 5.0, 6.0, 7.0, 8.0, 9.0, 10.0, 11.0, 12.0, 13.0], "y": [3, 2, 0, 2, 11, 36, 95, 128, 79, 34, 22, 7, 0, 0]}}