{"percentile": {"y": [0.0, 0.0, 0.0, 0.2, 0.2, 0.3, 0.3, 0.4, 0.5, 0.5, 0.6, 0.7, 0.8, 0.8, 0.9, 1.0, 1.1, 1.2, 1.2, 1.3, 1.4, 1.4, 1.5, 1.5, 1.8, 1.8, 2.1, 2.4, 2.6, 2.7, 2.8, 2.8, 3.2, 3.3, 3.4, 3.5, 3.7, 3.9, 4.0, 4.0, 4.2, 4.4, 5.0, 5.3, 5.3, 5.4, 5.5, 5.8, 5.9, 6.1, 6.2, 6.3, 6.5, 6.6, 6.6, 7.1, 7.7, 8.0, 8.4, 9.0, 9.7, 10.0, 10.4, 11.2, 11.4, 11.5, 11.8, 12.0, 12.5, 12.7, 13.1, 13.7, 13.8, 14.7, 15.4, 15.4, 15.8, 16.1, 16.6, 16.8, 16.9, 17.1, 17.7, 18.1, 18.4, 18.7, 18.8, 20.6, 21.5, 22.2, 22.5, 23.4, 24.1, 24.6, 25.0, 26.4, 26.8, 27.5, 28.0, 28.5, 29.2, 29.5, 30.1, 30.7, 31.0, 32.3, 32.8, 33.1, 33.4, 33.9, 34.4, 34.9, 35.1, 35.5, 35.7, 36.4, 36.9, 37.3, 37.5, 39.3, 40.0, 40.8, 41.3, 42.0, 42.7, 43.2, 43.8, 45.0, 45.4, 46.1, 46.9, 47.6, 48.5, 48.9, 49.5, 50.0, 50.6, 52.0, 52.2, 52.9, 53.2, 53.6, 54.1, 54.6, 55.2, 55.8, 56.4, 56.8, 57.0, 57.5, 57.7, 58.8, 59.2, 59.8, 60.2, 61.3, 62.2, 62.8, 63.0, 63.8, 64.3, 64.7, 65.4, 66.0, 67.2, 67.7, 68.1, 68.3, 68.8, 70.6, 71.6, 72.3, 72.7, 73.1, 73.3, 73.6, 74.0, 74.3, 74.7, 75.2, 75.5, 75.9, 76.2, 77.8, 78.2, 78.9, 79.6, 80.6, 81.4, 81.9, 82.2, 83.0, 83.5, 83.9, 84.5, 84.9, 85.2, 85.3, 85.7, 85.9, 85.9, 87.3, 87.4, 87.8, 88.3, 88.7, 89.0, 89.2, 89.5, 89.7, 90.0, 90.2, 90.6, 90.7, 90.9, 91.8, 92.1, 92.2, 92.4, 92.7, 92.9, 93.3, 93.4, 94.0, 94.0, 94.3, 94.7, 94.8, 94.9, 95.1, 95.3, 95.5, 95.8, 96.1, 96.2, 96.3, 96.7, 96.8, 97.1, 97.2, 97.4, 97.5, 97.6, 97.7, 97.8, 97.8, 98.3, 98.3, 98.4, 98.5, 98.6, 98.7, 98.7, 98.7, 98.8, 98.8, 99.0, 99.0, 99.0, 99.1, 99.2, 99.3, 99.3, 99.3, 99.4, 99.4, 99.5, 99.6, 99.6, 99.6, 99.8, 99.8, 99.9, 99.9, 100.0], "x": [0.03125, 0.25, 1.0625, 1.125, 2.1875, 3.0, 3.34375, 3.875, 4.0, 4.03125, 4.125, 4.1875, 4.25, 4.4375, 4.53125, 4.5625, 4.625, 4.65625, 4.75, 4.8125, 4.84375, 4.90625, 4.9375, 4.96875, 5.0, 5.03125, 5.0625, 5.09375, 5.125, 5.15625, 5.1875, 5.25, 5.28125, 5.3125, 5.34375, 5.375, 5.40625, 5.4375, 5.46875, 5.5, 5.53125, 5.5625, 5.59375, 5.625, 5.65625, 5.71875, 5.75, 5.78125, 5.8125, 5.84375, 5.875, 5.90625, 5.9375, 5.96875, 6.0, 6.03125, 6.0625, 6.09375, 6.125, 6.15625, 6.1875, 6.21875, 6.25, 6.28125, 6.3125, 6.34375, 6.375, 6.40625, 6.4375, 6.46875, 6.5, 6.53125, 6.5625, 6.59375, 6.625, 6.65625, 6.6875, 6.71875, 6.75, 6.78125, 6.8125, 6.84375, 6.875, 6.90625, 6.9375, 6.96875, 7.0, 7.03125, 7.0625, 7.09375, 7.125, 7.15625, 7.1875, 7.21875, 7.25, 7.28125, 7.3125, 7.34375, 7.375, 7.40625, 7.4375, 7.46875, 7.5, 7.53125, 7.5625, 7.59375, 7.625, 7.65625, 7.6875, 7.71875, 7.75, 7.78125, 7.8125, 7.84375, 7.875, 7.90625, 7.9375, 7.96875, 8.0, 8.03125, 8.0625, 8.09375, 8.125, 8.15625, 8.1875, 8.21875, 8.25, 8.28125, 8.3125, 8.34375, 8.375, 8.40625, 8.4375, 8.46875, 8.5, 8.53125, 8.5625, 8.59375, 8.625, 8.65625, 8.6875, 8.71875, 8.75, 8.78125, 8.8125, 8.84375, 8.875, 8.90625, 8.9375, 8.96875, 9.0, 9.03125, 9.0625, 9.09375, 9.125, 9.15625, 9.1875, 9.21875, 9.25, 9.28125, 9.3125, 9.34375, 9.375, 9.40625, 9.4375, 9.46875, 9.5, 9.53125, 9.5625, 9.59375, 9.625, 9.65625, 9.6875, 9.71875, 9.75, 9.78125, 9.8125, 9.84375, 9.875, 9.90625, 9.9375, 9.96875, 10.0, 10.03125, 10.0625, 10.09375, 10.125, 10.15625, 10.1875, 10.21875, 10.25, 10.28125, 10.3125, 10.34375, 10.375, 10.40625, 10.4375, 10.46875, 10.5, 10.53125, 10.5625, 10.59375, 10.625, 10.65625, 10.6875, 10.71875, 10.75, 10.78125, 10.8125, 10.84375, 10.875, 10.90625, 10.9375, 10.96875, 11.0, 11.03125, 11.0625, 11.09375, 11.125, 11.15625, 11.1875, 11.21875, 11.25, 11.28125, 11.3125, 11.34375, 11.375, 11.40625, 11.4375, 11.46875, 11.5, 11.53125, 11.5625, 11.59375, 11.625, 11.65625, 11.6875, 11.71875, 11.78125, 11.8125, 11.84375, 11.875, 11.90625, 11.9375, 11.96875, 12.0, 12.0625, 12.09375, 12.125, 12.15625, 12.1875, 12.21875, 12.25, 12.28125, 12.3125, 12.34375, 12.375, 12.4375, 12.46875, 12.53125, 12.5625, 12.59375, 12.625, 12.65625, 12.6875, 12.75, 12.78125, 12.84375, 12.96875, 13.0, 13.0625, 13.125, 13.1875, 13.25, 13.5625]}, "histogram": {"y": [2, 4, 2, 4, 30, 113, 281, 435, 468, 429, 342, 160, 42, 8, 0], "x": [0.0, 1.0, 2.0, 3.0, 4.0, 5.0, 6.0, 7.0, 8.0, 9.0, 10.0, 11.0, 12.0, 13.0, 14.0]}}