{"histogram": {"y": [1, 3, 2, 9, 18, 40, 71, 85, 52, 32, 8, 2, 2, 1, 0], "x": [0.0, 1.0, 2.0, 3.0, 4.0, 5.0, 6.0, 7.0, 8.0, 9.0, 10.0, 11.0, 12.0, 13.0, 14.0]}, "percentile": {"y": [0.0, 0.3, 0.6, 0.9, 1.2, 1.5, 1.8, 2.4, 2.7, 3.0, 3.3, 3.6, 4.3, 4.6, 5.2, 5.5, 6.1, 6.4, 7.0, 7.6, 8.0, 8.3, 8.6, 8.9, 9.2, 9.5, 10.1, 11.0, 12.0, 13.2, 13.5, 14.1, 14.4, 14.7, 15.0, 16.0, 16.9, 17.5, 17.8, 18.4, 19.3, 19.6, 20.0, 20.6, 20.9, 21.5, 21.8, 22.1, 22.4, 23.3, 24.0, 25.8, 26.4, 27.6, 29.2, 30.1, 30.4, 30.7, 31.3, 31.6, 32.6, 33.5, 33.8, 34.7, 36.3, 38.7, 39.6, 40.0, 41.2, 41.5, 42.4, 42.7, 44.0, 44.3, 47.0, 47.6, 49.2, 50.1, 51.3, 52.6, 53.8, 54.1, 55.0, 56.0, 56.3, 56.9, 59.0, 60.3, 60.9, 61.2, 61.5, 63.3, 64.0, 64.6, 65.2, 65.8, 67.0, 68.3, 68.9, 69.2, 69.8, 70.4, 72.0, 72.9, 73.5, 74.1, 74.4, 75.0, 75.6, 77.5, 79.3, 79.6, 80.3, 80.6, 80.9, 81.2, 81.5, 81.8, 82.7, 83.3, 84.0, 84.6, 84.9, 85.2, 86.1, 86.4, 87.6, 88.0, 88.3, 89.5, 90.1, 91.3, 91.6, 92.3, 92.9, 93.2, 94.7, 95.0, 95.3, 95.6, 96.0, 96.3, 97.2, 97.5, 97.8, 98.1, 98.4, 98.7, 99.0, 99.3, 99.6, 100.0], "x": [0.26666666666666666, 1.0333333333333334, 1.1666666666666667, 1.2666666666666666, 2.1666666666666665, 2.2333333333333334, 3.0, 3.1333333333333333, 3.1666666666666665, 3.3, 3.5, 3.8, 3.8333333333333335, 4.0, 4.033333333333333, 4.1, 4.133333333333334, 4.166666666666667, 4.2, 4.433333333333334, 4.466666666666667, 4.5, 4.566666666666666, 4.633333333333333, 4.666666666666667, 4.8, 5.0, 5.033333333333333, 5.066666666666666, 5.133333333333334, 5.233333333333333, 5.266666666666667, 5.3, 5.366666666666666, 5.433333333333334, 5.466666666666667, 5.5, 5.533333333333333, 5.566666666666666, 5.6, 5.633333333333333, 5.666666666666667, 5.733333333333333, 5.766666666666667, 5.8, 5.866666666666667, 5.9, 5.966666666666667, 6.0, 6.033333333333333, 6.066666666666666, 6.1, 6.133333333333334, 6.166666666666667, 6.2, 6.233333333333333, 6.266666666666667, 6.3, 6.333333333333333, 6.366666666666666, 6.4, 6.466666666666667, 6.5, 6.533333333333333, 6.6, 6.7, 6.766666666666667, 6.8, 6.833333333333333, 6.866666666666667, 6.9, 6.933333333333334, 6.966666666666667, 7.0, 7.033333333333333, 7.066666666666666, 7.1, 7.133333333333334, 7.166666666666667, 7.2, 7.233333333333333, 7.266666666666667, 7.3, 7.333333333333333, 7.4, 7.433333333333334, 7.466666666666667, 7.5, 7.533333333333333, 7.566666666666666, 7.6, 7.633333333333333, 7.666666666666667, 7.7, 7.733333333333333, 7.766666666666667, 7.8, 7.833333333333333, 7.866666666666667, 7.933333333333334, 7.966666666666667, 8.0, 8.033333333333333, 8.066666666666666, 8.1, 8.133333333333333, 8.166666666666666, 8.2, 8.233333333333333, 8.266666666666667, 8.333333333333334, 8.4, 8.433333333333334, 8.466666666666667, 8.5, 8.533333333333333, 8.566666666666666, 8.6, 8.633333333333333, 8.666666666666666, 8.766666666666667, 8.833333333333334, 8.866666666666667, 8.9, 8.966666666666667, 9.0, 9.033333333333333, 9.066666666666666, 9.1, 9.133333333333333, 9.266666666666667, 9.366666666666667, 9.4, 9.466666666666667, 9.566666666666666, 9.6, 9.666666666666666, 9.7, 9.766666666666667, 9.833333333333334, 9.866666666666667, 10.0, 10.166666666666666, 10.333333333333334, 10.733333333333333, 10.9, 10.966666666666667, 11.066666666666666, 11.3, 12.033333333333333, 12.433333333333334, 13.033333333333333]}}