{"histogram": {"x": [1.0, 2.0, 3.0, 4.0, 5.0, 6.0, 7.0, 8.0, 9.0, 10.0, 11.0, 12.0], "y": [2, 2, 1, 5, 8, 16, 11, 9, 5, 5, 2, 0]}, "percentile": {"x": [1.0, 2.5, 2.6, 3.066666666666667, 4.0, 4.033333333333333, 4.1, 4.8, 4.9, 5.066666666666666, 5.4, 5.433333333333334, 5.466666666666667, 5.5, 5.6, 5.633333333333333, 5.666666666666667, 6.033333333333333, 6.133333333333334, 6.2, 6.266666666666667, 6.466666666666667, 6.5, 6.566666666666666, 6.6, 6.7, 6.933333333333334, 6.966666666666667, 7.0, 7.266666666666667, 7.3, 7.366666666666666, 7.433333333333334, 7.666666666666667, 7.8, 8.033333333333333, 8.2, 8.233333333333333, 8.533333333333333, 8.633333333333333, 8.8, 8.833333333333334, 8.9, 9.0, 9.033333333333333, 9.066666666666666, 9.1, 9.3, 10.0, 10.266666666666667, 10.4, 10.6, 10.666666666666666, 11.0, 11.366666666666667], "y": [0.0, 3.0, 4.6, 6.1, 7.6, 9.2, 10.7, 12.3, 13.8, 15.3, 16.9, 18.4, 20.0, 21.5, 23.0, 24.6, 26.1, 27.6, 29.2, 30.7, 32.3, 35.3, 36.9, 41.5, 43.0, 44.6, 47.6, 50.7, 52.3, 55.3, 58.4, 60.0, 64.6, 66.1, 67.6, 69.2, 70.7, 72.3, 73.8, 76.9, 78.4, 80.0, 81.5, 83.0, 84.6, 86.1, 87.6, 89.2, 90.7, 92.3, 93.8, 95.3, 96.9, 98.4, 100.0]}}