{"percentile": {"x": [0.1, 1.0333333333333334, 1.7333333333333334, 2.0, 2.066666666666667, 2.1666666666666665, 3.033333333333333, 3.2333333333333334, 4.1, 4.133333333333334, 4.233333333333333, 4.633333333333333, 5.0, 5.033333333333333, 5.066666666666666, 5.1, 5.2, 5.3, 5.333333333333333, 5.433333333333334, 5.6, 5.633333333333333, 5.7, 5.833333333333333, 5.866666666666667, 5.9, 5.933333333333334, 5.966666666666667, 6.033333333333333, 6.1, 6.133333333333334, 6.166666666666667, 6.2, 6.266666666666667, 6.3, 6.366666666666666, 6.4, 6.433333333333334, 6.5, 6.566666666666666, 6.6, 6.633333333333333, 6.666666666666667, 6.7, 6.733333333333333, 6.766666666666667, 6.8, 6.833333333333333, 6.866666666666667, 6.933333333333334, 7.0, 7.033333333333333, 7.066666666666666, 7.133333333333334, 7.166666666666667, 7.2, 7.233333333333333, 7.266666666666667, 7.333333333333333, 7.4, 7.433333333333334, 7.466666666666667, 7.5, 7.566666666666666, 7.6, 7.633333333333333, 7.666666666666667, 7.7, 7.766666666666667, 7.866666666666667, 7.966666666666667, 8.0, 8.066666666666666, 8.1, 8.166666666666666, 8.2, 8.233333333333333, 8.266666666666667, 8.3, 8.366666666666667, 8.4, 8.433333333333334, 8.466666666666667, 8.5, 8.533333333333333, 8.566666666666666, 8.6, 8.7, 8.8, 8.833333333333334, 8.866666666666667, 8.9, 8.933333333333334, 8.966666666666667, 9.0, 9.033333333333333, 9.066666666666666, 9.133333333333333, 9.166666666666666, 9.2, 9.266666666666667, 9.3, 9.366666666666667, 9.4, 9.466666666666667, 9.533333333333333, 9.566666666666666, 9.633333333333333, 9.666666666666666, 9.7, 9.733333333333333, 9.8, 9.833333333333334, 9.966666666666667, 10.066666666666666, 10.133333333333333, 10.2, 10.233333333333333, 10.266666666666667, 10.333333333333334, 10.6, 10.7, 10.766666666666667, 10.8, 11.0, 11.566666666666666, 11.766666666666667, 12.033333333333333], "y": [0.0, 0.8, 1.2, 1.6, 2.1, 2.5, 3.3, 3.7, 4.2, 5.0, 5.4, 5.9, 6.3, 7.1, 7.5, 8.0, 8.8, 9.2, 9.7, 10.5, 10.9, 11.3, 11.8, 12.2, 12.6, 13.0, 13.5, 14.3, 14.7, 15.1, 15.6, 16.0, 16.8, 17.2, 18.1, 18.5, 18.9, 19.4, 20.2, 21.0, 21.9, 23.2, 24.0, 25.3, 25.7, 26.5, 27.0, 28.2, 28.6, 29.5, 30.8, 34.1, 35.4, 35.8, 37.9, 38.8, 39.2, 39.6, 41.7, 43.0, 43.8, 45.1, 45.5, 46.4, 46.8, 48.5, 49.7, 50.2, 51.0, 51.8, 53.5, 54.0, 58.2, 60.3, 61.6, 62.8, 64.5, 65.4, 67.5, 68.3, 69.1, 70.0, 70.4, 71.7, 72.1, 72.5, 73.4, 77.2, 77.6, 78.4, 78.9, 79.7, 81.4, 82.2, 82.7, 83.1, 83.9, 84.3, 84.8, 85.6, 86.0, 86.9, 87.3, 87.7, 88.1, 88.6, 89.0, 89.8, 90.2, 91.1, 91.5, 91.9, 92.4, 92.8, 93.2, 94.0, 94.5, 95.3, 96.2, 96.6, 97.0, 97.4, 97.8, 98.3, 98.7, 99.1, 99.5, 100.0]}, "histogram": {"x": [0.0, 1.0, 2.0, 3.0, 4.0, 5.0, 6.0, 7.0, 8.0, 9.0, 10.0, 11.0, 12.0], "y": [2, 2, 4, 2, 5, 20, 38, 55, 68, 25, 13, 3, 1]}}