{"percentile": {"y": [0.0, 1.5, 3.1, 4.6, 6.2, 7.8, 9.3, 10.9, 12.5, 14.0, 17.1, 18.7, 21.8, 23.4, 25.0, 26.5, 28.1, 29.6, 31.2, 32.8, 34.3, 35.9, 37.5, 40.6, 42.1, 43.7, 45.3, 48.4, 50.0, 53.1, 56.2, 57.8, 59.3, 62.5, 64.0, 65.6, 67.1, 68.7, 70.3, 75.0, 76.5, 79.6, 81.2, 84.3, 85.9, 89.0, 90.6, 92.1, 93.7, 95.3, 96.8], "x": [5.2, 5.266666666666667, 5.433333333333334, 5.566666666666666, 5.966666666666667, 6.2, 6.233333333333333, 6.433333333333334, 6.6, 6.7, 6.766666666666667, 6.866666666666667, 6.9, 6.933333333333334, 7.066666666666666, 7.166666666666667, 7.266666666666667, 7.333333333333333, 7.433333333333334, 7.533333333333333, 7.566666666666666, 7.633333333333333, 7.7, 7.766666666666667, 7.833333333333333, 7.9, 8.0, 8.033333333333333, 8.2, 8.266666666666667, 8.366666666666667, 8.4, 8.533333333333333, 8.566666666666666, 8.6, 8.666666666666666, 8.733333333333333, 8.8, 9.0, 9.133333333333333, 9.266666666666667, 9.366666666666667, 9.4, 9.533333333333333, 9.6, 9.633333333333333, 9.733333333333333, 9.833333333333334, 9.966666666666667, 10.466666666666667, 10.6]}, "histogram": {"y": [5, 11, 13, 16, 16, 4, 0, 0], "x": [5.0, 6.0, 7.0, 8.0, 9.0, 10.0, 11.0, 12.0]}}