{"percentile": {"x": [0.03125, 0.25, 0.28125, 0.5625, 1.0, 1.75, 3.375, 4.0, 4.25, 4.40625, 4.4375, 4.5, 4.5625, 4.6875, 4.71875, 4.8125, 4.9375, 5.1875, 5.25, 5.34375, 5.46875, 5.5, 5.53125, 5.5625, 5.625, 5.78125, 5.84375, 5.875, 5.90625, 6.0, 6.03125, 6.09375, 6.125, 6.15625, 6.1875, 6.25, 6.28125, 6.3125, 6.34375, 6.375, 6.40625, 6.4375, 6.46875, 6.5, 6.53125, 6.5625, 6.625, 6.65625, 6.6875, 6.75, 6.78125, 6.8125, 6.84375, 6.875, 6.90625, 6.9375, 6.96875, 7.0, 7.03125, 7.0625, 7.09375, 7.125, 7.15625, 7.1875, 7.21875, 7.25, 7.28125, 7.3125, 7.34375, 7.375, 7.40625, 7.4375, 7.46875, 7.5, 7.53125, 7.5625, 7.59375, 7.625, 7.65625, 7.6875, 7.71875, 7.75, 7.78125, 7.8125, 7.84375, 7.875, 7.90625, 7.9375, 7.96875, 8.0, 8.03125, 8.0625, 8.09375, 8.125, 8.15625, 8.1875, 8.21875, 8.25, 8.28125, 8.3125, 8.34375, 8.375, 8.40625, 8.4375, 8.46875, 8.5, 8.53125, 8.5625, 8.59375, 8.625, 8.65625, 8.6875, 8.71875, 8.75, 8.78125, 8.8125, 8.84375, 8.875, 8.90625, 8.9375, 8.96875, 9.0, 9.03125, 9.0625, 9.09375, 9.125, 9.15625, 9.1875, 9.21875, 9.25, 9.28125, 9.3125, 9.34375, 9.375, 9.40625, 9.4375, 9.46875, 9.5, 9.53125, 9.5625, 9.59375, 9.625, 9.65625, 9.6875, 9.71875, 9.75, 9.78125, 9.8125, 9.84375, 9.875, 9.90625, 9.9375, 9.96875, 10.0, 10.03125, 10.0625, 10.09375, 10.125, 10.15625, 10.1875, 10.21875, 10.25, 10.28125, 10.3125, 10.34375, 10.375, 10.40625, 10.4375, 10.46875, 10.5, 10.53125, 10.5625, 10.59375, 10.625, 10.65625, 10.6875, 10.71875, 10.75, 10.78125, 10.8125, 10.84375, 10.875, 10.90625, 10.9375, 10.96875, 11.0, 11.03125, 11.0625, 11.09375, 11.125, 11.21875, 11.25, 11.28125, 11.3125, 11.34375, 11.375, 11.4375, 11.5, 11.53125, 11.5625, 11.59375, 11.625, 11.65625, 11.6875, 11.71875, 11.78125, 11.84375, 11.90625, 12.0, 12.03125, 12.1875, 12.25, 12.28125, 12.3125, 12.375, 12.4375, 12.5, 12.78125, 12.84375, 12.9375, 13.0, 13.875], "y": [0.0, 0.1, 0.2, 0.3, 0.3, 0.4, 0.5, 0.5, 0.7, 0.7, 0.8, 0.9, 0.9, 1.0, 1.1, 1.1, 1.2, 1.3, 1.5, 1.6, 1.6, 1.7, 1.8, 1.8, 2.0, 2.0, 2.2, 2.3, 2.4, 2.6, 2.8, 3.0, 3.1, 3.2, 3.3, 3.3, 3.6, 3.7, 4.0, 4.1, 4.3, 4.3, 4.5, 4.9, 5.0, 5.2, 6.2, 6.6, 6.8, 6.9, 7.3, 7.5, 7.7, 8.0, 8.5, 8.7, 9.0, 9.1, 10.4, 10.6, 10.9, 11.4, 11.8, 12.0, 12.4, 12.6, 13.5, 13.7, 14.0, 14.4, 14.9, 15.6, 16.4, 16.7, 17.4, 18.0, 21.0, 21.5, 22.4, 22.9, 23.4, 23.8, 24.1, 24.6, 25.0, 25.4, 25.9, 26.2, 27.0, 27.4, 30.8, 31.2, 32.0, 32.5, 33.3, 34.1, 34.8, 35.2, 36.7, 37.5, 38.4, 38.8, 39.6, 40.6, 41.6, 42.2, 42.8, 43.6, 47.2, 48.2, 49.2, 49.9, 50.7, 51.5, 51.9, 53.2, 53.9, 54.4, 55.1, 55.7, 55.9, 56.3, 59.1, 59.5, 59.8, 60.4, 61.0, 61.3, 61.6, 62.1, 64.4, 65.1, 65.7, 66.6, 67.0, 67.6, 68.3, 68.9, 69.3, 70.1, 73.4, 74.1, 75.0, 75.7, 76.4, 77.2, 77.7, 78.1, 78.5, 79.2, 79.6, 80.3, 80.6, 81.0, 83.1, 83.4, 83.6, 83.9, 84.2, 84.5, 84.9, 85.1, 86.1, 86.6, 87.2, 87.8, 88.4, 88.8, 88.9, 89.2, 89.6, 90.0, 92.0, 92.2, 92.4, 92.7, 92.8, 93.2, 93.3, 93.4, 93.5, 93.7, 93.9, 94.1, 94.5, 94.7, 95.2, 95.2, 95.3, 95.4, 95.5, 95.6, 95.9, 96.0, 96.2, 96.5, 96.6, 96.8, 96.9, 97.0, 97.7, 97.9, 97.9, 98.0, 98.2, 98.4, 98.4, 98.6, 98.6, 99.0, 99.1, 99.2, 99.3, 99.4, 99.4, 99.6, 99.6, 99.7, 99.8, 99.8, 99.9, 100.0]}, "histogram": {"x": [0.0, 1.0, 2.0, 3.0, 4.0, 5.0, 6.0, 7.0, 8.0, 9.0, 10.0, 11.0, 12.0, 13.0, 14.0, 15.0], "y": [6, 2, 0, 1, 12, 19, 100, 280, 443, 378, 210, 60, 19, 2, 0, 0]}}