{"histogram": {"x": [8.0, 9.0, 10.0, 11.0, 12.0], "y": [4, 2, 1, 1, 0]}, "percentile": {"x": [8.0, 8.25, 8.40625, 9.375, 9.71875, 10.625, 11.5625], "y": [0.0, 14.2, 42.8, 57.1, 71.4, 85.7, 100.0]}}