{"histogram": {"x": [0.0, 1.0, 2.0, 3.0, 4.0, 5.0, 6.0, 7.0, 8.0, 9.0, 10.0, 11.0, 12.0, 13.0, 14.0], "y": [1, 0, 0, 0, 3, 1, 35, 76, 140, 146, 97, 26, 7, 1, 0]}, "percentile": {"x": [0.21875, 4.125, 4.5625, 4.96875, 5.0625, 6.0, 6.03125, 6.0625, 6.25, 6.34375, 6.375, 6.40625, 6.4375, 6.5, 6.53125, 6.5625, 6.59375, 6.625, 6.65625, 6.6875, 6.75, 6.8125, 6.84375, 6.90625, 6.96875, 7.0, 7.03125, 7.0625, 7.09375, 7.125, 7.15625, 7.1875, 7.25, 7.3125, 7.34375, 7.4375, 7.46875, 7.5, 7.5625, 7.59375, 7.625, 7.65625, 7.6875, 7.71875, 7.75, 7.78125, 7.8125, 7.84375, 7.875, 7.90625, 7.9375, 7.96875, 8.0, 8.03125, 8.0625, 8.09375, 8.125, 8.15625, 8.1875, 8.21875, 8.25, 8.28125, 8.3125, 8.34375, 8.375, 8.40625, 8.4375, 8.46875, 8.5, 8.53125, 8.5625, 8.59375, 8.625, 8.65625, 8.6875, 8.71875, 8.75, 8.78125, 8.8125, 8.84375, 8.875, 8.90625, 8.9375, 8.96875, 9.0, 9.03125, 9.0625, 9.09375, 9.125, 9.15625, 9.1875, 9.21875, 9.25, 9.28125, 9.3125, 9.34375, 9.375, 9.40625, 9.4375, 9.46875, 9.5, 9.53125, 9.5625, 9.59375, 9.625, 9.65625, 9.6875, 9.71875, 9.75, 9.78125, 9.8125, 9.84375, 9.875, 9.90625, 9.9375, 9.96875, 10.0, 10.0625, 10.125, 10.15625, 10.21875, 10.25, 10.28125, 10.3125, 10.34375, 10.375, 10.40625, 10.4375, 10.46875, 10.5, 10.5625, 10.59375, 10.625, 10.65625, 10.6875, 10.71875, 10.75, 10.78125, 10.8125, 10.875, 10.90625, 10.9375, 10.96875, 11.0, 11.03125, 11.09375, 11.125, 11.15625, 11.25, 11.3125, 11.375, 11.40625, 11.46875, 11.5625, 11.625, 11.65625, 11.71875, 11.875, 12.0, 12.1875, 12.28125, 12.3125, 12.5, 12.5625, 13.0], "y": [0.0, 0.1, 0.3, 0.5, 0.7, 0.9, 1.1, 1.3, 1.5, 1.8, 2.0, 2.4, 3.5, 3.7, 3.9, 4.1, 5.0, 5.4, 5.6, 5.8, 6.0, 6.5, 6.7, 6.9, 7.3, 7.5, 8.2, 8.6, 9.0, 9.2, 9.3, 9.5, 9.7, 10.9, 11.4, 11.8, 12.4, 12.9, 13.1, 14.2, 15.4, 16.1, 16.7, 17.2, 17.4, 18.0, 18.7, 19.3, 20.1, 21.0, 21.4, 21.6, 21.8, 23.1, 23.3, 23.6, 24.0, 24.6, 25.1, 25.5, 25.9, 27.8, 28.1, 29.1, 29.3, 30.0, 31.2, 31.5, 31.9, 33.0, 33.6, 37.2, 37.4, 37.7, 38.3, 38.7, 39.6, 40.0, 41.5, 42.4, 43.4, 44.9, 46.0, 46.9, 48.1, 50.5, 50.9, 52.2, 52.6, 53.1, 53.7, 54.6, 55.6, 57.7, 58.0, 58.6, 59.5, 60.5, 61.8, 62.4, 63.1, 64.8, 65.0, 67.8, 68.9, 69.9, 70.3, 71.0, 72.1, 72.3, 72.5, 72.9, 73.4, 73.6, 74.6, 75.1, 75.5, 77.4, 77.6, 78.3, 78.7, 78.9, 80.6, 81.2, 82.3, 82.7, 83.4, 84.2, 84.7, 84.9, 85.7, 89.0, 89.4, 90.0, 90.6, 91.3, 91.7, 92.1, 92.4, 92.8, 93.0, 93.4, 93.6, 93.7, 94.3, 94.5, 94.7, 94.9, 95.4, 96.2, 96.4, 96.8, 96.9, 97.1, 97.7, 97.9, 98.1, 98.3, 98.6, 99.0, 99.2, 99.4, 99.6, 99.8, 100.0]}}