{"histogram": {"x": [0.0, 1.0, 2.0, 3.0, 4.0, 5.0, 6.0, 7.0, 8.0, 9.0, 10.0, 11.0, 12.0], "y": [15, 5, 13, 21, 37, 76, 113, 147, 83, 32, 8, 1, 0]}, "percentile": {"x": [0.03333333333333333, 0.06666666666666667, 0.1, 0.13333333333333333, 0.16666666666666666, 0.23333333333333334, 1.0, 1.0333333333333334, 1.1666666666666667, 1.2666666666666666, 2.0, 2.033333333333333, 2.1, 2.1666666666666665, 2.2, 2.2333333333333334, 2.6666666666666665, 3.0, 3.033333333333333, 3.1333333333333333, 3.1666666666666665, 3.2333333333333334, 3.3, 3.6, 3.7666666666666666, 3.966666666666667, 4.0, 4.033333333333333, 4.1, 4.133333333333334, 4.166666666666667, 4.2, 4.233333333333333, 4.266666666666667, 4.366666666666666, 4.4, 4.6, 4.633333333333333, 4.666666666666667, 4.733333333333333, 4.766666666666667, 4.8, 4.833333333333333, 4.9, 4.966666666666667, 5.0, 5.033333333333333, 5.066666666666666, 5.1, 5.133333333333334, 5.166666666666667, 5.2, 5.233333333333333, 5.266666666666667, 5.3, 5.4, 5.466666666666667, 5.533333333333333, 5.566666666666666, 5.6, 5.633333333333333, 5.666666666666667, 5.7, 5.733333333333333, 5.766666666666667, 5.866666666666667, 5.9, 5.933333333333334, 5.966666666666667, 6.0, 6.033333333333333, 6.066666666666666, 6.1, 6.133333333333334, 6.166666666666667, 6.2, 6.233333333333333, 6.266666666666667, 6.3, 6.333333333333333, 6.366666666666666, 6.4, 6.433333333333334, 6.466666666666667, 6.5, 6.533333333333333, 6.566666666666666, 6.6, 6.633333333333333, 6.666666666666667, 6.7, 6.733333333333333, 6.766666666666667, 6.8, 6.833333333333333, 6.866666666666667, 6.9, 6.933333333333334, 6.966666666666667, 7.0, 7.033333333333333, 7.066666666666666, 7.1, 7.133333333333334, 7.166666666666667, 7.2, 7.233333333333333, 7.266666666666667, 7.3, 7.366666666666666, 7.4, 7.433333333333334, 7.466666666666667, 7.5, 7.533333333333333, 7.566666666666666, 7.6, 7.633333333333333, 7.666666666666667, 7.7, 7.733333333333333, 7.766666666666667, 7.8, 7.833333333333333, 7.866666666666667, 7.9, 7.933333333333334, 7.966666666666667, 8.0, 8.033333333333333, 8.066666666666666, 8.1, 8.133333333333333, 8.166666666666666, 8.2, 8.233333333333333, 8.266666666666667, 8.3, 8.333333333333334, 8.366666666666667, 8.4, 8.433333333333334, 8.466666666666667, 8.5, 8.533333333333333, 8.6, 8.666666666666666, 8.7, 8.733333333333333, 8.766666666666667, 8.8, 8.833333333333334, 8.866666666666667, 8.9, 8.966666666666667, 9.0, 9.033333333333333, 9.066666666666666, 9.1, 9.133333333333333, 9.166666666666666, 9.2, 9.266666666666667, 9.3, 9.366666666666667, 9.4, 9.433333333333334, 9.6, 9.633333333333333, 9.733333333333333, 9.766666666666667, 9.866666666666667, 9.9, 10.0, 10.066666666666666, 10.2, 10.266666666666667, 10.9, 10.966666666666667, 11.266666666666667], "y": [0.0, 0.3, 1.4, 1.8, 2.3, 2.5, 2.7, 3.0, 3.2, 3.4, 3.6, 4.1, 4.9, 5.0, 5.2, 5.6, 5.8, 6.0, 6.9, 7.2, 7.8, 8.1, 8.7, 9.0, 9.4, 9.6, 9.8, 10.0, 10.3, 11.0, 11.2, 11.8, 12.5, 13.0, 13.6, 13.8, 14.0, 14.7, 15.0, 15.2, 15.4, 15.6, 15.8, 16.0, 16.1, 16.5, 17.2, 17.4, 17.8, 18.5, 19.4, 20.5, 21.4, 21.8, 22.1, 22.5, 23.4, 24.0, 24.1, 24.5, 25.8, 26.7, 27.0, 27.2, 28.3, 28.7, 29.4, 29.8, 30.0, 30.3, 32.7, 34.0, 34.9, 35.0, 35.6, 36.5, 37.0, 38.7, 39.8, 40.1, 40.3, 41.2, 41.6, 41.8, 42.0, 42.3, 42.9, 43.0, 44.7, 45.6, 46.0, 46.5, 47.4, 48.0, 48.3, 48.9, 49.2, 50.0, 50.5, 50.9, 53.0, 53.8, 55.2, 56.1, 57.2, 58.3, 59.0, 60.5, 62.3, 63.2, 63.6, 63.8, 64.3, 65.0, 65.4, 66.5, 67.0, 69.2, 70.3, 70.9, 71.4, 72.7, 73.4, 74.1, 75.4, 76.1, 76.3, 77.4, 77.6, 80.1, 80.3, 81.0, 81.6, 82.9, 83.6, 84.3, 84.7, 85.0, 85.4, 86.0, 86.7, 86.9, 87.4, 87.6, 87.8, 88.1, 88.9, 89.0, 90.0, 90.3, 90.7, 90.9, 91.2, 91.6, 92.1, 92.7, 93.8, 94.3, 94.5, 94.7, 94.9, 95.0, 95.6, 95.8, 96.3, 96.5, 96.7, 97.0, 97.2, 97.6, 98.0, 98.1, 98.3, 98.5, 99.0, 99.2, 99.4, 99.6, 99.8, 100.0]}}