{"histogram": {"y": [3, 6, 9, 12, 8, 8, 1], "x": [6.0, 7.0, 8.0, 9.0, 10.0, 11.0, 12.0]}, "percentile": {"y": [0.0, 4.3, 6.5, 10.8, 13.0, 15.2, 17.3, 19.5, 21.7, 23.9, 26.0, 28.2, 30.4, 32.6, 34.7, 36.9, 39.1, 41.3, 43.4, 47.8, 54.3, 56.5, 58.6, 60.8, 63.0, 65.2, 67.3, 69.5, 71.7, 76.0, 78.2, 80.4, 82.6, 86.9, 89.1, 93.4, 95.6, 97.8, 100.0], "x": [6.366666666666666, 6.833333333333333, 7.266666666666667, 7.366666666666666, 7.6, 7.666666666666667, 7.733333333333333, 8.033333333333333, 8.266666666666667, 8.3, 8.366666666666667, 8.5, 8.6, 8.633333333333333, 8.7, 8.733333333333333, 9.0, 9.1, 9.133333333333333, 9.6, 9.633333333333333, 9.666666666666666, 9.866666666666667, 9.9, 9.966666666666667, 10.0, 10.266666666666667, 10.3, 10.4, 10.533333333333333, 10.666666666666666, 10.7, 11.0, 11.3, 11.6, 11.7, 11.833333333333334, 11.9, 12.0]}}