{"histogram": {"x": [1.0, 2.0, 3.0, 4.0, 5.0, 6.0, 7.0, 8.0, 9.0, 10.0, 11.0, 12.0, 13.0], "y": [1, 0, 1, 2, 9, 21, 25, 20, 12, 10, 5, 1, 0]}, "percentile": {"x": [1.0625, 3.40625, 4.4375, 4.5625, 5.0625, 5.09375, 5.15625, 5.25, 5.34375, 5.375, 5.40625, 5.46875, 5.96875, 6.0, 6.0625, 6.125, 6.15625, 6.25, 6.3125, 6.34375, 6.375, 6.5, 6.5625, 6.625, 6.6875, 6.75, 6.84375, 6.96875, 7.0, 7.03125, 7.15625, 7.21875, 7.25, 7.3125, 7.34375, 7.375, 7.5, 7.5625, 7.71875, 7.75, 7.875, 7.9375, 8.0, 8.03125, 8.0625, 8.1875, 8.21875, 8.25, 8.28125, 8.375, 8.40625, 8.46875, 8.5, 8.5625, 8.59375, 8.625, 8.875, 8.90625, 9.0625, 9.25, 9.28125, 9.3125, 9.375, 9.4375, 9.71875, 9.78125, 9.96875, 10.0, 10.09375, 10.125, 10.15625, 10.1875, 10.25, 10.28125, 10.5625, 10.75, 10.84375, 11.5625, 11.71875, 11.875, 12.5625], "y": [0.0, 0.9, 1.8, 2.8, 3.7, 4.7, 5.6, 6.6, 7.5, 8.4, 9.4, 10.3, 11.3, 12.2, 13.2, 15.0, 16.0, 16.9, 19.8, 20.7, 22.6, 23.5, 25.4, 26.4, 28.3, 29.2, 30.1, 31.1, 32.0, 33.9, 34.9, 35.8, 36.7, 39.6, 41.5, 42.4, 44.3, 45.2, 50.0, 50.9, 51.8, 52.8, 55.6, 56.6, 58.4, 59.4, 60.3, 61.3, 62.2, 63.2, 64.1, 65.0, 66.0, 66.9, 70.7, 71.6, 72.6, 73.5, 74.5, 75.4, 76.4, 78.3, 79.2, 81.1, 82.0, 83.9, 84.9, 85.8, 86.7, 87.7, 88.6, 89.6, 90.5, 91.5, 92.4, 93.3, 94.3, 95.2, 98.1, 99.0, 100.0]}}