{"percentile": {"x": [0.03125, 0.25, 0.28125, 0.3125, 0.40625, 0.96875, 2.46875, 4.0, 4.21875, 4.25, 4.90625, 5.0, 5.1875, 5.25, 5.46875, 5.5625, 5.6875, 5.9375, 6.0, 6.0625, 6.09375, 6.125, 6.15625, 6.28125, 6.3125, 6.375, 6.40625, 6.4375, 6.46875, 6.5, 6.53125, 6.5625, 6.59375, 6.625, 6.65625, 6.6875, 6.71875, 6.75, 6.78125, 6.84375, 6.875, 6.90625, 6.9375, 7.0, 7.03125, 7.0625, 7.09375, 7.125, 7.15625, 7.1875, 7.21875, 7.25, 7.28125, 7.3125, 7.34375, 7.375, 7.40625, 7.4375, 7.46875, 7.5, 7.53125, 7.5625, 7.59375, 7.625, 7.65625, 7.6875, 7.71875, 7.75, 7.78125, 7.8125, 7.84375, 7.875, 7.90625, 7.9375, 7.96875, 8.0, 8.03125, 8.0625, 8.09375, 8.125, 8.15625, 8.1875, 8.21875, 8.25, 8.28125, 8.3125, 8.34375, 8.375, 8.40625, 8.4375, 8.46875, 8.5, 8.53125, 8.5625, 8.59375, 8.625, 8.65625, 8.6875, 8.71875, 8.75, 8.78125, 8.8125, 8.84375, 8.875, 8.90625, 8.9375, 8.96875, 9.0, 9.03125, 9.0625, 9.09375, 9.125, 9.15625, 9.1875, 9.21875, 9.25, 9.28125, 9.3125, 9.34375, 9.375, 9.40625, 9.4375, 9.46875, 9.5, 9.53125, 9.5625, 9.59375, 9.625, 9.65625, 9.6875, 9.71875, 9.75, 9.78125, 9.8125, 9.84375, 9.875, 9.90625, 9.9375, 9.96875, 10.0, 10.03125, 10.0625, 10.09375, 10.125, 10.15625, 10.1875, 10.21875, 10.25, 10.28125, 10.3125, 10.34375, 10.375, 10.40625, 10.4375, 10.46875, 10.5, 10.53125, 10.5625, 10.59375, 10.625, 10.65625, 10.6875, 10.71875, 10.75, 10.78125, 10.8125, 10.84375, 10.875, 10.90625, 10.9375, 10.96875, 11.0, 11.03125, 11.0625, 11.09375, 11.125, 11.15625, 11.1875, 11.21875, 11.25, 11.28125, 11.3125, 11.34375, 11.375, 11.40625, 11.4375, 11.46875, 11.5, 11.53125, 11.5625, 11.59375, 11.625, 11.65625, 11.6875, 11.71875, 11.75, 11.78125, 11.8125, 11.84375, 11.875, 11.90625, 11.9375, 11.96875, 12.0, 12.03125, 12.0625, 12.09375, 12.125, 12.15625, 12.1875, 12.21875, 12.25, 12.28125, 12.3125, 12.34375, 12.375, 12.40625, 12.4375, 12.46875, 12.5, 12.53125, 12.5625, 12.59375, 12.625, 12.65625, 12.6875, 12.71875, 12.75, 12.78125, 12.8125, 12.84375, 12.875, 12.9375, 13.0, 13.03125, 13.0625, 13.09375, 13.125, 13.1875, 13.21875, 13.25, 13.28125, 13.3125, 13.375, 13.40625, 13.4375, 13.5, 13.5625, 13.59375, 13.6875, 13.78125, 14.03125, 14.3125, 16.15625], "y": [0.0, 0.0, 0.0, 0.0, 0.1, 0.1, 0.1, 0.1, 0.2, 0.2, 0.2, 0.2, 0.3, 0.3, 0.3, 0.4, 0.4, 0.4, 0.5, 0.5, 0.6, 0.6, 0.6, 0.6, 0.7, 0.7, 0.8, 0.8, 0.8, 0.9, 0.9, 0.9, 1.1, 1.1, 1.2, 1.3, 1.3, 1.4, 1.5, 1.5, 1.5, 1.6, 1.7, 1.7, 2.2, 2.2, 2.3, 2.5, 2.6, 2.7, 2.8, 2.8, 3.2, 3.3, 3.4, 3.5, 3.6, 3.9, 3.9, 4.1, 4.3, 4.4, 5.3, 5.5, 5.6, 5.9, 6.0, 6.2, 6.5, 6.6, 6.8, 7.1, 7.2, 7.4, 7.5, 7.9, 9.1, 9.2, 9.4, 9.7, 10.0, 10.3, 10.7, 10.9, 12.2, 12.6, 13.1, 13.5, 14.1, 14.7, 15.2, 15.9, 16.4, 16.7, 19.3, 20.0, 20.5, 21.0, 21.5, 22.1, 22.6, 23.2, 23.7, 24.2, 24.9, 25.5, 26.2, 26.6, 29.5, 29.9, 30.5, 31.0, 31.6, 32.2, 32.8, 33.2, 34.7, 35.3, 36.1, 36.7, 37.7, 39.1, 39.8, 40.4, 41.1, 41.6, 44.8, 45.7, 46.4, 47.0, 47.9, 48.6, 49.5, 50.1, 51.0, 51.7, 52.5, 53.1, 53.8, 54.5, 58.0, 58.6, 59.1, 59.8, 60.6, 61.3, 61.8, 62.3, 64.4, 65.2, 66.1, 67.1, 67.7, 69.0, 69.5, 70.1, 71.1, 71.7, 74.6, 75.4, 76.1, 76.4, 77.0, 77.7, 78.2, 78.9, 79.6, 80.2, 80.9, 81.5, 82.2, 82.6, 85.1, 85.5, 85.8, 86.2, 86.5, 86.9, 87.1, 87.4, 88.4, 88.7, 89.0, 89.3, 89.8, 90.4, 90.7, 91.2, 91.5, 91.8, 92.9, 93.1, 93.4, 93.6, 93.9, 94.0, 94.1, 94.4, 94.5, 94.9, 95.0, 95.2, 95.4, 95.4, 96.2, 96.3, 96.4, 96.5, 96.6, 96.7, 96.8, 96.8, 97.1, 97.3, 97.4, 97.5, 97.6, 97.8, 97.9, 97.9, 98.0, 98.1, 98.5, 98.5, 98.6, 98.7, 98.8, 98.8, 98.9, 98.9, 98.9, 98.9, 99.0, 99.0, 99.2, 99.2, 99.2, 99.3, 99.3, 99.4, 99.5, 99.6, 99.6, 99.7, 99.7, 99.7, 99.7, 99.8, 99.8, 99.9, 99.9, 99.9, 99.9, 100.0]}, "histogram": {"x": [0.0, 1.0, 2.0, 3.0, 4.0, 5.0, 6.0, 7.0, 8.0, 9.0, 10.0, 11.0, 12.0, 13.0, 14.0, 15.0, 16.0, 17.0, 18.0], "y": [7, 0, 1, 0, 4, 9, 52, 250, 762, 1131, 1146, 521, 145, 36, 2, 0, 1, 0, 0]}}