{"percentile": {"x": [0.2, 1.4333333333333333, 2.7, 4.1, 4.166666666666667, 4.233333333333333, 5.1, 5.166666666666667, 5.233333333333333, 5.433333333333334, 5.6, 5.633333333333333, 5.866666666666667, 6.033333333333333, 6.2, 6.266666666666667, 6.333333333333333, 6.5, 6.6, 6.633333333333333, 6.7, 6.766666666666667, 6.8, 6.933333333333334, 6.966666666666667, 7.0, 7.233333333333333, 7.4, 7.433333333333334, 7.6, 7.633333333333333, 7.9, 7.933333333333334, 8.0, 8.066666666666666, 8.1, 8.166666666666666, 8.266666666666667, 9.333333333333334, 10.4], "y": [0.0, 2.1, 4.2, 8.5, 10.6, 12.7, 14.8, 19.1, 27.6, 29.7, 31.9, 36.1, 38.2, 40.4, 42.5, 44.6, 46.8, 48.9, 51.0, 53.1, 55.3, 57.4, 59.5, 61.7, 63.8, 65.9, 70.2, 72.3, 74.4, 76.5, 78.7, 82.9, 85.1, 87.2, 89.3, 91.4, 93.6, 95.7, 97.8, 100.0]}, "histogram": {"x": [0.0, 1.0, 2.0, 3.0, 4.0, 5.0, 6.0, 7.0, 8.0, 9.0, 10.0, 11.0], "y": [1, 1, 2, 0, 3, 12, 12, 10, 5, 1, 1, 0]}}