{"histogram": {"y": [1, 0, 0, 0, 2, 3, 7, 28, 23, 17, 8, 3, 0], "x": [0.0, 1.0, 2.0, 3.0, 4.0, 5.0, 6.0, 7.0, 8.0, 9.0, 10.0, 11.0, 12.0]}, "percentile": {"y": [0.0, 1.0, 3.2, 4.3, 5.4, 6.5, 7.6, 8.7, 9.8, 10.9, 12.0, 13.1, 14.2, 16.4, 19.7, 20.8, 21.9, 24.1, 27.4, 29.6, 30.7, 31.8, 32.9, 34.0, 36.2, 37.3, 38.4, 39.5, 41.7, 42.8, 45.0, 51.6, 52.7, 54.9, 57.1, 58.2, 59.3, 60.4, 63.7, 64.8, 65.9, 68.1, 70.3, 71.4, 73.6, 74.7, 75.8, 76.9, 78.0, 79.1, 80.2, 82.4, 84.6, 85.7, 86.8, 87.9, 89.0, 90.1, 91.2, 92.3, 93.4, 94.5, 95.6, 96.7, 97.8, 100.0], "x": [0.09375, 4.1875, 5.0625, 5.15625, 5.5, 6.0, 6.1875, 6.21875, 6.28125, 6.46875, 6.71875, 6.9375, 7.0, 7.09375, 7.125, 7.15625, 7.21875, 7.25, 7.28125, 7.375, 7.4375, 7.5, 7.5625, 7.59375, 7.625, 7.65625, 7.71875, 7.84375, 7.875, 7.96875, 8.0, 8.03125, 8.125, 8.21875, 8.28125, 8.34375, 8.375, 8.5625, 8.59375, 8.71875, 8.78125, 8.9375, 9.0, 9.03125, 9.0625, 9.125, 9.15625, 9.1875, 9.21875, 9.3125, 9.4375, 9.5625, 9.625, 9.6875, 9.78125, 9.90625, 10.0, 10.03125, 10.125, 10.15625, 10.21875, 10.3125, 10.78125, 10.96875, 11.0, 11.03125]}}