{"percentile": {"y": [0.0, 0.1, 0.2, 0.3, 0.4, 0.5, 0.6, 0.7, 0.7, 0.8, 0.9, 1.0, 1.2, 1.3, 1.5, 1.6, 1.7, 1.8, 2.0, 2.3, 2.3, 2.7, 3.1, 3.1, 3.2, 3.3, 3.4, 3.6, 3.7, 3.8, 3.9, 3.9, 4.0, 4.2, 4.5, 4.7, 5.0, 5.2, 5.4, 5.7, 5.9, 6.1, 6.2, 6.3, 6.4, 6.5, 6.6, 6.7, 6.8, 7.2, 7.3, 7.5, 7.6, 7.7, 7.8, 7.8, 7.9, 8.0, 8.2, 9.0, 9.3, 9.7, 10.3, 11.0, 11.2, 11.7, 12.0, 12.4, 12.5, 12.9, 13.1, 13.3, 13.6, 13.7, 14.3, 14.5, 14.8, 15.2, 15.3, 15.5, 16.1, 16.5, 16.8, 16.9, 17.1, 17.2, 17.4, 17.9, 18.0, 19.3, 20.2, 20.7, 21.8, 23.4, 25.0, 25.4, 25.5, 26.4, 26.8, 27.2, 27.6, 28.1, 29.0, 29.5, 30.0, 30.4, 30.8, 32.4, 33.2, 33.8, 34.2, 34.7, 35.5, 35.8, 36.4, 36.9, 37.6, 38.1, 38.4, 40.6, 41.2, 42.3, 43.6, 44.6, 46.0, 46.9, 47.7, 48.7, 49.5, 49.9, 50.4, 50.7, 51.3, 52.1, 52.8, 53.0, 53.5, 55.5, 56.4, 57.0, 57.6, 57.9, 58.3, 58.5, 59.2, 59.6, 60.2, 60.9, 62.4, 63.0, 64.0, 64.8, 66.4, 67.0, 68.1, 68.4, 69.9, 70.6, 71.0, 71.1, 71.5, 71.8, 72.3, 72.6, 72.9, 73.1, 74.6, 75.4, 76.1, 76.5, 77.3, 77.8, 78.2, 78.9, 79.0, 79.4, 79.7, 80.3, 81.2, 81.6, 82.2, 82.7, 83.3, 83.7, 84.5, 85.1, 85.8, 86.2, 86.6, 86.8, 87.0, 87.7, 88.0, 88.2, 88.4, 88.6, 89.3, 89.8, 89.9, 90.0, 90.2, 90.4, 90.5, 91.0, 91.2, 91.4, 91.5, 91.7, 92.6, 92.8, 93.1, 93.3, 93.4, 93.5, 93.8, 94.5, 94.6, 94.9, 95.1, 95.2, 95.3, 95.3, 95.4, 95.5, 96.0, 96.0, 96.1, 96.3, 96.4, 96.5, 96.6, 96.7, 96.9, 97.0, 97.1, 97.3, 97.5, 97.6, 97.6, 97.7, 97.9, 98.0, 98.3, 98.4, 98.4, 98.5, 98.8, 98.9, 99.1, 99.2, 99.3, 99.4, 99.5, 99.6, 99.7, 99.9, 100.0], "x": [0.03333333333333333, 0.1, 0.16666666666666666, 0.2, 1.0333333333333334, 1.1, 1.1666666666666667, 1.5, 1.8, 1.8666666666666667, 2.0, 2.033333333333333, 2.066666666666667, 2.1, 2.1666666666666665, 2.2, 2.4333333333333336, 2.466666666666667, 3.033333333333333, 3.066666666666667, 3.1, 3.1333333333333333, 3.1666666666666665, 3.2333333333333334, 3.3, 3.3333333333333335, 3.466666666666667, 3.533333333333333, 3.6, 3.6666666666666665, 3.7666666666666666, 3.8, 3.8666666666666667, 4.0, 4.033333333333333, 4.066666666666666, 4.1, 4.133333333333334, 4.166666666666667, 4.2, 4.233333333333333, 4.266666666666667, 4.333333333333333, 4.4, 4.433333333333334, 4.466666666666667, 4.533333333333333, 4.566666666666666, 4.6, 4.633333333333333, 4.666666666666667, 4.7, 4.733333333333333, 4.766666666666667, 4.8, 4.866666666666667, 4.9, 4.933333333333334, 5.0, 5.033333333333333, 5.066666666666666, 5.1, 5.133333333333334, 5.166666666666667, 5.2, 5.233333333333333, 5.266666666666667, 5.3, 5.333333333333333, 5.366666666666666, 5.4, 5.433333333333334, 5.466666666666667, 5.5, 5.533333333333333, 5.566666666666666, 5.6, 5.633333333333333, 5.666666666666667, 5.7, 5.733333333333333, 5.766666666666667, 5.8, 5.833333333333333, 5.866666666666667, 5.9, 5.933333333333334, 5.966666666666667, 6.0, 6.033333333333333, 6.066666666666666, 6.1, 6.133333333333334, 6.166666666666667, 6.2, 6.233333333333333, 6.266666666666667, 6.3, 6.333333333333333, 6.366666666666666, 6.4, 6.433333333333334, 6.466666666666667, 6.5, 6.533333333333333, 6.566666666666666, 6.6, 6.633333333333333, 6.666666666666667, 6.7, 6.733333333333333, 6.766666666666667, 6.8, 6.833333333333333, 6.866666666666667, 6.9, 6.933333333333334, 6.966666666666667, 7.0, 7.033333333333333, 7.066666666666666, 7.1, 7.133333333333334, 7.166666666666667, 7.2, 7.233333333333333, 7.266666666666667, 7.3, 7.333333333333333, 7.366666666666666, 7.4, 7.433333333333334, 7.466666666666667, 7.5, 7.533333333333333, 7.566666666666666, 7.6, 7.633333333333333, 7.666666666666667, 7.7, 7.733333333333333, 7.766666666666667, 7.8, 7.833333333333333, 7.866666666666667, 7.9, 7.933333333333334, 8.0, 8.033333333333333, 8.066666666666666, 8.1, 8.133333333333333, 8.166666666666666, 8.2, 8.233333333333333, 8.266666666666667, 8.3, 8.333333333333334, 8.366666666666667, 8.4, 8.433333333333334, 8.466666666666667, 8.5, 8.533333333333333, 8.566666666666666, 8.6, 8.633333333333333, 8.666666666666666, 8.7, 8.733333333333333, 8.766666666666667, 8.8, 8.833333333333334, 8.866666666666667, 8.9, 8.933333333333334, 8.966666666666667, 9.0, 9.033333333333333, 9.066666666666666, 9.1, 9.133333333333333, 9.166666666666666, 9.2, 9.233333333333333, 9.266666666666667, 9.3, 9.333333333333334, 9.366666666666667, 9.4, 9.433333333333334, 9.466666666666667, 9.5, 9.533333333333333, 9.566666666666666, 9.6, 9.633333333333333, 9.666666666666666, 9.7, 9.733333333333333, 9.766666666666667, 9.8, 9.833333333333334, 9.866666666666667, 9.9, 9.933333333333334, 9.966666666666667, 10.0, 10.033333333333333, 10.066666666666666, 10.1, 10.133333333333333, 10.166666666666666, 10.233333333333333, 10.266666666666667, 10.3, 10.333333333333334, 10.366666666666667, 10.433333333333334, 10.466666666666667, 10.5, 10.533333333333333, 10.566666666666666, 10.6, 10.633333333333333, 10.666666666666666, 10.7, 10.733333333333333, 10.766666666666667, 10.8, 10.866666666666667, 10.9, 10.933333333333334, 10.966666666666667, 11.0, 11.033333333333333, 11.1, 11.133333333333333, 11.166666666666666, 11.2, 11.233333333333333, 11.266666666666667, 11.333333333333334, 11.366666666666667, 11.4, 11.466666666666667, 11.5, 11.6, 11.633333333333333, 11.666666666666666, 11.7, 11.733333333333333, 12.0, 12.1, 12.166666666666666, 12.4, 12.633333333333333]}, "histogram": {"y": [5, 6, 12, 25, 45, 111, 230, 254, 218, 129, 61, 27, 6, 0, 0], "x": [0.0, 1.0, 2.0, 3.0, 4.0, 5.0, 6.0, 7.0, 8.0, 9.0, 10.0, 11.0, 12.0, 13.0, 14.0]}}