{"percentile": {"x": [3.15625, 4.03125, 4.78125, 6.15625, 7.625, 8.4375], "y": [0.0, 20.0, 40.0, 60.0, 80.0, 100.0]}, "histogram": {"x": [3.0, 4.0, 5.0, 6.0, 7.0, 8.0, 9.0], "y": [1, 2, 0, 1, 1, 1, 0]}}