{"histogram": {"y": [4, 7, 14, 26, 35, 18, 5, 0], "x": [5.0, 6.0, 7.0, 8.0, 9.0, 10.0, 11.0, 12.0]}, "percentile": {"y": [0.0, 0.9, 1.8, 2.7, 3.7, 5.5, 6.4, 7.4, 8.3, 10.1, 11.1, 12.0, 12.9, 13.8, 15.7, 16.6, 18.5, 20.3, 21.2, 22.2, 23.1, 24.0, 25.0, 25.9, 26.8, 28.7, 29.6, 30.5, 33.3, 34.2, 35.1, 36.1, 37.9, 39.8, 40.7, 41.6, 44.4, 45.3, 46.2, 47.2, 54.6, 55.5, 56.4, 60.1, 62.0, 62.9, 63.8, 68.5, 69.4, 71.2, 72.2, 75.0, 76.8, 77.7, 79.6, 82.4, 83.3, 84.2, 85.1, 86.1, 87.9, 90.7, 92.5, 94.4, 96.2, 97.2, 98.1, 100.0], "x": [5.53125, 5.5625, 5.59375, 5.625, 6.0, 6.5625, 6.90625, 6.9375, 6.96875, 7.09375, 7.125, 7.15625, 7.46875, 7.5, 7.53125, 7.5625, 7.65625, 7.6875, 7.78125, 7.9375, 8.0, 8.125, 8.15625, 8.25, 8.28125, 8.34375, 8.375, 8.40625, 8.4375, 8.46875, 8.5625, 8.59375, 8.625, 8.6875, 8.71875, 8.75, 8.78125, 8.875, 8.96875, 9.0, 9.03125, 9.09375, 9.25, 9.375, 9.40625, 9.5, 9.5625, 9.59375, 9.625, 9.6875, 9.71875, 9.78125, 9.90625, 9.9375, 10.0, 10.0625, 10.1875, 10.25, 10.28125, 10.3125, 10.40625, 10.5625, 10.625, 10.78125, 11.0, 11.0625, 11.40625, 11.46875]}}