{"histogram": {"x": [0.0, 1.0, 2.0, 3.0, 4.0, 5.0, 6.0, 7.0, 8.0, 9.0, 10.0, 11.0, 12.0, 13.0, 14.0, 15.0, 16.0], "y": [22, 10, 8, 19, 58, 246, 651, 1216, 1537, 1672, 1342, 739, 371, 112, 16, 0, 0]}, "percentile": {"x": [0.03125, 0.09375, 0.125, 0.25, 0.40625, 0.5, 1.0, 1.09375, 1.125, 1.15625, 1.25, 1.5625, 2.03125, 2.0625, 2.21875, 2.5625, 2.96875, 3.0, 3.0625, 3.09375, 3.125, 3.15625, 3.1875, 3.21875, 3.34375, 3.40625, 3.4375, 3.5, 3.53125, 3.5625, 3.9375, 4.0, 4.0625, 4.125, 4.15625, 4.1875, 4.21875, 4.25, 4.28125, 4.3125, 4.34375, 4.375, 4.40625, 4.4375, 4.46875, 4.5, 4.53125, 4.5625, 4.59375, 4.625, 4.6875, 4.8125, 4.875, 4.90625, 4.96875, 5.0, 5.03125, 5.0625, 5.09375, 5.125, 5.15625, 5.1875, 5.21875, 5.25, 5.28125, 5.3125, 5.34375, 5.375, 5.40625, 5.4375, 5.46875, 5.5, 5.53125, 5.5625, 5.59375, 5.625, 5.65625, 5.6875, 5.71875, 5.75, 5.78125, 5.8125, 5.84375, 5.875, 5.90625, 5.9375, 5.96875, 6.0, 6.03125, 6.0625, 6.09375, 6.125, 6.15625, 6.1875, 6.21875, 6.25, 6.28125, 6.3125, 6.34375, 6.375, 6.40625, 6.4375, 6.46875, 6.5, 6.53125, 6.5625, 6.59375, 6.625, 6.65625, 6.6875, 6.71875, 6.75, 6.78125, 6.8125, 6.84375, 6.875, 6.90625, 6.9375, 6.96875, 7.0, 7.03125, 7.0625, 7.09375, 7.125, 7.15625, 7.1875, 7.21875, 7.25, 7.28125, 7.3125, 7.34375, 7.375, 7.40625, 7.4375, 7.46875, 7.5, 7.53125, 7.5625, 7.59375, 7.625, 7.65625, 7.6875, 7.71875, 7.75, 7.78125, 7.8125, 7.84375, 7.875, 7.90625, 7.9375, 7.96875, 8.0, 8.03125, 8.0625, 8.09375, 8.125, 8.15625, 8.1875, 8.21875, 8.25, 8.28125, 8.3125, 8.34375, 8.375, 8.40625, 8.4375, 8.46875, 8.5, 8.53125, 8.5625, 8.59375, 8.625, 8.65625, 8.6875, 8.71875, 8.75, 8.78125, 8.8125, 8.84375, 8.875, 8.90625, 8.9375, 8.96875, 9.0, 9.03125, 9.0625, 9.09375, 9.125, 9.15625, 9.1875, 9.21875, 9.25, 9.28125, 9.3125, 9.34375, 9.375, 9.40625, 9.4375, 9.46875, 9.5, 9.53125, 9.5625, 9.59375, 9.625, 9.65625, 9.6875, 9.71875, 9.75, 9.78125, 9.8125, 9.84375, 9.875, 9.90625, 9.9375, 9.96875, 10.0, 10.03125, 10.0625, 10.09375, 10.125, 10.15625, 10.1875, 10.21875, 10.25, 10.28125, 10.3125, 10.34375, 10.375, 10.40625, 10.4375, 10.46875, 10.5, 10.53125, 10.5625, 10.59375, 10.625, 10.65625, 10.6875, 10.71875, 10.75, 10.78125, 10.8125, 10.84375, 10.875, 10.90625, 10.9375, 10.96875, 11.0, 11.03125, 11.0625, 11.09375, 11.125, 11.15625, 11.1875, 11.21875, 11.25, 11.28125, 11.3125, 11.34375, 11.375, 11.40625, 11.4375, 11.46875, 11.5, 11.53125, 11.5625, 11.59375, 11.625, 11.65625, 11.6875, 11.71875, 11.75, 11.78125, 11.8125, 11.84375, 11.875, 11.90625, 11.9375, 11.96875, 12.0, 12.03125, 12.0625, 12.09375, 12.125, 12.15625, 12.1875, 12.21875, 12.25, 12.28125, 12.3125, 12.34375, 12.375, 12.40625, 12.4375, 12.46875, 12.5, 12.53125, 12.5625, 12.59375, 12.625, 12.65625, 12.6875, 12.71875, 12.75, 12.78125, 12.8125, 12.84375, 12.875, 12.90625, 12.9375, 12.96875, 13.0, 13.03125, 13.0625, 13.09375, 13.125, 13.1875, 13.21875, 13.25, 13.28125, 13.3125, 13.34375, 13.375, 13.40625, 13.4375, 13.46875, 13.5, 13.53125, 13.5625, 13.59375, 13.625, 13.65625, 13.6875, 13.75, 13.8125, 13.875, 13.9375, 13.96875, 14.0, 14.03125, 14.0625, 14.09375, 14.15625, 14.21875, 14.25, 14.34375, 14.4375, 14.71875], "y": [0.0, 0.1, 0.1, 0.1, 0.2, 0.2, 0.2, 0.3, 0.3, 0.3, 0.3, 0.3, 0.3, 0.4, 0.4, 0.4, 0.4, 0.4, 0.5, 0.5, 0.5, 0.5, 0.5, 0.6, 0.6, 0.6, 0.6, 0.6, 0.6, 0.6, 0.7, 0.7, 0.7, 0.8, 0.9, 0.9, 0.9, 0.9, 1.0, 1.0, 1.0, 1.0, 1.1, 1.1, 1.1, 1.2, 1.2, 1.2, 1.2, 1.2, 1.3, 1.3, 1.3, 1.4, 1.4, 1.4, 1.5, 1.6, 1.7, 1.8, 1.9, 2.1, 2.2, 2.3, 2.4, 2.5, 2.6, 2.7, 2.7, 2.9, 2.9, 3.0, 3.1, 3.1, 3.4, 3.5, 3.6, 3.6, 3.8, 3.8, 3.9, 4.0, 4.1, 4.2, 4.3, 4.4, 4.4, 4.5, 5.0, 5.3, 5.5, 5.9, 6.2, 6.6, 6.8, 7.0, 7.5, 7.7, 7.9, 8.1, 8.3, 8.7, 9.0, 9.2, 9.4, 9.6, 10.3, 10.5, 10.7, 10.8, 11.1, 11.2, 11.4, 11.6, 11.8, 12.0, 12.2, 12.3, 12.4, 12.6, 13.7, 14.1, 14.6, 15.2, 15.8, 16.4, 16.8, 17.2, 18.1, 18.6, 19.1, 19.5, 19.9, 20.6, 21.0, 21.3, 21.8, 22.1, 23.5, 23.9, 24.3, 24.7, 25.1, 25.4, 25.7, 25.9, 26.3, 26.6, 27.0, 27.3, 27.6, 27.8, 29.3, 29.9, 30.5, 31.2, 32.0, 32.6, 33.4, 33.9, 34.9, 35.5, 36.0, 36.7, 37.2, 38.0, 38.5, 38.9, 39.4, 39.8, 41.5, 42.1, 42.5, 43.0, 43.4, 43.8, 44.2, 44.7, 45.2, 45.5, 45.9, 46.3, 46.7, 46.9, 48.7, 49.5, 50.4, 51.3, 52.3, 53.2, 54.0, 54.5, 55.8, 56.5, 57.0, 57.7, 58.1, 58.9, 59.3, 59.8, 60.2, 60.6, 62.7, 63.3, 63.7, 64.1, 64.6, 65.0, 65.4, 65.7, 66.1, 66.4, 66.7, 67.0, 67.5, 67.8, 69.5, 70.2, 70.8, 71.5, 72.1, 72.9, 73.6, 74.1, 75.1, 75.7, 76.2, 76.9, 77.4, 77.8, 78.2, 78.6, 78.8, 79.2, 80.6, 81.1, 81.5, 81.8, 82.3, 82.5, 82.8, 83.2, 83.4, 83.6, 83.8, 84.1, 84.3, 84.5, 85.6, 86.0, 86.3, 86.7, 87.1, 87.4, 87.7, 88.0, 88.5, 88.8, 89.1, 89.5, 89.8, 90.2, 90.4, 90.6, 90.8, 91.0, 91.8, 92.1, 92.3, 92.4, 92.6, 92.8, 92.9, 93.0, 93.2, 93.3, 93.4, 93.5, 93.6, 93.7, 94.2, 94.4, 94.6, 94.7, 94.9, 95.0, 95.2, 95.3, 95.5, 95.8, 95.9, 96.1, 96.2, 96.4, 96.5, 96.5, 96.7, 96.8, 97.2, 97.4, 97.4, 97.6, 97.7, 97.7, 97.8, 97.9, 98.0, 98.1, 98.2, 98.2, 98.3, 98.4, 98.6, 98.7, 98.8, 98.8, 98.9, 99.0, 99.0, 99.1, 99.1, 99.2, 99.2, 99.3, 99.3, 99.3, 99.3, 99.4, 99.4, 99.5, 99.5, 99.6, 99.6, 99.7, 99.7, 99.7, 99.7, 99.8, 99.8, 99.8, 99.9, 99.9, 99.9, 99.9, 99.9, 99.9, 99.9, 100.0]}}