{"histogram": {"y": [3, 6, 10, 12, 8, 9, 1, 0], "x": [6.0, 7.0, 8.0, 9.0, 10.0, 11.0, 12.0, 13.0]}, "percentile": {"y": [0.0, 4.1, 6.2, 10.4, 12.5, 14.5, 16.6, 18.7, 20.8, 22.9, 25.0, 27.0, 29.1, 33.3, 35.4, 37.5, 39.5, 41.6, 43.7, 47.9, 54.1, 56.2, 58.3, 60.4, 62.5, 64.5, 66.6, 68.7, 70.8, 75.0, 77.0, 79.1, 81.2, 85.4, 87.5, 93.7, 95.8, 97.9, 100.0], "x": [6.366666666666666, 6.833333333333333, 7.266666666666667, 7.366666666666666, 7.6, 7.666666666666667, 7.733333333333333, 8.033333333333333, 8.266666666666667, 8.3, 8.366666666666667, 8.5, 8.6, 8.633333333333333, 8.7, 8.733333333333333, 9.0, 9.1, 9.133333333333333, 9.6, 9.633333333333333, 9.666666666666666, 9.866666666666667, 9.9, 9.966666666666667, 10.0, 10.266666666666667, 10.3, 10.4, 10.533333333333333, 10.666666666666666, 10.7, 11.0, 11.3, 11.6, 11.7, 11.833333333333334, 11.9, 12.0]}}