{"histogram": {"y": [3, 0, 2, 1, 0, 6, 43, 99, 201, 193, 76, 23, 4, 0, 0], "x": [0.0, 1.0, 2.0, 3.0, 4.0, 5.0, 6.0, 7.0, 8.0, 9.0, 10.0, 11.0, 12.0, 13.0, 14.0]}, "percentile": {"y": [0.0, 0.1, 0.3, 0.4, 0.6, 0.7, 0.9, 1.2, 1.3, 1.5, 1.6, 1.8, 2.3, 2.6, 2.7, 2.9, 3.2, 3.3, 3.6, 4.4, 4.6, 4.7, 5.3, 5.6, 5.8, 6.3, 6.4, 6.9, 7.0, 7.8, 8.0, 8.4, 9.5, 9.6, 9.8, 10.1, 10.6, 11.2, 11.5, 12.7, 13.0, 13.3, 13.6, 14.4, 14.9, 15.2, 15.3, 15.6, 17.6, 18.3, 19.6, 20.7, 21.2, 21.3, 22.4, 22.9, 23.2, 23.3, 23.5, 23.6, 26.4, 26.7, 26.9, 27.5, 28.1, 28.6, 29.0, 29.3, 31.3, 32.0, 32.9, 34.0, 34.7, 35.8, 36.3, 37.5, 38.6, 39.2, 43.3, 44.9, 46.0, 47.3, 48.6, 49.0, 49.8, 50.7, 51.6, 52.3, 53.6, 54.6, 57.5, 58.3, 59.2, 60.3, 60.9, 61.2, 62.0, 63.2, 64.7, 65.5, 66.0, 66.4, 68.0, 68.9, 69.6, 70.4, 71.8, 75.5, 76.9, 77.8, 79.0, 79.8, 80.3, 80.7, 81.8, 82.6, 83.5, 84.1, 84.3, 86.0, 86.4, 86.7, 87.0, 87.2, 88.0, 88.3, 89.2, 89.5, 89.8, 90.4, 90.9, 91.2, 91.3, 94.0, 94.1, 94.4, 94.6, 94.9, 95.3, 95.5, 95.8, 96.0, 96.7, 96.9, 97.0, 97.8, 98.0, 98.3, 98.4, 98.7, 98.9, 99.3, 99.5, 99.6, 99.8, 100.0], "x": [0.3, 0.43333333333333335, 0.6, 2.0, 2.5, 3.0, 5.0, 5.166666666666667, 5.233333333333333, 5.266666666666667, 5.466666666666667, 6.0, 6.033333333333333, 6.266666666666667, 6.3, 6.333333333333333, 6.4, 6.433333333333334, 6.5, 6.533333333333333, 6.566666666666666, 6.6, 6.633333333333333, 6.666666666666667, 6.7, 6.733333333333333, 6.766666666666667, 6.833333333333333, 6.866666666666667, 6.9, 6.966666666666667, 7.0, 7.033333333333333, 7.066666666666666, 7.1, 7.133333333333334, 7.166666666666667, 7.2, 7.266666666666667, 7.3, 7.333333333333333, 7.366666666666666, 7.433333333333334, 7.466666666666667, 7.5, 7.533333333333333, 7.566666666666666, 7.6, 7.633333333333333, 7.666666666666667, 7.7, 7.733333333333333, 7.766666666666667, 7.8, 7.833333333333333, 7.866666666666667, 7.9, 7.933333333333334, 7.966666666666667, 8.0, 8.033333333333333, 8.066666666666666, 8.1, 8.133333333333333, 8.166666666666666, 8.2, 8.233333333333333, 8.266666666666667, 8.3, 8.333333333333334, 8.366666666666667, 8.4, 8.433333333333334, 8.466666666666667, 8.5, 8.533333333333333, 8.566666666666666, 8.6, 8.633333333333333, 8.666666666666666, 8.7, 8.733333333333333, 8.766666666666667, 8.8, 8.833333333333334, 8.866666666666667, 8.9, 8.933333333333334, 8.966666666666667, 9.0, 9.033333333333333, 9.066666666666666, 9.1, 9.133333333333333, 9.166666666666666, 9.233333333333333, 9.266666666666667, 9.3, 9.333333333333334, 9.366666666666667, 9.4, 9.433333333333334, 9.466666666666667, 9.5, 9.533333333333333, 9.566666666666666, 9.6, 9.633333333333333, 9.666666666666666, 9.7, 9.733333333333333, 9.766666666666667, 9.8, 9.833333333333334, 9.866666666666667, 9.9, 9.933333333333334, 9.966666666666667, 10.0, 10.033333333333333, 10.066666666666666, 10.1, 10.133333333333333, 10.166666666666666, 10.2, 10.266666666666667, 10.3, 10.333333333333334, 10.366666666666667, 10.433333333333334, 10.466666666666667, 10.5, 10.6, 10.633333333333333, 10.666666666666666, 10.733333333333333, 10.8, 10.833333333333334, 10.9, 10.933333333333334, 10.966666666666667, 11.0, 11.033333333333333, 11.1, 11.266666666666667, 11.366666666666667, 11.433333333333334, 11.466666666666667, 11.5, 11.533333333333333, 11.6, 11.7, 12.0, 12.4, 12.6, 12.866666666666667]}}