{"histogram": {"x": [0.0, 1.0, 2.0, 3.0, 4.0, 5.0, 6.0, 7.0, 8.0, 9.0, 10.0, 11.0], "y": [1, 0, 0, 0, 0, 2, 2, 4, 2, 5, 2, 1]}, "percentile": {"x": [0.1875, 5.0, 5.03125, 6.25, 6.84375, 7.40625, 7.5625, 7.75, 7.90625, 8.375, 8.75, 9.34375, 9.4375, 9.46875, 9.5, 9.6875, 10.34375, 10.375, 11.0], "y": [0.0, 5.5, 11.1, 16.6, 22.2, 27.7, 33.3, 38.8, 44.4, 50.0, 55.5, 61.1, 66.6, 72.2, 77.7, 83.3, 88.8, 94.4, 100.0]}}