{"percentile": {"x": [0.03125, 0.40625, 5.375, 5.40625, 5.5625, 5.875, 6.0, 6.03125, 6.15625, 6.25, 6.28125, 6.34375, 6.40625, 6.53125, 6.5625, 6.625, 6.65625, 6.71875, 6.90625, 7.0, 7.03125, 7.0625, 7.125, 7.15625, 7.25, 7.375, 7.40625, 7.4375, 7.46875, 7.53125, 7.5625, 7.59375, 7.625, 7.65625, 7.6875, 7.71875, 7.75, 7.78125, 7.84375, 7.875, 7.90625, 7.9375, 7.96875, 8.0, 8.03125, 8.0625, 8.09375, 8.15625, 8.1875, 8.21875, 8.25, 8.28125, 8.3125, 8.34375, 8.375, 8.40625, 8.4375, 8.46875, 8.5, 8.53125, 8.5625, 8.59375, 8.625, 8.65625, 8.6875, 8.75, 8.8125, 8.84375, 8.875, 8.90625, 8.9375, 8.96875, 9.0, 9.03125, 9.0625, 9.09375, 9.125, 9.15625, 9.21875, 9.25, 9.3125, 9.34375, 9.375, 9.40625, 9.4375, 9.46875, 9.5, 9.53125, 9.5625, 9.59375, 9.625, 9.65625, 9.6875, 9.71875, 9.78125, 9.8125, 9.84375, 9.875, 9.90625, 9.9375, 10.0, 10.0625, 10.09375, 10.125, 10.15625, 10.1875, 10.21875, 10.25, 10.28125, 10.34375, 10.375, 10.40625, 10.4375, 10.46875, 10.5, 10.53125, 10.5625, 10.59375, 10.65625, 10.75, 10.8125, 10.875, 10.90625, 10.9375, 11.0, 11.0625, 11.15625, 11.1875, 11.21875, 11.25, 11.28125, 11.3125, 11.375, 11.5, 11.5625, 11.59375, 11.625, 11.6875, 11.71875, 11.84375, 11.9375, 12.15625, 12.25, 12.5625, 12.65625, 12.8125, 13.1875], "y": [0.0, 0.3, 0.6, 0.9, 1.2, 1.5, 1.8, 2.4, 2.7, 3.0, 3.6, 3.9, 4.2, 4.5, 4.8, 5.7, 6.0, 6.3, 6.6, 6.9, 8.4, 8.7, 9.0, 9.3, 9.6, 9.9, 10.2, 10.8, 11.1, 11.4, 11.7, 13.5, 13.8, 14.4, 15.6, 17.1, 17.4, 17.7, 18.3, 19.2, 19.5, 19.8, 20.1, 21.0, 24.6, 24.9, 25.2, 25.8, 26.7, 28.2, 28.8, 30.3, 30.9, 31.2, 31.5, 32.1, 34.5, 34.8, 36.0, 36.6, 36.9, 40.2, 40.5, 41.7, 42.3, 42.9, 43.5, 44.1, 45.0, 45.3, 45.6, 46.2, 46.5, 48.6, 49.2, 50.1, 50.4, 50.7, 51.3, 51.9, 53.7, 54.3, 54.9, 55.2, 56.1, 57.6, 58.2, 59.1, 59.4, 62.1, 62.7, 63.6, 64.2, 65.7, 66.3, 67.2, 67.5, 68.4, 68.7, 69.9, 70.8, 72.6, 73.2, 73.8, 74.4, 74.7, 75.3, 76.2, 79.5, 81.0, 81.3, 81.9, 82.8, 83.7, 84.3, 84.9, 85.2, 86.4, 87.3, 87.9, 88.2, 88.5, 88.8, 89.1, 90.0, 90.6, 90.9, 91.2, 91.8, 92.1, 92.7, 93.6, 94.2, 94.8, 95.1, 95.7, 96.3, 96.9, 97.2, 97.5, 97.8, 98.4, 98.7, 99.0, 99.3, 99.6, 100.0]}, "histogram": {"x": [0.0, 1.0, 2.0, 3.0, 4.0, 5.0, 6.0, 7.0, 8.0, 9.0, 10.0, 11.0, 12.0, 13.0, 14.0, 15.0], "y": [2, 0, 0, 0, 0, 4, 17, 47, 85, 81, 64, 28, 5, 1, 0, 0]}}