{"histogram": {"y": [3, 0, 0, 0, 0, 2, 7, 29, 60, 75, 44, 12, 1, 0, 0], "x": [0.0, 1.0, 2.0, 3.0, 4.0, 5.0, 6.0, 7.0, 8.0, 9.0, 10.0, 11.0, 12.0, 13.0, 14.0]}, "percentile": {"y": [0.0, 0.8, 1.2, 1.7, 2.1, 2.5, 3.0, 3.4, 3.8, 4.3, 4.7, 5.1, 5.6, 6.4, 7.3, 7.7, 8.1, 8.6, 9.0, 12.0, 13.3, 14.2, 14.6, 15.0, 15.5, 16.3, 16.8, 17.6, 18.9, 19.8, 21.5, 22.4, 22.8, 23.7, 24.1, 24.5, 25.8, 27.1, 27.5, 28.0, 28.4, 33.1, 33.6, 34.9, 35.7, 36.6, 37.5, 39.2, 40.9, 41.3, 42.6, 43.5, 47.4, 47.8, 48.2, 48.7, 50.0, 50.8, 52.5, 53.4, 53.8, 55.1, 56.0, 58.1, 58.6, 59.9, 60.3, 61.6, 65.9, 67.6, 69.3, 69.8, 71.1, 72.4, 73.2, 73.7, 75.0, 75.8, 79.7, 80.1, 80.6, 81.0, 83.1, 83.6, 84.0, 84.9, 85.7, 86.2, 86.6, 88.3, 89.2, 89.6, 90.5, 91.3, 92.6, 93.5, 93.9, 94.8, 95.6, 96.5, 97.4, 97.8, 98.2, 98.7, 99.1, 100.0], "x": [0.03333333333333333, 0.6, 5.633333333333333, 5.666666666666667, 6.033333333333333, 6.633333333333333, 6.666666666666667, 6.733333333333333, 6.833333333333333, 6.866666666666667, 6.9, 7.233333333333333, 7.333333333333333, 7.433333333333334, 7.466666666666667, 7.5, 7.533333333333333, 7.566666666666666, 7.6, 7.666666666666667, 7.733333333333333, 7.766666666666667, 7.8, 7.833333333333333, 7.866666666666667, 7.9, 7.933333333333334, 8.0, 8.033333333333333, 8.066666666666666, 8.1, 8.233333333333333, 8.266666666666667, 8.3, 8.333333333333334, 8.4, 8.433333333333334, 8.466666666666667, 8.5, 8.533333333333333, 8.6, 8.633333333333333, 8.666666666666666, 8.733333333333333, 8.766666666666667, 8.8, 8.833333333333334, 8.866666666666667, 8.9, 8.933333333333334, 8.966666666666667, 9.0, 9.033333333333333, 9.1, 9.133333333333333, 9.166666666666666, 9.233333333333333, 9.266666666666667, 9.3, 9.333333333333334, 9.366666666666667, 9.4, 9.433333333333334, 9.466666666666667, 9.5, 9.533333333333333, 9.566666666666666, 9.6, 9.633333333333333, 9.666666666666666, 9.733333333333333, 9.766666666666667, 9.8, 9.833333333333334, 9.866666666666667, 9.9, 9.933333333333334, 10.0, 10.033333333333333, 10.066666666666666, 10.2, 10.266666666666667, 10.333333333333334, 10.366666666666667, 10.4, 10.433333333333334, 10.466666666666667, 10.566666666666666, 10.6, 10.633333333333333, 10.7, 10.733333333333333, 10.766666666666667, 10.8, 10.866666666666667, 10.9, 10.933333333333334, 11.0, 11.266666666666667, 11.3, 11.333333333333334, 11.433333333333334, 11.533333333333333, 11.566666666666666, 11.6, 12.7]}}