{"histogram": {"x": [0.0, 1.0, 2.0, 3.0, 4.0, 5.0, 6.0, 7.0, 8.0, 9.0, 10.0, 11.0, 12.0, 13.0, 14.0], "y": [3, 4, 2, 4, 23, 76, 198, 324, 355, 281, 140, 42, 16, 0, 0]}, "percentile": {"x": [0.03125, 0.40625, 1.0, 1.1875, 2.0, 2.125, 3.03125, 3.4375, 3.5, 3.6875, 4.0, 4.03125, 4.09375, 4.15625, 4.21875, 4.28125, 4.375, 4.40625, 4.46875, 4.53125, 4.5625, 4.59375, 4.625, 4.78125, 4.875, 5.0, 5.0625, 5.09375, 5.125, 5.15625, 5.1875, 5.21875, 5.25, 5.28125, 5.3125, 5.34375, 5.40625, 5.4375, 5.46875, 5.5, 5.5625, 5.625, 5.6875, 5.71875, 5.75, 5.78125, 5.84375, 5.875, 5.90625, 5.9375, 5.96875, 6.0, 6.03125, 6.0625, 6.09375, 6.125, 6.15625, 6.1875, 6.21875, 6.25, 6.28125, 6.3125, 6.34375, 6.375, 6.40625, 6.4375, 6.46875, 6.5, 6.53125, 6.5625, 6.59375, 6.625, 6.65625, 6.6875, 6.71875, 6.75, 6.78125, 6.8125, 6.84375, 6.875, 6.90625, 6.9375, 6.96875, 7.0, 7.03125, 7.0625, 7.09375, 7.125, 7.15625, 7.1875, 7.21875, 7.25, 7.28125, 7.3125, 7.34375, 7.375, 7.40625, 7.4375, 7.46875, 7.5, 7.53125, 7.5625, 7.59375, 7.625, 7.65625, 7.6875, 7.71875, 7.75, 7.78125, 7.8125, 7.84375, 7.875, 7.90625, 7.9375, 7.96875, 8.0, 8.03125, 8.0625, 8.09375, 8.125, 8.15625, 8.1875, 8.21875, 8.25, 8.28125, 8.3125, 8.34375, 8.375, 8.40625, 8.4375, 8.46875, 8.5, 8.53125, 8.5625, 8.59375, 8.625, 8.65625, 8.6875, 8.71875, 8.75, 8.78125, 8.8125, 8.84375, 8.875, 8.90625, 8.9375, 8.96875, 9.0, 9.03125, 9.0625, 9.09375, 9.125, 9.15625, 9.1875, 9.21875, 9.25, 9.28125, 9.3125, 9.34375, 9.375, 9.40625, 9.4375, 9.46875, 9.5, 9.53125, 9.5625, 9.59375, 9.625, 9.65625, 9.6875, 9.71875, 9.75, 9.78125, 9.8125, 9.84375, 9.875, 9.90625, 9.9375, 9.96875, 10.0, 10.03125, 10.0625, 10.09375, 10.125, 10.15625, 10.1875, 10.21875, 10.25, 10.28125, 10.3125, 10.34375, 10.375, 10.40625, 10.4375, 10.46875, 10.5, 10.53125, 10.5625, 10.59375, 10.625, 10.65625, 10.6875, 10.71875, 10.78125, 10.8125, 10.84375, 10.90625, 10.9375, 11.0, 11.03125, 11.125, 11.15625, 11.1875, 11.21875, 11.25, 11.28125, 11.3125, 11.34375, 11.40625, 11.4375, 11.53125, 11.5625, 11.59375, 11.65625, 11.71875, 11.75, 11.78125, 11.875, 11.9375, 11.96875, 12.0, 12.03125, 12.125, 12.21875, 12.25, 12.3125, 12.375, 12.5, 12.5625, 12.6875, 12.71875, 12.78125], "y": [0.0, 0.0, 0.2, 0.4, 0.4, 0.5, 0.6, 0.6, 0.7, 0.8, 0.8, 1.0, 1.0, 1.2, 1.2, 1.4, 1.4, 1.6, 1.7, 1.8, 1.9, 2.0, 2.1, 2.2, 2.3, 2.4, 2.7, 3.0, 3.3, 3.4, 3.6, 3.7, 4.0, 4.3, 4.7, 4.8, 5.1, 5.3, 5.5, 5.7, 5.9, 6.4, 6.5, 6.7, 6.8, 6.8, 6.9, 7.2, 7.3, 7.4, 7.5, 7.6, 8.4, 8.9, 9.3, 9.6, 10.1, 10.6, 11.3, 11.8, 12.3, 12.6, 12.9, 13.3, 13.4, 14.3, 14.5, 14.9, 15.5, 15.6, 16.6, 16.9, 17.3, 17.9, 18.6, 18.8, 19.1, 19.4, 19.9, 20.2, 20.5, 20.8, 20.9, 21.1, 22.6, 23.1, 23.7, 24.5, 25.4, 26.5, 27.5, 28.2, 29.3, 30.0, 30.4, 30.7, 31.3, 32.4, 32.7, 33.2, 33.8, 34.2, 35.8, 36.7, 37.6, 37.7, 38.1, 38.7, 39.3, 39.9, 40.0, 40.5, 41.1, 42.1, 42.8, 43.2, 45.8, 46.8, 47.8, 48.7, 49.9, 51.0, 52.0, 52.6, 54.0, 54.5, 55.2, 55.8, 56.5, 57.6, 58.0, 58.8, 59.4, 59.7, 61.6, 62.3, 62.9, 63.7, 64.1, 64.7, 65.0, 65.6, 65.8, 66.3, 66.4, 66.8, 67.1, 67.4, 69.1, 70.1, 71.0, 71.5, 72.7, 73.2, 73.8, 74.4, 75.8, 76.2, 77.0, 77.4, 78.1, 78.8, 79.2, 79.8, 80.1, 80.7, 82.4, 82.9, 83.3, 83.4, 83.8, 84.0, 84.3, 84.7, 85.0, 85.5, 85.8, 86.0, 86.3, 86.5, 87.7, 88.4, 89.1, 89.5, 89.9, 90.5, 90.9, 91.1, 91.4, 91.6, 92.1, 92.6, 92.9, 93.3, 93.7, 93.7, 94.0, 94.2, 94.5, 94.8, 95.0, 95.2, 95.4, 95.7, 95.8, 95.9, 95.9, 96.0, 96.1, 96.7, 96.7, 96.8, 97.0, 97.2, 97.3, 97.4, 97.5, 97.6, 97.8, 97.9, 98.0, 98.1, 98.2, 98.4, 98.5, 98.5, 98.6, 98.7, 98.8, 98.9, 98.9, 99.0, 99.1, 99.1, 99.2, 99.4, 99.5, 99.6, 99.7, 99.8, 99.9, 100.0]}}