{"histogram": {"y": [1, 0, 0, 0, 0, 4, 23, 39, 67, 76, 48, 17, 8, 0], "x": [0.0, 1.0, 2.0, 3.0, 4.0, 5.0, 6.0, 7.0, 8.0, 9.0, 10.0, 11.0, 12.0, 13.0]}, "percentile": {"y": [0.0, 0.3, 0.7, 1.0, 1.4, 1.7, 2.1, 2.4, 2.8, 3.9, 4.2, 4.6, 5.3, 5.6, 6.3, 6.7, 7.4, 7.8, 8.5, 8.8, 9.9, 10.2, 11.7, 12.0, 12.7, 13.1, 14.1, 14.5, 14.8, 15.6, 17.3, 18.0, 19.5, 20.5, 21.6, 21.9, 23.4, 23.7, 27.3, 27.6, 28.0, 29.0, 29.4, 29.7, 30.4, 30.8, 31.5, 31.9, 32.2, 32.6, 33.3, 37.2, 38.2, 39.0, 41.4, 42.9, 43.9, 44.6, 45.0, 45.7, 46.0, 47.5, 51.0, 51.7, 52.8, 53.5, 54.9, 55.3, 58.8, 59.2, 59.9, 60.2, 61.3, 61.7, 62.0, 65.2, 67.3, 68.0, 68.4, 70.9, 71.2, 71.6, 71.9, 72.6, 73.4, 74.1, 74.4, 78.3, 78.7, 79.4, 79.7, 80.1, 80.4, 80.8, 81.5, 82.2, 82.6, 82.9, 83.3, 84.3, 84.7, 85.1, 88.2, 89.0, 90.0, 90.4, 91.1, 91.4, 92.1, 92.5, 93.2, 93.6, 93.9, 94.3, 94.6, 95.3, 96.0, 96.8, 97.1, 97.5, 98.2, 98.5, 98.9, 99.2, 99.6, 100.0], "x": [0.03333333333333333, 5.433333333333334, 5.533333333333333, 5.6, 5.733333333333333, 6.0, 6.033333333333333, 6.233333333333333, 6.266666666666667, 6.366666666666666, 6.433333333333334, 6.633333333333333, 6.666666666666667, 6.733333333333333, 6.766666666666667, 6.8, 6.833333333333333, 6.9, 6.933333333333334, 6.966666666666667, 7.166666666666667, 7.266666666666667, 7.333333333333333, 7.433333333333334, 7.5, 7.566666666666666, 7.6, 7.633333333333333, 7.666666666666667, 7.7, 7.733333333333333, 7.766666666666667, 7.8, 7.866666666666667, 7.9, 7.933333333333334, 7.966666666666667, 8.0, 8.033333333333333, 8.1, 8.266666666666667, 8.3, 8.333333333333334, 8.366666666666667, 8.4, 8.433333333333334, 8.466666666666667, 8.5, 8.533333333333333, 8.566666666666666, 8.6, 8.633333333333333, 8.666666666666666, 8.7, 8.733333333333333, 8.766666666666667, 8.8, 8.833333333333334, 8.866666666666667, 8.9, 8.933333333333334, 9.0, 9.066666666666666, 9.1, 9.133333333333333, 9.166666666666666, 9.2, 9.266666666666667, 9.3, 9.333333333333334, 9.366666666666667, 9.5, 9.533333333333333, 9.566666666666666, 9.6, 9.633333333333333, 9.666666666666666, 9.7, 9.733333333333333, 9.766666666666667, 9.8, 9.833333333333334, 9.866666666666667, 9.9, 9.933333333333334, 9.966666666666667, 10.0, 10.033333333333333, 10.066666666666666, 10.1, 10.133333333333333, 10.166666666666666, 10.2, 10.233333333333333, 10.266666666666667, 10.3, 10.333333333333334, 10.366666666666667, 10.4, 10.433333333333334, 10.533333333333333, 10.6, 10.633333333333333, 10.666666666666666, 10.7, 10.866666666666667, 10.9, 11.0, 11.033333333333333, 11.1, 11.233333333333333, 11.333333333333334, 11.366666666666667, 11.433333333333334, 11.6, 11.633333333333333, 11.866666666666667, 11.9, 11.966666666666667, 12.0, 12.133333333333333, 12.266666666666667, 12.3, 12.433333333333334, 12.566666666666666, 12.9]}}