{"histogram": {"y": [2, 0, 0, 0, 1, 11, 44, 135, 321, 336, 248, 98, 27, 6, 0, 0], "x": [0.0, 1.0, 2.0, 3.0, 4.0, 5.0, 6.0, 7.0, 8.0, 9.0, 10.0, 11.0, 12.0, 13.0, 14.0, 15.0]}, "percentile": {"y": [0.0, 0.0, 0.1, 0.2, 0.3, 0.4, 0.5, 0.6, 0.7, 0.8, 0.8, 1.0, 1.1, 1.4, 1.5, 1.6, 1.7, 1.8, 1.9, 2.0, 2.1, 2.5, 2.7, 2.8, 3.0, 3.1, 3.2, 3.4, 3.8, 4.3, 4.5, 4.7, 5.7, 5.8, 6.0, 6.1, 6.3, 6.5, 6.6, 7.4, 7.6, 8.1, 8.3, 8.6, 9.0, 9.2, 9.5, 9.7, 10.0, 11.7, 12.4, 12.7, 12.8, 12.9, 13.1, 13.3, 13.7, 14.0, 14.3, 14.6, 15.3, 15.6, 15.7, 17.7, 18.0, 18.2, 18.5, 18.8, 19.3, 19.7, 20.1, 21.7, 22.6, 23.2, 23.4, 24.1, 24.8, 25.5, 26.0, 26.3, 27.0, 31.5, 32.7, 33.7, 34.6, 35.7, 36.7, 37.5, 38.3, 39.0, 39.7, 40.4, 40.7, 41.2, 41.8, 45.2, 45.6, 46.3, 46.7, 47.4, 48.6, 49.2, 49.5, 51.5, 52.1, 52.8, 53.5, 54.1, 54.9, 55.5, 55.7, 56.1, 56.5, 60.0, 60.5, 61.1, 62.1, 63.1, 63.7, 64.4, 65.0, 65.9, 66.4, 67.5, 68.1, 68.8, 69.2, 72.1, 72.3, 72.8, 73.2, 73.5, 74.2, 74.9, 75.0, 77.3, 78.0, 78.5, 78.9, 79.3, 79.9, 80.2, 80.7, 81.1, 81.3, 84.1, 84.6, 85.2, 85.5, 86.0, 86.4, 86.6, 87.0, 87.6, 87.8, 88.1, 88.6, 89.2, 89.4, 90.7, 90.7, 90.9, 91.4, 91.6, 91.7, 92.1, 92.8, 92.9, 92.9, 93.6, 93.7, 93.8, 93.9, 94.2, 94.3, 94.7, 96.0, 96.2, 96.4, 96.5, 96.9, 97.1, 97.2, 97.3, 97.3, 97.9, 98.0, 98.1, 98.2, 98.2, 98.3, 98.4, 98.5, 98.6, 98.6, 98.8, 98.9, 99.2, 99.3, 99.5, 99.5, 99.7, 99.8, 99.9, 100.0], "x": [0.03125, 0.6875, 4.9375, 5.125, 5.15625, 5.1875, 5.5625, 5.71875, 5.75, 5.8125, 5.84375, 5.96875, 6.0, 6.03125, 6.0625, 6.09375, 6.125, 6.28125, 6.46875, 6.5, 6.5625, 6.625, 6.65625, 6.71875, 6.75, 6.78125, 6.8125, 6.84375, 6.875, 6.90625, 6.96875, 7.0, 7.03125, 7.0625, 7.125, 7.15625, 7.1875, 7.21875, 7.25, 7.28125, 7.3125, 7.34375, 7.375, 7.40625, 7.4375, 7.46875, 7.5, 7.53125, 7.5625, 7.59375, 7.625, 7.65625, 7.6875, 7.71875, 7.75, 7.78125, 7.8125, 7.84375, 7.875, 7.90625, 7.9375, 7.96875, 8.0, 8.03125, 8.0625, 8.09375, 8.125, 8.15625, 8.1875, 8.21875, 8.25, 8.28125, 8.3125, 8.34375, 8.375, 8.40625, 8.4375, 8.46875, 8.5, 8.53125, 8.5625, 8.59375, 8.625, 8.65625, 8.6875, 8.71875, 8.75, 8.78125, 8.8125, 8.84375, 8.875, 8.90625, 8.9375, 8.96875, 9.0, 9.03125, 9.0625, 9.09375, 9.125, 9.15625, 9.1875, 9.21875, 9.25, 9.28125, 9.3125, 9.34375, 9.375, 9.40625, 9.4375, 9.46875, 9.5, 9.53125, 9.5625, 9.59375, 9.625, 9.65625, 9.6875, 9.71875, 9.75, 9.78125, 9.8125, 9.84375, 9.875, 9.90625, 9.9375, 9.96875, 10.0, 10.03125, 10.0625, 10.09375, 10.125, 10.15625, 10.1875, 10.21875, 10.25, 10.28125, 10.3125, 10.34375, 10.375, 10.40625, 10.4375, 10.46875, 10.5, 10.53125, 10.5625, 10.59375, 10.625, 10.65625, 10.6875, 10.71875, 10.75, 10.78125, 10.8125, 10.84375, 10.875, 10.90625, 10.9375, 10.96875, 11.0, 11.03125, 11.0625, 11.09375, 11.15625, 11.1875, 11.21875, 11.25, 11.28125, 11.3125, 11.34375, 11.375, 11.40625, 11.4375, 11.46875, 11.5, 11.53125, 11.5625, 11.59375, 11.625, 11.65625, 11.6875, 11.75, 11.84375, 11.90625, 11.9375, 12.0, 12.03125, 12.0625, 12.09375, 12.15625, 12.1875, 12.25, 12.28125, 12.3125, 12.375, 12.40625, 12.4375, 12.5625, 12.59375, 12.75, 12.84375, 13.0, 13.09375, 13.125, 13.3125, 13.65625]}}