{"histogram": {"x": [0.0, 1.0, 2.0, 3.0, 4.0, 5.0, 6.0, 7.0, 8.0, 9.0, 10.0, 11.0, 12.0, 13.0, 14.0, 15.0], "y": [2, 0, 0, 1, 3, 6, 40, 72, 123, 103, 63, 17, 4, 1, 0, 0]}, "percentile": {"x": [0.03125, 0.25, 3.375, 4.0, 4.40625, 4.9375, 5.1875, 5.5625, 5.625, 5.78125, 5.84375, 6.0, 6.15625, 6.25, 6.28125, 6.34375, 6.375, 6.40625, 6.46875, 6.5, 6.53125, 6.5625, 6.625, 6.6875, 6.75, 6.84375, 6.875, 6.90625, 6.9375, 6.96875, 7.0, 7.03125, 7.0625, 7.09375, 7.125, 7.15625, 7.1875, 7.21875, 7.25, 7.28125, 7.3125, 7.34375, 7.375, 7.40625, 7.4375, 7.5, 7.53125, 7.5625, 7.625, 7.78125, 7.875, 7.90625, 7.9375, 7.96875, 8.0, 8.03125, 8.0625, 8.09375, 8.125, 8.15625, 8.1875, 8.21875, 8.25, 8.28125, 8.3125, 8.34375, 8.375, 8.40625, 8.4375, 8.46875, 8.5, 8.53125, 8.5625, 8.59375, 8.625, 8.65625, 8.6875, 8.71875, 8.75, 8.78125, 8.8125, 8.84375, 8.875, 8.90625, 8.96875, 9.0, 9.09375, 9.125, 9.15625, 9.1875, 9.21875, 9.25, 9.28125, 9.3125, 9.34375, 9.375, 9.40625, 9.4375, 9.46875, 9.5, 9.53125, 9.5625, 9.59375, 9.625, 9.65625, 9.6875, 9.71875, 9.75, 9.78125, 9.8125, 9.84375, 9.9375, 9.96875, 10.0, 10.03125, 10.0625, 10.09375, 10.125, 10.15625, 10.1875, 10.25, 10.28125, 10.3125, 10.34375, 10.40625, 10.46875, 10.5, 10.53125, 10.5625, 10.625, 10.65625, 10.6875, 10.71875, 10.75, 10.875, 10.90625, 10.9375, 10.96875, 11.0, 11.25, 11.3125, 11.34375, 11.46875, 11.53125, 11.5625, 11.59375, 12.0, 12.375, 12.4375, 12.9375, 13.875], "y": [0.0, 0.2, 0.4, 0.6, 0.9, 1.1, 1.3, 1.6, 2.0, 2.3, 2.5, 2.7, 2.9, 3.2, 3.6, 3.9, 4.3, 4.6, 4.8, 5.5, 5.7, 6.2, 8.0, 8.9, 9.2, 9.4, 9.9, 10.5, 11.0, 11.5, 11.9, 13.8, 14.0, 14.7, 15.8, 16.1, 16.8, 17.0, 17.5, 18.8, 19.3, 19.8, 20.0, 20.5, 20.9, 21.4, 22.8, 23.2, 25.3, 26.4, 26.7, 27.1, 27.4, 28.3, 28.5, 32.2, 32.7, 33.4, 34.7, 35.4, 36.1, 36.8, 37.3, 39.1, 40.3, 41.0, 41.2, 41.7, 42.8, 43.5, 44.4, 44.9, 45.3, 47.9, 48.1, 49.0, 50.2, 51.1, 52.3, 52.7, 54.1, 54.6, 55.0, 55.9, 56.2, 56.9, 60.8, 61.5, 62.2, 62.6, 62.9, 63.5, 66.1, 66.5, 67.7, 68.2, 68.4, 69.1, 69.5, 70.0, 70.5, 70.9, 73.0, 74.1, 75.1, 75.8, 76.2, 76.7, 77.1, 77.8, 78.5, 79.4, 80.1, 80.6, 82.7, 83.1, 83.4, 83.6, 84.1, 84.5, 84.7, 86.1, 86.4, 86.8, 87.3, 88.4, 89.1, 89.4, 89.8, 91.9, 92.1, 92.8, 93.0, 93.5, 93.7, 94.0, 94.4, 94.7, 95.1, 95.8, 96.3, 96.7, 97.2, 97.4, 97.6, 98.8, 99.0, 99.3, 99.5, 99.7, 100.0]}}