{"histogram": {"x": [3.0, 4.0, 5.0, 6.0, 7.0, 8.0, 9.0, 10.0, 11.0, 12.0], "y": [1, 0, 0, 1, 11, 28, 20, 4, 0, 1]}, "percentile": {"x": [3.875, 6.84375, 7.0, 7.25, 7.3125, 7.5625, 7.8125, 7.875, 7.9375, 7.96875, 8.0, 8.03125, 8.125, 8.15625, 8.1875, 8.25, 8.34375, 8.375, 8.40625, 8.46875, 8.5625, 8.6875, 8.71875, 8.78125, 8.8125, 8.875, 8.90625, 8.9375, 8.96875, 9.0, 9.25, 9.34375, 9.5625, 9.59375, 9.65625, 9.6875, 9.75, 9.78125, 9.84375, 10.125, 10.6875, 10.78125, 10.875, 12.46875], "y": [0.0, 1.5, 3.0, 4.6, 6.1, 9.2, 13.8, 15.3, 16.9, 18.4, 20.0, 24.6, 26.1, 29.2, 30.7, 32.3, 33.8, 35.3, 36.9, 40.0, 41.5, 44.6, 47.6, 52.3, 53.8, 56.9, 58.4, 60.0, 61.5, 63.0, 64.6, 69.2, 70.7, 76.9, 83.0, 86.1, 89.2, 90.7, 92.3, 93.8, 95.3, 96.9, 98.4, 100.0]}}