{"percentile": {"y": [0.0, 0.7, 1.1, 1.4, 1.8, 2.2, 2.6, 2.9, 3.3, 3.7, 4.4, 4.8, 5.2, 5.5, 6.3, 6.7, 7.0, 7.4, 8.5, 8.9, 10.0, 10.8, 11.1, 13.0, 13.4, 13.8, 14.1, 14.5, 15.2, 16.0, 16.7, 17.5, 18.2, 19.0, 20.5, 21.6, 24.2, 25.7, 26.4, 27.2, 28.3, 28.7, 29.8, 31.3, 32.4, 33.9, 34.3, 34.7, 39.1, 39.5, 39.9, 40.2, 41.0, 42.5, 42.9, 43.2, 43.6, 44.0, 45.5, 46.2, 47.7, 48.1, 53.3, 55.2, 56.3, 57.0, 58.5, 60.0, 61.9, 62.6, 63.4, 64.1, 65.2, 67.1, 70.5, 70.8, 71.2, 71.6, 72.0, 72.7, 73.1, 73.8, 74.2, 75.3, 76.8, 77.2, 77.9, 78.3, 80.5, 81.7, 82.0, 82.8, 83.2, 83.9, 84.7, 85.8, 86.5, 88.0, 88.4, 88.8, 90.2, 91.0, 91.4, 91.7, 92.9, 93.2, 95.8, 96.2, 96.6, 97.0, 97.3, 97.7, 98.1, 98.5, 98.8, 99.2, 99.6, 100.0], "x": [0.2, 4.033333333333333, 4.4, 5.466666666666667, 5.533333333333333, 5.566666666666666, 5.633333333333333, 5.833333333333333, 5.866666666666667, 6.0, 6.066666666666666, 6.133333333333334, 6.266666666666667, 6.333333333333333, 6.4, 6.466666666666667, 6.6, 6.666666666666667, 6.7, 6.733333333333333, 6.8, 6.933333333333334, 7.0, 7.033333333333333, 7.066666666666666, 7.1, 7.133333333333334, 7.166666666666667, 7.233333333333333, 7.266666666666667, 7.3, 7.4, 7.433333333333334, 7.5, 7.533333333333333, 7.6, 7.633333333333333, 7.666666666666667, 7.7, 7.733333333333333, 7.766666666666667, 7.8, 7.833333333333333, 7.866666666666667, 7.9, 7.933333333333334, 7.966666666666667, 8.0, 8.033333333333333, 8.133333333333333, 8.166666666666666, 8.2, 8.266666666666667, 8.3, 8.333333333333334, 8.366666666666667, 8.4, 8.433333333333334, 8.466666666666667, 8.5, 8.566666666666666, 8.6, 8.633333333333333, 8.666666666666666, 8.7, 8.733333333333333, 8.766666666666667, 8.8, 8.833333333333334, 8.866666666666667, 8.9, 8.933333333333334, 8.966666666666667, 9.0, 9.033333333333333, 9.066666666666666, 9.1, 9.133333333333333, 9.166666666666666, 9.2, 9.266666666666667, 9.333333333333334, 9.4, 9.433333333333334, 9.5, 9.533333333333333, 9.566666666666666, 9.6, 9.633333333333333, 9.666666666666666, 9.7, 9.733333333333333, 9.766666666666667, 9.8, 9.833333333333334, 9.866666666666667, 9.9, 9.933333333333334, 10.233333333333333, 10.266666666666667, 10.333333333333334, 10.366666666666667, 10.4, 10.433333333333334, 10.5, 10.6, 10.633333333333333, 10.666666666666666, 10.7, 10.766666666666667, 10.866666666666667, 10.9, 10.933333333333334, 11.066666666666666, 11.266666666666667, 11.466666666666667, 11.566666666666666, 11.966666666666667]}, "histogram": {"y": [2, 0, 0, 0, 2, 6, 20, 63, 87, 57, 27, 5, 0], "x": [0.0, 1.0, 2.0, 3.0, 4.0, 5.0, 6.0, 7.0, 8.0, 9.0, 10.0, 11.0, 12.0]}}