{"percentile": {"y": [0.0, 0.2, 0.4, 0.6, 0.8, 1.0, 1.3, 1.5, 1.7, 1.9, 2.1, 2.3, 3.0, 3.2, 3.4, 3.9, 4.1, 4.3, 4.5, 4.7, 5.0, 5.2, 5.4, 5.6, 6.1, 6.3, 6.5, 7.1, 7.4, 7.6, 7.8, 8.0, 8.4, 8.7, 9.3, 9.8, 10.4, 10.6, 10.8, 11.1, 11.3, 13.0, 13.5, 13.7, 13.9, 14.1, 14.3, 14.8, 15.4, 16.1, 16.3, 17.2, 19.3, 20.0, 20.6, 20.9, 21.3, 21.7, 22.0, 22.6, 25.7, 26.3, 27.2, 27.8, 28.3, 28.7, 29.1, 29.6, 30.0, 32.6, 33.1, 33.3, 33.9, 34.6, 35.0, 36.8, 37.2, 38.3, 38.5, 39.2, 40.0, 40.5, 44.0, 44.8, 45.3, 45.7, 45.9, 46.4, 47.4, 47.7, 50.3, 50.9, 51.4, 51.8, 52.7, 53.5, 53.8, 54.9, 55.3, 56.2, 59.2, 60.3, 61.4, 61.8, 62.7, 63.1, 64.0, 64.9, 65.5, 66.4, 67.3, 68.6, 69.2, 70.3, 70.5, 71.2, 71.4, 72.1, 73.2, 73.6, 75.1, 75.3, 75.8, 76.2, 77.1, 78.8, 79.3, 79.7, 80.3, 82.3, 82.5, 83.4, 84.5, 84.9, 85.6, 86.0, 86.4, 86.7, 87.1, 87.3, 89.1, 89.5, 89.7, 90.1, 90.8, 91.0, 92.5, 93.0, 93.6, 93.8, 94.5, 94.7, 95.2, 95.4, 96.0, 96.9, 97.1, 97.3, 97.6, 97.8, 98.0, 98.6, 99.1, 99.3, 99.5, 99.7, 100.0], "x": [0.40625, 4.0, 5.3125, 5.5, 5.59375, 5.625, 5.78125, 5.84375, 5.875, 5.90625, 5.9375, 6.0, 6.0625, 6.09375, 6.25, 6.34375, 6.40625, 6.5, 6.5625, 6.59375, 6.625, 6.65625, 6.6875, 6.75, 6.78125, 6.875, 7.0, 7.125, 7.15625, 7.1875, 7.25, 7.28125, 7.3125, 7.34375, 7.375, 7.40625, 7.4375, 7.46875, 7.5, 7.53125, 7.5625, 7.65625, 7.6875, 7.71875, 7.75, 7.78125, 7.8125, 7.84375, 7.875, 7.90625, 7.96875, 8.0, 8.03125, 8.0625, 8.09375, 8.125, 8.15625, 8.1875, 8.21875, 8.25, 8.28125, 8.3125, 8.34375, 8.375, 8.40625, 8.46875, 8.5, 8.53125, 8.5625, 8.59375, 8.625, 8.65625, 8.6875, 8.75, 8.78125, 8.8125, 8.84375, 8.875, 8.90625, 8.9375, 8.96875, 9.0, 9.03125, 9.0625, 9.09375, 9.125, 9.15625, 9.1875, 9.21875, 9.25, 9.28125, 9.3125, 9.34375, 9.375, 9.40625, 9.4375, 9.46875, 9.5, 9.53125, 9.5625, 9.59375, 9.625, 9.65625, 9.6875, 9.71875, 9.75, 9.78125, 9.8125, 9.84375, 9.875, 9.90625, 9.96875, 10.0, 10.03125, 10.0625, 10.09375, 10.15625, 10.1875, 10.21875, 10.25, 10.28125, 10.3125, 10.34375, 10.375, 10.40625, 10.4375, 10.46875, 10.5, 10.5625, 10.59375, 10.625, 10.6875, 10.71875, 10.75, 10.78125, 10.84375, 10.875, 10.90625, 10.9375, 11.0, 11.03125, 11.0625, 11.125, 11.15625, 11.21875, 11.25, 11.3125, 11.34375, 11.375, 11.40625, 11.4375, 11.46875, 11.5, 11.5625, 11.59375, 11.625, 11.78125, 11.8125, 11.84375, 11.90625, 12.0, 12.0625, 12.125, 12.375, 12.5625, 12.6875, 13.53125]}, "histogram": {"y": [1, 0, 0, 0, 1, 9, 19, 49, 107, 132, 83, 49, 9, 1, 0], "x": [0.0, 1.0, 2.0, 3.0, 4.0, 5.0, 6.0, 7.0, 8.0, 9.0, 10.0, 11.0, 12.0, 13.0, 14.0]}}