{"histogram": {"y": [1, 3, 5, 18, 22, 34, 22, 8, 1, 0], "x": [4.0, 5.0, 6.0, 7.0, 8.0, 9.0, 10.0, 11.0, 12.0, 13.0]}, "percentile": {"y": [0.0, 0.8, 1.7, 2.6, 3.5, 5.3, 6.1, 7.0, 7.9, 8.8, 9.7, 10.6, 11.5, 12.3, 13.2, 16.8, 18.5, 19.4, 20.3, 21.2, 23.0, 23.8, 24.7, 25.6, 26.5, 27.4, 28.3, 29.2, 30.0, 30.9, 31.8, 33.6, 34.5, 36.2, 37.1, 38.0, 38.9, 40.7, 43.3, 50.4, 51.3, 52.2, 53.0, 55.7, 56.6, 57.5, 58.4, 60.1, 61.0, 64.6, 66.3, 68.1, 69.9, 70.7, 71.6, 72.5, 73.4, 76.1, 76.9, 77.8, 78.7, 79.6, 80.5, 84.9, 86.7, 87.6, 88.4, 89.3, 91.1, 92.0, 92.9, 93.8, 94.6, 95.5, 97.3, 98.2, 100.0], "x": [4.9375, 5.71875, 5.75, 5.8125, 6.5625, 6.6875, 6.75, 6.78125, 7.0, 7.0625, 7.21875, 7.28125, 7.375, 7.46875, 7.5625, 7.59375, 7.71875, 7.78125, 7.84375, 7.9375, 7.96875, 8.0, 8.0625, 8.1875, 8.25, 8.28125, 8.34375, 8.40625, 8.4375, 8.46875, 8.5625, 8.59375, 8.625, 8.65625, 8.8125, 8.84375, 8.9375, 8.96875, 9.0, 9.0625, 9.125, 9.1875, 9.25, 9.375, 9.40625, 9.4375, 9.46875, 9.5, 9.5625, 9.59375, 9.625, 9.65625, 9.6875, 9.75, 9.78125, 9.8125, 10.0, 10.03125, 10.09375, 10.125, 10.1875, 10.21875, 10.25, 10.34375, 10.375, 10.40625, 10.4375, 10.5625, 10.59375, 10.625, 11.0, 11.375, 11.40625, 11.5625, 11.6875, 11.84375, 12.5]}}