{"percentile": {"y": [0.0, 1.2, 2.5, 3.8, 5.1, 6.4, 10.2, 11.5, 12.8, 14.1, 15.3, 16.6, 17.9, 19.2, 26.9, 28.2, 29.4, 30.7, 33.3, 35.8, 38.4, 39.7, 41.0, 42.3, 43.5, 44.8, 48.7, 51.2, 52.5, 53.8, 55.1, 56.4, 57.6, 58.9, 62.8, 65.3, 66.6, 67.9, 69.2, 70.5, 73.0, 74.3, 75.6, 76.9, 78.2, 80.7, 82.0, 83.3, 84.6, 85.8, 87.1, 89.7, 91.0, 92.3, 93.5, 94.8, 96.1, 97.4, 98.7, 100.0], "x": [6.033333333333333, 6.133333333333334, 6.966666666666667, 7.0, 7.066666666666666, 7.6, 7.666666666666667, 7.766666666666667, 7.866666666666667, 7.9, 8.0, 8.266666666666667, 8.4, 8.6, 8.633333333333333, 8.666666666666666, 8.7, 8.733333333333333, 8.766666666666667, 8.8, 8.833333333333334, 8.866666666666667, 8.9, 8.933333333333334, 8.966666666666667, 9.0, 9.066666666666666, 9.2, 9.266666666666667, 9.3, 9.333333333333334, 9.433333333333334, 9.533333333333333, 9.6, 9.666666666666666, 9.733333333333333, 9.8, 9.833333333333334, 9.866666666666667, 9.9, 9.933333333333334, 10.0, 10.033333333333333, 10.1, 10.133333333333333, 10.233333333333333, 10.3, 10.333333333333334, 10.4, 10.566666666666666, 10.6, 10.633333333333333, 10.8, 10.9, 11.133333333333333, 11.633333333333333, 12.166666666666666, 12.233333333333333, 12.6, 12.666666666666666]}, "histogram": {"y": [3, 9, 23, 23, 15, 2, 4, 0, 0], "x": [6.0, 7.0, 8.0, 9.0, 10.0, 11.0, 12.0, 13.0, 14.0]}}