{"histogram": {"x": [0.0, 1.0, 2.0, 3.0, 4.0, 5.0, 6.0, 7.0, 8.0, 9.0, 10.0, 11.0, 12.0, 13.0, 14.0, 15.0, 16.0], "y": [15, 3, 2, 2, 18, 56, 279, 778, 1456, 1415, 792, 248, 32, 5, 1, 0, 0]}, "percentile": {"x": [0.03333333333333333, 0.13333333333333333, 0.2, 0.26666666666666666, 0.3, 0.43333333333333335, 1.0, 1.0666666666666667, 1.2333333333333334, 2.0, 2.8, 3.0, 3.2, 4.133333333333334, 4.166666666666667, 4.233333333333333, 4.266666666666667, 4.3, 4.366666666666666, 4.466666666666667, 4.5, 4.6, 4.633333333333333, 4.7, 4.733333333333333, 4.833333333333333, 4.9, 4.933333333333334, 5.0, 5.033333333333333, 5.066666666666666, 5.1, 5.133333333333334, 5.166666666666667, 5.2, 5.233333333333333, 5.266666666666667, 5.333333333333333, 5.366666666666666, 5.433333333333334, 5.5, 5.533333333333333, 5.6, 5.633333333333333, 5.7, 5.733333333333333, 5.766666666666667, 5.8, 5.833333333333333, 5.9, 5.933333333333334, 5.966666666666667, 6.0, 6.033333333333333, 6.066666666666666, 6.1, 6.133333333333334, 6.166666666666667, 6.2, 6.233333333333333, 6.266666666666667, 6.3, 6.333333333333333, 6.366666666666666, 6.4, 6.433333333333334, 6.466666666666667, 6.5, 6.533333333333333, 6.566666666666666, 6.6, 6.633333333333333, 6.666666666666667, 6.7, 6.733333333333333, 6.766666666666667, 6.8, 6.833333333333333, 6.866666666666667, 6.9, 6.933333333333334, 6.966666666666667, 7.0, 7.033333333333333, 7.066666666666666, 7.1, 7.133333333333334, 7.166666666666667, 7.2, 7.233333333333333, 7.266666666666667, 7.3, 7.333333333333333, 7.366666666666666, 7.4, 7.433333333333334, 7.466666666666667, 7.5, 7.533333333333333, 7.566666666666666, 7.6, 7.633333333333333, 7.666666666666667, 7.7, 7.733333333333333, 7.766666666666667, 7.8, 7.833333333333333, 7.866666666666667, 7.9, 7.933333333333334, 7.966666666666667, 8.0, 8.033333333333333, 8.066666666666666, 8.1, 8.133333333333333, 8.166666666666666, 8.2, 8.233333333333333, 8.266666666666667, 8.3, 8.333333333333334, 8.366666666666667, 8.4, 8.433333333333334, 8.466666666666667, 8.5, 8.533333333333333, 8.566666666666666, 8.6, 8.633333333333333, 8.666666666666666, 8.7, 8.733333333333333, 8.766666666666667, 8.8, 8.833333333333334, 8.866666666666667, 8.9, 8.933333333333334, 8.966666666666667, 9.0, 9.033333333333333, 9.066666666666666, 9.1, 9.133333333333333, 9.166666666666666, 9.2, 9.233333333333333, 9.266666666666667, 9.3, 9.333333333333334, 9.366666666666667, 9.4, 9.433333333333334, 9.466666666666667, 9.5, 9.533333333333333, 9.566666666666666, 9.6, 9.633333333333333, 9.666666666666666, 9.7, 9.733333333333333, 9.766666666666667, 9.8, 9.833333333333334, 9.866666666666667, 9.9, 9.933333333333334, 9.966666666666667, 10.0, 10.033333333333333, 10.066666666666666, 10.1, 10.133333333333333, 10.166666666666666, 10.2, 10.233333333333333, 10.266666666666667, 10.3, 10.333333333333334, 10.366666666666667, 10.4, 10.433333333333334, 10.466666666666667, 10.5, 10.533333333333333, 10.566666666666666, 10.6, 10.633333333333333, 10.666666666666666, 10.7, 10.733333333333333, 10.766666666666667, 10.8, 10.833333333333334, 10.866666666666667, 10.9, 10.933333333333334, 10.966666666666667, 11.0, 11.033333333333333, 11.066666666666666, 11.1, 11.133333333333333, 11.166666666666666, 11.2, 11.233333333333333, 11.266666666666667, 11.3, 11.333333333333334, 11.366666666666667, 11.4, 11.433333333333334, 11.466666666666667, 11.5, 11.533333333333333, 11.566666666666666, 11.6, 11.633333333333333, 11.666666666666666, 11.7, 11.733333333333333, 11.766666666666667, 11.8, 11.833333333333334, 11.866666666666667, 11.9, 11.933333333333334, 11.966666666666667, 12.0, 12.033333333333333, 12.066666666666666, 12.1, 12.233333333333333, 12.3, 12.366666666666667, 12.4, 12.433333333333334, 12.466666666666667, 12.566666666666666, 12.6, 12.633333333333333, 12.666666666666666, 12.7, 12.766666666666667, 12.8, 12.9, 12.966666666666667, 13.0, 13.033333333333333, 13.066666666666666, 13.133333333333333, 13.266666666666667, 14.7], "y": [0.0, 0.0, 0.0, 0.1, 0.2, 0.2, 0.2, 0.3, 0.3, 0.3, 0.3, 0.3, 0.4, 0.4, 0.4, 0.4, 0.5, 0.5, 0.5, 0.5, 0.6, 0.6, 0.6, 0.6, 0.7, 0.7, 0.7, 0.7, 0.7, 0.8, 0.9, 0.9, 0.9, 1.0, 1.0, 1.0, 1.0, 1.0, 1.1, 1.1, 1.1, 1.2, 1.2, 1.4, 1.4, 1.4, 1.5, 1.6, 1.6, 1.6, 1.7, 1.8, 1.8, 2.3, 2.4, 2.5, 2.6, 2.6, 2.7, 2.8, 2.8, 3.2, 3.2, 3.3, 3.4, 3.5, 3.8, 3.8, 4.0, 4.1, 4.2, 4.8, 5.0, 5.3, 5.5, 5.8, 6.0, 6.1, 6.3, 6.6, 6.9, 7.1, 7.3, 8.5, 8.5, 8.8, 8.9, 9.0, 9.3, 9.6, 9.7, 10.8, 11.2, 11.6, 12.0, 12.2, 12.6, 12.9, 13.3, 13.6, 13.9, 16.0, 16.5, 17.1, 17.6, 18.3, 18.8, 19.6, 20.1, 20.8, 21.4, 22.1, 22.6, 25.0, 25.3, 25.7, 26.1, 26.8, 27.3, 27.7, 28.0, 29.6, 30.6, 31.2, 31.9, 32.4, 33.5, 34.1, 34.4, 35.1, 35.6, 39.3, 40.4, 41.2, 42.4, 43.7, 45.0, 45.9, 47.0, 48.1, 49.3, 50.3, 51.1, 54.4, 54.9, 55.2, 56.0, 56.9, 57.5, 58.2, 58.7, 60.5, 61.3, 62.1, 62.8, 63.5, 64.5, 65.2, 65.9, 66.3, 66.9, 70.3, 71.6, 72.7, 73.4, 74.1, 74.9, 75.6, 76.4, 76.9, 77.7, 78.3, 78.8, 80.7, 80.9, 81.2, 81.7, 82.0, 82.4, 82.8, 83.1, 84.0, 84.5, 84.9, 85.5, 85.9, 86.5, 87.0, 87.3, 87.7, 87.9, 89.8, 90.4, 91.0, 91.5, 92.0, 92.3, 92.9, 93.2, 93.5, 93.8, 94.1, 94.4, 95.1, 95.3, 95.4, 95.6, 95.7, 95.8, 95.9, 95.9, 96.3, 96.5, 96.6, 96.6, 96.8, 96.9, 97.1, 97.2, 97.3, 97.4, 98.0, 98.1, 98.2, 98.5, 98.6, 98.6, 98.8, 99.0, 99.0, 99.1, 99.1, 99.2, 99.3, 99.4, 99.4, 99.4, 99.5, 99.5, 99.5, 99.6, 99.6, 99.6, 99.6, 99.7, 99.7, 99.8, 99.8, 99.8, 99.8, 99.8, 99.9, 99.9, 99.9, 99.9, 99.9, 100.0]}}