{"histogram": {"x": [0.0, 1.0, 2.0, 3.0, 4.0, 5.0, 6.0, 7.0, 8.0, 9.0, 10.0, 11.0, 12.0, 13.0], "y": [2, 0, 0, 2, 5, 8, 19, 23, 29, 16, 8, 2, 3, 0]}, "percentile": {"x": [0.25, 3.0625, 3.40625, 4.15625, 4.21875, 4.3125, 4.5625, 4.84375, 5.09375, 5.125, 5.21875, 5.375, 5.4375, 5.5, 5.59375, 5.84375, 6.0, 6.03125, 6.09375, 6.125, 6.15625, 6.1875, 6.25, 6.28125, 6.375, 6.40625, 6.46875, 6.5, 6.5625, 6.6875, 6.71875, 6.8125, 6.875, 7.0, 7.03125, 7.0625, 7.09375, 7.1875, 7.28125, 7.34375, 7.4375, 7.46875, 7.5625, 7.59375, 7.65625, 7.71875, 7.875, 8.0, 8.0625, 8.09375, 8.125, 8.15625, 8.25, 8.3125, 8.375, 8.40625, 8.46875, 8.5, 8.53125, 8.5625, 8.65625, 8.6875, 8.75, 8.78125, 8.84375, 8.90625, 9.0, 9.09375, 9.25, 9.28125, 9.34375, 9.40625, 9.53125, 9.5625, 9.65625, 9.78125, 9.96875, 10.0, 10.15625, 10.21875, 10.3125, 10.5625, 10.6875, 10.75, 11.21875, 11.46875, 12.09375, 12.25, 12.53125], "y": [0.0, 1.7, 2.5, 3.4, 4.3, 5.1, 6.0, 6.8, 7.7, 8.6, 9.4, 10.3, 11.2, 12.0, 12.9, 13.7, 14.6, 15.5, 16.3, 17.2, 18.1, 18.9, 19.8, 20.6, 22.4, 23.2, 24.1, 25.0, 25.8, 27.5, 28.4, 29.3, 30.1, 31.0, 35.3, 36.2, 37.0, 37.9, 38.7, 39.6, 41.3, 43.1, 43.9, 46.5, 47.4, 49.1, 50.0, 50.8, 51.7, 52.5, 54.3, 56.8, 57.7, 59.4, 60.3, 61.2, 62.9, 63.7, 64.6, 67.2, 69.8, 70.6, 71.5, 72.4, 73.2, 75.0, 75.8, 79.3, 80.1, 81.0, 81.8, 82.7, 84.4, 85.3, 87.0, 87.9, 88.7, 89.6, 91.3, 92.2, 93.1, 93.9, 94.8, 95.6, 96.5, 97.4, 98.2, 99.1, 100.0]}}