{"percentile": {"y": [0.0, 3.0, 9.0, 12.1, 15.1, 18.1, 21.2, 24.2, 27.2, 33.3, 36.3, 39.3, 42.4, 45.4, 51.5, 54.5, 57.5, 60.6, 63.6, 66.6, 69.6, 75.7, 78.7, 81.8, 84.8, 87.8, 90.9, 93.9, 96.9, 100.0], "x": [7.3, 7.9, 8.133333333333333, 8.366666666666667, 8.533333333333333, 8.6, 8.766666666666667, 8.833333333333334, 8.866666666666667, 8.9, 9.066666666666666, 9.2, 9.4, 9.6, 9.733333333333333, 9.766666666666667, 9.8, 9.866666666666667, 9.9, 10.0, 10.066666666666666, 10.233333333333333, 10.366666666666667, 10.6, 10.733333333333333, 10.766666666666667, 10.933333333333334, 11.1, 11.133333333333333, 11.466666666666667]}, "histogram": {"y": [3, 9, 10, 9, 3, 0, 0], "x": [7.0, 8.0, 9.0, 10.0, 11.0, 12.0, 13.0]}}