{"percentile": {"x": [0.43333333333333335, 2.3666666666666667, 3.0, 3.1, 3.9, 4.1, 4.166666666666667, 4.433333333333334, 4.466666666666667, 4.566666666666666, 4.6, 4.666666666666667, 4.8, 4.833333333333333, 5.033333333333333, 5.5, 5.533333333333333, 6.0, 6.033333333333333, 6.066666666666666, 6.1, 6.166666666666667, 6.266666666666667, 6.3, 6.366666666666666, 6.4, 6.566666666666666, 6.6, 6.7, 6.733333333333333, 6.766666666666667, 6.933333333333334, 7.0, 7.033333333333333, 7.066666666666666, 7.133333333333334, 7.166666666666667, 7.3, 7.4, 7.6, 7.666666666666667, 7.733333333333333, 7.866666666666667, 7.9, 8.0, 8.033333333333333, 8.133333333333333, 8.166666666666666, 8.2, 8.366666666666667, 8.533333333333333, 8.6, 8.866666666666667, 9.6, 9.833333333333334], "y": [0.0, 1.4, 2.8, 4.2, 5.6, 8.4, 11.2, 12.6, 14.0, 15.4, 16.9, 18.3, 19.7, 21.1, 22.5, 23.9, 25.3, 26.7, 32.3, 33.8, 35.2, 36.6, 38.0, 40.8, 42.2, 46.4, 47.8, 49.2, 52.1, 53.5, 56.3, 57.7, 59.1, 61.9, 64.7, 67.6, 69.0, 70.4, 71.8, 73.2, 77.4, 78.8, 80.2, 81.6, 85.9, 87.3, 88.7, 90.1, 91.5, 92.9, 94.3, 95.7, 97.1, 98.5, 100.0]}, "histogram": {"x": [0.0, 1.0, 2.0, 3.0, 4.0, 5.0, 6.0, 7.0, 8.0, 9.0, 10.0], "y": [1, 0, 1, 4, 10, 3, 23, 19, 9, 2, 0]}}