{"histogram": {"x": [0.0, 1.0, 2.0, 3.0, 4.0, 5.0, 6.0, 7.0, 8.0, 9.0, 10.0, 11.0, 12.0, 13.0], "y": [5, 5, 5, 10, 27, 70, 111, 134, 113, 52, 25, 4, 2, 0]}, "percentile": {"x": [0.03333333333333333, 0.1, 0.23333333333333334, 0.26666666666666666, 1.0333333333333334, 1.0666666666666667, 1.2, 1.4666666666666668, 2.0, 2.033333333333333, 2.2, 3.033333333333333, 3.1, 3.1333333333333333, 3.1666666666666665, 3.2, 3.3333333333333335, 3.4333333333333336, 3.5666666666666664, 4.0, 4.033333333333333, 4.066666666666666, 4.1, 4.133333333333334, 4.166666666666667, 4.2, 4.233333333333333, 4.266666666666667, 4.333333333333333, 4.366666666666666, 4.433333333333334, 4.466666666666667, 4.533333333333333, 4.566666666666666, 4.6, 4.633333333333333, 4.733333333333333, 4.866666666666667, 4.9, 5.0, 5.033333333333333, 5.066666666666666, 5.1, 5.133333333333334, 5.166666666666667, 5.2, 5.266666666666667, 5.3, 5.333333333333333, 5.366666666666666, 5.4, 5.433333333333334, 5.466666666666667, 5.5, 5.533333333333333, 5.566666666666666, 5.6, 5.633333333333333, 5.666666666666667, 5.733333333333333, 5.766666666666667, 5.8, 5.833333333333333, 5.866666666666667, 5.933333333333334, 5.966666666666667, 6.0, 6.033333333333333, 6.066666666666666, 6.1, 6.133333333333334, 6.166666666666667, 6.2, 6.233333333333333, 6.266666666666667, 6.3, 6.333333333333333, 6.366666666666666, 6.4, 6.433333333333334, 6.466666666666667, 6.5, 6.533333333333333, 6.566666666666666, 6.6, 6.633333333333333, 6.666666666666667, 6.7, 6.733333333333333, 6.766666666666667, 6.8, 6.833333333333333, 6.866666666666667, 6.9, 6.933333333333334, 6.966666666666667, 7.0, 7.033333333333333, 7.066666666666666, 7.1, 7.133333333333334, 7.166666666666667, 7.2, 7.233333333333333, 7.266666666666667, 7.3, 7.333333333333333, 7.366666666666666, 7.4, 7.433333333333334, 7.466666666666667, 7.5, 7.533333333333333, 7.566666666666666, 7.6, 7.633333333333333, 7.666666666666667, 7.7, 7.733333333333333, 7.766666666666667, 7.8, 7.833333333333333, 7.866666666666667, 7.9, 7.933333333333334, 7.966666666666667, 8.0, 8.033333333333333, 8.066666666666666, 8.1, 8.133333333333333, 8.166666666666666, 8.2, 8.233333333333333, 8.266666666666667, 8.3, 8.333333333333334, 8.366666666666667, 8.4, 8.433333333333334, 8.466666666666667, 8.5, 8.533333333333333, 8.566666666666666, 8.6, 8.633333333333333, 8.666666666666666, 8.7, 8.733333333333333, 8.766666666666667, 8.8, 8.833333333333334, 8.866666666666667, 8.933333333333334, 8.966666666666667, 9.0, 9.033333333333333, 9.066666666666666, 9.1, 9.166666666666666, 9.2, 9.233333333333333, 9.266666666666667, 9.3, 9.333333333333334, 9.366666666666667, 9.433333333333334, 9.466666666666667, 9.533333333333333, 9.6, 9.633333333333333, 9.666666666666666, 9.766666666666667, 9.833333333333334, 9.9, 9.966666666666667, 10.0, 10.033333333333333, 10.1, 10.166666666666666, 10.2, 10.233333333333333, 10.266666666666667, 10.366666666666667, 10.4, 10.5, 10.566666666666666, 10.6, 10.633333333333333, 10.7, 10.766666666666667, 10.8, 10.866666666666667, 11.133333333333333, 11.333333333333334, 11.566666666666666, 11.633333333333333, 12.066666666666666, 12.266666666666667], "y": [0.0, 0.1, 0.5, 0.7, 0.8, 1.2, 1.4, 1.6, 1.7, 2.1, 2.3, 2.6, 3.0, 3.2, 3.3, 3.5, 3.7, 3.9, 4.2, 4.4, 4.6, 4.9, 5.1, 5.3, 5.5, 5.8, 6.0, 6.2, 6.5, 6.9, 7.4, 7.6, 7.8, 8.0, 8.1, 8.3, 8.5, 8.7, 8.8, 9.2, 9.7, 10.1, 10.3, 11.0, 11.7, 12.6, 13.7, 14.4, 14.7, 15.3, 15.4, 15.8, 16.3, 16.5, 16.7, 16.9, 17.2, 18.8, 19.2, 19.7, 19.9, 20.1, 20.2, 20.8, 21.1, 21.3, 21.7, 22.9, 23.8, 24.9, 25.4, 26.8, 28.1, 28.6, 29.0, 30.4, 30.6, 30.7, 31.6, 31.8, 32.2, 32.7, 33.4, 34.3, 34.8, 36.6, 37.5, 38.2, 38.6, 38.9, 39.5, 39.8, 40.2, 40.7, 40.9, 41.2, 41.4, 43.5, 44.4, 45.0, 46.6, 47.6, 48.3, 48.9, 49.4, 50.1, 50.7, 51.2, 52.3, 52.4, 53.2, 53.3, 54.0, 54.9, 55.8, 59.0, 59.6, 60.6, 61.5, 62.2, 62.4, 62.9, 63.5, 63.8, 64.4, 64.7, 65.3, 67.2, 68.3, 70.4, 71.3, 71.8, 72.5, 72.9, 73.4, 74.9, 75.8, 76.3, 76.8, 78.1, 78.8, 79.1, 79.7, 80.0, 80.6, 82.0, 82.2, 82.5, 83.0, 83.2, 84.1, 84.5, 84.6, 84.8, 85.2, 85.4, 86.2, 86.8, 87.5, 88.0, 88.4, 88.6, 88.7, 89.1, 89.6, 89.8, 90.2, 90.5, 90.7, 90.9, 92.7, 93.0, 93.2, 93.5, 93.9, 94.4, 94.6, 95.3, 95.5, 96.0, 96.4, 96.6, 96.7, 97.1, 97.3, 97.5, 97.6, 97.8, 98.2, 98.3, 98.5, 98.7, 98.9, 99.1, 99.2, 99.4, 99.6, 99.8, 100.0]}}