{"percentile": {"x": [0.03125, 0.25, 0.28125, 0.40625, 4.0, 4.15625, 4.25, 4.40625, 4.75, 4.8125, 4.9375, 5.0, 5.09375, 5.21875, 5.25, 5.34375, 5.46875, 5.5625, 5.625, 5.78125, 5.8125, 5.84375, 5.875, 5.90625, 5.9375, 5.96875, 6.0, 6.09375, 6.15625, 6.1875, 6.25, 6.28125, 6.3125, 6.34375, 6.375, 6.40625, 6.4375, 6.53125, 6.5625, 6.59375, 6.625, 6.65625, 6.6875, 6.71875, 6.75, 6.78125, 6.8125, 6.84375, 6.875, 6.90625, 6.9375, 6.96875, 7.0, 7.03125, 7.0625, 7.09375, 7.125, 7.15625, 7.1875, 7.21875, 7.25, 7.28125, 7.3125, 7.34375, 7.375, 7.40625, 7.4375, 7.46875, 7.5, 7.53125, 7.5625, 7.59375, 7.625, 7.65625, 7.6875, 7.71875, 7.75, 7.78125, 7.8125, 7.84375, 7.875, 7.90625, 7.9375, 7.96875, 8.0, 8.03125, 8.0625, 8.09375, 8.125, 8.15625, 8.1875, 8.21875, 8.25, 8.28125, 8.3125, 8.34375, 8.375, 8.40625, 8.4375, 8.46875, 8.5, 8.53125, 8.5625, 8.59375, 8.625, 8.65625, 8.6875, 8.71875, 8.75, 8.78125, 8.8125, 8.84375, 8.875, 8.90625, 8.9375, 8.96875, 9.0, 9.03125, 9.0625, 9.09375, 9.125, 9.15625, 9.1875, 9.21875, 9.25, 9.28125, 9.3125, 9.34375, 9.375, 9.40625, 9.4375, 9.46875, 9.5, 9.53125, 9.5625, 9.59375, 9.625, 9.65625, 9.6875, 9.71875, 9.75, 9.78125, 9.8125, 9.84375, 9.875, 9.90625, 9.9375, 9.96875, 10.0, 10.03125, 10.0625, 10.09375, 10.125, 10.15625, 10.1875, 10.21875, 10.25, 10.28125, 10.3125, 10.34375, 10.375, 10.40625, 10.4375, 10.46875, 10.5, 10.53125, 10.5625, 10.59375, 10.625, 10.65625, 10.6875, 10.71875, 10.75, 10.8125, 10.84375, 10.875, 10.90625, 10.9375, 10.96875, 11.0, 11.0625, 11.09375, 11.125, 11.15625, 11.21875, 11.25, 11.3125, 11.4375, 11.53125, 11.5625, 11.59375, 11.625, 11.6875, 11.78125, 11.84375, 11.9375, 11.96875, 12.0, 12.03125, 12.15625, 12.25, 12.34375, 12.40625, 12.5, 12.78125, 12.875, 13.1875], "y": [0.0, 0.1, 0.2, 0.3, 0.5, 0.6, 0.7, 0.8, 0.9, 0.9, 1.0, 1.1, 1.3, 1.4, 1.5, 1.9, 1.9, 2.0, 2.4, 2.6, 2.7, 2.8, 2.9, 3.0, 3.2, 3.4, 3.5, 3.9, 4.0, 4.2, 4.3, 4.9, 5.0, 5.2, 5.4, 5.6, 6.0, 6.1, 6.2, 7.6, 8.0, 8.5, 8.6, 9.0, 9.6, 9.8, 10.1, 10.6, 11.0, 11.3, 11.5, 11.9, 12.2, 13.4, 13.5, 13.6, 14.0, 14.6, 14.8, 15.0, 15.3, 16.5, 17.0, 17.3, 17.8, 18.0, 18.6, 18.9, 19.2, 19.5, 19.9, 22.9, 23.7, 24.2, 24.9, 25.2, 25.9, 26.6, 27.5, 27.9, 28.8, 29.5, 30.1, 30.8, 31.5, 35.6, 36.1, 36.8, 37.5, 37.9, 38.4, 38.6, 39.4, 41.5, 42.4, 43.0, 43.6, 44.3, 45.0, 45.5, 46.1, 46.6, 47.1, 51.5, 52.0, 52.4, 53.1, 54.1, 54.8, 55.6, 56.5, 57.1, 57.6, 58.5, 59.2, 59.6, 60.1, 63.1, 63.6, 64.4, 65.1, 65.9, 66.4, 66.9, 67.4, 69.1, 69.3, 69.8, 70.9, 71.2, 72.2, 72.8, 73.0, 73.0, 73.4, 75.6, 76.1, 76.9, 77.6, 78.1, 78.8, 79.4, 79.8, 80.4, 81.2, 81.7, 82.3, 82.6, 83.0, 85.1, 85.5, 85.8, 86.2, 86.5, 86.8, 87.1, 87.8, 88.9, 89.4, 89.7, 89.9, 90.3, 90.7, 91.3, 91.6, 91.9, 92.2, 93.5, 93.6, 93.9, 94.2, 94.2, 94.5, 94.7, 95.0, 95.1, 95.6, 95.8, 96.2, 96.3, 96.7, 96.8, 96.9, 97.2, 97.4, 97.6, 97.7, 97.8, 97.9, 98.0, 98.2, 98.3, 98.4, 98.5, 98.8, 98.9, 99.0, 99.0, 99.2, 99.3, 99.4, 99.5, 99.6, 99.7, 99.8, 99.9, 100.0]}, "histogram": {"x": [0.0, 1.0, 2.0, 3.0, 4.0, 5.0, 6.0, 7.0, 8.0, 9.0, 10.0, 11.0, 12.0, 13.0, 14.0], "y": [6, 0, 0, 0, 7, 26, 96, 213, 316, 253, 147, 30, 10, 1, 0]}}