{"percentile": {"x": [5.633333333333333, 5.966666666666667, 6.0, 6.433333333333334, 6.6, 6.866666666666667, 6.9, 6.933333333333334, 7.0, 7.3, 7.333333333333333, 7.433333333333334, 7.5, 7.6, 7.633333333333333, 7.733333333333333, 7.866666666666667, 7.966666666666667, 8.0, 8.333333333333334, 8.4, 8.433333333333334, 8.5, 8.566666666666666, 8.6, 8.633333333333333, 8.733333333333333, 8.766666666666667, 8.8, 8.966666666666667, 9.0, 9.266666666666667, 9.366666666666667, 9.4, 9.466666666666667, 9.933333333333334, 10.0, 10.2, 10.333333333333334, 10.6, 12.5], "y": [0.0, 2.0, 4.0, 6.1, 8.1, 12.2, 14.2, 18.3, 20.4, 22.4, 26.5, 30.6, 32.6, 34.6, 38.7, 40.8, 42.8, 44.8, 46.9, 48.9, 51.0, 53.0, 55.1, 57.1, 59.1, 61.2, 65.3, 67.3, 69.3, 73.4, 75.5, 79.5, 81.6, 85.7, 87.7, 89.7, 91.8, 93.8, 95.9, 97.9, 100.0]}, "histogram": {"x": [5.0, 6.0, 7.0, 8.0, 9.0, 10.0, 11.0, 12.0], "y": [2, 8, 13, 14, 8, 4, 0, 1]}}