{"histogram": {"x": [0.0, 1.0, 2.0, 3.0, 4.0, 5.0, 6.0, 7.0, 8.0, 9.0, 10.0], "y": [1, 0, 0, 1, 3, 6, 6, 8, 6, 2, 0]}, "percentile": {"x": [0.13333333333333333, 3.033333333333333, 4.1, 4.2, 4.8, 5.0, 5.133333333333334, 5.4, 5.733333333333333, 5.966666666666667, 6.033333333333333, 6.066666666666666, 6.133333333333334, 6.2, 6.233333333333333, 6.6, 7.0, 7.3, 7.433333333333334, 7.666666666666667, 7.733333333333333, 7.8, 7.833333333333333, 8.0, 8.066666666666666, 8.166666666666666, 8.666666666666666, 8.7, 9.033333333333333, 9.3], "y": [0.0, 3.1, 6.2, 9.3, 12.5, 15.6, 18.7, 21.8, 28.1, 31.2, 34.3, 37.5, 40.6, 43.7, 46.8, 50.0, 53.1, 56.2, 59.3, 62.5, 68.7, 71.8, 75.0, 78.1, 81.2, 84.3, 87.5, 90.6, 96.8, 100.0]}}