{"histogram": {"y": [20, 12, 16, 32, 116, 494, 1180, 2008, 2300, 1987, 1379, 617, 242, 72, 6, 0, 0], "x": [0.0, 1.0, 2.0, 3.0, 4.0, 5.0, 6.0, 7.0, 8.0, 9.0, 10.0, 11.0, 12.0, 13.0, 14.0, 15.0, 16.0]}, "percentile": {"y": [0.0, 0.1, 0.1, 0.1, 0.1, 0.1, 0.1, 0.2, 0.2, 0.2, 0.2, 0.2, 0.3, 0.3, 0.3, 0.3, 0.3, 0.3, 0.3, 0.4, 0.4, 0.4, 0.4, 0.4, 0.4, 0.4, 0.5, 0.5, 0.5, 0.5, 0.5, 0.6, 0.6, 0.6, 0.6, 0.6, 0.6, 0.6, 0.6, 0.7, 0.7, 0.7, 0.7, 0.7, 0.7, 0.8, 0.8, 0.8, 0.9, 0.9, 1.0, 1.1, 1.1, 1.2, 1.2, 1.2, 1.3, 1.3, 1.3, 1.4, 1.4, 1.4, 1.4, 1.5, 1.5, 1.6, 1.6, 1.6, 1.6, 1.7, 1.7, 1.7, 1.7, 1.8, 1.8, 1.8, 1.8, 2.0, 2.2, 2.3, 2.5, 2.7, 2.9, 3.1, 3.2, 3.4, 3.5, 3.7, 3.9, 4.0, 4.2, 4.4, 4.4, 4.6, 4.7, 5.2, 5.3, 5.3, 5.4, 5.5, 5.7, 5.7, 5.9, 6.0, 6.1, 6.2, 6.4, 6.5, 6.5, 7.2, 7.6, 7.9, 8.4, 8.8, 9.2, 9.7, 9.9, 10.4, 10.8, 11.1, 11.4, 11.7, 12.1, 12.5, 12.7, 13.1, 13.3, 14.3, 14.6, 15.0, 15.3, 15.5, 15.8, 16.0, 16.3, 16.6, 16.9, 17.1, 17.3, 17.6, 17.8, 19.4, 20.0, 20.8, 21.7, 22.5, 23.2, 23.9, 24.4, 25.4, 25.9, 26.4, 26.9, 27.5, 28.4, 28.8, 29.2, 29.5, 29.8, 31.6, 32.1, 32.6, 33.1, 33.5, 33.9, 34.3, 34.6, 35.0, 35.4, 35.8, 36.3, 36.7, 37.0, 38.9, 39.6, 40.4, 41.5, 42.4, 43.3, 44.1, 44.7, 46.1, 46.9, 47.6, 48.3, 48.8, 49.5, 49.9, 50.4, 50.8, 51.1, 53.2, 53.8, 54.3, 54.8, 55.2, 55.7, 56.0, 56.4, 56.8, 57.4, 57.9, 58.3, 58.6, 58.9, 60.7, 61.6, 62.4, 63.2, 64.1, 64.9, 65.6, 66.2, 67.2, 67.8, 68.3, 68.7, 69.3, 70.1, 70.6, 71.0, 71.4, 71.7, 73.2, 73.9, 74.3, 74.6, 74.9, 75.4, 75.7, 76.0, 76.4, 76.6, 77.0, 77.2, 77.6, 77.9, 79.3, 79.9, 80.5, 81.0, 81.5, 82.1, 82.5, 82.9, 83.7, 84.1, 84.5, 84.9, 85.2, 85.7, 86.0, 86.4, 86.7, 86.9, 88.0, 88.4, 88.7, 88.9, 89.2, 89.4, 89.6, 89.8, 90.1, 90.3, 90.4, 90.6, 90.8, 91.0, 91.8, 92.1, 92.4, 92.5, 92.9, 93.1, 93.3, 93.5, 93.8, 94.0, 94.2, 94.4, 94.6, 94.8, 94.9, 95.0, 95.1, 95.2, 95.7, 95.8, 95.9, 96.0, 96.1, 96.2, 96.3, 96.4, 96.5, 96.5, 96.7, 96.7, 96.8, 96.9, 97.1, 97.2, 97.4, 97.5, 97.5, 97.6, 97.7, 97.7, 97.9, 98.0, 98.0, 98.1, 98.1, 98.2, 98.3, 98.3, 98.4, 98.4, 98.7, 98.8, 98.9, 98.9, 99.0, 99.0, 99.0, 99.1, 99.1, 99.1, 99.2, 99.2, 99.2, 99.3, 99.3, 99.4, 99.4, 99.4, 99.5, 99.5, 99.5, 99.6, 99.6, 99.7, 99.7, 99.7, 99.8, 99.8, 99.8, 99.8, 99.8, 99.8, 99.9, 99.9, 99.9, 99.9, 99.9, 99.9, 99.9, 100.0], "x": [0.03125, 0.125, 0.25, 0.28125, 0.40625, 0.5625, 1.0, 1.0625, 1.09375, 1.1875, 1.34375, 1.40625, 2.0, 2.03125, 2.09375, 2.125, 2.15625, 2.1875, 2.21875, 2.5625, 2.6875, 2.8125, 2.84375, 2.96875, 3.0, 3.03125, 3.0625, 3.09375, 3.125, 3.15625, 3.1875, 3.21875, 3.25, 3.28125, 3.375, 3.4375, 3.46875, 3.5, 3.59375, 3.625, 3.8125, 3.84375, 3.875, 3.90625, 4.0, 4.03125, 4.0625, 4.09375, 4.125, 4.15625, 4.1875, 4.21875, 4.25, 4.28125, 4.3125, 4.34375, 4.375, 4.40625, 4.4375, 4.46875, 4.5, 4.53125, 4.5625, 4.59375, 4.625, 4.65625, 4.6875, 4.71875, 4.75, 4.78125, 4.8125, 4.84375, 4.875, 4.90625, 4.9375, 4.96875, 5.0, 5.03125, 5.0625, 5.09375, 5.125, 5.15625, 5.1875, 5.21875, 5.25, 5.28125, 5.3125, 5.34375, 5.375, 5.40625, 5.4375, 5.46875, 5.5, 5.53125, 5.5625, 5.59375, 5.625, 5.65625, 5.6875, 5.71875, 5.75, 5.78125, 5.8125, 5.84375, 5.875, 5.90625, 5.9375, 5.96875, 6.0, 6.03125, 6.0625, 6.09375, 6.125, 6.15625, 6.1875, 6.21875, 6.25, 6.28125, 6.3125, 6.34375, 6.375, 6.40625, 6.4375, 6.46875, 6.5, 6.53125, 6.5625, 6.59375, 6.625, 6.65625, 6.6875, 6.71875, 6.75, 6.78125, 6.8125, 6.84375, 6.875, 6.90625, 6.9375, 6.96875, 7.0, 7.03125, 7.0625, 7.09375, 7.125, 7.15625, 7.1875, 7.21875, 7.25, 7.28125, 7.3125, 7.34375, 7.375, 7.40625, 7.4375, 7.46875, 7.5, 7.53125, 7.5625, 7.59375, 7.625, 7.65625, 7.6875, 7.71875, 7.75, 7.78125, 7.8125, 7.84375, 7.875, 7.90625, 7.9375, 7.96875, 8.0, 8.03125, 8.0625, 8.09375, 8.125, 8.15625, 8.1875, 8.21875, 8.25, 8.28125, 8.3125, 8.34375, 8.375, 8.40625, 8.4375, 8.46875, 8.5, 8.53125, 8.5625, 8.59375, 8.625, 8.65625, 8.6875, 8.71875, 8.75, 8.78125, 8.8125, 8.84375, 8.875, 8.90625, 8.9375, 8.96875, 9.0, 9.03125, 9.0625, 9.09375, 9.125, 9.15625, 9.1875, 9.21875, 9.25, 9.28125, 9.3125, 9.34375, 9.375, 9.40625, 9.4375, 9.46875, 9.5, 9.53125, 9.5625, 9.59375, 9.625, 9.65625, 9.6875, 9.71875, 9.75, 9.78125, 9.8125, 9.84375, 9.875, 9.90625, 9.9375, 9.96875, 10.0, 10.03125, 10.0625, 10.09375, 10.125, 10.15625, 10.1875, 10.21875, 10.25, 10.28125, 10.3125, 10.34375, 10.375, 10.40625, 10.4375, 10.46875, 10.5, 10.53125, 10.5625, 10.59375, 10.625, 10.65625, 10.6875, 10.71875, 10.75, 10.78125, 10.8125, 10.84375, 10.875, 10.90625, 10.9375, 10.96875, 11.0, 11.03125, 11.0625, 11.09375, 11.125, 11.15625, 11.1875, 11.21875, 11.25, 11.28125, 11.3125, 11.34375, 11.375, 11.40625, 11.4375, 11.46875, 11.5, 11.53125, 11.5625, 11.59375, 11.625, 11.65625, 11.6875, 11.71875, 11.75, 11.78125, 11.8125, 11.84375, 11.875, 11.90625, 11.9375, 11.96875, 12.0, 12.03125, 12.0625, 12.09375, 12.125, 12.15625, 12.1875, 12.21875, 12.25, 12.28125, 12.3125, 12.34375, 12.375, 12.40625, 12.4375, 12.46875, 12.5, 12.53125, 12.5625, 12.59375, 12.625, 12.65625, 12.6875, 12.71875, 12.78125, 12.8125, 12.84375, 12.875, 12.90625, 12.9375, 12.96875, 13.0, 13.03125, 13.0625, 13.09375, 13.125, 13.15625, 13.1875, 13.21875, 13.25, 13.28125, 13.3125, 13.34375, 13.40625, 13.4375, 13.46875, 13.5625, 13.59375, 13.625, 13.65625, 13.6875, 13.78125, 13.9375, 13.96875, 14.125, 14.15625, 14.25, 14.28125, 14.5]}}