{"percentile": {"x": [0.26666666666666666, 0.43333333333333335, 1.4333333333333333, 2.2, 3.0, 3.1333333333333333, 4.3, 4.633333333333333, 4.966666666666667, 5.033333333333333, 5.4, 5.433333333333334, 5.5, 5.6, 5.666666666666667, 5.7, 5.966666666666667, 6.033333333333333, 6.133333333333334, 6.166666666666667, 6.266666666666667, 6.3, 6.333333333333333, 6.433333333333334, 6.466666666666667, 6.533333333333333, 6.566666666666666, 6.6, 6.7, 6.833333333333333, 6.933333333333334, 6.966666666666667, 7.0, 7.033333333333333, 7.066666666666666, 7.1, 7.133333333333334, 7.166666666666667, 7.266666666666667, 7.333333333333333, 7.366666666666666, 7.4, 7.433333333333334, 7.466666666666667, 7.5, 7.533333333333333, 7.566666666666666, 7.6, 7.633333333333333, 7.666666666666667, 7.7, 7.733333333333333, 7.766666666666667, 7.8, 7.833333333333333, 7.866666666666667, 7.9, 7.933333333333334, 7.966666666666667, 8.0, 8.033333333333333, 8.066666666666666, 8.1, 8.133333333333333, 8.166666666666666, 8.2, 8.233333333333333, 8.266666666666667, 8.3, 8.333333333333334, 8.366666666666667, 8.4, 8.433333333333334, 8.466666666666667, 8.5, 8.533333333333333, 8.566666666666666, 8.6, 8.633333333333333, 8.666666666666666, 8.7, 8.733333333333333, 8.766666666666667, 8.8, 8.833333333333334, 8.866666666666667, 8.9, 8.933333333333334, 8.966666666666667, 9.0, 9.033333333333333, 9.066666666666666, 9.1, 9.133333333333333, 9.166666666666666, 9.2, 9.233333333333333, 9.266666666666667, 9.3, 9.333333333333334, 9.366666666666667, 9.4, 9.433333333333334, 9.466666666666667, 9.5, 9.566666666666666, 9.6, 9.633333333333333, 9.666666666666666, 9.7, 9.733333333333333, 9.766666666666667, 9.8, 9.833333333333334, 9.866666666666667, 9.9, 9.933333333333334, 9.966666666666667, 10.0, 10.066666666666666, 10.1, 10.133333333333333, 10.2, 10.233333333333333, 10.266666666666667, 10.3, 10.333333333333334, 10.4, 10.433333333333334, 10.5, 10.6, 10.633333333333333, 10.7, 10.733333333333333, 10.766666666666667, 10.833333333333334, 10.9, 11.0, 11.166666666666666, 11.2, 11.233333333333333, 11.3, 11.333333333333334, 11.4, 11.533333333333333, 11.733333333333333, 11.8, 12.866666666666667], "y": [0.0, 0.7, 1.4, 1.6, 1.8, 2.1, 2.3, 2.6, 2.8, 3.0, 3.3, 3.5, 4.0, 4.2, 4.5, 4.9, 5.2, 5.4, 5.9, 6.1, 6.6, 6.8, 7.3, 7.5, 7.8, 8.0, 8.2, 8.5, 10.4, 10.6, 10.9, 11.3, 11.6, 13.2, 13.7, 14.2, 14.6, 15.4, 15.6, 16.8, 17.2, 17.5, 18.2, 19.6, 19.9, 20.3, 20.8, 21.0, 23.2, 23.9, 25.8, 26.5, 27.2, 27.9, 28.9, 29.6, 30.5, 31.5, 32.2, 32.4, 34.1, 34.3, 34.8, 35.0, 35.7, 36.7, 37.6, 38.3, 40.7, 40.9, 42.1, 42.8, 43.6, 44.3, 44.5, 44.7, 45.0, 45.2, 48.3, 49.7, 50.4, 50.9, 52.1, 53.0, 54.0, 54.9, 57.1, 58.2, 59.4, 59.9, 63.9, 64.2, 64.4, 64.9, 65.8, 66.3, 67.0, 67.2, 68.4, 69.4, 70.1, 70.6, 70.8, 71.8, 72.0, 72.7, 73.4, 77.7, 78.6, 79.1, 79.6, 80.5, 81.2, 82.4, 83.4, 84.1, 84.8, 86.0, 86.4, 87.2, 87.9, 88.3, 88.6, 88.8, 89.0, 89.5, 89.8, 90.2, 90.7, 91.4, 91.7, 92.8, 93.6, 93.8, 94.3, 94.5, 94.7, 95.2, 96.6, 97.6, 98.1, 98.5, 98.8, 99.0, 99.2, 99.5, 99.7, 100.0]}, "histogram": {"x": [0.0, 1.0, 2.0, 3.0, 4.0, 5.0, 6.0, 7.0, 8.0, 9.0, 10.0, 11.0, 12.0, 13.0, 14.0], "y": [6, 1, 1, 2, 3, 10, 26, 88, 116, 112, 37, 20, 1, 0, 0]}}