{"histogram": {"y": [2, 0, 3, 6, 13, 54, 129, 226, 230, 100, 66, 11, 6, 1], "x": [0.0, 1.0, 2.0, 3.0, 4.0, 5.0, 6.0, 7.0, 8.0, 9.0, 10.0, 11.0, 12.0, 13.0]}, "percentile": {"y": [0.0, 0.2, 0.3, 0.4, 0.5, 0.7, 0.8, 0.9, 1.0, 1.1, 1.3, 1.5, 1.6, 2.0, 2.2, 2.3, 2.4, 2.6, 2.7, 2.8, 3.3, 3.5, 3.9, 4.0, 4.2, 4.6, 5.0, 5.2, 5.4, 5.6, 5.7, 6.0, 6.1, 6.2, 6.5, 6.8, 7.6, 7.8, 7.9, 8.2, 8.5, 8.7, 8.9, 9.1, 9.2, 9.6, 10.0, 10.7, 11.2, 11.8, 12.7, 13.3, 14.3, 14.8, 15.8, 16.1, 16.5, 16.9, 17.3, 17.6, 17.7, 17.9, 18.4, 20.4, 21.0, 21.2, 21.5, 22.2, 22.5, 22.9, 23.0, 23.2, 23.5, 23.7, 23.9, 24.2, 24.4, 26.4, 27.1, 28.1, 28.9, 31.4, 32.3, 34.2, 34.7, 36.8, 37.1, 38.2, 39.1, 39.8, 41.2, 41.6, 41.8, 42.3, 42.6, 44.9, 45.6, 46.2, 46.3, 46.8, 47.0, 47.7, 48.1, 48.5, 48.9, 49.1, 50.0, 50.5, 51.1, 53.9, 55.3, 56.2, 57.4, 58.9, 60.1, 61.4, 62.1, 63.8, 64.7, 65.7, 66.5, 67.1, 68.3, 68.6, 68.9, 69.2, 69.3, 71.6, 72.3, 72.8, 73.0, 73.7, 74.3, 74.9, 75.5, 75.7, 76.5, 77.4, 78.0, 78.1, 78.3, 79.3, 80.2, 80.7, 80.9, 81.3, 81.7, 82.2, 82.7, 83.4, 83.6, 84.1, 84.6, 84.8, 85.8, 86.1, 86.4, 86.8, 86.9, 87.7, 88.0, 88.2, 88.4, 88.6, 88.8, 89.0, 89.3, 89.7, 89.9, 90.0, 90.1, 91.1, 91.4, 91.8, 92.1, 92.6, 93.0, 93.3, 94.2, 94.5, 94.7, 95.2, 95.6, 95.7, 95.8, 96.6, 96.9, 97.0, 97.1, 97.2, 97.5, 97.7, 97.8, 97.9, 98.1, 98.3, 98.4, 98.5, 98.8, 99.0, 99.1, 99.2, 99.4, 99.5, 99.6, 99.8, 100.0], "x": [0.0625, 2.09375, 2.125, 2.53125, 3.1875, 3.21875, 3.25, 3.40625, 3.84375, 3.96875, 4.0, 4.0625, 4.125, 4.21875, 4.25, 4.375, 4.5625, 4.59375, 4.8125, 5.0, 5.03125, 5.0625, 5.09375, 5.125, 5.15625, 5.1875, 5.28125, 5.3125, 5.34375, 5.375, 5.40625, 5.4375, 5.46875, 5.5, 5.53125, 5.5625, 5.59375, 5.6875, 5.71875, 5.78125, 5.8125, 5.875, 5.9375, 5.96875, 6.0, 6.03125, 6.0625, 6.09375, 6.125, 6.15625, 6.1875, 6.21875, 6.25, 6.28125, 6.3125, 6.34375, 6.375, 6.40625, 6.4375, 6.46875, 6.5, 6.53125, 6.5625, 6.59375, 6.625, 6.65625, 6.6875, 6.71875, 6.75, 6.78125, 6.8125, 6.84375, 6.875, 6.90625, 6.9375, 6.96875, 7.0, 7.03125, 7.0625, 7.09375, 7.125, 7.15625, 7.1875, 7.21875, 7.25, 7.28125, 7.3125, 7.34375, 7.375, 7.40625, 7.4375, 7.46875, 7.5, 7.53125, 7.5625, 7.59375, 7.625, 7.65625, 7.6875, 7.71875, 7.75, 7.78125, 7.8125, 7.84375, 7.875, 7.90625, 7.9375, 7.96875, 8.0, 8.03125, 8.0625, 8.09375, 8.125, 8.15625, 8.1875, 8.21875, 8.25, 8.28125, 8.3125, 8.34375, 8.375, 8.40625, 8.4375, 8.46875, 8.5, 8.53125, 8.5625, 8.59375, 8.625, 8.65625, 8.6875, 8.71875, 8.75, 8.78125, 8.8125, 8.84375, 8.875, 8.90625, 8.9375, 8.96875, 9.0, 9.03125, 9.0625, 9.09375, 9.125, 9.15625, 9.1875, 9.21875, 9.25, 9.28125, 9.3125, 9.34375, 9.375, 9.40625, 9.4375, 9.46875, 9.5, 9.53125, 9.5625, 9.59375, 9.625, 9.65625, 9.6875, 9.71875, 9.75, 9.78125, 9.84375, 9.875, 9.90625, 9.9375, 10.0, 10.0625, 10.09375, 10.125, 10.15625, 10.1875, 10.21875, 10.25, 10.28125, 10.34375, 10.375, 10.40625, 10.4375, 10.53125, 10.5625, 10.625, 10.65625, 10.6875, 10.71875, 10.75, 10.84375, 10.875, 10.9375, 11.0, 11.15625, 11.25, 11.28125, 11.34375, 11.375, 11.4375, 11.75, 12.03125, 12.125, 12.1875, 12.5625, 12.90625, 13.0]}}