{"histogram": {"x": [0.0, 1.0, 2.0, 3.0, 4.0, 5.0, 6.0, 7.0, 8.0, 9.0, 10.0, 11.0, 12.0, 13.0], "y": [1, 0, 0, 0, 0, 0, 9, 17, 35, 53, 39, 11, 1, 0]}, "percentile": {"x": [0.6875, 6.0, 6.125, 6.625, 6.75, 6.78125, 6.84375, 6.875, 6.96875, 7.1875, 7.25, 7.28125, 7.34375, 7.375, 7.40625, 7.53125, 7.5625, 7.59375, 7.71875, 7.75, 7.8125, 7.84375, 7.875, 7.90625, 7.9375, 8.0, 8.03125, 8.09375, 8.15625, 8.1875, 8.21875, 8.28125, 8.375, 8.40625, 8.5, 8.53125, 8.5625, 8.59375, 8.625, 8.65625, 8.71875, 8.75, 8.78125, 8.875, 8.90625, 9.0, 9.03125, 9.0625, 9.09375, 9.125, 9.15625, 9.1875, 9.21875, 9.25, 9.28125, 9.3125, 9.40625, 9.53125, 9.5625, 9.59375, 9.625, 9.65625, 9.71875, 9.75, 9.78125, 9.8125, 9.875, 9.90625, 9.9375, 10.0, 10.0625, 10.09375, 10.15625, 10.1875, 10.25, 10.3125, 10.34375, 10.40625, 10.46875, 10.5, 10.5625, 10.59375, 10.625, 10.6875, 10.71875, 10.75, 10.78125, 10.8125, 10.90625, 10.9375, 11.0, 11.03125, 11.0625, 11.34375, 11.53125, 11.5625, 11.6875, 11.90625, 12.5625], "y": [0.0, 0.6, 1.2, 1.8, 2.4, 3.0, 3.6, 4.8, 5.4, 6.0, 6.6, 7.2, 7.8, 8.4, 9.0, 9.6, 10.3, 10.9, 11.5, 12.1, 12.7, 13.3, 13.9, 14.5, 15.7, 16.3, 18.7, 19.3, 20.0, 20.6, 21.8, 22.4, 23.6, 24.8, 26.0, 27.2, 27.8, 30.3, 30.9, 31.5, 32.1, 33.3, 34.5, 35.7, 36.9, 37.5, 41.8, 42.4, 43.6, 44.8, 45.4, 46.6, 47.8, 48.4, 51.5, 52.7, 53.3, 54.5, 55.7, 60.0, 60.6, 61.2, 62.4, 63.6, 64.2, 64.8, 66.0, 67.2, 69.0, 69.6, 71.5, 72.1, 72.7, 73.9, 75.1, 78.7, 80.0, 80.6, 81.2, 82.4, 83.0, 86.0, 86.6, 87.8, 88.4, 89.0, 89.6, 90.9, 91.5, 92.1, 93.3, 94.5, 95.1, 95.7, 96.3, 96.9, 98.1, 99.3, 100.0]}}