{"histogram": {"x": [5.0, 6.0, 7.0, 8.0, 9.0, 10.0, 11.0, 12.0, 13.0, 14.0], "y": [2, 1, 9, 31, 26, 27, 11, 4, 3, 0]}, "percentile": {"x": [5.125, 5.75, 6.0625, 7.25, 7.53125, 7.5625, 7.875, 7.90625, 8.0, 8.03125, 8.0625, 8.09375, 8.15625, 8.21875, 8.25, 8.28125, 8.4375, 8.46875, 8.5625, 8.59375, 8.625, 8.65625, 8.71875, 8.75, 8.8125, 8.84375, 8.875, 9.0, 9.03125, 9.15625, 9.1875, 9.25, 9.28125, 9.34375, 9.40625, 9.4375, 9.5625, 9.59375, 9.6875, 9.78125, 9.875, 9.9375, 10.0, 10.03125, 10.0625, 10.09375, 10.125, 10.15625, 10.1875, 10.25, 10.3125, 10.375, 10.4375, 10.5, 10.5625, 10.8125, 10.84375, 11.0, 11.1875, 11.34375, 11.53125, 11.5625, 11.625, 11.6875, 12.0, 12.28125, 12.75, 13.09375, 13.125, 13.65625], "y": [0.0, 0.8, 1.7, 2.6, 4.4, 5.3, 8.8, 9.7, 10.6, 13.2, 14.1, 15.9, 16.8, 17.6, 18.5, 19.4, 20.3, 21.2, 22.1, 24.7, 25.6, 27.4, 30.0, 32.7, 33.6, 34.5, 36.2, 38.0, 41.5, 42.4, 43.3, 44.2, 46.0, 46.9, 47.7, 48.6, 49.5, 54.8, 55.7, 57.5, 58.4, 60.1, 61.0, 65.4, 66.3, 67.2, 68.1, 69.0, 71.6, 72.5, 76.9, 77.8, 78.7, 79.6, 80.5, 82.3, 84.0, 84.9, 86.7, 87.6, 88.4, 90.2, 92.0, 93.8, 94.6, 95.5, 96.4, 98.2, 99.1, 100.0]}}