{"percentile": {"y": [0.0, 0.1, 0.2, 0.3, 0.4, 0.5, 0.7, 0.8, 1.2, 1.4, 1.5, 1.6, 1.7, 1.8, 2.0, 2.1, 2.3, 2.4, 2.5, 2.7, 2.8, 3.2, 3.4, 3.5, 4.2, 4.5, 4.8, 4.9, 5.0, 5.1, 5.4, 5.5, 5.6, 5.8, 6.1, 6.9, 7.0, 7.1, 7.4, 7.5, 7.6, 8.5, 8.9, 9.3, 9.6, 10.1, 10.4, 10.7, 10.8, 10.9, 11.0, 12.2, 12.3, 12.7, 12.9, 13.1, 13.5, 13.7, 14.3, 14.4, 14.8, 15.0, 15.5, 15.6, 17.4, 17.7, 18.1, 18.4, 18.6, 18.9, 19.1, 19.5, 21.4, 22.1, 22.3, 22.8, 22.9, 24.2, 24.9, 25.5, 25.9, 26.1, 28.6, 28.9, 29.7, 30.1, 30.3, 30.9, 31.8, 32.3, 32.7, 33.3, 33.9, 34.5, 34.8, 35.2, 38.3, 38.8, 39.2, 39.3, 39.5, 40.0, 40.2, 40.6, 43.3, 43.9, 44.4, 45.1, 46.0, 46.7, 47.2, 47.5, 47.7, 48.4, 52.1, 52.6, 53.4, 53.8, 54.0, 54.8, 55.5, 56.1, 56.8, 57.4, 58.3, 58.7, 59.0, 59.4, 62.6, 63.2, 63.6, 64.3, 64.5, 65.2, 65.9, 67.8, 68.4, 69.1, 69.6, 70.4, 71.6, 72.3, 73.1, 73.6, 74.0, 76.4, 76.7, 77.5, 78.4, 78.7, 79.3, 80.0, 80.3, 80.6, 80.9, 81.8, 82.5, 83.0, 83.2, 85.7, 86.1, 86.3, 87.0, 87.3, 87.6, 87.8, 88.9, 89.2, 89.7, 89.9, 90.3, 90.9, 91.0, 91.1, 91.5, 91.8, 93.2, 93.5, 93.6, 93.9, 94.1, 94.2, 94.3, 94.4, 94.6, 94.8, 95.0, 95.1, 95.2, 95.6, 95.8, 95.9, 96.1, 96.3, 96.5, 96.8, 96.9, 97.0, 97.1, 97.2, 97.5, 97.7, 97.9, 98.1, 98.2, 98.3, 98.5, 98.7, 99.0, 99.1, 99.2, 99.4, 99.5, 99.6, 99.8, 100.0], "x": [0.03125, 0.25, 0.40625, 3.0, 4.0, 4.25, 4.28125, 4.4375, 4.46875, 4.5625, 4.6875, 4.71875, 5.03125, 5.0625, 5.15625, 5.25, 5.28125, 5.3125, 5.34375, 5.375, 5.40625, 5.46875, 5.5, 5.5625, 5.59375, 5.625, 5.65625, 5.6875, 5.71875, 5.75, 5.78125, 5.84375, 5.875, 5.90625, 6.0, 6.03125, 6.0625, 6.09375, 6.15625, 6.1875, 6.25, 6.28125, 6.3125, 6.34375, 6.375, 6.40625, 6.4375, 6.46875, 6.5, 6.53125, 6.5625, 6.59375, 6.625, 6.65625, 6.6875, 6.71875, 6.75, 6.78125, 6.8125, 6.84375, 6.90625, 6.9375, 6.96875, 7.0, 7.03125, 7.0625, 7.09375, 7.125, 7.15625, 7.1875, 7.21875, 7.25, 7.28125, 7.3125, 7.34375, 7.375, 7.40625, 7.4375, 7.46875, 7.5, 7.53125, 7.5625, 7.59375, 7.625, 7.65625, 7.6875, 7.71875, 7.75, 7.78125, 7.8125, 7.84375, 7.875, 7.90625, 7.9375, 7.96875, 8.0, 8.03125, 8.0625, 8.09375, 8.125, 8.15625, 8.1875, 8.21875, 8.25, 8.28125, 8.3125, 8.34375, 8.375, 8.40625, 8.4375, 8.46875, 8.5, 8.53125, 8.5625, 8.59375, 8.625, 8.65625, 8.6875, 8.71875, 8.75, 8.78125, 8.8125, 8.84375, 8.875, 8.90625, 8.9375, 8.96875, 9.0, 9.03125, 9.0625, 9.09375, 9.125, 9.15625, 9.1875, 9.25, 9.28125, 9.3125, 9.34375, 9.375, 9.40625, 9.4375, 9.46875, 9.5, 9.53125, 9.5625, 9.59375, 9.625, 9.65625, 9.6875, 9.71875, 9.75, 9.78125, 9.8125, 9.84375, 9.875, 9.90625, 9.9375, 9.96875, 10.0, 10.03125, 10.0625, 10.125, 10.15625, 10.1875, 10.21875, 10.25, 10.28125, 10.3125, 10.34375, 10.375, 10.40625, 10.4375, 10.46875, 10.5, 10.53125, 10.5625, 10.59375, 10.625, 10.65625, 10.6875, 10.71875, 10.75, 10.78125, 10.8125, 10.84375, 10.875, 10.90625, 10.9375, 11.0, 11.03125, 11.0625, 11.09375, 11.125, 11.21875, 11.25, 11.28125, 11.34375, 11.375, 11.40625, 11.4375, 11.46875, 11.5625, 11.65625, 11.71875, 11.75, 11.8125, 11.84375, 12.0, 12.09375, 12.25, 12.40625, 12.5625, 12.84375, 13.0, 13.0625, 14.28125]}, "histogram": {"y": [3, 0, 0, 1, 11, 37, 81, 166, 206, 202, 102, 29, 8, 3, 1, 0], "x": [0.0, 1.0, 2.0, 3.0, 4.0, 5.0, 6.0, 7.0, 8.0, 9.0, 10.0, 11.0, 12.0, 13.0, 14.0, 15.0]}}