{"histogram": {"y": [1, 1, 3, 0, 6, 2, 0, 0], "x": [3.0, 4.0, 5.0, 6.0, 7.0, 8.0, 9.0, 10.0]}, "percentile": {"y": [0.0, 8.3, 16.6, 25.0, 33.3, 41.6, 50.0, 58.3, 66.6, 75.0, 83.3, 91.6, 100.0], "x": [3.1, 4.266666666666667, 5.233333333333333, 5.466666666666667, 5.7, 7.066666666666666, 7.2, 7.533333333333333, 7.633333333333333, 7.733333333333333, 7.866666666666667, 8.0, 8.466666666666667]}}