{"histogram": {"x": [0.0, 1.0, 2.0, 3.0, 4.0, 5.0, 6.0, 7.0, 8.0, 9.0, 10.0, 11.0, 12.0, 13.0, 14.0], "y": [10, 3, 4, 14, 27, 82, 146, 170, 157, 59, 29, 14, 2, 0, 0]}, "percentile": {"x": [0.03333333333333333, 0.06666666666666667, 0.1, 0.16666666666666666, 0.2, 0.23333333333333334, 1.0, 1.1666666666666667, 2.1, 2.1333333333333333, 2.2, 2.5, 3.0, 3.033333333333333, 3.066666666666667, 3.1666666666666665, 3.2333333333333334, 3.6, 3.7666666666666666, 4.0, 4.066666666666666, 4.133333333333334, 4.166666666666667, 4.2, 4.3, 4.366666666666666, 4.4, 4.433333333333334, 4.5, 4.533333333333333, 4.566666666666666, 4.6, 4.633333333333333, 4.666666666666667, 4.7, 4.8, 4.866666666666667, 4.9, 5.0, 5.066666666666666, 5.1, 5.133333333333334, 5.166666666666667, 5.2, 5.233333333333333, 5.266666666666667, 5.3, 5.333333333333333, 5.366666666666666, 5.4, 5.433333333333334, 5.466666666666667, 5.5, 5.533333333333333, 5.566666666666666, 5.6, 5.633333333333333, 5.666666666666667, 5.7, 5.733333333333333, 5.766666666666667, 5.8, 5.833333333333333, 5.866666666666667, 5.9, 5.933333333333334, 6.0, 6.033333333333333, 6.066666666666666, 6.1, 6.133333333333334, 6.166666666666667, 6.2, 6.233333333333333, 6.266666666666667, 6.3, 6.333333333333333, 6.366666666666666, 6.4, 6.433333333333334, 6.466666666666667, 6.5, 6.533333333333333, 6.566666666666666, 6.6, 6.633333333333333, 6.666666666666667, 6.7, 6.733333333333333, 6.766666666666667, 6.8, 6.833333333333333, 6.866666666666667, 6.9, 6.933333333333334, 6.966666666666667, 7.0, 7.033333333333333, 7.066666666666666, 7.1, 7.133333333333334, 7.166666666666667, 7.2, 7.233333333333333, 7.266666666666667, 7.3, 7.333333333333333, 7.366666666666666, 7.4, 7.433333333333334, 7.466666666666667, 7.5, 7.533333333333333, 7.566666666666666, 7.6, 7.633333333333333, 7.666666666666667, 7.7, 7.733333333333333, 7.766666666666667, 7.8, 7.833333333333333, 7.866666666666667, 7.9, 7.933333333333334, 7.966666666666667, 8.0, 8.033333333333333, 8.066666666666666, 8.1, 8.133333333333333, 8.166666666666666, 8.2, 8.233333333333333, 8.266666666666667, 8.3, 8.366666666666667, 8.4, 8.433333333333334, 8.5, 8.533333333333333, 8.566666666666666, 8.6, 8.633333333333333, 8.666666666666666, 8.7, 8.733333333333333, 8.766666666666667, 8.8, 8.866666666666667, 8.9, 8.933333333333334, 8.966666666666667, 9.0, 9.033333333333333, 9.066666666666666, 9.1, 9.133333333333333, 9.166666666666666, 9.233333333333333, 9.266666666666667, 9.3, 9.366666666666667, 9.4, 9.433333333333334, 9.466666666666667, 9.5, 9.533333333333333, 9.566666666666666, 9.6, 9.633333333333333, 9.7, 9.766666666666667, 9.8, 9.833333333333334, 9.866666666666667, 9.933333333333334, 10.0, 10.033333333333333, 10.1, 10.133333333333333, 10.166666666666666, 10.2, 10.3, 10.333333333333334, 10.366666666666667, 10.433333333333334, 10.466666666666667, 10.533333333333333, 10.6, 10.666666666666666, 10.733333333333333, 10.8, 10.933333333333334, 11.0, 11.2, 11.233333333333333, 11.266666666666667, 11.333333333333334, 11.4, 11.466666666666667, 11.666666666666666, 11.833333333333334, 11.866666666666667, 12.166666666666666, 12.933333333333334], "y": [0.0, 0.6, 0.8, 0.9, 1.1, 1.2, 1.3, 1.5, 1.8, 1.9, 2.0, 2.2, 2.3, 2.9, 3.0, 3.6, 3.7, 4.0, 4.1, 4.3, 4.4, 4.6, 4.8, 5.0, 5.1, 5.3, 5.4, 5.5, 5.7, 5.8, 6.1, 6.2, 6.9, 7.2, 7.4, 7.5, 7.8, 7.9, 8.1, 8.6, 9.9, 10.6, 10.8, 11.1, 12.0, 12.2, 12.5, 12.9, 13.4, 13.5, 13.8, 14.5, 15.0, 15.3, 15.5, 15.6, 16.3, 16.7, 17.0, 17.3, 17.5, 17.8, 18.1, 18.5, 18.7, 19.2, 19.5, 20.3, 20.8, 21.6, 23.6, 24.3, 25.1, 26.2, 26.3, 27.0, 27.7, 28.0, 28.6, 29.0, 29.8, 30.3, 31.2, 32.1, 32.4, 33.6, 34.2, 34.9, 35.3, 35.7, 36.8, 37.7, 37.8, 38.2, 38.8, 39.3, 39.9, 42.4, 42.8, 43.8, 44.6, 45.8, 46.5, 46.9, 47.3, 48.1, 49.0, 49.8, 50.4, 51.3, 52.9, 53.3, 54.3, 54.8, 55.5, 57.9, 59.0, 59.7, 60.0, 60.4, 61.0, 61.4, 61.7, 62.0, 62.7, 62.8, 63.6, 66.2, 67.4, 68.8, 69.6, 70.8, 72.2, 73.4, 74.0, 74.8, 75.6, 76.1, 76.3, 78.0, 78.4, 78.9, 79.4, 79.8, 80.3, 80.5, 80.7, 81.5, 82.4, 83.1, 83.5, 84.4, 85.3, 85.6, 86.3, 86.8, 87.1, 87.7, 88.6, 89.3, 89.5, 89.6, 90.0, 90.3, 91.0, 91.3, 91.4, 91.7, 91.8, 92.0, 92.4, 92.8, 93.0, 93.1, 93.4, 93.5, 93.7, 93.8, 94.1, 94.2, 94.4, 94.5, 94.6, 94.9, 95.2, 95.3, 95.8, 96.0, 96.5, 96.7, 97.2, 97.4, 97.6, 97.7, 97.9, 98.3, 98.6, 98.7, 99.0, 99.1, 99.3, 99.4, 99.5, 99.7, 99.8, 100.0]}}