{"percentile": {"x": [0.03333333333333333, 1.1, 2.1, 2.966666666666667, 3.8, 4.066666666666666, 4.1, 4.133333333333334, 4.3, 5.133333333333334, 5.166666666666667, 5.533333333333333, 5.966666666666667, 6.0, 6.033333333333333, 6.066666666666666, 6.166666666666667, 6.333333333333333, 6.433333333333334, 6.466666666666667, 6.5, 6.6, 6.7, 6.733333333333333, 6.766666666666667, 6.9, 7.0, 7.1, 7.133333333333334, 7.166666666666667, 7.2, 7.233333333333333, 7.266666666666667, 7.4, 7.433333333333334, 7.566666666666666, 7.6, 7.733333333333333, 7.8, 7.833333333333333, 7.933333333333334, 7.966666666666667, 8.0, 8.033333333333333, 8.066666666666666, 8.133333333333333, 8.2, 8.633333333333333, 8.666666666666666, 8.7, 8.733333333333333, 8.8, 8.833333333333334, 8.933333333333334, 9.0, 9.066666666666666, 9.1, 9.266666666666667, 9.4, 9.6, 9.866666666666667, 9.966666666666667, 10.0, 10.133333333333333, 10.966666666666667, 11.5], "y": [0.0, 1.0, 3.2, 4.3, 5.4, 7.6, 8.7, 9.8, 10.9, 12.0, 14.2, 15.3, 16.4, 17.5, 19.7, 20.8, 21.9, 24.1, 25.2, 26.3, 27.4, 28.5, 31.8, 34.0, 35.1, 36.2, 38.4, 42.8, 45.0, 48.3, 49.4, 51.6, 52.7, 54.9, 56.0, 59.3, 60.4, 61.5, 62.6, 63.7, 64.8, 65.9, 67.0, 69.2, 70.3, 72.5, 73.6, 74.7, 76.9, 78.0, 79.1, 80.2, 81.3, 82.4, 83.5, 84.6, 87.9, 90.1, 91.2, 92.3, 93.4, 95.6, 96.7, 97.8, 98.9, 100.0]}, "histogram": {"x": [0.0, 1.0, 2.0, 3.0, 4.0, 5.0, 6.0, 7.0, 8.0, 9.0, 10.0, 11.0, 12.0], "y": [1, 2, 2, 2, 4, 5, 19, 26, 15, 12, 3, 1, 0]}}