{"histogram": {"y": [3, 22, 33, 49, 53, 22, 7, 3, 0, 0], "x": [5.0, 6.0, 7.0, 8.0, 9.0, 10.0, 11.0, 12.0, 13.0, 14.0]}, "percentile": {"y": [0.0, 0.5, 1.0, 1.5, 3.1, 4.1, 5.2, 5.7, 6.2, 7.8, 8.3, 9.4, 9.9, 10.9, 11.5, 12.0, 12.5, 13.0, 14.6, 15.1, 16.2, 17.2, 17.8, 18.8, 19.3, 20.4, 21.4, 25.6, 27.2, 28.2, 28.7, 29.3, 29.8, 30.3, 32.4, 32.9, 34.0, 35.0, 36.6, 37.1, 37.6, 38.7, 39.7, 40.3, 41.3, 42.4, 42.9, 44.5, 46.0, 46.5, 47.6, 48.6, 49.2, 50.2, 51.3, 53.4, 53.9, 54.4, 56.0, 60.2, 60.7, 61.2, 62.3, 64.3, 65.4, 67.5, 68.5, 69.6, 70.6, 71.7, 73.8, 74.8, 75.9, 76.4, 76.9, 78.0, 79.0, 79.5, 80.1, 80.6, 81.6, 82.7, 83.7, 86.3, 86.9, 88.4, 89.0, 89.5, 90.0, 90.5, 91.0, 92.1, 93.1, 93.7, 94.2, 94.7, 95.2, 96.8, 97.3, 97.9, 98.4, 98.9, 99.4, 100.0], "x": [5.0, 5.25, 5.90625, 6.0, 6.125, 6.40625, 6.4375, 6.53125, 6.5625, 6.59375, 6.6875, 6.71875, 6.75, 6.78125, 6.875, 6.90625, 6.96875, 7.0, 7.03125, 7.09375, 7.28125, 7.3125, 7.34375, 7.375, 7.4375, 7.5, 7.5625, 7.59375, 7.625, 7.71875, 7.75, 7.84375, 7.875, 8.0, 8.03125, 8.15625, 8.1875, 8.25, 8.28125, 8.3125, 8.34375, 8.375, 8.40625, 8.4375, 8.5, 8.53125, 8.5625, 8.59375, 8.625, 8.65625, 8.6875, 8.71875, 8.75, 8.78125, 8.8125, 8.84375, 8.875, 8.90625, 9.0, 9.125, 9.1875, 9.21875, 9.25, 9.28125, 9.3125, 9.34375, 9.40625, 9.4375, 9.46875, 9.5, 9.53125, 9.5625, 9.59375, 9.625, 9.65625, 9.6875, 9.71875, 9.78125, 9.84375, 9.875, 9.9375, 9.96875, 10.0, 10.0625, 10.25, 10.28125, 10.3125, 10.375, 10.5, 10.53125, 10.5625, 10.59375, 10.6875, 10.75, 10.8125, 10.875, 11.125, 11.1875, 11.5, 11.65625, 11.6875, 12.25, 12.34375, 12.875]}}