{"percentile": {"x": [0.03125, 0.25, 0.28125, 0.40625, 0.5625, 1.0, 2.8125, 3.9375, 4.5, 4.71875, 4.84375, 5.03125, 5.1875, 5.25, 5.28125, 5.3125, 5.375, 5.40625, 5.5625, 5.625, 5.71875, 5.75, 5.8125, 5.875, 5.9375, 5.96875, 6.0, 6.03125, 6.0625, 6.09375, 6.125, 6.15625, 6.1875, 6.25, 6.28125, 6.3125, 6.34375, 6.40625, 6.4375, 6.5, 6.53125, 6.5625, 6.59375, 6.625, 6.65625, 6.6875, 6.71875, 6.75, 6.78125, 6.8125, 6.875, 6.90625, 6.96875, 7.0, 7.03125, 7.0625, 7.09375, 7.125, 7.15625, 7.1875, 7.21875, 7.25, 7.28125, 7.3125, 7.34375, 7.375, 7.40625, 7.4375, 7.46875, 7.5, 7.53125, 7.5625, 7.59375, 7.625, 7.65625, 7.6875, 7.71875, 7.75, 7.78125, 7.8125, 7.84375, 7.875, 7.90625, 7.9375, 7.96875, 8.0, 8.03125, 8.0625, 8.09375, 8.125, 8.15625, 8.1875, 8.21875, 8.25, 8.28125, 8.3125, 8.34375, 8.375, 8.40625, 8.4375, 8.46875, 8.5, 8.53125, 8.5625, 8.59375, 8.625, 8.65625, 8.6875, 8.71875, 8.75, 8.78125, 8.8125, 8.84375, 8.875, 8.90625, 8.9375, 8.96875, 9.0, 9.03125, 9.0625, 9.09375, 9.125, 9.15625, 9.1875, 9.21875, 9.25, 9.28125, 9.3125, 9.34375, 9.375, 9.40625, 9.4375, 9.46875, 9.5, 9.53125, 9.5625, 9.59375, 9.625, 9.65625, 9.6875, 9.71875, 9.75, 9.78125, 9.8125, 9.84375, 9.875, 9.90625, 9.9375, 9.96875, 10.0, 10.03125, 10.0625, 10.09375, 10.125, 10.15625, 10.1875, 10.21875, 10.25, 10.28125, 10.3125, 10.34375, 10.375, 10.40625, 10.4375, 10.46875, 10.5, 10.53125, 10.5625, 10.59375, 10.625, 10.65625, 10.6875, 10.71875, 10.75, 10.78125, 10.8125, 10.84375, 10.875, 10.90625, 10.9375, 10.96875, 11.0, 11.03125, 11.0625, 11.09375, 11.125, 11.15625, 11.1875, 11.21875, 11.25, 11.28125, 11.3125, 11.34375, 11.375, 11.40625, 11.4375, 11.46875, 11.5, 11.53125, 11.5625, 11.59375, 11.625, 11.65625, 11.6875, 11.71875, 11.75, 11.78125, 11.84375, 11.875, 11.90625, 11.9375, 12.0, 12.09375, 12.125, 12.15625, 12.28125, 12.3125, 12.34375, 12.375, 12.40625, 12.46875, 12.5625, 12.65625, 12.8125, 12.84375, 13.0, 13.1875], "y": [0.0, 0.0, 0.1, 0.1, 0.2, 0.3, 0.5, 0.5, 0.6, 0.7, 0.7, 0.8, 0.9, 1.0, 1.1, 1.1, 1.2, 1.2, 1.3, 1.5, 1.6, 1.7, 1.7, 2.2, 2.2, 2.3, 2.3, 2.7, 2.8, 3.0, 3.2, 3.2, 3.3, 3.4, 3.6, 3.7, 3.7, 3.8, 3.9, 4.0, 4.1, 4.3, 5.5, 5.9, 6.2, 6.3, 6.6, 6.8, 6.9, 7.0, 7.3, 7.6, 7.8, 8.1, 9.2, 9.4, 9.7, 9.7, 9.8, 10.2, 10.3, 10.5, 11.1, 11.3, 11.7, 11.9, 12.3, 12.8, 13.2, 13.8, 13.9, 14.0, 16.5, 16.7, 17.1, 17.5, 18.0, 18.6, 19.2, 19.7, 20.1, 20.6, 21.2, 21.6, 21.7, 22.1, 23.9, 24.3, 24.8, 25.0, 25.3, 25.8, 26.2, 26.7, 29.2, 29.9, 30.8, 31.5, 32.4, 34.4, 35.1, 35.8, 36.4, 37.2, 40.5, 41.1, 42.0, 42.8, 43.7, 44.2, 45.0, 45.4, 45.8, 46.4, 46.9, 47.1, 47.6, 48.2, 51.5, 52.0, 53.0, 54.1, 54.4, 55.1, 55.3, 55.8, 57.4, 57.9, 58.8, 59.6, 60.7, 61.6, 62.5, 63.4, 64.0, 64.5, 67.5, 68.0, 68.6, 69.5, 70.3, 70.6, 71.3, 72.0, 72.8, 73.3, 73.8, 74.2, 74.6, 75.0, 77.1, 77.5, 78.3, 78.8, 79.3, 79.4, 79.7, 80.1, 81.7, 82.6, 83.2, 83.6, 84.3, 84.9, 85.2, 85.6, 85.9, 86.0, 88.4, 88.6, 88.9, 89.2, 89.5, 89.9, 90.3, 90.5, 90.7, 90.9, 91.0, 91.5, 91.9, 92.0, 92.6, 92.7, 92.9, 93.0, 93.1, 93.4, 93.6, 93.8, 94.6, 94.9, 95.0, 95.3, 95.6, 95.6, 95.7, 95.9, 96.0, 96.2, 97.2, 97.4, 97.5, 97.5, 97.7, 97.8, 97.9, 98.0, 98.1, 98.1, 98.2, 98.4, 98.8, 98.8, 98.9, 99.1, 99.1, 99.2, 99.3, 99.4, 99.4, 99.5, 99.7, 99.7, 99.8, 99.9, 100.0]}, "histogram": {"x": [0.0, 1.0, 2.0, 3.0, 4.0, 5.0, 6.0, 7.0, 8.0, 9.0, 10.0, 11.0, 12.0, 13.0, 14.0], "y": [7, 4, 1, 1, 4, 31, 117, 285, 529, 543, 344, 130, 30, 3, 0]}}