{"percentile": {"y": [0.0, 0.0, 0.1, 0.2, 0.2, 0.3, 0.3, 0.3, 0.4, 0.4, 0.4, 0.5, 0.5, 0.5, 0.5, 0.6, 0.6, 0.6, 0.7, 0.7, 0.7, 0.8, 0.8, 0.8, 0.8, 0.9, 0.9, 0.9, 1.0, 1.0, 1.1, 1.1, 1.2, 1.2, 1.3, 1.3, 1.4, 1.4, 1.4, 1.5, 1.5, 1.6, 1.6, 1.7, 1.8, 1.9, 1.9, 2.0, 2.0, 2.1, 2.2, 2.2, 2.3, 2.3, 2.7, 2.9, 3.0, 3.1, 3.1, 3.3, 3.4, 3.4, 3.7, 3.9, 4.1, 4.1, 4.3, 4.5, 4.7, 4.9, 5.1, 5.3, 6.2, 6.4, 6.8, 7.0, 7.3, 7.4, 7.5, 7.7, 8.0, 8.2, 8.3, 8.4, 9.5, 9.7, 9.9, 10.2, 10.5, 10.8, 11.0, 11.2, 12.1, 12.3, 12.7, 13.3, 13.6, 14.4, 14.7, 14.9, 15.3, 15.5, 17.9, 18.4, 19.4, 20.3, 20.8, 21.2, 21.8, 22.4, 22.9, 23.5, 24.0, 24.6, 27.2, 27.5, 27.9, 28.7, 29.2, 29.7, 30.1, 30.6, 32.6, 33.5, 34.1, 35.0, 35.6, 36.6, 37.3, 37.9, 38.6, 39.3, 42.8, 44.0, 45.0, 45.8, 47.0, 47.6, 48.5, 49.2, 50.0, 50.8, 51.7, 52.4, 55.7, 56.1, 56.9, 57.4, 58.4, 59.0, 59.4, 60.0, 61.9, 62.8, 63.6, 64.2, 65.0, 66.3, 66.9, 67.5, 68.2, 68.8, 72.5, 73.7, 74.5, 75.5, 76.3, 76.9, 77.6, 78.4, 79.2, 79.8, 80.4, 81.0, 83.0, 83.4, 83.9, 84.3, 84.6, 85.2, 85.5, 85.7, 86.7, 87.1, 87.8, 88.2, 88.5, 88.9, 89.3, 89.5, 89.9, 90.1, 92.1, 92.6, 92.9, 93.3, 93.7, 93.9, 94.1, 94.4, 94.7, 95.0, 95.2, 95.3, 95.9, 96.0, 96.0, 96.2, 96.2, 96.3, 96.5, 96.6, 96.8, 97.0, 97.1, 97.3, 97.3, 97.5, 97.6, 97.8, 98.0, 98.0, 98.3, 98.4, 98.5, 98.5, 98.7, 98.7, 98.8, 98.8, 98.9, 99.0, 99.0, 99.1, 99.2, 99.2, 99.3, 99.3, 99.3, 99.4, 99.4, 99.4, 99.4, 99.5, 99.5, 99.7, 99.7, 99.7, 99.7, 99.8, 99.8, 99.8, 99.8, 99.8, 99.9, 99.9, 99.9, 99.9, 100.0], "x": [0.03333333333333333, 0.26666666666666666, 0.3, 0.3333333333333333, 0.43333333333333335, 0.5, 0.6, 1.4333333333333333, 2.0, 2.2, 2.5, 3.0, 3.1333333333333333, 3.6, 4.2, 4.233333333333333, 4.3, 4.366666666666666, 4.4, 4.566666666666666, 4.6, 4.633333333333333, 4.7, 4.766666666666667, 4.9, 4.933333333333334, 4.966666666666667, 5.0, 5.033333333333333, 5.066666666666666, 5.1, 5.166666666666667, 5.2, 5.233333333333333, 5.266666666666667, 5.3, 5.333333333333333, 5.4, 5.433333333333334, 5.466666666666667, 5.5, 5.533333333333333, 5.6, 5.633333333333333, 5.666666666666667, 5.7, 5.766666666666667, 5.8, 5.833333333333333, 5.866666666666667, 5.9, 5.933333333333334, 5.966666666666667, 6.0, 6.033333333333333, 6.066666666666666, 6.1, 6.133333333333334, 6.166666666666667, 6.2, 6.233333333333333, 6.266666666666667, 6.3, 6.333333333333333, 6.366666666666666, 6.4, 6.433333333333334, 6.466666666666667, 6.5, 6.533333333333333, 6.566666666666666, 6.6, 6.633333333333333, 6.666666666666667, 6.7, 6.733333333333333, 6.766666666666667, 6.8, 6.833333333333333, 6.866666666666667, 6.9, 6.933333333333334, 6.966666666666667, 7.0, 7.033333333333333, 7.066666666666666, 7.1, 7.133333333333334, 7.166666666666667, 7.2, 7.233333333333333, 7.266666666666667, 7.3, 7.333333333333333, 7.366666666666666, 7.4, 7.433333333333334, 7.466666666666667, 7.5, 7.533333333333333, 7.566666666666666, 7.6, 7.633333333333333, 7.666666666666667, 7.7, 7.733333333333333, 7.766666666666667, 7.8, 7.833333333333333, 7.866666666666667, 7.9, 7.933333333333334, 7.966666666666667, 8.0, 8.033333333333333, 8.066666666666666, 8.1, 8.133333333333333, 8.166666666666666, 8.2, 8.233333333333333, 8.266666666666667, 8.3, 8.333333333333334, 8.366666666666667, 8.4, 8.433333333333334, 8.466666666666667, 8.5, 8.533333333333333, 8.566666666666666, 8.6, 8.633333333333333, 8.666666666666666, 8.7, 8.733333333333333, 8.766666666666667, 8.8, 8.833333333333334, 8.866666666666667, 8.9, 8.933333333333334, 8.966666666666667, 9.0, 9.033333333333333, 9.066666666666666, 9.1, 9.133333333333333, 9.166666666666666, 9.2, 9.233333333333333, 9.266666666666667, 9.3, 9.333333333333334, 9.366666666666667, 9.4, 9.433333333333334, 9.466666666666667, 9.5, 9.533333333333333, 9.566666666666666, 9.6, 9.633333333333333, 9.666666666666666, 9.7, 9.733333333333333, 9.766666666666667, 9.8, 9.833333333333334, 9.866666666666667, 9.9, 9.933333333333334, 9.966666666666667, 10.0, 10.033333333333333, 10.066666666666666, 10.1, 10.133333333333333, 10.166666666666666, 10.2, 10.233333333333333, 10.266666666666667, 10.3, 10.333333333333334, 10.366666666666667, 10.4, 10.433333333333334, 10.466666666666667, 10.5, 10.533333333333333, 10.566666666666666, 10.6, 10.633333333333333, 10.666666666666666, 10.7, 10.733333333333333, 10.766666666666667, 10.8, 10.833333333333334, 10.866666666666667, 10.9, 10.933333333333334, 10.966666666666667, 11.0, 11.033333333333333, 11.066666666666666, 11.1, 11.133333333333333, 11.166666666666666, 11.2, 11.233333333333333, 11.266666666666667, 11.3, 11.333333333333334, 11.366666666666667, 11.4, 11.433333333333334, 11.466666666666667, 11.5, 11.533333333333333, 11.566666666666666, 11.6, 11.633333333333333, 11.666666666666666, 11.7, 11.733333333333333, 11.766666666666667, 11.8, 11.833333333333334, 11.866666666666667, 11.933333333333334, 11.966666666666667, 12.0, 12.033333333333333, 12.1, 12.266666666666667, 12.3, 12.333333333333334, 12.366666666666667, 12.4, 12.433333333333334, 12.5, 12.533333333333333, 12.566666666666666, 12.6, 12.7, 12.733333333333333, 12.766666666666667, 12.866666666666667, 12.9, 13.2, 13.333333333333334, 13.433333333333334, 13.5, 13.533333333333333, 13.6, 13.633333333333333, 13.733333333333333, 13.966666666666667]}, "histogram": {"y": [18, 1, 5, 4, 19, 66, 290, 764, 1321, 1355, 681, 174, 37, 9, 0, 0], "x": [0.0, 1.0, 2.0, 3.0, 4.0, 5.0, 6.0, 7.0, 8.0, 9.0, 10.0, 11.0, 12.0, 13.0, 14.0, 15.0]}}