{"percentile": {"y": [0.0, 0.3, 0.4, 0.6, 0.7, 0.9, 1.1, 1.2, 1.4, 1.5, 1.7, 2.0, 2.3, 2.5, 2.7, 2.8, 3.0, 3.1, 3.3, 3.4, 3.9, 4.2, 4.4, 4.6, 4.7, 4.9, 5.2, 5.4, 5.5, 5.7, 6.0, 6.2, 6.8, 7.1, 7.4, 8.1, 8.4, 8.7, 9.0, 9.5, 9.8, 10.1, 10.6, 10.8, 11.2, 11.6, 12.2, 12.4, 12.7, 14.4, 15.1, 15.5, 15.7, 16.0, 16.6, 16.8, 17.0, 17.6, 18.2, 18.7, 18.9, 19.0, 19.5, 21.4, 21.9, 22.5, 22.7, 23.2, 23.5, 23.8, 24.9, 25.4, 25.7, 26.7, 27.9, 28.7, 29.4, 30.3, 31.3, 31.9, 34.9, 35.4, 36.4, 37.0, 38.1, 38.7, 39.5, 40.2, 40.8, 41.1, 41.8, 41.9, 42.7, 43.5, 47.6, 48.3, 48.9, 49.4, 50.7, 51.3, 51.5, 52.3, 53.4, 54.6, 55.4, 56.5, 56.9, 57.7, 58.3, 58.9, 60.8, 61.6, 63.9, 65.0, 66.6, 66.9, 67.5, 67.8, 68.6, 69.4, 69.6, 70.2, 70.4, 70.9, 71.3, 72.1, 74.0, 74.4, 74.7, 75.1, 75.3, 76.1, 76.7, 76.9, 78.5, 79.8, 80.7, 82.0, 82.3, 82.6, 82.8, 83.1, 83.4, 83.6, 85.3, 86.4, 86.9, 87.4, 87.7, 88.2, 88.5, 88.7, 89.3, 89.6, 90.1, 90.3, 90.4, 90.6, 91.5, 91.7, 92.0, 92.3, 92.6, 93.3, 93.7, 94.4, 94.5, 94.7, 94.9, 95.3, 95.5, 96.1, 96.3, 96.8, 96.9, 97.1, 97.4, 97.6, 97.9, 98.0, 98.2, 98.4, 98.5, 98.7, 98.8, 99.0, 99.3, 99.5, 99.6, 99.8, 100.0], "x": [0.03125, 0.21875, 0.28125, 0.46875, 4.25, 4.5625, 5.0625, 5.6875, 5.75, 6.0, 6.09375, 6.125, 6.1875, 6.25, 6.28125, 6.34375, 6.375, 6.40625, 6.53125, 6.5625, 6.59375, 6.65625, 6.6875, 6.71875, 6.75, 6.78125, 6.8125, 6.84375, 6.90625, 6.9375, 6.96875, 7.0, 7.03125, 7.0625, 7.09375, 7.125, 7.15625, 7.21875, 7.25, 7.28125, 7.3125, 7.34375, 7.375, 7.40625, 7.4375, 7.46875, 7.5, 7.53125, 7.5625, 7.59375, 7.625, 7.65625, 7.6875, 7.71875, 7.75, 7.78125, 7.8125, 7.84375, 7.875, 7.90625, 7.9375, 7.96875, 8.0, 8.03125, 8.0625, 8.09375, 8.125, 8.1875, 8.21875, 8.25, 8.28125, 8.3125, 8.34375, 8.375, 8.40625, 8.4375, 8.46875, 8.5, 8.53125, 8.5625, 8.59375, 8.625, 8.65625, 8.6875, 8.71875, 8.75, 8.78125, 8.8125, 8.84375, 8.875, 8.90625, 8.9375, 8.96875, 9.0, 9.03125, 9.0625, 9.09375, 9.125, 9.15625, 9.1875, 9.21875, 9.25, 9.28125, 9.3125, 9.34375, 9.375, 9.40625, 9.4375, 9.46875, 9.5, 9.53125, 9.5625, 9.59375, 9.625, 9.65625, 9.6875, 9.71875, 9.75, 9.78125, 9.8125, 9.84375, 9.875, 9.90625, 9.9375, 9.96875, 10.0, 10.03125, 10.0625, 10.09375, 10.125, 10.15625, 10.1875, 10.21875, 10.25, 10.28125, 10.3125, 10.34375, 10.375, 10.40625, 10.4375, 10.46875, 10.5, 10.53125, 10.5625, 10.59375, 10.625, 10.65625, 10.6875, 10.71875, 10.75, 10.78125, 10.8125, 10.84375, 10.875, 10.90625, 10.9375, 10.96875, 11.0, 11.03125, 11.0625, 11.09375, 11.125, 11.25, 11.28125, 11.3125, 11.34375, 11.375, 11.40625, 11.4375, 11.5, 11.5625, 11.59375, 11.625, 11.75, 11.84375, 11.875, 12.0, 12.0625, 12.15625, 12.1875, 12.34375, 12.375, 12.46875, 12.5, 12.625, 12.71875, 12.8125, 12.84375, 12.90625, 13.0625, 13.75]}, "histogram": {"y": [5, 0, 0, 0, 2, 3, 29, 84, 151, 180, 116, 43, 15, 2, 0], "x": [0.0, 1.0, 2.0, 3.0, 4.0, 5.0, 6.0, 7.0, 8.0, 9.0, 10.0, 11.0, 12.0, 13.0, 14.0]}}