{"histogram": {"y": [3, 1, 1, 4, 10, 50, 119, 201, 151, 82, 39, 6, 2, 0], "x": [0.0, 1.0, 2.0, 3.0, 4.0, 5.0, 6.0, 7.0, 8.0, 9.0, 10.0, 11.0, 12.0, 13.0]}, "percentile": {"y": [0.0, 0.1, 0.2, 0.4, 0.5, 0.7, 0.8, 1.0, 1.1, 1.3, 1.4, 1.6, 1.7, 1.9, 2.0, 2.3, 2.5, 2.6, 2.8, 3.1, 3.4, 3.5, 3.7, 3.8, 4.3, 4.7, 4.9, 5.5, 5.6, 5.9, 6.1, 6.7, 6.8, 7.0, 8.0, 8.2, 8.3, 8.5, 8.8, 8.9, 9.4, 9.8, 10.0, 10.1, 10.3, 12.5, 13.1, 14.0, 14.5, 14.8, 15.1, 15.2, 15.8, 16.6, 16.9, 17.6, 18.5, 18.8, 19.4, 19.6, 20.5, 21.4, 21.5, 23.6, 24.4, 24.8, 25.2, 26.0, 26.1, 26.7, 26.9, 27.2, 27.6, 27.8, 27.9, 28.1, 31.1, 32.4, 33.3, 35.3, 36.2, 37.1, 38.1, 39.3, 40.1, 42.0, 43.1, 44.0, 44.6, 45.9, 46.5, 47.3, 48.2, 48.8, 51.3, 52.2, 52.9, 53.8, 54.4, 54.9, 55.5, 56.2, 56.8, 57.4, 57.7, 57.9, 58.2, 59.5, 60.1, 60.7, 62.2, 63.3, 64.5, 65.2, 66.1, 68.2, 69.0, 69.4, 70.2, 71.1, 71.5, 71.8, 72.4, 73.0, 75.1, 75.5, 76.4, 76.9, 77.5, 77.8, 78.5, 78.8, 79.0, 79.1, 80.0, 80.3, 80.8, 81.5, 82.1, 82.3, 82.9, 83.3, 83.8, 84.2, 84.4, 85.7, 86.3, 86.5, 86.6, 87.2, 87.7, 88.0, 88.1, 88.4, 88.9, 89.3, 89.8, 90.4, 90.7, 91.1, 91.6, 91.9, 92.0, 92.3, 93.1, 94.1, 94.3, 94.4, 94.6, 94.7, 95.0, 95.5, 95.8, 95.9, 96.1, 96.2, 96.7, 96.8, 97.6, 97.7, 97.9, 98.0, 98.2, 98.3, 98.5, 98.6, 98.9, 99.1, 99.2, 99.5, 99.7, 99.8, 100.0], "x": [0.0625, 0.3125, 0.46875, 1.15625, 2.0, 3.125, 3.75, 3.875, 3.96875, 4.125, 4.25, 4.34375, 4.4375, 4.53125, 4.5625, 4.71875, 4.75, 4.96875, 5.0, 5.03125, 5.0625, 5.09375, 5.125, 5.15625, 5.1875, 5.25, 5.28125, 5.34375, 5.375, 5.40625, 5.46875, 5.5, 5.53125, 5.5625, 5.625, 5.71875, 5.75, 5.78125, 5.8125, 5.84375, 5.875, 5.90625, 5.9375, 5.96875, 6.0, 6.03125, 6.0625, 6.09375, 6.125, 6.15625, 6.1875, 6.21875, 6.25, 6.28125, 6.3125, 6.34375, 6.375, 6.40625, 6.4375, 6.46875, 6.5, 6.53125, 6.5625, 6.59375, 6.625, 6.6875, 6.71875, 6.75, 6.78125, 6.8125, 6.84375, 6.875, 6.90625, 6.9375, 6.96875, 7.0, 7.03125, 7.0625, 7.09375, 7.125, 7.15625, 7.1875, 7.21875, 7.25, 7.28125, 7.3125, 7.34375, 7.375, 7.40625, 7.4375, 7.46875, 7.5, 7.53125, 7.5625, 7.59375, 7.625, 7.65625, 7.6875, 7.71875, 7.78125, 7.8125, 7.84375, 7.875, 7.90625, 7.9375, 7.96875, 8.0, 8.03125, 8.0625, 8.09375, 8.125, 8.15625, 8.1875, 8.21875, 8.25, 8.28125, 8.34375, 8.375, 8.40625, 8.4375, 8.46875, 8.5, 8.53125, 8.5625, 8.59375, 8.625, 8.65625, 8.6875, 8.71875, 8.75, 8.78125, 8.8125, 8.84375, 8.90625, 8.9375, 8.96875, 9.0, 9.03125, 9.0625, 9.09375, 9.125, 9.15625, 9.1875, 9.21875, 9.25, 9.28125, 9.3125, 9.34375, 9.375, 9.40625, 9.4375, 9.46875, 9.5, 9.53125, 9.5625, 9.59375, 9.6875, 9.71875, 9.78125, 9.84375, 9.875, 9.90625, 9.9375, 9.96875, 10.0, 10.03125, 10.09375, 10.125, 10.15625, 10.1875, 10.21875, 10.25, 10.375, 10.40625, 10.4375, 10.46875, 10.53125, 10.5625, 10.59375, 10.625, 10.65625, 10.6875, 10.71875, 10.78125, 10.8125, 10.90625, 11.0, 11.125, 11.53125, 11.75, 11.90625, 12.15625, 12.1875]}}