{"percentile": {"x": [6.25, 6.53125, 6.5625, 6.59375, 6.625, 6.8125, 6.90625, 6.96875, 7.0, 7.0625, 7.15625, 7.21875, 7.46875, 7.53125, 7.5625, 7.59375, 7.65625, 7.78125, 7.875, 8.0, 8.0625, 8.09375, 8.25, 8.28125, 8.4375, 8.53125, 8.5625, 8.59375, 8.625, 8.75, 8.78125, 8.84375, 8.90625, 9.0, 9.03125, 9.09375, 9.125, 9.15625, 9.1875, 9.21875, 9.34375, 9.375, 9.40625, 9.5625, 9.65625, 9.84375, 10.0, 10.25, 10.28125, 10.375, 10.5625, 10.84375, 10.875, 11.125, 11.5625, 11.78125, 12.0, 12.40625], "y": [0.0, 1.2, 2.5, 5.1, 7.6, 8.9, 10.2, 11.5, 12.8, 14.1, 15.3, 16.6, 17.9, 19.2, 20.5, 21.7, 23.0, 26.9, 28.2, 29.4, 30.7, 32.0, 33.3, 41.0, 42.3, 43.5, 44.8, 47.4, 48.7, 50.0, 52.5, 55.1, 57.6, 58.9, 62.8, 64.1, 66.6, 67.9, 70.5, 71.7, 73.0, 74.3, 75.6, 76.9, 80.7, 82.0, 83.3, 87.1, 88.4, 89.7, 91.0, 92.3, 93.5, 94.8, 96.1, 97.4, 98.7, 100.0]}, "histogram": {"x": [6.0, 7.0, 8.0, 9.0, 10.0, 11.0, 12.0, 13.0], "y": [10, 13, 23, 19, 9, 3, 2, 0]}}