{"percentile": {"y": [0.0, 3.7, 7.4, 11.1, 14.8, 18.5, 22.2, 25.9, 33.3, 37.0, 40.7, 44.4, 48.1, 51.8, 55.5, 59.2, 62.9, 66.6, 77.7, 81.4, 85.1, 88.8, 92.5, 96.2, 100.0], "x": [2.0, 4.40625, 4.71875, 5.0625, 5.8125, 6.0, 6.125, 7.0, 7.03125, 7.09375, 7.15625, 7.21875, 7.25, 7.3125, 7.40625, 7.5625, 7.625, 7.6875, 8.0, 8.15625, 8.25, 8.3125, 8.375, 8.5625, 10.46875]}, "histogram": {"y": [1, 0, 2, 2, 2, 14, 6, 0, 1, 0, 0], "x": [2.0, 3.0, 4.0, 5.0, 6.0, 7.0, 8.0, 9.0, 10.0, 11.0, 12.0]}}