{"histogram": {"x": [0.0, 1.0, 2.0, 3.0, 4.0, 5.0, 6.0, 7.0, 8.0, 9.0, 10.0, 11.0, 12.0, 13.0], "y": [1, 0, 0, 0, 1, 6, 20, 59, 138, 130, 75, 40, 6, 0]}, "percentile": {"x": [0.21875, 4.4375, 5.25, 5.5625, 5.65625, 5.9375, 5.96875, 6.0625, 6.09375, 6.125, 6.1875, 6.28125, 6.3125, 6.375, 6.53125, 6.5625, 6.6875, 6.78125, 6.8125, 6.84375, 6.875, 6.9375, 7.0, 7.0625, 7.09375, 7.125, 7.15625, 7.25, 7.3125, 7.34375, 7.375, 7.40625, 7.4375, 7.46875, 7.5, 7.5625, 7.59375, 7.75, 7.78125, 7.8125, 7.84375, 7.875, 7.90625, 7.9375, 7.96875, 8.0, 8.03125, 8.0625, 8.09375, 8.125, 8.15625, 8.1875, 8.25, 8.28125, 8.3125, 8.34375, 8.375, 8.40625, 8.4375, 8.46875, 8.5, 8.53125, 8.5625, 8.59375, 8.625, 8.65625, 8.6875, 8.71875, 8.75, 8.78125, 8.8125, 8.84375, 8.90625, 8.9375, 8.96875, 9.0, 9.03125, 9.0625, 9.125, 9.15625, 9.1875, 9.21875, 9.25, 9.28125, 9.3125, 9.34375, 9.375, 9.40625, 9.4375, 9.46875, 9.5, 9.53125, 9.5625, 9.59375, 9.625, 9.65625, 9.6875, 9.71875, 9.75, 9.78125, 9.8125, 9.875, 9.90625, 9.9375, 9.96875, 10.0, 10.03125, 10.0625, 10.125, 10.21875, 10.25, 10.28125, 10.3125, 10.375, 10.40625, 10.46875, 10.5625, 10.59375, 10.625, 10.65625, 10.6875, 10.75, 10.78125, 10.8125, 10.84375, 10.875, 10.90625, 11.0, 11.09375, 11.125, 11.15625, 11.1875, 11.21875, 11.25, 11.3125, 11.34375, 11.375, 11.40625, 11.5625, 11.59375, 11.625, 11.75, 11.8125, 11.90625, 12.0, 12.15625, 12.5625, 12.65625, 12.84375], "y": [0.0, 0.2, 0.4, 0.6, 0.8, 1.0, 1.2, 1.6, 2.1, 2.3, 2.5, 2.9, 3.1, 3.5, 3.7, 4.0, 4.2, 4.4, 4.8, 5.2, 5.4, 5.6, 5.8, 6.7, 6.9, 7.1, 7.3, 7.7, 9.6, 10.1, 10.3, 10.9, 11.1, 11.3, 12.2, 12.8, 14.1, 14.5, 14.7, 14.9, 15.3, 16.2, 16.4, 17.0, 17.6, 18.3, 20.4, 20.8, 21.2, 21.6, 22.3, 22.5, 23.1, 25.4, 26.9, 27.3, 28.2, 29.0, 30.9, 31.7, 32.0, 32.4, 32.8, 36.0, 37.8, 38.5, 39.5, 40.2, 42.1, 42.5, 43.3, 44.2, 45.4, 46.1, 46.9, 47.3, 50.7, 51.3, 51.7, 52.2, 52.6, 53.0, 53.6, 56.2, 57.2, 58.5, 59.5, 60.0, 61.0, 61.4, 62.3, 62.7, 63.3, 67.3, 67.7, 69.0, 69.6, 70.3, 70.9, 71.5, 72.2, 72.8, 73.6, 73.8, 74.5, 74.7, 76.6, 77.2, 78.5, 78.9, 79.3, 80.6, 80.8, 81.4, 82.1, 83.1, 83.5, 85.0, 85.8, 86.7, 87.1, 87.3, 88.0, 88.2, 88.8, 89.0, 89.4, 90.5, 92.4, 92.6, 93.2, 93.6, 94.3, 94.5, 95.3, 95.7, 96.0, 96.8, 97.0, 97.8, 98.1, 98.3, 98.5, 98.7, 98.9, 99.1, 99.3, 99.7, 100.0]}}