{"percentile": {"y": [0.0, 0.8, 3.5, 4.4, 5.3, 6.2, 8.0, 8.9, 10.7, 12.5, 13.3, 17.8, 20.5, 22.3, 23.2, 25.0, 25.8, 27.6, 30.3, 32.1, 35.7, 36.6, 37.5, 38.3, 39.2, 42.8, 45.5, 48.2, 49.1, 50.0, 50.8, 52.6, 56.2, 57.1, 58.9, 60.7, 61.6, 64.2, 66.0, 67.8, 68.7, 69.6, 70.5, 73.2, 74.1, 75.8, 76.7, 77.6, 78.5, 79.4, 83.9, 85.7, 88.3, 90.1, 91.0, 92.8, 93.7, 94.6, 95.5, 96.4, 97.3, 98.2, 99.1, 100.0], "x": [5.6, 6.0, 6.266666666666667, 6.3, 6.6, 6.633333333333333, 6.666666666666667, 6.733333333333333, 6.833333333333333, 6.933333333333334, 7.0, 7.033333333333333, 7.1, 7.2, 7.266666666666667, 7.4, 7.533333333333333, 7.6, 7.633333333333333, 7.666666666666667, 7.8, 7.9, 7.933333333333334, 7.966666666666667, 8.0, 8.133333333333333, 8.2, 8.3, 8.366666666666667, 8.4, 8.5, 8.6, 8.633333333333333, 8.666666666666666, 8.7, 8.733333333333333, 8.766666666666667, 8.8, 8.833333333333334, 8.866666666666667, 8.9, 8.966666666666667, 9.0, 9.033333333333333, 9.066666666666666, 9.1, 9.166666666666666, 9.4, 9.5, 9.6, 9.666666666666666, 9.733333333333333, 9.833333333333334, 9.9, 10.0, 10.333333333333334, 10.4, 10.5, 10.6, 10.666666666666666, 10.766666666666667, 10.966666666666667, 11.0, 11.266666666666667]}, "histogram": {"y": [1, 14, 29, 35, 23, 9, 2], "x": [5.0, 6.0, 7.0, 8.0, 9.0, 10.0, 11.0]}}