{"percentile": {"x": [6.0625, 6.34375, 6.5625, 6.8125, 6.875, 6.90625, 7.0, 7.125, 7.28125, 7.3125, 7.34375, 7.40625, 7.4375, 7.5, 7.5625, 7.625, 7.65625, 7.78125, 7.875, 7.96875, 8.0, 8.0625, 8.125, 8.15625, 8.1875, 8.25, 8.28125, 8.3125, 8.34375, 8.375, 8.40625, 8.4375, 8.46875, 8.5, 8.5625, 8.59375, 8.6875, 8.78125, 8.8125, 8.84375, 8.875, 8.90625, 9.0, 9.09375, 9.125, 9.25, 9.3125, 9.34375, 9.375, 9.40625, 9.46875, 9.5, 9.5625, 9.625, 9.65625, 9.6875, 9.71875, 9.75, 9.78125, 9.84375, 9.875, 9.90625, 9.9375, 9.96875, 10.0, 10.03125, 10.0625, 10.09375, 10.125, 10.28125, 10.3125, 10.34375, 10.375, 10.40625, 10.4375, 10.5625, 10.59375, 10.625, 10.65625, 10.6875, 10.71875, 10.84375, 10.90625, 10.9375, 11.0, 11.25, 11.4375, 11.71875, 11.8125, 11.84375, 11.875, 12.25, 12.28125, 12.5625], "y": [0.0, 0.6, 1.3, 2.0, 3.3, 4.0, 5.3, 6.0, 6.7, 7.3, 8.0, 8.7, 9.3, 10.0, 10.7, 12.7, 13.4, 14.7, 15.4, 17.4, 18.1, 20.8, 22.1, 22.8, 24.1, 25.5, 27.5, 28.1, 28.8, 29.5, 31.5, 33.5, 34.2, 36.2, 36.9, 42.2, 42.9, 43.6, 44.2, 44.9, 46.9, 47.6, 48.3, 50.3, 51.0, 53.6, 56.3, 57.0, 59.0, 60.4, 61.0, 61.7, 63.0, 63.7, 64.4, 65.7, 66.4, 67.7, 69.1, 69.7, 70.4, 71.1, 71.8, 72.4, 73.1, 75.1, 75.8, 76.5, 77.1, 78.5, 79.1, 79.8, 81.2, 82.5, 83.8, 84.5, 85.9, 87.2, 87.9, 88.5, 89.2, 89.9, 90.6, 91.2, 91.9, 93.2, 94.6, 95.9, 96.6, 97.3, 97.9, 98.6, 99.3, 100.0]}, "histogram": {"x": [6.0, 7.0, 8.0, 9.0, 10.0, 11.0, 12.0, 13.0], "y": [8, 19, 45, 37, 28, 10, 3, 0]}}