{"histogram": {"y": [35, 192, 104, 47, 8, 0, 0], "x": [9.0, 10.0, 11.0, 12.0, 13.0, 14.0, 15.0]}, "percentile": {"y": [0.0, 0.2, 0.5, 1.0, 1.8, 2.0, 2.8, 3.8, 4.1, 4.6, 4.9, 5.1, 6.2, 6.7, 7.5, 8.8, 9.0, 12.7, 13.7, 16.8, 17.6, 19.4, 22.8, 23.8, 25.7, 28.0, 29.3, 30.1, 31.6, 32.9, 35.0, 38.1, 38.4, 39.2, 41.0, 45.9, 47.0, 48.0, 50.1, 51.1, 52.2, 52.9, 53.7, 54.8, 55.0, 55.5, 56.1, 57.9, 58.9, 61.2, 62.0, 63.3, 64.4, 65.9, 66.7, 67.5, 67.7, 70.9, 72.2, 72.9, 74.0, 74.2, 74.8, 75.3, 76.6, 77.1, 79.4, 80.5, 81.5, 81.8, 82.5, 82.8, 83.1, 84.1, 84.4, 84.9, 85.7, 85.9, 88.0, 88.3, 88.8, 89.0, 89.3, 90.1, 90.6, 90.9, 91.6, 91.9, 92.2, 92.7, 92.9, 93.2, 94.5, 95.3, 95.8, 96.1, 96.6, 97.1, 97.6, 97.9, 98.1, 98.4, 98.7, 98.9, 99.2, 99.4, 100.0], "x": [9.21875, 9.25, 9.34375, 9.46875, 9.5, 9.5625, 9.59375, 9.625, 9.65625, 9.71875, 9.75, 9.78125, 9.8125, 9.875, 9.90625, 9.9375, 10.0, 10.03125, 10.0625, 10.09375, 10.125, 10.15625, 10.1875, 10.21875, 10.25, 10.28125, 10.3125, 10.34375, 10.375, 10.40625, 10.4375, 10.46875, 10.5, 10.53125, 10.5625, 10.59375, 10.625, 10.65625, 10.6875, 10.71875, 10.75, 10.78125, 10.8125, 10.84375, 10.875, 10.90625, 10.9375, 10.96875, 11.0, 11.03125, 11.0625, 11.09375, 11.125, 11.15625, 11.1875, 11.21875, 11.25, 11.28125, 11.34375, 11.375, 11.40625, 11.4375, 11.46875, 11.5, 11.53125, 11.5625, 11.59375, 11.625, 11.65625, 11.6875, 11.71875, 11.75, 11.78125, 11.8125, 11.84375, 11.875, 11.90625, 12.0, 12.03125, 12.0625, 12.09375, 12.125, 12.1875, 12.25, 12.28125, 12.3125, 12.375, 12.40625, 12.4375, 12.5, 12.53125, 12.5625, 12.59375, 12.65625, 12.6875, 12.71875, 12.78125, 12.8125, 12.90625, 12.9375, 13.0, 13.03125, 13.1875, 13.21875, 13.25, 13.28125, 13.5625]}}