{"histogram": {"x": [4.0, 5.0, 6.0, 7.0, 8.0, 9.0, 10.0, 11.0, 12.0], "y": [5, 32, 60, 63, 52, 20, 11, 6, 0]}, "percentile": {"x": [4.375, 4.4375, 4.53125, 4.5625, 4.71875, 5.0, 5.03125, 5.125, 5.15625, 5.25, 5.28125, 5.3125, 5.34375, 5.375, 5.40625, 5.4375, 5.5, 5.53125, 5.5625, 5.625, 5.71875, 5.8125, 5.875, 5.90625, 5.9375, 6.0, 6.0625, 6.09375, 6.125, 6.15625, 6.1875, 6.21875, 6.25, 6.28125, 6.34375, 6.375, 6.40625, 6.4375, 6.46875, 6.5, 6.5625, 6.59375, 6.625, 6.6875, 6.71875, 6.75, 6.78125, 6.84375, 6.875, 6.90625, 7.0, 7.03125, 7.0625, 7.09375, 7.125, 7.15625, 7.1875, 7.21875, 7.25, 7.28125, 7.3125, 7.34375, 7.40625, 7.4375, 7.46875, 7.5, 7.53125, 7.5625, 7.625, 7.65625, 7.6875, 7.75, 7.78125, 7.875, 7.9375, 8.0, 8.03125, 8.0625, 8.09375, 8.125, 8.15625, 8.1875, 8.21875, 8.25, 8.28125, 8.3125, 8.34375, 8.375, 8.40625, 8.4375, 8.46875, 8.53125, 8.5625, 8.625, 8.6875, 8.71875, 8.75, 8.84375, 8.875, 8.9375, 8.96875, 9.0, 9.03125, 9.0625, 9.15625, 9.25, 9.28125, 9.3125, 9.34375, 9.40625, 9.4375, 9.5625, 9.625, 9.71875, 9.84375, 9.875, 10.03125, 10.125, 10.3125, 10.40625, 10.53125, 10.5625, 10.6875, 10.84375, 11.0, 11.03125, 11.0625, 11.28125, 11.5625, 11.625], "y": [0.0, 0.4, 0.8, 1.2, 1.6, 2.0, 2.4, 3.2, 4.4, 4.8, 7.2, 7.6, 8.0, 8.4, 8.8, 9.2, 9.6, 10.0, 10.4, 12.0, 12.5, 12.9, 13.3, 14.1, 14.5, 14.9, 16.9, 17.3, 17.7, 18.9, 20.5, 20.9, 21.7, 22.9, 23.3, 25.0, 25.4, 26.6, 27.4, 27.8, 28.6, 31.8, 32.2, 33.4, 34.6, 36.2, 37.0, 37.9, 38.3, 38.7, 39.1, 42.3, 43.5, 44.3, 45.1, 46.7, 47.5, 49.1, 49.5, 51.2, 51.6, 53.6, 54.8, 56.0, 56.8, 57.6, 58.0, 58.4, 59.2, 60.8, 61.6, 62.5, 62.9, 63.7, 64.1, 64.5, 66.9, 67.7, 68.1, 68.9, 69.7, 70.1, 70.5, 71.3, 72.5, 72.9, 74.1, 75.0, 75.8, 77.4, 77.8, 78.6, 79.8, 81.0, 81.4, 82.2, 82.6, 83.0, 83.4, 83.8, 84.6, 85.4, 86.2, 86.6, 87.0, 87.5, 88.7, 89.1, 89.9, 90.3, 90.7, 91.1, 91.9, 92.3, 92.7, 93.1, 93.5, 94.3, 94.7, 95.5, 95.9, 96.3, 97.1, 97.5, 97.9, 98.3, 98.7, 99.1, 99.5, 100.0]}}