{"histogram": {"x": [0.0, 1.0, 2.0, 3.0, 4.0, 5.0, 6.0, 7.0, 8.0, 9.0, 10.0, 11.0, 12.0, 13.0, 14.0, 15.0, 16.0, 17.0], "y": [1, 0, 0, 1, 1, 10, 26, 60, 113, 126, 92, 40, 7, 4, 0, 1, 0, 0]}, "percentile": {"x": [0.28125, 3.25, 4.71875, 5.375, 5.53125, 5.5625, 5.65625, 5.71875, 5.90625, 6.0, 6.34375, 6.40625, 6.4375, 6.46875, 6.5, 6.5625, 6.59375, 6.6875, 6.75, 6.78125, 6.8125, 6.84375, 6.875, 6.90625, 6.96875, 7.0, 7.03125, 7.09375, 7.15625, 7.1875, 7.25, 7.28125, 7.3125, 7.34375, 7.40625, 7.4375, 7.46875, 7.5, 7.53125, 7.5625, 7.59375, 7.625, 7.65625, 7.6875, 7.75, 7.78125, 7.8125, 7.84375, 7.875, 7.90625, 8.0, 8.03125, 8.09375, 8.15625, 8.1875, 8.25, 8.28125, 8.3125, 8.34375, 8.375, 8.40625, 8.4375, 8.46875, 8.5, 8.53125, 8.5625, 8.59375, 8.625, 8.65625, 8.6875, 8.75, 8.78125, 8.8125, 8.84375, 8.875, 8.90625, 8.9375, 8.96875, 9.0, 9.03125, 9.0625, 9.09375, 9.125, 9.15625, 9.1875, 9.21875, 9.25, 9.28125, 9.3125, 9.34375, 9.375, 9.40625, 9.4375, 9.46875, 9.5, 9.53125, 9.5625, 9.59375, 9.625, 9.65625, 9.6875, 9.71875, 9.75, 9.78125, 9.8125, 9.84375, 9.875, 9.90625, 9.96875, 10.0, 10.03125, 10.0625, 10.09375, 10.125, 10.15625, 10.1875, 10.25, 10.28125, 10.3125, 10.375, 10.40625, 10.4375, 10.46875, 10.5, 10.5625, 10.59375, 10.625, 10.65625, 10.6875, 10.71875, 10.75, 10.8125, 10.875, 10.90625, 10.9375, 11.0, 11.03125, 11.0625, 11.09375, 11.15625, 11.25, 11.3125, 11.34375, 11.375, 11.40625, 11.46875, 11.5, 11.5625, 11.65625, 11.6875, 11.78125, 11.8125, 11.84375, 11.90625, 11.96875, 12.09375, 12.25, 12.5625, 12.71875, 12.84375, 13.125, 13.15625, 13.375, 13.4375, 15.625], "y": [0.0, 0.2, 0.4, 0.6, 0.8, 1.4, 1.8, 2.0, 2.4, 2.7, 3.1, 3.3, 3.5, 3.7, 3.9, 4.1, 5.4, 5.8, 6.0, 6.4, 6.6, 6.8, 7.2, 7.4, 7.9, 8.1, 8.7, 9.1, 9.7, 9.9, 10.6, 10.8, 11.2, 11.4, 12.0, 12.4, 13.0, 13.7, 14.1, 14.5, 15.8, 16.8, 17.4, 17.6, 18.5, 18.9, 19.3, 19.9, 20.1, 20.3, 20.5, 22.2, 22.4, 23.2, 24.1, 24.3, 26.6, 27.4, 28.0, 29.3, 29.7, 30.9, 31.3, 31.8, 32.2, 32.4, 35.5, 36.1, 37.4, 38.4, 39.7, 40.3, 40.7, 41.3, 41.9, 42.4, 43.2, 43.8, 44.0, 46.3, 46.7, 47.1, 47.8, 48.6, 49.2, 50.1, 50.5, 51.5, 52.3, 53.4, 54.4, 55.5, 57.3, 57.5, 58.2, 58.4, 59.0, 62.9, 64.0, 64.6, 65.0, 65.4, 66.7, 66.9, 67.5, 67.9, 69.0, 69.6, 70.0, 70.2, 72.5, 73.3, 73.8, 74.0, 74.2, 75.2, 75.4, 78.5, 79.4, 80.0, 80.2, 81.7, 82.1, 82.7, 83.1, 85.2, 85.8, 86.0, 86.4, 86.6, 86.9, 87.7, 88.3, 88.5, 88.9, 89.3, 91.4, 91.6, 91.8, 92.0, 92.7, 92.9, 93.3, 93.5, 94.5, 94.8, 95.0, 95.2, 95.8, 96.0, 96.2, 96.4, 97.0, 97.2, 97.5, 97.7, 97.9, 98.1, 98.7, 98.9, 99.1, 99.3, 99.5, 99.7, 100.0]}}