{"histogram": {"x": [0.0, 1.0, 2.0, 3.0, 4.0, 5.0, 6.0, 7.0, 8.0, 9.0, 10.0, 11.0, 12.0, 13.0, 14.0], "y": [9, 1, 1, 5, 17, 53, 187, 255, 244, 147, 63, 15, 3, 0, 0]}, "percentile": {"x": [0.03125, 0.0625, 0.25, 0.40625, 0.5625, 1.0625, 2.40625, 3.0, 3.0625, 3.125, 3.375, 4.03125, 4.125, 4.1875, 4.28125, 4.40625, 4.4375, 4.5625, 4.59375, 4.65625, 4.71875, 4.90625, 4.9375, 4.96875, 5.0, 5.0625, 5.09375, 5.15625, 5.1875, 5.21875, 5.25, 5.28125, 5.3125, 5.34375, 5.40625, 5.46875, 5.5, 5.5625, 5.59375, 5.625, 5.65625, 5.6875, 5.78125, 5.84375, 5.875, 5.90625, 5.9375, 5.96875, 6.0, 6.03125, 6.0625, 6.09375, 6.125, 6.15625, 6.1875, 6.21875, 6.25, 6.28125, 6.3125, 6.34375, 6.375, 6.40625, 6.4375, 6.46875, 6.5, 6.53125, 6.5625, 6.59375, 6.625, 6.65625, 6.6875, 6.71875, 6.75, 6.78125, 6.8125, 6.84375, 6.875, 6.90625, 6.9375, 6.96875, 7.0, 7.03125, 7.0625, 7.09375, 7.125, 7.15625, 7.1875, 7.21875, 7.25, 7.28125, 7.3125, 7.34375, 7.375, 7.40625, 7.4375, 7.46875, 7.5, 7.5625, 7.59375, 7.625, 7.65625, 7.6875, 7.71875, 7.75, 7.78125, 7.8125, 7.84375, 7.875, 7.90625, 7.9375, 7.96875, 8.0, 8.03125, 8.0625, 8.09375, 8.125, 8.15625, 8.1875, 8.21875, 8.25, 8.28125, 8.3125, 8.34375, 8.375, 8.40625, 8.4375, 8.46875, 8.5, 8.53125, 8.5625, 8.59375, 8.625, 8.65625, 8.6875, 8.71875, 8.75, 8.78125, 8.8125, 8.84375, 8.875, 8.90625, 9.0, 9.03125, 9.0625, 9.09375, 9.125, 9.15625, 9.1875, 9.21875, 9.25, 9.28125, 9.3125, 9.34375, 9.375, 9.40625, 9.4375, 9.46875, 9.5, 9.53125, 9.5625, 9.59375, 9.625, 9.65625, 9.6875, 9.71875, 9.78125, 9.8125, 9.84375, 9.875, 9.9375, 10.0, 10.03125, 10.0625, 10.09375, 10.125, 10.15625, 10.1875, 10.21875, 10.3125, 10.375, 10.40625, 10.4375, 10.46875, 10.5, 10.53125, 10.5625, 10.59375, 10.625, 10.65625, 10.75, 10.8125, 10.875, 10.9375, 11.0, 11.0625, 11.15625, 11.25, 11.5625, 11.625, 11.6875, 11.71875, 11.75, 11.875, 12.09375, 12.125, 12.1875], "y": [0.0, 0.3, 0.4, 0.7, 0.8, 0.9, 1.0, 1.1, 1.3, 1.4, 1.5, 1.6, 1.7, 1.8, 2.0, 2.1, 2.2, 2.4, 2.5, 2.6, 2.8, 2.9, 3.0, 3.1, 3.3, 3.4, 3.6, 3.7, 3.8, 4.3, 4.5, 4.7, 4.9, 5.0, 5.1, 5.6, 5.8, 6.1, 6.5, 6.9, 7.0, 7.2, 7.6, 8.0, 8.1, 8.2, 8.3, 8.5, 8.6, 9.4, 10.0, 10.4, 11.5, 12.2, 13.4, 13.8, 14.3, 15.7, 16.2, 16.5, 17.1, 17.4, 18.2, 18.7, 19.1, 19.5, 19.7, 21.2, 21.4, 22.0, 22.1, 22.5, 23.3, 23.6, 24.5, 25.0, 25.3, 26.0, 26.3, 26.9, 27.3, 29.4, 30.0, 31.4, 32.8, 33.4, 34.4, 35.4, 36.1, 37.9, 38.8, 39.3, 39.5, 40.0, 41.1, 42.0, 42.8, 43.1, 45.7, 46.2, 47.1, 47.4, 47.8, 48.3, 49.0, 49.3, 49.8, 50.9, 51.4, 51.8, 52.6, 52.8, 54.9, 55.9, 57.1, 58.4, 59.7, 60.6, 61.7, 62.3, 63.7, 64.1, 64.7, 65.8, 66.7, 67.6, 68.1, 68.5, 68.7, 69.4, 71.8, 72.7, 73.2, 73.6, 74.2, 74.6, 75.1, 75.6, 75.8, 76.0, 76.8, 77.2, 79.4, 80.3, 81.0, 81.7, 82.4, 82.8, 83.4, 83.7, 84.6, 84.9, 85.5, 85.7, 86.1, 86.8, 87.1, 87.2, 87.7, 87.9, 89.0, 89.6, 89.9, 90.2, 90.3, 90.4, 90.7, 91.0, 91.4, 91.8, 91.9, 92.2, 92.5, 92.8, 93.3, 93.6, 94.1, 94.4, 94.8, 95.2, 95.3, 95.6, 95.7, 95.8, 96.1, 96.2, 96.6, 97.1, 97.2, 97.3, 97.6, 97.8, 98.0, 98.2, 98.3, 98.6, 98.7, 98.9, 99.1, 99.3, 99.4, 99.5, 99.6, 99.7, 99.8, 100.0]}}