{"histogram": {"y": [1, 0, 5, 23, 23, 45, 23, 14, 5, 0], "x": [4.0, 5.0, 6.0, 7.0, 8.0, 9.0, 10.0, 11.0, 12.0, 13.0]}, "percentile": {"y": [0.0, 0.7, 1.4, 2.1, 2.8, 4.3, 5.7, 7.2, 7.9, 8.6, 9.4, 10.8, 14.4, 15.2, 16.6, 17.3, 18.1, 18.8, 19.5, 20.2, 21.0, 21.7, 22.4, 23.1, 23.9, 24.6, 25.3, 26.0, 28.2, 28.9, 30.4, 31.1, 31.8, 32.6, 33.3, 34.0, 34.7, 35.5, 36.2, 37.6, 41.3, 42.0, 43.4, 46.3, 47.8, 50.0, 51.4, 52.1, 54.3, 56.5, 57.9, 59.4, 60.8, 61.5, 63.0, 63.7, 64.4, 66.6, 67.3, 68.1, 68.8, 70.2, 72.4, 73.9, 74.6, 76.0, 76.8, 77.5, 78.2, 78.9, 79.7, 80.4, 83.3, 84.7, 85.5, 86.2, 86.9, 90.5, 91.3, 92.7, 93.4, 94.2, 95.6, 96.3, 97.1, 97.8, 98.5, 99.2, 100.0], "x": [4.6875, 6.0, 6.3125, 6.53125, 6.5625, 7.0, 7.25, 7.28125, 7.3125, 7.5, 7.53125, 7.5625, 7.625, 7.65625, 7.6875, 7.71875, 7.75, 7.78125, 7.8125, 7.96875, 8.0, 8.0625, 8.09375, 8.21875, 8.25, 8.3125, 8.34375, 8.375, 8.40625, 8.5625, 8.59375, 8.65625, 8.71875, 8.75, 8.78125, 8.84375, 8.90625, 8.9375, 8.96875, 9.0, 9.0625, 9.125, 9.15625, 9.1875, 9.25, 9.3125, 9.34375, 9.375, 9.40625, 9.4375, 9.46875, 9.5, 9.53125, 9.5625, 9.59375, 9.625, 9.71875, 9.75, 9.84375, 9.875, 9.90625, 10.0, 10.125, 10.1875, 10.21875, 10.25, 10.3125, 10.34375, 10.4375, 10.46875, 10.53125, 10.65625, 10.6875, 10.75, 10.875, 10.96875, 11.0, 11.28125, 11.3125, 11.34375, 11.375, 11.40625, 11.5625, 11.8125, 12.0, 12.25, 12.28125, 12.375, 12.59375]}}