{"histogram": {"y": [3, 8, 36, 43, 39, 26, 10, 0], "x": [5.0, 6.0, 7.0, 8.0, 9.0, 10.0, 11.0, 12.0]}, "percentile": {"y": [0.0, 1.2, 1.8, 2.4, 3.0, 3.6, 4.2, 6.0, 6.7, 9.1, 10.3, 10.9, 11.5, 12.1, 12.8, 14.0, 15.8, 16.4, 18.9, 20.7, 22.5, 23.1, 24.3, 25.6, 26.2, 26.8, 27.4, 28.6, 32.3, 32.9, 33.5, 34.1, 34.7, 35.3, 36.5, 37.8, 40.2, 41.4, 43.9, 44.5, 46.3, 46.9, 49.3, 51.2, 52.4, 53.6, 54.8, 59.1, 60.3, 60.9, 62.1, 62.8, 64.0, 64.6, 65.2, 65.8, 67.0, 71.9, 73.7, 75.0, 75.6, 76.8, 77.4, 78.6, 79.8, 80.4, 81.0, 82.3, 82.9, 83.5, 84.1, 84.7, 85.3, 85.9, 86.5, 87.1, 87.8, 89.6, 90.8, 91.4, 92.6, 93.2, 93.9, 94.5, 95.7, 96.3, 96.9, 97.5, 98.1, 98.7, 99.3, 100.0], "x": [5.6, 5.733333333333333, 6.366666666666666, 6.4, 6.433333333333334, 6.6, 6.766666666666667, 6.866666666666667, 7.0, 7.133333333333334, 7.233333333333333, 7.266666666666667, 7.3, 7.333333333333333, 7.366666666666666, 7.466666666666667, 7.566666666666666, 7.6, 7.7, 7.733333333333333, 7.766666666666667, 7.8, 7.833333333333333, 7.866666666666667, 7.9, 7.933333333333334, 7.966666666666667, 8.0, 8.1, 8.166666666666666, 8.3, 8.333333333333334, 8.433333333333334, 8.533333333333333, 8.566666666666666, 8.6, 8.633333333333333, 8.666666666666666, 8.7, 8.733333333333333, 8.8, 8.833333333333334, 8.866666666666667, 8.9, 8.933333333333334, 8.966666666666667, 9.0, 9.033333333333333, 9.133333333333333, 9.166666666666666, 9.233333333333333, 9.266666666666667, 9.3, 9.333333333333334, 9.366666666666667, 9.433333333333334, 9.6, 9.633333333333333, 9.666666666666666, 9.7, 9.733333333333333, 9.766666666666667, 9.933333333333334, 10.0, 10.066666666666666, 10.1, 10.133333333333333, 10.166666666666666, 10.233333333333333, 10.266666666666667, 10.3, 10.333333333333334, 10.366666666666667, 10.433333333333334, 10.5, 10.533333333333333, 10.6, 10.633333333333333, 10.666666666666666, 10.766666666666667, 10.8, 10.833333333333334, 10.866666666666667, 11.0, 11.166666666666666, 11.266666666666667, 11.333333333333334, 11.4, 11.533333333333333, 11.566666666666666, 11.6, 11.7]}}