{"histogram": {"y": [4, 1, 0, 0, 1, 12, 43, 113, 198, 152, 86, 38, 10, 1, 1, 0, 0], "x": [0.0, 1.0, 2.0, 3.0, 4.0, 5.0, 6.0, 7.0, 8.0, 9.0, 10.0, 11.0, 12.0, 13.0, 14.0, 15.0, 16.0]}, "percentile": {"y": [0.0, 0.3, 0.4, 0.6, 0.7, 0.9, 1.0, 1.3, 1.6, 1.8, 1.9, 2.1, 2.2, 2.5, 2.7, 3.1, 3.3, 3.4, 3.6, 4.5, 4.8, 5.1, 5.4, 5.7, 6.0, 6.2, 6.9, 7.2, 7.4, 7.5, 7.8, 8.0, 8.3, 8.6, 8.8, 8.9, 9.1, 9.2, 10.7, 11.3, 12.1, 12.2, 12.8, 14.1, 14.4, 14.7, 14.8, 15.1, 15.3, 15.6, 15.9, 16.0, 18.0, 18.5, 19.8, 20.3, 20.7, 21.5, 22.0, 22.7, 23.0, 23.9, 25.7, 25.9, 26.2, 26.4, 30.1, 30.5, 30.9, 31.4, 31.7, 32.6, 32.7, 32.9, 35.3, 36.5, 37.1, 37.4, 38.3, 39.9, 41.2, 41.8, 42.6, 43.2, 48.1, 49.1, 49.9, 50.6, 51.5, 52.0, 52.5, 53.1, 54.0, 54.4, 55.2, 55.3, 55.8, 56.4, 61.0, 61.1, 61.9, 62.3, 62.5, 63.5, 64.1, 64.3, 65.8, 66.3, 66.4, 67.5, 68.7, 69.8, 70.4, 70.8, 71.6, 71.9, 74.6, 75.2, 75.5, 75.7, 76.0, 76.1, 76.6, 77.5, 78.1, 78.7, 78.9, 79.3, 79.5, 80.8, 81.3, 81.6, 81.7, 82.2, 82.8, 84.2, 84.8, 85.4, 85.8, 86.6, 87.4, 87.8, 88.1, 89.2, 89.6, 90.4, 90.7, 90.8, 91.0, 91.3, 91.6, 91.8, 92.1, 92.2, 92.4, 92.5, 93.6, 93.7, 93.9, 94.2, 94.3, 94.6, 95.1, 95.4, 95.7, 96.0, 96.2, 96.5, 96.8, 97.1, 97.2, 97.4, 97.5, 97.7, 98.0, 98.1, 98.3, 98.4, 98.6, 98.7, 98.9, 99.3, 99.5, 99.6, 99.8, 100.0], "x": [0.03125, 0.1875, 0.25, 1.0, 4.75, 5.15625, 5.25, 5.3125, 5.46875, 5.5625, 5.65625, 5.8125, 5.875, 5.90625, 6.0, 6.03125, 6.0625, 6.125, 6.25, 6.28125, 6.34375, 6.375, 6.4375, 6.46875, 6.5, 6.5625, 6.59375, 6.625, 6.65625, 6.6875, 6.75, 6.78125, 6.8125, 6.84375, 6.875, 6.90625, 6.96875, 7.0, 7.03125, 7.0625, 7.09375, 7.125, 7.25, 7.3125, 7.34375, 7.375, 7.40625, 7.4375, 7.46875, 7.5, 7.53125, 7.5625, 7.59375, 7.625, 7.65625, 7.6875, 7.71875, 7.75, 7.78125, 7.8125, 7.84375, 7.875, 7.90625, 7.9375, 7.96875, 8.0, 8.03125, 8.0625, 8.09375, 8.125, 8.15625, 8.1875, 8.21875, 8.25, 8.28125, 8.3125, 8.34375, 8.375, 8.40625, 8.4375, 8.46875, 8.5, 8.53125, 8.5625, 8.59375, 8.625, 8.65625, 8.6875, 8.71875, 8.75, 8.78125, 8.8125, 8.84375, 8.875, 8.90625, 8.9375, 8.96875, 9.0, 9.03125, 9.0625, 9.09375, 9.125, 9.15625, 9.1875, 9.21875, 9.25, 9.28125, 9.3125, 9.34375, 9.375, 9.40625, 9.4375, 9.46875, 9.5, 9.53125, 9.5625, 9.59375, 9.625, 9.65625, 9.6875, 9.71875, 9.75, 9.78125, 9.8125, 9.84375, 9.875, 9.90625, 9.96875, 10.0, 10.03125, 10.09375, 10.125, 10.15625, 10.1875, 10.25, 10.28125, 10.3125, 10.34375, 10.375, 10.40625, 10.4375, 10.53125, 10.5625, 10.59375, 10.625, 10.65625, 10.6875, 10.71875, 10.75, 10.78125, 10.8125, 10.84375, 10.875, 10.9375, 10.96875, 11.0, 11.0625, 11.09375, 11.125, 11.15625, 11.1875, 11.25, 11.28125, 11.3125, 11.34375, 11.375, 11.40625, 11.5, 11.5625, 11.59375, 11.65625, 11.6875, 11.8125, 11.84375, 11.875, 11.9375, 12.21875, 12.25, 12.28125, 12.375, 12.5625, 12.59375, 12.71875, 12.78125, 13.46875, 14.4375]}}