{"percentile": {"x": [5.625, 5.75, 6.0, 6.1875, 6.5625, 6.84375, 6.90625, 7.0, 7.125, 7.1875, 8.125, 9.25, 11.65625], "y": [0.0, 8.3, 16.6, 25.0, 33.3, 41.6, 50.0, 58.3, 66.6, 75.0, 83.3, 91.6, 100.0]}, "histogram": {"x": [5.0, 6.0, 7.0, 8.0, 9.0, 10.0, 11.0, 12.0], "y": [2, 5, 3, 1, 1, 0, 1, 0]}}