{"histogram": {"y": [10, 2, 1, 5, 16, 74, 157, 354, 301, 198, 81, 27, 11, 0], "x": [0.0, 1.0, 2.0, 3.0, 4.0, 5.0, 6.0, 7.0, 8.0, 9.0, 10.0, 11.0, 12.0, 13.0]}, "percentile": {"y": [0.0, 0.4, 0.5, 0.6, 0.7, 0.8, 0.8, 0.9, 1.0, 1.1, 1.2, 1.2, 1.3, 1.4, 1.5, 1.6, 1.7, 1.8, 1.9, 2.1, 2.2, 2.3, 2.4, 2.5, 2.6, 2.7, 2.9, 3.2, 3.3, 3.8, 3.9, 4.1, 4.3, 4.5, 4.6, 5.0, 5.3, 5.5, 5.6, 5.7, 6.1, 6.3, 6.3, 6.5, 6.7, 6.8, 7.2, 7.3, 7.5, 8.0, 8.4, 8.7, 9.5, 9.7, 10.3, 10.8, 11.2, 11.7, 12.2, 12.6, 13.0, 13.4, 13.7, 14.1, 14.3, 15.1, 15.9, 16.1, 16.5, 16.6, 17.9, 18.2, 18.5, 18.9, 19.1, 19.5, 19.8, 20.0, 20.1, 20.3, 20.7, 21.1, 21.3, 21.4, 23.2, 23.8, 25.0, 26.6, 27.7, 29.0, 30.3, 30.9, 33.4, 34.5, 35.1, 35.8, 36.7, 38.2, 39.0, 40.0, 40.6, 41.5, 43.6, 44.3, 44.6, 45.0, 45.6, 46.1, 46.6, 47.5, 48.1, 48.3, 48.7, 49.1, 49.6, 50.0, 52.1, 53.0, 54.2, 55.1, 56.3, 57.1, 58.0, 58.7, 60.5, 61.2, 62.0, 62.6, 63.5, 64.6, 65.2, 66.1, 66.7, 67.0, 68.6, 69.5, 69.9, 70.4, 70.7, 71.1, 71.8, 72.1, 72.8, 73.2, 73.7, 73.7, 74.1, 74.4, 76.2, 76.7, 77.1, 77.6, 78.4, 79.2, 80.1, 80.5, 81.4, 81.9, 82.5, 83.0, 83.3, 83.7, 84.2, 84.3, 84.8, 85.0, 86.8, 87.0, 87.5, 87.7, 87.8, 88.4, 88.8, 89.3, 89.5, 89.8, 90.1, 90.3, 90.4, 91.1, 91.6, 92.1, 92.3, 92.7, 93.2, 93.5, 93.7, 94.4, 94.5, 94.6, 94.9, 94.9, 95.1, 95.3, 95.6, 95.7, 95.8, 96.0, 96.1, 96.2, 96.4, 96.7, 96.8, 96.9, 97.0, 97.1, 97.2, 97.4, 97.5, 97.6, 97.7, 97.8, 97.9, 98.2, 98.3, 98.3, 98.4, 98.5, 98.7, 98.7, 98.8, 98.9, 99.0, 99.1, 99.3, 99.4, 99.5, 99.5, 99.6, 99.8, 99.9, 100.0], "x": [0.03125, 0.1875, 0.25, 0.40625, 0.5625, 1.0, 1.15625, 2.125, 3.0, 3.03125, 3.0625, 3.5625, 3.90625, 4.0, 4.03125, 4.09375, 4.1875, 4.3125, 4.34375, 4.40625, 4.53125, 4.59375, 4.84375, 4.875, 4.90625, 5.0, 5.03125, 5.09375, 5.125, 5.15625, 5.1875, 5.21875, 5.25, 5.28125, 5.3125, 5.34375, 5.40625, 5.46875, 5.5, 5.5625, 5.59375, 5.625, 5.65625, 5.6875, 5.71875, 5.75, 5.8125, 5.84375, 5.875, 5.90625, 5.9375, 6.0, 6.03125, 6.0625, 6.09375, 6.125, 6.15625, 6.1875, 6.21875, 6.25, 6.28125, 6.3125, 6.34375, 6.375, 6.40625, 6.4375, 6.46875, 6.5, 6.53125, 6.5625, 6.59375, 6.625, 6.65625, 6.6875, 6.71875, 6.75, 6.78125, 6.8125, 6.84375, 6.875, 6.90625, 6.9375, 6.96875, 7.0, 7.03125, 7.0625, 7.09375, 7.125, 7.15625, 7.1875, 7.21875, 7.25, 7.28125, 7.3125, 7.34375, 7.375, 7.40625, 7.4375, 7.46875, 7.5, 7.53125, 7.5625, 7.59375, 7.625, 7.65625, 7.6875, 7.71875, 7.75, 7.78125, 7.8125, 7.84375, 7.875, 7.90625, 7.9375, 7.96875, 8.0, 8.03125, 8.0625, 8.09375, 8.125, 8.15625, 8.1875, 8.21875, 8.25, 8.28125, 8.3125, 8.34375, 8.375, 8.40625, 8.4375, 8.46875, 8.5, 8.53125, 8.5625, 8.59375, 8.625, 8.65625, 8.6875, 8.71875, 8.75, 8.78125, 8.8125, 8.84375, 8.875, 8.90625, 8.9375, 8.96875, 9.0, 9.03125, 9.0625, 9.09375, 9.125, 9.15625, 9.1875, 9.21875, 9.25, 9.28125, 9.3125, 9.34375, 9.375, 9.40625, 9.4375, 9.46875, 9.5, 9.53125, 9.5625, 9.59375, 9.625, 9.65625, 9.6875, 9.71875, 9.75, 9.78125, 9.8125, 9.84375, 9.875, 9.90625, 9.9375, 10.0, 10.03125, 10.0625, 10.09375, 10.125, 10.15625, 10.1875, 10.21875, 10.25, 10.28125, 10.3125, 10.34375, 10.375, 10.40625, 10.4375, 10.46875, 10.5, 10.53125, 10.5625, 10.59375, 10.65625, 10.6875, 10.71875, 10.75, 10.84375, 10.90625, 11.03125, 11.0625, 11.09375, 11.125, 11.15625, 11.1875, 11.21875, 11.25, 11.3125, 11.34375, 11.375, 11.46875, 11.53125, 11.59375, 11.65625, 11.71875, 11.78125, 11.84375, 11.875, 12.125, 12.15625, 12.25, 12.3125, 12.34375, 12.5625, 12.65625, 12.84375, 12.96875]}}