{"histogram": {"y": [7, 4, 4, 9, 32, 54, 119, 131, 93, 45, 11, 5, 1, 0], "x": [0.0, 1.0, 2.0, 3.0, 4.0, 5.0, 6.0, 7.0, 8.0, 9.0, 10.0, 11.0, 12.0, 13.0]}, "percentile": {"y": [0.0, 0.3, 0.5, 0.7, 1.1, 1.3, 1.7, 1.9, 2.1, 2.3, 2.5, 2.7, 2.9, 3.1, 3.5, 3.8, 4.0, 4.2, 4.4, 4.6, 5.2, 5.4, 5.8, 6.4, 6.6, 7.0, 7.5, 7.7, 8.3, 8.7, 9.1, 9.3, 9.7, 9.9, 10.1, 10.5, 10.8, 11.4, 11.8, 12.4, 12.6, 13.6, 14.5, 14.9, 15.7, 16.1, 16.3, 16.5, 17.3, 17.5, 17.7, 17.8, 18.2, 19.0, 19.2, 19.6, 19.8, 20.0, 20.4, 20.6, 21.2, 21.4, 22.5, 23.3, 24.9, 25.6, 26.0, 27.6, 27.8, 28.0, 30.5, 30.7, 31.7, 32.8, 34.4, 34.8, 35.2, 35.7, 36.5, 37.1, 39.4, 40.2, 40.8, 41.6, 42.0, 42.2, 42.4, 42.9, 43.7, 44.1, 44.5, 46.8, 47.6, 49.2, 49.8, 50.0, 51.7, 51.9, 52.1, 54.4, 55.2, 55.6, 56.4, 57.1, 58.7, 59.7, 60.3, 60.8, 61.2, 63.2, 63.6, 64.7, 65.9, 66.5, 66.9, 67.5, 68.0, 68.2, 68.8, 69.6, 70.0, 72.9, 73.7, 74.5, 75.6, 76.6, 77.0, 77.4, 77.8, 78.9, 79.3, 79.5, 80.3, 80.9, 81.3, 82.2, 83.0, 83.2, 84.6, 85.0, 85.4, 86.1, 86.5, 86.7, 87.5, 87.9, 88.1, 88.7, 89.1, 89.8, 90.6, 91.0, 91.4, 91.6, 92.0, 92.4, 92.6, 92.8, 93.1, 93.5, 93.9, 94.1, 94.3, 95.5, 95.7, 95.9, 96.1, 96.3, 96.6, 96.8, 97.4, 97.6, 97.8, 98.2, 98.4, 98.6, 98.8, 99.0, 99.2, 99.6, 100.0], "x": [0.03333333333333333, 0.13333333333333333, 0.26666666666666666, 0.43333333333333335, 0.5333333333333333, 1.1, 1.1333333333333333, 1.5333333333333332, 2.0, 2.1333333333333333, 2.1666666666666665, 2.5, 3.1333333333333333, 3.2, 3.2333333333333334, 3.6, 3.8, 3.8333333333333335, 3.9333333333333336, 4.0, 4.033333333333333, 4.1, 4.133333333333334, 4.2, 4.233333333333333, 4.266666666666667, 4.3, 4.4, 4.433333333333334, 4.533333333333333, 4.566666666666666, 4.6, 4.633333333333333, 4.8, 4.933333333333334, 4.966666666666667, 5.0, 5.066666666666666, 5.1, 5.133333333333334, 5.166666666666667, 5.2, 5.233333333333333, 5.266666666666667, 5.3, 5.333333333333333, 5.366666666666666, 5.433333333333334, 5.466666666666667, 5.5, 5.533333333333333, 5.566666666666666, 5.6, 5.633333333333333, 5.7, 5.766666666666667, 5.8, 5.833333333333333, 5.866666666666667, 5.9, 5.966666666666667, 6.0, 6.033333333333333, 6.066666666666666, 6.1, 6.133333333333334, 6.166666666666667, 6.2, 6.233333333333333, 6.266666666666667, 6.3, 6.333333333333333, 6.366666666666666, 6.4, 6.433333333333334, 6.466666666666667, 6.5, 6.533333333333333, 6.566666666666666, 6.6, 6.633333333333333, 6.666666666666667, 6.7, 6.733333333333333, 6.766666666666667, 6.8, 6.833333333333333, 6.866666666666667, 6.9, 6.933333333333334, 7.0, 7.033333333333333, 7.066666666666666, 7.1, 7.133333333333334, 7.166666666666667, 7.2, 7.233333333333333, 7.266666666666667, 7.3, 7.333333333333333, 7.366666666666666, 7.4, 7.433333333333334, 7.466666666666667, 7.5, 7.533333333333333, 7.566666666666666, 7.6, 7.633333333333333, 7.666666666666667, 7.7, 7.733333333333333, 7.766666666666667, 7.8, 7.833333333333333, 7.866666666666667, 7.9, 7.933333333333334, 7.966666666666667, 8.0, 8.033333333333333, 8.066666666666666, 8.1, 8.133333333333333, 8.166666666666666, 8.2, 8.266666666666667, 8.3, 8.333333333333334, 8.366666666666667, 8.4, 8.433333333333334, 8.466666666666667, 8.5, 8.533333333333333, 8.566666666666666, 8.6, 8.633333333333333, 8.666666666666666, 8.7, 8.733333333333333, 8.766666666666667, 8.833333333333334, 8.866666666666667, 8.9, 9.0, 9.033333333333333, 9.066666666666666, 9.1, 9.133333333333333, 9.166666666666666, 9.2, 9.233333333333333, 9.266666666666667, 9.3, 9.333333333333334, 9.366666666666667, 9.4, 9.433333333333334, 9.5, 9.566666666666666, 9.6, 9.633333333333333, 9.666666666666666, 9.733333333333333, 9.766666666666667, 9.833333333333334, 9.933333333333334, 10.0, 10.066666666666666, 10.166666666666666, 10.233333333333333, 10.266666666666667, 10.8, 10.9, 10.933333333333334, 11.0, 11.166666666666666, 11.533333333333333, 12.4]}}