{"percentile": {"y": [0.0, 9.0, 18.1, 27.2, 36.3, 45.4, 54.5, 63.6, 72.7, 90.9, 100.0], "x": [7.1875, 7.5625, 8.28125, 8.34375, 8.4375, 8.71875, 8.75, 9.4375, 9.46875, 9.71875, 11.15625]}, "histogram": {"y": [2, 5, 4, 0, 1, 0], "x": [7.0, 8.0, 9.0, 10.0, 11.0, 12.0]}}