{"percentile": {"x": [0.03125, 0.15625, 0.25, 2.125, 2.15625, 2.25, 3.0, 3.0625, 3.5, 3.6875, 4.0, 4.125, 4.21875, 4.25, 4.28125, 4.4375, 4.5, 4.5625, 4.78125, 4.90625, 4.96875, 5.0, 5.0625, 5.15625, 5.1875, 5.21875, 5.25, 5.28125, 5.3125, 5.34375, 5.375, 5.40625, 5.53125, 5.5625, 5.625, 5.6875, 5.71875, 5.8125, 5.84375, 5.875, 5.9375, 5.96875, 6.0, 6.03125, 6.0625, 6.09375, 6.125, 6.15625, 6.1875, 6.25, 6.28125, 6.3125, 6.34375, 6.375, 6.40625, 6.4375, 6.46875, 6.5, 6.5625, 6.65625, 6.6875, 6.71875, 6.8125, 6.84375, 6.875, 6.90625, 6.9375, 7.0, 7.03125, 7.09375, 7.125, 7.15625, 7.1875, 7.21875, 7.25, 7.28125, 7.3125, 7.34375, 7.375, 7.40625, 7.4375, 7.46875, 7.5, 7.53125, 7.5625, 7.59375, 7.625, 7.65625, 7.6875, 7.78125, 7.84375, 7.875, 7.90625, 7.9375, 7.96875, 8.0, 8.03125, 8.0625, 8.09375, 8.125, 8.15625, 8.1875, 8.21875, 8.25, 8.28125, 8.3125, 8.34375, 8.375, 8.40625, 8.4375, 8.46875, 8.5, 8.5625, 8.59375, 8.625, 8.65625, 8.6875, 8.71875, 8.75, 8.8125, 8.875, 8.9375, 9.0, 9.03125, 9.0625, 9.09375, 9.125, 9.15625, 9.1875, 9.25, 9.28125, 9.3125, 9.40625, 9.4375, 9.46875, 9.5, 9.5625, 9.59375, 9.65625, 9.6875, 9.75, 9.78125, 9.8125, 9.84375, 9.875, 10.0, 10.03125, 10.125, 10.15625, 10.25, 10.28125, 10.3125, 10.375, 10.4375, 10.53125, 10.5625, 10.59375, 10.625, 10.6875, 10.8125, 10.875, 11.0, 11.09375, 11.125, 11.3125, 11.53125, 12.0, 13.375], "y": [0.0, 0.2, 0.5, 0.7, 1.0, 1.2, 1.5, 1.7, 2.0, 2.2, 2.5, 2.7, 3.0, 3.3, 3.5, 3.8, 4.0, 4.5, 4.8, 5.0, 5.3, 5.5, 6.1, 6.6, 6.8, 7.1, 7.3, 8.3, 8.6, 9.1, 9.4, 9.6, 10.4, 10.9, 11.9, 12.2, 12.4, 12.9, 13.2, 13.7, 13.9, 14.7, 15.0, 16.0, 17.3, 18.0, 18.5, 20.3, 20.8, 21.8, 23.1, 23.9, 25.1, 25.9, 26.7, 27.7, 28.2, 28.7, 29.0, 31.0, 31.2, 31.8, 32.3, 32.5, 33.3, 33.8, 34.3, 35.1, 35.8, 36.6, 36.8, 38.6, 39.6, 40.4, 41.9, 44.0, 45.0, 45.8, 46.5, 47.8, 48.8, 49.3, 50.1, 50.6, 50.8, 51.6, 51.9, 52.4, 52.6, 53.1, 53.4, 53.6, 55.2, 55.4, 55.9, 56.2, 58.0, 58.5, 59.0, 60.0, 61.3, 62.8, 63.6, 63.8, 65.6, 66.6, 68.1, 68.7, 68.9, 70.9, 71.5, 72.7, 73.0, 75.3, 75.8, 76.0, 76.8, 77.8, 78.1, 78.8, 79.6, 80.4, 80.6, 81.6, 81.9, 82.4, 82.6, 82.9, 83.2, 83.4, 83.7, 84.2, 84.7, 85.2, 85.4, 86.2, 87.0, 88.2, 89.0, 89.5, 90.0, 90.8, 91.3, 91.6, 91.8, 92.3, 92.8, 93.1, 93.6, 94.1, 94.6, 94.9, 95.1, 95.4, 95.9, 96.4, 96.9, 97.2, 97.4, 97.7, 97.9, 98.2, 98.7, 98.9, 99.2, 99.4, 99.7, 100.0]}, "histogram": {"x": [0.0, 1.0, 2.0, 3.0, 4.0, 5.0, 6.0, 7.0, 8.0, 9.0, 10.0, 11.0, 12.0, 13.0, 14.0, 15.0], "y": [3, 0, 3, 4, 12, 37, 79, 83, 96, 46, 23, 6, 1, 1, 0, 0]}}