{"percentile": {"y": [0.0, 0.4, 0.6, 0.8, 1.0, 1.2, 1.4, 1.6, 1.8, 2.0, 2.4, 2.6, 3.3, 3.7, 3.9, 4.1, 4.3, 4.7, 4.9, 5.1, 5.3, 5.5, 5.7, 6.1, 6.4, 6.6, 7.0, 7.8, 9.2, 9.9, 11.1, 11.5, 11.7, 12.3, 12.8, 13.0, 13.4, 14.8, 15.2, 15.4, 16.5, 17.5, 18.1, 18.3, 18.8, 19.2, 21.2, 22.3, 23.3, 24.1, 24.5, 25.0, 25.2, 25.4, 25.6, 26.6, 27.6, 28.3, 31.4, 32.0, 32.4, 32.6, 33.2, 33.4, 34.2, 34.9, 37.8, 38.2, 39.0, 39.6, 40.0, 40.7, 41.3, 41.7, 42.7, 43.3, 46.4, 47.7, 48.5, 49.3, 51.2, 52.6, 54.7, 55.5, 56.6, 57.2, 58.0, 58.4, 63.2, 63.8, 64.0, 64.6, 65.0, 65.2, 66.9, 67.5, 68.1, 68.8, 69.4, 71.2, 71.9, 72.5, 73.5, 73.9, 77.8, 79.1, 79.5, 80.5, 81.6, 82.2, 83.0, 83.8, 84.5, 85.1, 86.1, 86.7, 88.8, 89.4, 89.8, 90.2, 90.4, 90.7, 91.1, 91.3, 92.1, 92.7, 93.5, 93.8, 95.0, 95.8, 96.2, 96.4, 96.6, 96.9, 97.1, 97.3, 97.7, 97.9, 98.1, 98.3, 98.7, 98.9, 99.1, 99.3, 99.5, 99.7, 100.0], "x": [0.03333333333333333, 0.26666666666666666, 0.3, 4.966666666666667, 5.0, 5.5, 5.533333333333333, 5.6, 5.7, 5.866666666666667, 5.9, 6.0, 6.066666666666666, 6.133333333333334, 6.266666666666667, 6.433333333333334, 6.466666666666667, 6.533333333333333, 6.566666666666666, 6.6, 6.633333333333333, 6.666666666666667, 6.7, 6.766666666666667, 6.8, 6.833333333333333, 6.866666666666667, 6.9, 6.933333333333334, 7.0, 7.066666666666666, 7.1, 7.133333333333334, 7.166666666666667, 7.2, 7.233333333333333, 7.266666666666667, 7.3, 7.333333333333333, 7.4, 7.433333333333334, 7.466666666666667, 7.5, 7.533333333333333, 7.566666666666666, 7.6, 7.633333333333333, 7.666666666666667, 7.7, 7.733333333333333, 7.766666666666667, 7.8, 7.833333333333333, 7.866666666666667, 7.9, 7.933333333333334, 7.966666666666667, 8.0, 8.033333333333333, 8.066666666666666, 8.1, 8.133333333333333, 8.166666666666666, 8.2, 8.233333333333333, 8.266666666666667, 8.3, 8.333333333333334, 8.366666666666667, 8.4, 8.433333333333334, 8.466666666666667, 8.5, 8.533333333333333, 8.566666666666666, 8.6, 8.633333333333333, 8.666666666666666, 8.7, 8.733333333333333, 8.766666666666667, 8.8, 8.833333333333334, 8.866666666666667, 8.9, 8.933333333333334, 8.966666666666667, 9.0, 9.033333333333333, 9.1, 9.166666666666666, 9.2, 9.233333333333333, 9.266666666666667, 9.3, 9.333333333333334, 9.366666666666667, 9.4, 9.433333333333334, 9.466666666666667, 9.5, 9.533333333333333, 9.566666666666666, 9.6, 9.633333333333333, 9.666666666666666, 9.7, 9.733333333333333, 9.766666666666667, 9.8, 9.833333333333334, 9.866666666666667, 9.9, 9.933333333333334, 9.966666666666667, 10.0, 10.033333333333333, 10.066666666666666, 10.1, 10.133333333333333, 10.2, 10.266666666666667, 10.3, 10.333333333333334, 10.366666666666667, 10.433333333333334, 10.533333333333333, 10.6, 10.633333333333333, 10.666666666666666, 10.733333333333333, 10.766666666666667, 10.833333333333334, 10.866666666666667, 10.9, 10.933333333333334, 10.966666666666667, 11.0, 11.166666666666666, 11.266666666666667, 11.366666666666667, 11.433333333333334, 11.533333333333333, 11.7, 11.733333333333333, 12.133333333333333, 12.166666666666666]}, "histogram": {"y": [4, 0, 0, 0, 1, 8, 35, 89, 146, 137, 54, 9, 2, 0], "x": [0.0, 1.0, 2.0, 3.0, 4.0, 5.0, 6.0, 7.0, 8.0, 9.0, 10.0, 11.0, 12.0, 13.0]}}