{"percentile": {"x": [0.3125, 1.0, 5.21875, 5.5625, 5.875, 6.0, 6.15625, 6.1875, 6.21875, 6.28125, 6.4375, 6.53125, 6.5625, 6.625, 6.6875, 6.8125, 6.875, 6.9375, 7.0, 7.0625, 7.21875, 7.25, 7.28125, 7.3125, 7.34375, 7.375, 7.40625, 7.46875, 7.5625, 7.6875, 7.71875, 7.75, 7.78125, 7.84375, 7.875, 7.90625, 7.9375, 7.96875, 8.0, 8.03125, 8.0625, 8.09375, 8.125, 8.21875, 8.25, 8.28125, 8.3125, 8.34375, 8.375, 8.40625, 8.4375, 8.46875, 8.5, 8.53125, 8.5625, 8.59375, 8.625, 8.65625, 8.6875, 8.71875, 8.75, 8.78125, 8.8125, 8.84375, 8.875, 8.9375, 8.96875, 9.0, 9.0625, 9.09375, 9.125, 9.21875, 9.25, 9.28125, 9.34375, 9.375, 9.40625, 9.4375, 9.46875, 9.5, 9.53125, 9.5625, 9.59375, 9.625, 9.65625, 9.71875, 9.78125, 9.84375, 9.875, 9.90625, 9.9375, 9.96875, 10.0, 10.03125, 10.125, 10.15625, 10.25, 10.375, 10.40625, 10.46875, 10.5, 10.5625, 10.59375, 10.75, 10.8125, 10.9375, 11.03125, 11.25, 11.375, 11.4375, 11.5625, 11.75, 11.84375, 11.9375, 12.34375, 12.625, 13.25, 13.46875], "y": [0.0, 0.4, 0.8, 1.2, 2.0, 2.4, 2.8, 3.2, 4.0, 4.4, 4.8, 5.2, 5.6, 6.0, 6.8, 7.2, 7.6, 8.0, 8.8, 9.6, 10.0, 10.4, 12.0, 12.8, 13.2, 14.0, 14.4, 14.8, 15.2, 17.2, 18.0, 19.2, 20.0, 20.8, 21.2, 21.6, 22.8, 23.2, 24.0, 26.0, 26.8, 27.2, 28.8, 29.2, 30.0, 32.4, 33.2, 34.8, 36.0, 37.2, 37.6, 38.0, 38.8, 39.6, 40.0, 42.8, 43.2, 45.2, 46.0, 46.8, 47.6, 49.6, 51.2, 51.6, 52.8, 53.2, 54.4, 54.8, 57.6, 58.4, 58.8, 60.0, 60.4, 62.0, 63.2, 64.4, 65.2, 65.6, 66.0, 66.8, 68.0, 69.2, 72.0, 72.4, 73.6, 74.4, 75.2, 76.4, 78.4, 79.6, 80.0, 80.4, 82.0, 85.6, 86.0, 86.4, 87.6, 88.8, 90.4, 90.8, 91.2, 91.6, 92.0, 93.2, 93.6, 94.0, 94.4, 94.8, 96.0, 96.4, 96.8, 97.6, 98.0, 98.4, 98.8, 99.2, 99.6, 100.0]}, "histogram": {"x": [0.0, 1.0, 2.0, 3.0, 4.0, 5.0, 6.0, 7.0, 8.0, 9.0, 10.0, 11.0, 12.0, 13.0, 14.0, 15.0], "y": [1, 1, 0, 0, 0, 4, 16, 38, 77, 68, 31, 11, 2, 2, 0, 0]}}