{"histogram": {"y": [3, 0, 0, 10, 39, 81, 166, 138, 44, 14, 1, 0, 0], "x": [2.0, 3.0, 4.0, 5.0, 6.0, 7.0, 8.0, 9.0, 10.0, 11.0, 12.0, 13.0, 14.0]}, "percentile": {"y": [0.0, 0.4, 0.6, 0.8, 1.2, 1.4, 1.6, 1.8, 2.0, 2.2, 2.4, 2.6, 2.8, 3.2, 4.2, 4.4, 4.6, 5.0, 6.2, 6.4, 7.0, 7.6, 7.8, 8.2, 9.2, 9.8, 10.1, 10.5, 11.5, 11.7, 11.9, 12.7, 13.3, 13.5, 13.7, 13.9, 14.3, 14.9, 15.5, 15.9, 16.7, 16.9, 17.5, 17.7, 19.5, 20.0, 20.2, 21.0, 22.0, 22.6, 23.4, 24.4, 25.2, 26.2, 26.8, 32.3, 32.7, 33.1, 34.1, 34.5, 34.9, 35.5, 35.7, 37.3, 38.5, 38.9, 39.3, 40.8, 41.4, 42.2, 42.4, 43.4, 49.0, 50.3, 51.7, 52.3, 53.3, 54.3, 55.1, 55.9, 57.7, 58.7, 58.9, 60.4, 63.6, 64.2, 65.2, 65.6, 66.4, 67.0, 67.8, 70.5, 71.7, 72.7, 73.3, 74.3, 74.7, 75.1, 75.7, 76.3, 76.5, 80.0, 81.2, 82.4, 83.4, 84.0, 84.8, 85.4, 85.6, 85.8, 86.6, 87.6, 88.2, 90.5, 90.7, 91.3, 91.7, 92.1, 92.5, 92.9, 93.5, 93.9, 94.1, 95.3, 95.7, 96.1, 96.5, 96.7, 96.9, 97.1, 97.3, 97.5, 98.1, 98.5, 98.7, 98.9, 99.1, 99.7, 100.0], "x": [2.0, 2.6, 5.2, 5.266666666666667, 5.333333333333333, 5.433333333333334, 5.633333333333333, 5.7, 5.8, 5.866666666666667, 5.933333333333334, 6.166666666666667, 6.233333333333333, 6.266666666666667, 6.366666666666666, 6.433333333333334, 6.5, 6.6, 6.633333333333333, 6.666666666666667, 6.7, 6.733333333333333, 6.766666666666667, 6.8, 6.833333333333333, 6.866666666666667, 6.966666666666667, 7.0, 7.033333333333333, 7.1, 7.133333333333334, 7.166666666666667, 7.2, 7.233333333333333, 7.266666666666667, 7.3, 7.333333333333333, 7.4, 7.433333333333334, 7.466666666666667, 7.5, 7.533333333333333, 7.566666666666666, 7.6, 7.633333333333333, 7.7, 7.733333333333333, 7.766666666666667, 7.8, 7.833333333333333, 7.866666666666667, 7.9, 7.933333333333334, 7.966666666666667, 8.0, 8.033333333333333, 8.066666666666666, 8.1, 8.133333333333333, 8.166666666666666, 8.2, 8.233333333333333, 8.266666666666667, 8.3, 8.333333333333334, 8.4, 8.433333333333334, 8.466666666666667, 8.5, 8.533333333333333, 8.566666666666666, 8.6, 8.633333333333333, 8.666666666666666, 8.7, 8.733333333333333, 8.766666666666667, 8.8, 8.833333333333334, 8.866666666666667, 8.9, 8.933333333333334, 8.966666666666667, 9.0, 9.033333333333333, 9.1, 9.133333333333333, 9.166666666666666, 9.2, 9.233333333333333, 9.266666666666667, 9.3, 9.333333333333334, 9.366666666666667, 9.4, 9.433333333333334, 9.466666666666667, 9.5, 9.533333333333333, 9.566666666666666, 9.6, 9.633333333333333, 9.666666666666666, 9.7, 9.733333333333333, 9.766666666666667, 9.8, 9.833333333333334, 9.866666666666667, 9.9, 9.933333333333334, 9.966666666666667, 10.0, 10.1, 10.166666666666666, 10.2, 10.266666666666667, 10.3, 10.333333333333334, 10.433333333333334, 10.466666666666667, 10.5, 10.6, 10.666666666666666, 10.7, 10.8, 10.833333333333334, 10.9, 10.966666666666667, 11.0, 11.066666666666666, 11.133333333333333, 11.166666666666666, 11.366666666666667, 11.4, 11.533333333333333, 11.6, 11.833333333333334, 12.666666666666666]}}