{"histogram": {"x": [5.0, 6.0, 7.0, 8.0, 9.0, 10.0, 11.0, 12.0], "y": [3, 2, 12, 17, 17, 15, 2, 0]}, "percentile": {"x": [5.166666666666667, 5.666666666666667, 5.966666666666667, 6.266666666666667, 6.5, 7.133333333333334, 7.266666666666667, 7.366666666666666, 7.633333333333333, 7.666666666666667, 7.733333333333333, 7.766666666666667, 7.833333333333333, 7.9, 7.966666666666667, 8.0, 8.1, 8.2, 8.3, 8.333333333333334, 8.433333333333334, 8.5, 8.533333333333333, 8.666666666666666, 8.7, 8.733333333333333, 8.833333333333334, 8.966666666666667, 9.0, 9.133333333333333, 9.233333333333333, 9.266666666666667, 9.333333333333334, 9.4, 9.433333333333334, 9.6, 9.7, 9.733333333333333, 9.833333333333334, 10.0, 10.033333333333333, 10.266666666666667, 10.4, 10.533333333333333, 10.6, 10.666666666666666, 10.733333333333333, 10.966666666666667, 11.566666666666666, 11.8], "y": [0.0, 1.4, 2.9, 4.4, 5.9, 7.4, 10.4, 11.9, 13.4, 14.9, 16.4, 17.9, 19.4, 20.8, 23.8, 25.3, 29.8, 31.3, 32.8, 34.3, 35.8, 37.3, 38.8, 40.2, 41.7, 43.2, 47.7, 49.2, 50.7, 56.7, 58.2, 59.7, 62.6, 64.1, 65.6, 67.1, 71.6, 73.1, 74.6, 76.1, 83.5, 85.0, 88.0, 89.5, 91.0, 92.5, 94.0, 97.0, 98.5, 100.0]}}