{"percentile": {"y": [0.0, 0.2, 0.6, 0.8, 1.1, 1.3, 1.5, 1.7, 2.0, 2.2, 2.4, 2.8, 3.1, 3.3, 3.5, 3.7, 4.0, 4.4, 4.6, 4.8, 5.1, 5.5, 5.7, 6.2, 6.4, 6.9, 7.1, 7.7, 8.0, 8.2, 9.3, 9.7, 10.0, 10.2, 11.1, 11.3, 11.5, 12.2, 12.4, 12.6, 13.1, 13.3, 16.2, 16.4, 16.7, 17.1, 17.3, 18.9, 19.5, 20.0, 20.2, 20.7, 20.9, 21.3, 22.0, 22.4, 23.3, 27.6, 28.7, 28.9, 29.3, 29.8, 30.7, 31.1, 31.6, 32.0, 32.5, 32.7, 33.4, 33.6, 37.4, 37.6, 38.0, 39.1, 39.4, 39.6, 41.4, 42.9, 43.8, 44.5, 45.8, 47.8, 48.1, 48.9, 50.5, 50.7, 55.0, 55.6, 56.1, 56.7, 57.2, 57.9, 58.7, 59.2, 59.6, 60.1, 61.2, 61.6, 61.9, 62.1, 65.7, 65.9, 66.1, 66.5, 67.4, 67.7, 68.3, 68.8, 69.9, 71.2, 72.6, 73.4, 74.3, 75.2, 75.9, 76.8, 77.2, 77.5, 80.4, 81.0, 81.5, 82.1, 82.6, 83.0, 83.9, 84.1, 85.0, 85.7, 86.1, 86.8, 88.1, 88.6, 88.8, 89.0, 90.4, 91.0, 91.3, 91.7, 92.4, 93.3, 93.5, 93.7, 94.2, 94.4, 94.6, 94.8, 95.1, 95.5, 95.7, 96.4, 96.6, 96.8, 97.1, 97.3, 97.5, 97.7, 98.2, 98.4, 98.6, 98.8, 99.1, 99.3, 99.5, 99.7, 100.0], "x": [3.5, 6.0, 6.0625, 6.15625, 6.25, 6.28125, 6.34375, 6.40625, 6.53125, 6.65625, 6.6875, 6.71875, 6.78125, 6.8125, 6.84375, 6.875, 6.90625, 6.96875, 7.0625, 7.09375, 7.125, 7.1875, 7.21875, 7.25, 7.375, 7.40625, 7.4375, 7.46875, 7.5, 7.5625, 7.59375, 7.625, 7.65625, 7.6875, 7.71875, 7.75, 7.8125, 7.875, 7.90625, 7.9375, 7.96875, 8.0, 8.0625, 8.09375, 8.125, 8.15625, 8.25, 8.28125, 8.3125, 8.34375, 8.375, 8.40625, 8.4375, 8.46875, 8.5, 8.53125, 8.5625, 8.59375, 8.625, 8.65625, 8.6875, 8.71875, 8.75, 8.78125, 8.84375, 8.875, 8.90625, 8.9375, 8.96875, 9.0, 9.0625, 9.09375, 9.125, 9.15625, 9.1875, 9.25, 9.28125, 9.3125, 9.34375, 9.375, 9.40625, 9.4375, 9.46875, 9.5, 9.53125, 9.5625, 9.59375, 9.625, 9.65625, 9.6875, 9.71875, 9.75, 9.78125, 9.8125, 9.84375, 9.875, 9.90625, 9.9375, 9.96875, 10.0, 10.03125, 10.0625, 10.09375, 10.125, 10.15625, 10.1875, 10.21875, 10.25, 10.28125, 10.3125, 10.34375, 10.375, 10.40625, 10.4375, 10.46875, 10.5, 10.53125, 10.5625, 10.59375, 10.65625, 10.6875, 10.71875, 10.75, 10.78125, 10.8125, 10.84375, 10.90625, 10.9375, 10.96875, 11.0, 11.03125, 11.0625, 11.15625, 11.25, 11.3125, 11.34375, 11.375, 11.40625, 11.46875, 11.5, 11.53125, 11.5625, 11.59375, 11.71875, 11.78125, 11.84375, 11.875, 11.9375, 12.0, 12.03125, 12.0625, 12.09375, 12.15625, 12.25, 12.28125, 12.3125, 12.375, 12.46875, 12.5625, 12.625, 12.6875, 12.8125, 12.96875, 13.1875, 13.90625]}, "histogram": {"y": [1, 0, 0, 20, 39, 91, 128, 111, 40, 18, 2, 0, 0], "x": [3.0, 4.0, 5.0, 6.0, 7.0, 8.0, 9.0, 10.0, 11.0, 12.0, 13.0, 14.0, 15.0]}}