{"percentile": {"x": [5.0625, 5.15625, 5.34375, 5.40625, 5.59375, 6.0, 6.25, 6.375, 6.78125, 7.0, 7.03125, 7.09375, 7.125, 7.25, 7.34375, 7.40625, 7.5625, 7.625, 7.71875, 7.75, 7.78125, 7.84375, 7.875, 7.96875, 8.0, 8.15625, 8.25, 8.375, 8.53125, 8.5625, 8.625, 8.875, 8.9375, 8.96875, 9.0, 9.09375, 9.15625, 9.1875, 9.25, 9.28125, 9.3125, 9.375, 9.5625, 9.71875, 9.75, 9.90625, 10.0, 10.25, 10.40625, 10.59375, 10.625, 10.65625, 11.21875, 12.5625], "y": [0.0, 1.6, 3.2, 4.8, 6.4, 8.0, 9.6, 11.2, 12.9, 14.5, 16.1, 17.7, 19.3, 20.9, 22.5, 25.8, 27.4, 29.0, 32.2, 33.8, 35.4, 37.0, 38.7, 40.3, 41.9, 43.5, 45.1, 48.3, 50.0, 51.6, 53.2, 54.8, 58.0, 59.6, 61.2, 62.9, 64.5, 66.1, 67.7, 70.9, 72.5, 75.8, 79.0, 82.2, 83.8, 87.0, 88.7, 90.3, 91.9, 93.5, 95.1, 96.7, 98.3, 100.0]}, "histogram": {"x": [5.0, 6.0, 7.0, 8.0, 9.0, 10.0, 11.0, 12.0, 13.0, 14.0], "y": [5, 4, 17, 12, 17, 6, 1, 1, 0, 0]}}