{"percentile": {"x": [0.03125, 0.125, 1.0, 2.09375, 3.0, 3.03125, 3.09375, 3.15625, 3.25, 3.3125, 3.53125, 3.65625, 3.6875, 4.0625, 4.09375, 4.21875, 4.3125, 4.40625, 4.5625, 4.625, 4.6875, 4.875, 5.0, 5.03125, 5.0625, 5.09375, 5.125, 5.15625, 5.1875, 5.21875, 5.25, 5.3125, 5.34375, 5.375, 5.40625, 5.46875, 5.5, 5.5625, 5.59375, 5.625, 5.65625, 5.75, 5.8125, 5.84375, 5.90625, 5.9375, 6.0, 6.03125, 6.0625, 6.09375, 6.125, 6.15625, 6.1875, 6.21875, 6.25, 6.28125, 6.3125, 6.34375, 6.375, 6.40625, 6.4375, 6.46875, 6.5, 6.53125, 6.5625, 6.59375, 6.625, 6.65625, 6.6875, 6.71875, 6.75, 6.78125, 6.8125, 6.84375, 6.875, 6.90625, 6.9375, 6.96875, 7.0, 7.03125, 7.0625, 7.09375, 7.125, 7.15625, 7.1875, 7.21875, 7.25, 7.28125, 7.3125, 7.34375, 7.375, 7.40625, 7.4375, 7.46875, 7.5, 7.53125, 7.5625, 7.59375, 7.625, 7.65625, 7.6875, 7.71875, 7.75, 7.78125, 7.8125, 7.84375, 7.875, 7.90625, 7.9375, 7.96875, 8.0, 8.03125, 8.0625, 8.09375, 8.125, 8.15625, 8.1875, 8.21875, 8.25, 8.28125, 8.3125, 8.34375, 8.375, 8.40625, 8.4375, 8.46875, 8.5, 8.53125, 8.5625, 8.59375, 8.625, 8.65625, 8.6875, 8.71875, 8.75, 8.78125, 8.8125, 8.84375, 8.875, 8.90625, 8.9375, 8.96875, 9.0, 9.03125, 9.0625, 9.09375, 9.125, 9.15625, 9.1875, 9.21875, 9.25, 9.28125, 9.3125, 9.34375, 9.375, 9.40625, 9.4375, 9.46875, 9.5, 9.53125, 9.5625, 9.59375, 9.625, 9.65625, 9.6875, 9.71875, 9.75, 9.78125, 9.8125, 9.84375, 9.875, 9.90625, 9.96875, 10.0, 10.03125, 10.0625, 10.09375, 10.125, 10.15625, 10.1875, 10.21875, 10.25, 10.28125, 10.3125, 10.34375, 10.375, 10.40625, 10.4375, 10.5, 10.53125, 10.5625, 10.59375, 10.625, 10.65625, 10.6875, 10.71875, 10.8125, 10.84375, 10.875, 10.90625, 10.9375, 11.0, 11.03125, 11.0625, 11.125, 11.21875, 11.25, 11.28125, 11.3125, 11.34375, 11.375, 11.40625, 11.4375, 11.46875, 11.5, 11.53125, 11.5625, 11.59375, 11.625, 11.71875, 11.75, 11.78125, 11.96875, 12.03125, 12.09375, 12.125, 12.25, 12.375, 12.40625, 12.59375], "y": [0.0, 0.1, 0.2, 0.3, 0.4, 0.4, 0.5, 0.6, 0.7, 0.8, 0.9, 0.9, 1.0, 1.1, 1.2, 1.3, 1.4, 1.5, 1.6, 1.8, 1.9, 1.9, 2.0, 2.3, 2.5, 2.6, 2.9, 3.2, 3.4, 3.7, 3.8, 4.0, 4.1, 4.3, 4.4, 4.4, 4.7, 4.8, 4.9, 5.0, 5.4, 5.5, 5.7, 5.9, 6.0, 6.3, 6.6, 6.9, 7.5, 7.8, 8.2, 8.7, 9.4, 9.7, 9.9, 10.5, 11.0, 11.4, 11.9, 12.6, 13.2, 13.8, 14.2, 14.5, 15.2, 16.3, 16.7, 17.5, 17.7, 18.2, 18.5, 18.7, 18.9, 19.7, 19.7, 20.1, 20.6, 20.8, 20.9, 22.5, 23.4, 24.6, 25.6, 26.9, 28.0, 28.8, 29.2, 30.2, 31.1, 31.5, 32.1, 32.9, 33.7, 34.6, 34.9, 35.3, 35.9, 38.3, 38.8, 39.5, 40.4, 40.8, 41.2, 41.4, 41.8, 42.5, 43.3, 43.7, 44.1, 44.3, 44.8, 46.7, 47.9, 49.6, 50.2, 51.6, 52.8, 53.6, 54.1, 55.3, 56.2, 57.2, 57.6, 58.1, 59.3, 59.6, 59.7, 60.0, 60.5, 61.5, 62.0, 62.8, 63.5, 64.0, 64.5, 64.7, 65.0, 65.2, 65.6, 66.0, 66.3, 66.4, 66.7, 68.5, 69.9, 70.5, 71.3, 72.2, 73.3, 74.3, 74.8, 76.0, 76.5, 77.4, 77.8, 78.3, 78.7, 78.9, 79.3, 79.6, 79.9, 81.3, 81.7, 82.2, 82.5, 82.7, 82.9, 83.2, 83.5, 84.0, 84.2, 84.3, 84.8, 85.3, 86.4, 86.9, 87.6, 88.1, 88.4, 88.7, 89.5, 89.9, 90.5, 90.6, 90.7, 91.6, 91.9, 92.5, 92.6, 93.1, 93.3, 94.3, 94.5, 94.6, 94.7, 94.9, 95.0, 95.1, 95.3, 95.4, 95.5, 95.5, 96.2, 96.4, 96.5, 96.7, 96.9, 97.0, 97.2, 97.5, 97.5, 97.8, 98.0, 98.2, 98.3, 98.5, 98.6, 98.7, 98.8, 98.9, 99.0, 99.0, 99.1, 99.2, 99.3, 99.4, 99.5, 99.7, 99.8, 100.0]}, "histogram": {"x": [0.0, 1.0, 2.0, 3.0, 4.0, 5.0, 6.0, 7.0, 8.0, 9.0, 10.0, 11.0, 12.0, 13.0, 14.0], "y": [3, 1, 1, 9, 11, 55, 172, 288, 263, 224, 123, 44, 10, 0, 0]}}