{"percentile": {"y": [0.0, 0.6, 1.3, 2.0, 2.6, 3.3, 4.0, 5.3, 6.0, 7.3, 8.7, 9.3, 10.7, 11.4, 15.4, 16.1, 16.7, 17.4, 18.1, 18.7, 19.4, 20.1, 21.4, 22.8, 24.1, 24.8, 26.1, 27.5, 28.1, 34.8, 36.2, 36.9, 38.2, 40.9, 42.2, 42.9, 43.6, 44.2, 44.9, 45.6, 51.0, 52.3, 53.6, 54.3, 55.0, 55.7, 57.0, 57.7, 59.7, 61.0, 61.7, 63.7, 65.1, 65.7, 67.1, 69.7, 70.4, 71.1, 73.1, 73.8, 75.1, 75.8, 79.8, 81.2, 84.5, 85.2, 85.9, 87.2, 87.9, 89.2, 89.9, 93.2, 94.6, 95.3, 96.6, 97.9, 98.6, 99.3, 100.0], "x": [3.8333333333333335, 4.6, 5.0, 5.266666666666667, 5.333333333333333, 5.6, 6.0, 6.433333333333334, 6.566666666666666, 6.666666666666667, 6.7, 6.833333333333333, 6.966666666666667, 7.0, 7.033333333333333, 7.233333333333333, 7.533333333333333, 7.566666666666666, 7.6, 7.633333333333333, 7.666666666666667, 7.733333333333333, 7.766666666666667, 7.8, 7.833333333333333, 7.9, 7.933333333333334, 7.966666666666667, 8.0, 8.033333333333333, 8.166666666666666, 8.2, 8.266666666666667, 8.3, 8.366666666666667, 8.433333333333334, 8.466666666666667, 8.533333333333333, 8.566666666666666, 8.6, 8.633333333333333, 8.666666666666666, 8.7, 8.766666666666667, 8.833333333333334, 8.9, 8.933333333333334, 9.0, 9.033333333333333, 9.066666666666666, 9.1, 9.133333333333333, 9.166666666666666, 9.2, 9.233333333333333, 9.266666666666667, 9.3, 9.366666666666667, 9.4, 9.433333333333334, 9.566666666666666, 9.6, 9.666666666666666, 9.7, 9.733333333333333, 9.766666666666667, 9.8, 9.866666666666667, 9.9, 9.933333333333334, 10.0, 10.1, 10.2, 10.266666666666667, 10.3, 10.333333333333334, 10.6, 11.0, 11.833333333333334]}, "histogram": {"y": [1, 1, 4, 11, 25, 44, 48, 14, 2, 0], "x": [3.0, 4.0, 5.0, 6.0, 7.0, 8.0, 9.0, 10.0, 11.0, 12.0]}}