{"percentile": {"x": [0.03333333333333333, 0.13333333333333333, 2.1333333333333333, 2.2333333333333334, 2.3666666666666667, 3.0, 3.1666666666666665, 3.2333333333333334, 4.0, 4.066666666666666, 4.133333333333334, 4.366666666666666, 4.6, 4.633333333333333, 4.666666666666667, 5.0, 5.033333333333333, 5.1, 5.133333333333334, 5.166666666666667, 5.2, 5.266666666666667, 5.366666666666666, 5.4, 5.433333333333334, 5.533333333333333, 5.6, 5.733333333333333, 6.0, 6.133333333333334, 6.166666666666667, 6.2, 6.233333333333333, 6.266666666666667, 6.366666666666666, 6.433333333333334, 6.5, 6.533333333333333, 6.566666666666666, 6.6, 6.633333333333333, 6.733333333333333, 6.8, 6.866666666666667, 7.0, 7.066666666666666, 7.1, 7.133333333333334, 7.166666666666667, 7.2, 7.233333333333333, 7.266666666666667, 7.3, 7.333333333333333, 7.4, 7.433333333333334, 7.5, 7.6, 7.633333333333333, 7.7, 7.766666666666667, 7.8, 7.866666666666667, 7.9, 7.933333333333334, 7.966666666666667, 8.0, 8.033333333333333, 8.1, 8.133333333333333, 8.166666666666666, 8.2, 8.266666666666667, 8.3, 8.333333333333334, 8.366666666666667, 8.4, 8.6, 8.633333333333333, 8.7, 8.733333333333333, 8.766666666666667, 8.866666666666667, 8.933333333333334, 9.033333333333333, 9.1, 9.133333333333333, 9.2, 9.233333333333333, 9.266666666666667, 9.333333333333334, 9.4, 9.433333333333334, 9.466666666666667, 9.533333333333333, 9.6, 9.633333333333333, 9.9, 9.966666666666667, 10.1, 10.2, 10.533333333333333, 11.0, 11.2, 11.733333333333333], "y": [0.0, 1.1, 1.7, 2.3, 2.9, 3.5, 4.1, 4.7, 5.9, 6.5, 7.1, 8.2, 8.8, 10.6, 11.2, 11.8, 12.4, 13.6, 14.7, 15.3, 16.5, 17.7, 18.3, 18.9, 19.5, 20.1, 20.7, 21.3, 21.8, 23.0, 23.6, 24.2, 24.8, 27.2, 27.8, 28.9, 29.5, 30.1, 30.7, 31.3, 34.3, 35.5, 36.6, 37.2, 38.4, 39.6, 41.4, 43.7, 46.1, 47.9, 48.5, 49.1, 49.7, 51.4, 52.0, 53.2, 53.8, 54.4, 56.8, 59.1, 60.9, 62.7, 63.9, 66.2, 67.4, 68.0, 69.2, 71.0, 72.1, 72.7, 73.9, 74.5, 75.7, 78.6, 79.2, 79.8, 80.4, 81.6, 82.8, 84.0, 84.6, 85.2, 86.3, 86.9, 87.5, 88.1, 88.7, 89.3, 89.9, 90.5, 91.1, 91.7, 92.3, 92.8, 93.4, 94.0, 95.2, 95.8, 96.4, 97.0, 97.6, 98.2, 98.8, 99.4, 100.0]}, "histogram": {"x": [0.0, 1.0, 2.0, 3.0, 4.0, 5.0, 6.0, 7.0, 8.0, 9.0, 10.0, 11.0, 12.0], "y": [3, 0, 3, 4, 10, 17, 28, 52, 31, 16, 3, 3, 0]}}