{"histogram": {"y": [13, 3, 6, 8, 25, 110, 299, 533, 642, 505, 405, 162, 82, 24, 4, 0, 0], "x": [0.0, 1.0, 2.0, 3.0, 4.0, 5.0, 6.0, 7.0, 8.0, 9.0, 10.0, 11.0, 12.0, 13.0, 14.0, 15.0, 16.0]}, "percentile": {"y": [0.0, 0.3, 0.3, 0.4, 0.4, 0.4, 0.5, 0.5, 0.6, 0.6, 0.7, 0.7, 0.7, 0.8, 0.8, 0.9, 0.9, 1.0, 1.0, 1.1, 1.2, 1.2, 1.3, 1.3, 1.3, 1.4, 1.5, 1.5, 1.6, 1.8, 1.8, 1.8, 1.9, 1.9, 2.0, 2.1, 2.2, 2.4, 2.8, 3.0, 3.0, 3.2, 3.4, 3.5, 3.6, 3.6, 3.7, 3.8, 3.8, 4.0, 4.1, 4.4, 4.5, 4.5, 4.6, 4.6, 4.8, 5.0, 5.0, 5.1, 5.2, 5.5, 5.7, 5.8, 5.8, 6.6, 7.0, 7.4, 7.7, 8.4, 8.9, 9.1, 9.4, 9.9, 10.1, 10.2, 10.6, 11.2, 11.8, 12.0, 12.2, 12.4, 12.5, 13.5, 13.6, 13.8, 14.1, 14.2, 14.5, 14.7, 15.0, 15.1, 15.4, 15.7, 15.9, 16.2, 16.4, 17.9, 18.3, 19.0, 19.6, 20.1, 20.6, 21.4, 21.9, 23.2, 24.0, 24.6, 25.2, 25.7, 26.0, 26.5, 26.9, 27.3, 27.6, 29.4, 30.0, 30.5, 31.0, 31.5, 31.9, 32.3, 32.9, 33.2, 33.7, 34.2, 34.5, 34.9, 35.3, 37.7, 38.6, 39.5, 40.3, 41.4, 42.5, 43.5, 44.2, 45.2, 45.7, 46.5, 47.3, 47.8, 48.8, 49.3, 49.7, 50.3, 50.9, 52.9, 53.5, 53.9, 54.3, 55.0, 55.3, 55.7, 56.0, 56.2, 56.7, 57.1, 57.4, 57.8, 58.1, 59.6, 60.7, 61.6, 62.0, 62.8, 63.4, 64.1, 64.7, 65.9, 66.4, 66.9, 67.5, 67.9, 68.7, 69.0, 69.3, 69.8, 70.0, 71.5, 72.1, 72.6, 72.8, 73.1, 73.5, 74.0, 74.2, 74.4, 74.8, 75.2, 75.5, 75.7, 76.0, 77.3, 77.8, 78.6, 79.3, 80.0, 80.5, 81.0, 81.6, 82.4, 82.9, 83.3, 83.7, 84.0, 84.5, 84.8, 85.2, 85.4, 85.7, 86.7, 87.0, 87.5, 87.8, 88.3, 88.5, 88.8, 89.0, 89.2, 89.5, 89.7, 90.0, 90.1, 90.3, 91.1, 91.4, 91.6, 91.8, 91.8, 92.0, 92.1, 92.3, 92.7, 92.9, 93.1, 93.3, 93.5, 93.7, 93.9, 94.1, 94.1, 94.3, 94.8, 95.0, 95.1, 95.2, 95.3, 95.4, 95.4, 95.6, 95.7, 95.8, 96.0, 96.0, 96.1, 96.5, 96.9, 97.0, 97.2, 97.3, 97.4, 97.6, 97.7, 97.8, 97.8, 97.9, 98.0, 98.0, 98.2, 98.3, 98.4, 98.4, 98.4, 98.5, 98.6, 98.6, 98.6, 98.7, 98.9, 98.9, 98.9, 99.0, 99.0, 99.1, 99.2, 99.2, 99.3, 99.3, 99.3, 99.4, 99.4, 99.5, 99.5, 99.5, 99.6, 99.7, 99.7, 99.7, 99.8, 99.8, 99.8, 99.9, 99.9, 100.0], "x": [0.03125, 0.0625, 0.09375, 0.21875, 1.0, 1.1875, 1.40625, 2.0, 2.03125, 2.0625, 2.09375, 2.59375, 3.0, 3.125, 3.15625, 3.34375, 3.46875, 3.9375, 4.0, 4.03125, 4.0625, 4.09375, 4.125, 4.15625, 4.21875, 4.25, 4.28125, 4.4375, 4.5625, 4.65625, 4.8125, 4.90625, 4.9375, 5.0, 5.03125, 5.0625, 5.09375, 5.125, 5.15625, 5.1875, 5.21875, 5.25, 5.28125, 5.3125, 5.34375, 5.375, 5.40625, 5.4375, 5.46875, 5.5, 5.5625, 5.59375, 5.625, 5.65625, 5.6875, 5.71875, 5.75, 5.78125, 5.8125, 5.84375, 5.875, 5.90625, 5.9375, 5.96875, 6.0, 6.03125, 6.0625, 6.09375, 6.125, 6.15625, 6.1875, 6.21875, 6.25, 6.28125, 6.3125, 6.34375, 6.375, 6.40625, 6.4375, 6.46875, 6.5, 6.53125, 6.5625, 6.59375, 6.625, 6.65625, 6.6875, 6.71875, 6.75, 6.78125, 6.8125, 6.84375, 6.875, 6.90625, 6.9375, 6.96875, 7.0, 7.03125, 7.0625, 7.09375, 7.125, 7.15625, 7.1875, 7.21875, 7.25, 7.28125, 7.3125, 7.34375, 7.375, 7.40625, 7.4375, 7.46875, 7.5, 7.53125, 7.5625, 7.59375, 7.625, 7.65625, 7.6875, 7.71875, 7.75, 7.78125, 7.8125, 7.84375, 7.875, 7.90625, 7.9375, 7.96875, 8.0, 8.03125, 8.0625, 8.09375, 8.125, 8.15625, 8.1875, 8.21875, 8.25, 8.28125, 8.3125, 8.34375, 8.375, 8.40625, 8.4375, 8.46875, 8.5, 8.53125, 8.5625, 8.59375, 8.625, 8.65625, 8.6875, 8.71875, 8.75, 8.78125, 8.8125, 8.84375, 8.875, 8.90625, 8.9375, 8.96875, 9.0, 9.03125, 9.0625, 9.09375, 9.125, 9.15625, 9.1875, 9.21875, 9.25, 9.28125, 9.3125, 9.34375, 9.375, 9.40625, 9.4375, 9.46875, 9.5, 9.53125, 9.5625, 9.59375, 9.625, 9.65625, 9.6875, 9.71875, 9.75, 9.78125, 9.8125, 9.84375, 9.875, 9.90625, 9.9375, 9.96875, 10.0, 10.03125, 10.0625, 10.09375, 10.125, 10.15625, 10.1875, 10.21875, 10.25, 10.28125, 10.3125, 10.34375, 10.375, 10.40625, 10.4375, 10.46875, 10.5, 10.53125, 10.5625, 10.59375, 10.625, 10.65625, 10.6875, 10.71875, 10.75, 10.78125, 10.8125, 10.84375, 10.875, 10.90625, 10.9375, 10.96875, 11.0, 11.03125, 11.0625, 11.09375, 11.125, 11.15625, 11.1875, 11.21875, 11.25, 11.28125, 11.3125, 11.34375, 11.375, 11.40625, 11.4375, 11.46875, 11.5, 11.53125, 11.5625, 11.59375, 11.625, 11.65625, 11.6875, 11.71875, 11.75, 11.78125, 11.8125, 11.875, 11.90625, 11.9375, 11.96875, 12.0, 12.03125, 12.0625, 12.09375, 12.125, 12.15625, 12.1875, 12.25, 12.28125, 12.3125, 12.34375, 12.375, 12.40625, 12.46875, 12.5, 12.5625, 12.625, 12.65625, 12.6875, 12.71875, 12.75, 12.78125, 12.8125, 12.84375, 12.875, 12.90625, 12.9375, 12.96875, 13.0, 13.03125, 13.09375, 13.15625, 13.1875, 13.25, 13.28125, 13.3125, 13.34375, 13.4375, 13.46875, 13.5, 13.5625, 13.59375, 13.625, 13.6875, 13.8125, 13.84375, 14.15625, 14.28125, 14.375, 14.65625]}}