{"percentile": {"x": [0.25, 3.1875, 4.15625, 4.1875, 4.28125, 4.3125, 4.90625, 4.9375, 5.03125, 5.125, 5.1875, 5.34375, 5.375, 5.5, 5.53125, 5.5625, 5.59375, 5.6875, 5.71875, 5.75, 6.0, 6.03125, 6.0625, 6.09375, 6.125, 6.1875, 6.21875, 6.25, 6.34375, 6.40625, 6.4375, 6.46875, 6.5, 6.5625, 6.625, 6.6875, 6.71875, 6.75, 6.78125, 6.84375, 6.875, 6.9375, 6.96875, 7.0, 7.03125, 7.0625, 7.09375, 7.15625, 7.1875, 7.25, 7.28125, 7.34375, 7.375, 7.40625, 7.4375, 7.46875, 7.53125, 7.5625, 7.59375, 7.65625, 7.6875, 7.71875, 7.78125, 7.8125, 7.84375, 7.875, 7.90625, 7.9375, 8.0, 8.03125, 8.0625, 8.09375, 8.125, 8.15625, 8.21875, 8.25, 8.3125, 8.40625, 8.4375, 8.46875, 8.5, 8.53125, 8.5625, 8.59375, 8.625, 8.6875, 8.78125, 8.90625, 8.96875, 9.0, 9.03125, 9.0625, 9.125, 9.15625, 9.1875, 9.25, 9.28125, 9.3125, 9.375, 9.40625, 9.53125, 9.5625, 9.59375, 9.625, 9.6875, 9.71875, 9.8125, 9.875, 9.90625, 10.0, 10.0625, 10.15625, 10.21875, 10.25, 10.28125, 10.4375, 10.5625, 10.59375, 10.625, 10.78125, 10.8125, 10.84375, 10.96875, 11.09375, 11.125, 11.3125, 11.375], "y": [0.0, 0.4, 0.9, 1.3, 1.8, 2.3, 2.7, 3.2, 3.7, 4.1, 4.6, 5.5, 6.0, 6.9, 7.4, 7.8, 8.3, 8.7, 9.2, 9.7, 10.1, 12.0, 12.9, 13.8, 14.8, 15.2, 16.2, 16.6, 18.0, 18.5, 19.4, 19.9, 20.3, 21.2, 23.6, 24.5, 25.9, 26.8, 27.3, 27.7, 28.2, 29.1, 29.6, 30.5, 33.3, 34.2, 34.7, 36.1, 37.0, 37.5, 37.9, 38.8, 39.3, 40.2, 42.1, 42.5, 43.0, 43.5, 45.8, 46.2, 47.2, 47.6, 48.6, 49.0, 49.5, 50.0, 50.9, 51.3, 52.3, 54.6, 55.0, 56.4, 58.3, 59.7, 60.1, 61.1, 62.0, 62.9, 63.8, 64.8, 65.2, 66.2, 67.1, 70.8, 71.7, 72.2, 73.1, 74.0, 74.5, 75.0, 76.3, 77.3, 77.7, 78.7, 80.0, 80.5, 81.0, 81.4, 81.9, 82.4, 83.7, 84.2, 85.1, 85.6, 86.1, 86.5, 87.0, 87.5, 87.9, 88.4, 90.2, 91.2, 91.6, 92.1, 92.5, 93.5, 94.4, 94.9, 95.3, 96.2, 96.7, 97.2, 97.6, 98.1, 98.6, 99.0, 100.0]}, "histogram": {"x": [0.0, 1.0, 2.0, 3.0, 4.0, 5.0, 6.0, 7.0, 8.0, 9.0, 10.0, 11.0, 12.0, 13.0], "y": [1, 0, 0, 1, 6, 14, 44, 47, 49, 29, 21, 5, 0, 0]}}