{"percentile": {"y": [0.0, 0.3, 0.6, 0.9, 1.2, 2.5, 2.8, 3.1, 3.4, 3.7, 4.0, 5.9, 6.2, 6.9, 7.2, 7.5, 7.8, 8.1, 8.8, 10.6, 11.3, 11.9, 12.8, 13.5, 14.4, 15.7, 16.0, 16.6, 16.9, 17.6, 17.9, 19.8, 20.7, 22.3, 22.9, 23.2, 24.5, 24.8, 26.1, 26.7, 27.6, 30.1, 30.8, 31.4, 31.7, 32.0, 32.3, 33.0, 34.5, 35.2, 36.1, 37.1, 37.7, 38.0, 38.6, 40.2, 40.5, 41.1, 46.2, 47.4, 48.7, 51.2, 52.2, 53.4, 54.4, 55.3, 55.9, 57.8, 58.1, 58.4, 61.0, 61.3, 61.6, 62.8, 63.2, 64.4, 66.0, 66.9, 67.9, 68.8, 69.1, 71.0, 74.2, 75.1, 76.4, 77.3, 78.6, 78.9, 79.2, 80.5, 81.4, 81.7, 82.3, 83.3, 85.2, 85.5, 86.4, 87.1, 87.7, 88.0, 88.3, 89.9, 90.2, 90.8, 91.8, 92.1, 92.4, 93.7, 95.5, 95.9, 96.8, 97.1, 98.1, 98.4, 98.7, 99.3, 99.6, 100.0], "x": [0.03333333333333333, 4.466666666666667, 5.866666666666667, 5.9, 6.0, 6.266666666666667, 6.366666666666666, 6.4, 6.433333333333334, 6.5, 6.6, 6.733333333333333, 6.8, 6.833333333333333, 6.866666666666667, 6.9, 6.933333333333334, 6.966666666666667, 7.0, 7.033333333333333, 7.066666666666666, 7.133333333333334, 7.166666666666667, 7.266666666666667, 7.366666666666666, 7.4, 7.433333333333334, 7.466666666666667, 7.5, 7.566666666666666, 7.6, 7.633333333333333, 7.666666666666667, 7.7, 7.733333333333333, 7.8, 7.833333333333333, 7.866666666666667, 7.933333333333334, 7.966666666666667, 8.0, 8.066666666666666, 8.1, 8.133333333333333, 8.166666666666666, 8.2, 8.233333333333333, 8.266666666666667, 8.3, 8.333333333333334, 8.366666666666667, 8.4, 8.433333333333334, 8.466666666666667, 8.5, 8.533333333333333, 8.566666666666666, 8.6, 8.633333333333333, 8.666666666666666, 8.7, 8.733333333333333, 8.766666666666667, 8.8, 8.833333333333334, 8.866666666666667, 8.9, 8.933333333333334, 8.966666666666667, 9.0, 9.033333333333333, 9.1, 9.133333333333333, 9.233333333333333, 9.266666666666667, 9.3, 9.333333333333334, 9.366666666666667, 9.4, 9.433333333333334, 9.533333333333333, 9.6, 9.633333333333333, 9.666666666666666, 9.7, 9.733333333333333, 9.766666666666667, 9.8, 9.833333333333334, 9.866666666666667, 9.9, 9.933333333333334, 9.966666666666667, 10.0, 10.033333333333333, 10.066666666666666, 10.133333333333333, 10.166666666666666, 10.2, 10.233333333333333, 10.266666666666667, 10.3, 10.333333333333334, 10.366666666666667, 10.433333333333334, 10.5, 10.566666666666666, 10.6, 10.633333333333333, 10.666666666666666, 10.733333333333333, 11.0, 11.133333333333333, 11.266666666666667, 11.4, 11.533333333333333, 11.633333333333333, 11.966666666666667]}, "histogram": {"y": [1, 0, 0, 0, 1, 2, 24, 60, 98, 79, 44, 10, 0], "x": [0.0, 1.0, 2.0, 3.0, 4.0, 5.0, 6.0, 7.0, 8.0, 9.0, 10.0, 11.0, 12.0]}}