{"percentile": {"y": [0.0, 0.7, 1.4, 2.8, 3.5, 4.3, 5.0, 5.7, 6.4, 7.1, 7.9, 8.6, 9.3, 10.0, 10.7, 11.5, 12.2, 12.9, 13.6, 14.3, 18.7, 20.1, 21.5, 23.0, 25.1, 25.8, 26.6, 27.3, 28.0, 30.9, 31.6, 32.3, 33.0, 34.5, 35.9, 38.1, 38.8, 43.8, 45.3, 46.0, 47.4, 48.2, 48.9, 49.6, 50.3, 51.0, 51.7, 53.9, 54.6, 56.8, 57.5, 58.9, 59.7, 60.4, 61.8, 63.3, 65.4, 66.9, 68.3, 69.7, 74.8, 76.2, 76.9, 78.4, 79.1, 81.2, 82.0, 82.7, 83.4, 84.1, 86.3, 87.0, 87.7, 88.4, 89.2, 89.9, 90.6, 91.3, 92.0, 92.8, 93.5, 94.2, 94.9, 96.4, 97.1, 98.5, 99.2, 100.0], "x": [0.21875, 0.25, 4.0, 5.25, 5.40625, 5.6875, 5.8125, 6.125, 6.21875, 6.40625, 6.5625, 6.6875, 6.71875, 6.75, 7.0, 7.09375, 7.1875, 7.21875, 7.53125, 7.5625, 7.59375, 7.625, 7.71875, 7.75, 7.78125, 7.8125, 7.84375, 7.96875, 8.0, 8.03125, 8.09375, 8.21875, 8.25, 8.3125, 8.34375, 8.40625, 8.5625, 8.59375, 8.625, 8.6875, 8.71875, 8.75, 8.78125, 8.8125, 8.875, 8.90625, 8.9375, 8.96875, 9.0, 9.03125, 9.0625, 9.1875, 9.21875, 9.25, 9.3125, 9.34375, 9.375, 9.40625, 9.53125, 9.5625, 9.59375, 9.6875, 9.71875, 9.78125, 10.0, 10.03125, 10.0625, 10.25, 10.34375, 10.375, 10.40625, 10.4375, 10.46875, 10.5625, 10.625, 10.6875, 10.71875, 10.8125, 10.84375, 10.9375, 11.0, 11.375, 11.59375, 11.625, 11.71875, 12.3125, 12.46875, 12.59375]}, "histogram": {"y": [2, 0, 0, 0, 2, 4, 7, 24, 37, 34, 20, 7, 3, 0, 0], "x": [0.0, 1.0, 2.0, 3.0, 4.0, 5.0, 6.0, 7.0, 8.0, 9.0, 10.0, 11.0, 12.0, 13.0, 14.0]}}