{"percentile": {"x": [0.03125, 0.1875, 0.25, 0.40625, 1.0, 1.15625, 2.125, 3.0, 3.03125, 3.0625, 3.5625, 3.90625, 4.0, 4.03125, 4.09375, 4.1875, 4.28125, 4.3125, 4.34375, 4.375, 4.40625, 4.53125, 4.59375, 4.84375, 4.875, 4.90625, 5.0, 5.03125, 5.09375, 5.125, 5.15625, 5.1875, 5.21875, 5.25, 5.28125, 5.3125, 5.34375, 5.40625, 5.46875, 5.5, 5.5625, 5.59375, 5.625, 5.65625, 5.6875, 5.71875, 5.75, 5.8125, 5.84375, 5.875, 5.90625, 5.9375, 6.0, 6.03125, 6.0625, 6.09375, 6.125, 6.15625, 6.1875, 6.21875, 6.25, 6.28125, 6.3125, 6.34375, 6.375, 6.40625, 6.4375, 6.46875, 6.5, 6.53125, 6.5625, 6.59375, 6.625, 6.65625, 6.6875, 6.71875, 6.75, 6.78125, 6.8125, 6.84375, 6.875, 6.90625, 6.9375, 6.96875, 7.0, 7.03125, 7.0625, 7.09375, 7.125, 7.15625, 7.1875, 7.21875, 7.25, 7.28125, 7.3125, 7.34375, 7.375, 7.40625, 7.4375, 7.46875, 7.5, 7.53125, 7.5625, 7.59375, 7.625, 7.65625, 7.6875, 7.71875, 7.75, 7.78125, 7.8125, 7.84375, 7.875, 7.90625, 7.9375, 7.96875, 8.0, 8.03125, 8.0625, 8.09375, 8.125, 8.15625, 8.1875, 8.21875, 8.25, 8.28125, 8.3125, 8.34375, 8.375, 8.40625, 8.4375, 8.46875, 8.5, 8.53125, 8.5625, 8.59375, 8.625, 8.65625, 8.6875, 8.71875, 8.75, 8.78125, 8.8125, 8.84375, 8.875, 8.90625, 8.9375, 8.96875, 9.0, 9.03125, 9.0625, 9.09375, 9.125, 9.15625, 9.1875, 9.21875, 9.25, 9.28125, 9.3125, 9.34375, 9.375, 9.40625, 9.4375, 9.46875, 9.5, 9.53125, 9.5625, 9.59375, 9.625, 9.65625, 9.6875, 9.71875, 9.75, 9.78125, 9.8125, 9.84375, 9.875, 9.90625, 9.9375, 10.0, 10.03125, 10.0625, 10.09375, 10.125, 10.15625, 10.1875, 10.21875, 10.25, 10.28125, 10.3125, 10.34375, 10.375, 10.40625, 10.4375, 10.46875, 10.5, 10.53125, 10.5625, 10.59375, 10.65625, 10.6875, 10.71875, 10.75, 10.84375, 10.90625, 11.03125, 11.0625, 11.09375, 11.125, 11.15625, 11.1875, 11.21875, 11.25, 11.3125, 11.34375, 11.375, 11.46875, 11.53125, 11.59375, 11.65625, 11.71875, 11.78125, 11.84375, 11.875, 12.125, 12.15625, 12.25, 12.3125, 12.34375, 12.5625, 12.65625, 12.84375, 12.96875], "y": [0.0, 0.4, 0.5, 0.6, 0.6, 0.7, 0.8, 0.9, 0.9, 1.0, 1.1, 1.2, 1.3, 1.4, 1.6, 1.6, 1.7, 1.8, 1.9, 2.1, 2.2, 2.2, 2.3, 2.4, 2.6, 2.6, 2.7, 2.9, 3.2, 3.2, 3.7, 3.9, 4.0, 4.2, 4.4, 4.6, 4.9, 5.2, 5.4, 5.5, 5.6, 6.1, 6.2, 6.3, 6.5, 6.7, 6.8, 7.1, 7.3, 7.5, 8.0, 8.4, 8.7, 9.5, 9.8, 10.4, 10.8, 11.3, 11.7, 12.3, 12.7, 13.1, 13.6, 14.1, 14.5, 14.7, 15.4, 16.3, 16.6, 16.9, 17.0, 18.2, 18.5, 18.7, 19.1, 19.3, 19.7, 19.9, 20.2, 20.3, 20.7, 21.1, 21.5, 21.7, 21.8, 23.6, 24.1, 25.3, 26.8, 27.8, 29.2, 30.5, 31.3, 33.8, 34.8, 35.6, 36.3, 37.2, 38.5, 39.2, 40.1, 40.7, 41.5, 43.4, 44.1, 44.6, 45.0, 45.5, 46.0, 46.5, 47.4, 48.0, 48.2, 48.8, 49.2, 49.8, 50.3, 52.5, 53.2, 54.4, 55.5, 56.6, 57.4, 58.3, 59.0, 60.7, 61.5, 62.3, 62.8, 63.8, 64.8, 65.5, 66.3, 66.9, 67.3, 68.9, 69.7, 70.1, 70.7, 71.0, 71.4, 72.1, 72.4, 72.9, 73.3, 73.8, 73.9, 74.2, 74.5, 76.3, 76.8, 77.2, 77.8, 78.6, 79.4, 80.2, 80.8, 81.8, 82.3, 82.9, 83.3, 83.6, 83.9, 84.4, 84.5, 85.0, 85.2, 86.9, 87.2, 87.7, 87.9, 88.1, 88.6, 89.0, 89.5, 89.8, 90.0, 90.2, 90.5, 90.5, 91.1, 91.8, 92.2, 92.5, 92.9, 93.4, 93.7, 93.9, 94.6, 94.8, 94.9, 95.1, 95.2, 95.4, 95.5, 95.8, 95.9, 96.0, 96.2, 96.3, 96.4, 96.6, 96.9, 97.0, 97.0, 97.1, 97.3, 97.3, 97.5, 97.7, 97.7, 97.8, 98.0, 98.0, 98.3, 98.3, 98.4, 98.5, 98.6, 98.7, 98.8, 98.9, 99.0, 99.0, 99.2, 99.3, 99.4, 99.5, 99.6, 99.6, 99.8, 99.9, 100.0]}, "histogram": {"x": [0.0, 1.0, 2.0, 3.0, 4.0, 5.0, 6.0, 7.0, 8.0, 9.0, 10.0, 11.0, 12.0, 13.0, 14.0], "y": [9, 2, 1, 5, 19, 78, 171, 373, 316, 209, 86, 27, 11, 0, 0]}}