{"percentile": {"y": [0.0, 0.3, 0.5, 0.6, 0.8, 1.0, 1.2, 1.3, 1.5, 1.7, 1.9, 2.6, 2.7, 2.9, 3.1, 3.3, 3.4, 3.6, 3.8, 4.0, 4.3, 4.5, 4.7, 4.8, 5.2, 5.5, 5.9, 6.6, 6.8, 7.1, 7.3, 7.8, 8.2, 8.3, 8.7, 9.0, 9.2, 9.4, 9.6, 9.9, 10.1, 10.3, 10.4, 10.6, 12.0, 12.2, 12.9, 13.1, 13.4, 13.9, 14.1, 14.3, 15.9, 16.6, 17.3, 18.1, 18.3, 19.7, 20.4, 20.9, 21.3, 24.1, 24.6, 25.5, 26.0, 26.3, 26.9, 27.2, 27.9, 28.1, 28.8, 29.8, 30.0, 30.7, 31.2, 33.2, 33.3, 33.7, 34.0, 34.2, 34.6, 36.1, 36.8, 37.5, 37.9, 38.8, 39.3, 40.2, 41.4, 41.6, 41.9, 46.5, 46.8, 47.2, 47.7, 48.0, 48.6, 49.1, 49.4, 49.6, 50.6, 51.3, 52.0, 53.3, 53.8, 56.4, 56.9, 57.1, 57.8, 58.2, 59.9, 60.4, 61.5, 62.4, 63.8, 64.6, 64.8, 65.7, 66.0, 69.2, 70.6, 70.9, 71.5, 71.8, 72.2, 72.3, 73.4, 73.7, 74.3, 74.6, 75.0, 75.5, 78.1, 78.3, 78.6, 79.1, 79.8, 80.0, 80.4, 81.1, 82.1, 83.0, 83.3, 83.9, 84.0, 84.6, 85.1, 85.4, 85.8, 86.8, 87.0, 87.5, 88.2, 89.3, 89.6, 90.2, 90.5, 90.9, 91.2, 91.4, 91.9, 92.1, 92.6, 93.5, 94.0, 94.5, 94.7, 94.9, 95.1, 95.2, 95.4, 95.9, 96.1, 96.3, 96.5, 96.8, 97.0, 97.2, 97.3, 97.5, 97.7, 97.9, 98.0, 98.2, 98.4, 98.6, 98.7, 98.9, 99.1, 99.3, 99.4, 99.8, 100.0], "x": [0.03125, 0.125, 0.28125, 0.34375, 0.46875, 4.46875, 4.5625, 5.0, 5.5625, 5.84375, 6.0, 6.21875, 6.25, 6.34375, 6.53125, 6.5625, 6.65625, 6.6875, 6.71875, 6.875, 6.90625, 6.96875, 7.0, 7.0625, 7.15625, 7.21875, 7.25, 7.28125, 7.34375, 7.375, 7.40625, 7.4375, 7.53125, 7.5625, 7.625, 7.65625, 7.6875, 7.75, 7.8125, 7.84375, 7.90625, 7.9375, 7.96875, 8.0, 8.03125, 8.0625, 8.09375, 8.125, 8.15625, 8.1875, 8.21875, 8.25, 8.28125, 8.3125, 8.34375, 8.375, 8.40625, 8.4375, 8.5, 8.53125, 8.5625, 8.59375, 8.625, 8.65625, 8.6875, 8.71875, 8.75, 8.78125, 8.8125, 8.84375, 8.875, 8.90625, 8.9375, 8.96875, 9.0, 9.0625, 9.125, 9.15625, 9.1875, 9.21875, 9.25, 9.28125, 9.3125, 9.34375, 9.375, 9.40625, 9.4375, 9.46875, 9.5, 9.53125, 9.5625, 9.59375, 9.625, 9.65625, 9.6875, 9.71875, 9.75, 9.78125, 9.8125, 9.84375, 9.875, 9.90625, 9.9375, 9.96875, 10.0, 10.125, 10.15625, 10.1875, 10.21875, 10.25, 10.28125, 10.3125, 10.375, 10.40625, 10.4375, 10.46875, 10.5, 10.53125, 10.5625, 10.59375, 10.625, 10.65625, 10.6875, 10.75, 10.78125, 10.8125, 10.84375, 10.875, 10.90625, 10.9375, 10.96875, 11.0, 11.03125, 11.0625, 11.09375, 11.15625, 11.1875, 11.21875, 11.25, 11.28125, 11.3125, 11.34375, 11.375, 11.40625, 11.4375, 11.46875, 11.5, 11.53125, 11.5625, 11.59375, 11.6875, 11.71875, 11.75, 11.78125, 11.8125, 11.84375, 11.875, 11.9375, 11.96875, 12.0, 12.0625, 12.09375, 12.25, 12.3125, 12.34375, 12.375, 12.40625, 12.4375, 12.46875, 12.53125, 12.5625, 12.59375, 12.6875, 12.71875, 12.75, 12.78125, 12.8125, 12.84375, 12.9375, 13.0, 13.03125, 13.125, 13.25, 13.3125, 13.375, 13.4375, 13.5, 13.5625, 13.625, 13.9375, 14.03125, 14.5625, 14.84375]}, "histogram": {"y": [6, 0, 0, 0, 2, 3, 16, 34, 118, 129, 124, 91, 35, 11, 4, 0, 0], "x": [0.0, 1.0, 2.0, 3.0, 4.0, 5.0, 6.0, 7.0, 8.0, 9.0, 10.0, 11.0, 12.0, 13.0, 14.0, 15.0, 16.0]}}