{"histogram": {"y": [1, 0, 1, 4, 7, 5, 15, 24, 26, 20, 14, 6, 0, 0], "x": [0.0, 1.0, 2.0, 3.0, 4.0, 5.0, 6.0, 7.0, 8.0, 9.0, 10.0, 11.0, 12.0, 13.0]}, "percentile": {"y": [0.0, 0.8, 1.6, 2.4, 4.9, 5.7, 7.3, 9.0, 9.8, 10.6, 11.4, 12.2, 13.1, 13.9, 14.7, 15.5, 16.3, 18.0, 18.8, 19.6, 20.4, 21.3, 22.1, 22.9, 23.7, 24.5, 26.2, 27.0, 27.8, 31.1, 31.9, 32.7, 34.4, 35.2, 36.0, 36.8, 39.3, 40.1, 41.8, 42.6, 43.4, 45.9, 46.7, 48.3, 49.1, 50.8, 52.4, 53.2, 54.0, 54.9, 55.7, 56.5, 57.3, 59.0, 61.4, 63.1, 65.5, 66.3, 67.2, 68.0, 70.4, 71.3, 72.1, 72.9, 73.7, 74.5, 76.2, 78.6, 81.9, 82.7, 83.6, 84.4, 85.2, 86.0, 86.8, 87.7, 88.5, 90.1, 91.8, 93.4, 94.2, 95.0, 95.9, 96.7, 97.5, 98.3, 99.1, 100.0], "x": [0.40625, 2.8125, 3.125, 3.40625, 4.0, 4.21875, 4.3125, 4.5, 4.9375, 5.125, 5.34375, 5.375, 5.90625, 5.9375, 6.0, 6.21875, 6.25, 6.3125, 6.34375, 6.40625, 6.4375, 6.46875, 6.5, 6.5625, 6.59375, 6.875, 6.9375, 7.0, 7.03125, 7.0625, 7.09375, 7.25, 7.28125, 7.34375, 7.375, 7.40625, 7.4375, 7.5625, 7.65625, 7.6875, 7.875, 7.96875, 8.0, 8.03125, 8.0625, 8.125, 8.15625, 8.21875, 8.25, 8.3125, 8.34375, 8.375, 8.40625, 8.5625, 8.625, 8.78125, 8.84375, 8.9375, 8.96875, 9.0, 9.03125, 9.21875, 9.25, 9.28125, 9.375, 9.40625, 9.46875, 9.5625, 9.59375, 9.75, 9.96875, 10.03125, 10.0625, 10.15625, 10.1875, 10.25, 10.3125, 10.5, 10.5625, 10.71875, 10.8125, 10.84375, 11.0, 11.15625, 11.28125, 11.75, 11.875, 11.9375]}}