{"histogram": {"x": [0.0, 1.0, 2.0, 3.0, 4.0, 5.0, 6.0, 7.0, 8.0, 9.0, 10.0, 11.0, 12.0, 13.0, 14.0], "y": [3, 0, 1, 0, 5, 3, 29, 82, 154, 154, 91, 25, 3, 1, 0]}, "percentile": {"x": [0.1, 0.3, 0.43333333333333335, 2.0, 4.0, 4.266666666666667, 4.9, 4.933333333333334, 4.966666666666667, 5.366666666666666, 5.9, 5.933333333333334, 6.0, 6.066666666666666, 6.1, 6.266666666666667, 6.333333333333333, 6.4, 6.433333333333334, 6.533333333333333, 6.6, 6.633333333333333, 6.666666666666667, 6.766666666666667, 6.866666666666667, 6.9, 6.933333333333334, 7.0, 7.033333333333333, 7.066666666666666, 7.1, 7.133333333333334, 7.166666666666667, 7.2, 7.266666666666667, 7.3, 7.333333333333333, 7.366666666666666, 7.4, 7.433333333333334, 7.466666666666667, 7.5, 7.533333333333333, 7.566666666666666, 7.6, 7.633333333333333, 7.666666666666667, 7.7, 7.733333333333333, 7.766666666666667, 7.8, 7.833333333333333, 7.866666666666667, 7.9, 7.933333333333334, 7.966666666666667, 8.0, 8.1, 8.133333333333333, 8.166666666666666, 8.2, 8.266666666666667, 8.3, 8.333333333333334, 8.366666666666667, 8.4, 8.433333333333334, 8.466666666666667, 8.5, 8.533333333333333, 8.566666666666666, 8.6, 8.633333333333333, 8.666666666666666, 8.7, 8.733333333333333, 8.766666666666667, 8.8, 8.833333333333334, 8.866666666666667, 8.9, 8.933333333333334, 8.966666666666667, 9.0, 9.033333333333333, 9.066666666666666, 9.133333333333333, 9.166666666666666, 9.2, 9.233333333333333, 9.266666666666667, 9.3, 9.333333333333334, 9.366666666666667, 9.4, 9.433333333333334, 9.466666666666667, 9.5, 9.533333333333333, 9.566666666666666, 9.6, 9.633333333333333, 9.666666666666666, 9.7, 9.733333333333333, 9.766666666666667, 9.8, 9.833333333333334, 9.866666666666667, 9.9, 9.933333333333334, 9.966666666666667, 10.0, 10.033333333333333, 10.166666666666666, 10.2, 10.233333333333333, 10.266666666666667, 10.3, 10.333333333333334, 10.366666666666667, 10.433333333333334, 10.466666666666667, 10.5, 10.533333333333333, 10.6, 10.633333333333333, 10.666666666666666, 10.7, 10.733333333333333, 10.766666666666667, 10.8, 10.833333333333334, 10.866666666666667, 10.9, 10.933333333333334, 10.966666666666667, 11.0, 11.033333333333333, 11.066666666666666, 11.1, 11.133333333333333, 11.166666666666666, 11.233333333333333, 11.266666666666667, 11.3, 11.333333333333334, 11.4, 11.433333333333334, 11.466666666666667, 11.533333333333333, 11.6, 11.7, 11.8, 11.833333333333334, 12.0, 12.1, 12.6, 13.0], "y": [0.0, 0.1, 0.3, 0.5, 0.7, 0.9, 1.0, 1.2, 1.4, 1.6, 1.8, 2.0, 2.1, 2.5, 2.7, 2.9, 3.2, 3.4, 4.0, 4.1, 4.5, 5.4, 5.6, 5.8, 6.1, 6.7, 6.9, 7.4, 7.8, 8.0, 8.1, 8.3, 8.9, 9.0, 9.2, 10.5, 10.9, 11.2, 11.6, 12.0, 12.3, 12.9, 13.2, 13.6, 14.0, 16.5, 16.9, 17.6, 18.0, 18.9, 19.4, 19.8, 20.1, 20.7, 21.4, 22.1, 22.3, 24.0, 24.9, 25.6, 26.1, 26.3, 27.2, 27.6, 28.5, 28.9, 30.0, 31.0, 31.2, 31.8, 33.4, 33.8, 39.0, 40.3, 41.2, 42.1, 43.0, 44.5, 45.8, 47.0, 47.8, 48.7, 49.8, 50.3, 53.6, 54.7, 54.9, 55.8, 56.5, 57.6, 57.8, 59.6, 60.1, 62.0, 62.3, 62.9, 63.8, 64.3, 64.5, 65.0, 65.4, 69.2, 70.1, 70.3, 71.4, 72.3, 73.0, 73.8, 74.7, 76.0, 76.9, 78.0, 78.3, 81.2, 82.0, 82.7, 83.8, 84.0, 84.3, 84.7, 85.6, 86.3, 86.9, 87.4, 87.6, 87.8, 89.4, 89.6, 90.3, 90.5, 91.4, 91.8, 92.1, 93.0, 93.4, 93.8, 94.0, 94.9, 95.4, 95.6, 95.8, 96.0, 96.3, 96.5, 96.7, 96.9, 97.0, 97.2, 97.4, 97.8, 98.1, 98.5, 98.7, 99.0, 99.2, 99.4, 99.6, 99.8, 100.0]}}