{"percentile": {"y": [0.0, 1.6, 3.3, 5.0, 6.7, 8.4, 10.1, 11.8, 13.5, 15.2, 16.9, 18.6, 20.3, 22.0, 23.7, 27.1, 28.8, 30.5, 33.8, 35.5, 37.2, 38.9, 40.6, 42.3, 47.4, 49.1, 52.5, 54.2, 55.9, 57.6, 61.0, 64.4, 66.1, 67.7, 71.1, 76.2, 79.6, 81.3, 83.0, 84.7, 86.4, 88.1, 89.8, 91.5, 93.2, 94.9, 96.6, 98.3, 100.0], "x": [4.033333333333333, 4.066666666666666, 4.133333333333334, 4.2, 5.366666666666666, 5.566666666666666, 5.6, 5.666666666666667, 5.7, 6.133333333333334, 6.266666666666667, 6.333333333333333, 6.833333333333333, 7.0, 7.033333333333333, 7.066666666666666, 7.1, 7.166666666666667, 7.3, 7.333333333333333, 7.433333333333334, 7.5, 7.566666666666666, 7.6, 7.766666666666667, 7.8, 7.866666666666667, 7.9, 8.0, 8.133333333333333, 8.266666666666667, 8.433333333333334, 8.466666666666667, 8.533333333333333, 8.6, 8.666666666666666, 8.7, 8.8, 8.866666666666667, 9.033333333333333, 9.1, 9.166666666666666, 9.333333333333334, 9.6, 9.866666666666667, 10.133333333333333, 10.766666666666667, 10.8, 12.866666666666667]}, "histogram": {"y": [4, 5, 4, 20, 17, 6, 3, 0, 1, 0, 0], "x": [4.0, 5.0, 6.0, 7.0, 8.0, 9.0, 10.0, 11.0, 12.0, 13.0, 14.0]}}