{"histogram": {"y": [1, 2, 9, 15, 60, 57, 37, 14, 5, 0, 0], "x": [4.0, 5.0, 6.0, 7.0, 8.0, 9.0, 10.0, 11.0, 12.0, 13.0, 14.0]}, "percentile": {"y": [0.0, 0.5, 1.0, 1.5, 2.0, 2.5, 3.0, 4.0, 4.5, 5.0, 5.5, 6.0, 6.5, 7.0, 7.5, 8.0, 8.5, 10.0, 10.5, 11.0, 12.5, 13.5, 14.5, 15.0, 15.5, 16.5, 17.0, 18.0, 19.0, 22.1, 23.1, 23.6, 24.6, 26.1, 28.1, 28.6, 29.6, 30.1, 31.6, 34.1, 34.6, 35.6, 36.6, 37.1, 39.6, 40.7, 41.2, 42.7, 43.2, 43.7, 46.2, 47.2, 47.7, 50.7, 52.7, 53.7, 54.2, 55.2, 57.7, 58.2, 59.2, 59.7, 61.3, 61.8, 62.8, 64.3, 64.8, 65.3, 66.3, 68.3, 68.8, 69.3, 70.3, 70.8, 71.8, 72.3, 75.8, 76.3, 77.3, 77.8, 78.3, 79.8, 80.4, 80.9, 81.9, 83.9, 84.4, 86.4, 87.4, 87.9, 88.4, 88.9, 89.4, 89.9, 90.4, 90.9, 93.9, 94.4, 95.9, 96.4, 96.9, 97.4, 97.9, 98.4, 98.9, 99.4, 100.0], "x": [4.1875, 5.5, 5.6875, 6.34375, 6.375, 6.5, 6.5625, 6.65625, 6.8125, 6.90625, 6.9375, 7.0, 7.09375, 7.21875, 7.3125, 7.40625, 7.5625, 7.625, 7.75, 7.8125, 7.875, 8.0, 8.03125, 8.0625, 8.09375, 8.125, 8.15625, 8.21875, 8.25, 8.28125, 8.3125, 8.34375, 8.375, 8.40625, 8.4375, 8.46875, 8.5, 8.53125, 8.5625, 8.59375, 8.625, 8.6875, 8.71875, 8.75, 8.78125, 8.8125, 8.84375, 8.875, 8.90625, 9.0, 9.03125, 9.09375, 9.125, 9.21875, 9.25, 9.28125, 9.3125, 9.34375, 9.375, 9.40625, 9.4375, 9.46875, 9.5, 9.53125, 9.5625, 9.59375, 9.625, 9.65625, 9.6875, 9.71875, 9.75, 9.78125, 9.84375, 9.90625, 9.9375, 10.0, 10.03125, 10.125, 10.1875, 10.25, 10.28125, 10.34375, 10.375, 10.46875, 10.5, 10.53125, 10.5625, 10.59375, 10.65625, 10.6875, 10.75, 10.78125, 10.84375, 10.90625, 10.96875, 11.0, 11.25, 11.375, 11.40625, 11.46875, 11.5625, 11.9375, 12.0, 12.1875, 12.4375, 12.46875, 12.5625]}}