{"percentile": {"x": [0.03125, 0.1875, 0.25, 0.3125, 1.0, 3.125, 4.5625, 4.75, 4.78125, 5.0, 5.09375, 5.15625, 5.21875, 5.25, 5.3125, 5.5625, 5.59375, 5.625, 5.65625, 5.6875, 5.8125, 5.875, 5.90625, 6.0, 6.0625, 6.125, 6.25, 6.28125, 6.34375, 6.375, 6.40625, 6.4375, 6.46875, 6.5, 6.5625, 6.59375, 6.65625, 6.6875, 6.71875, 6.75, 6.78125, 6.8125, 6.875, 6.90625, 6.96875, 7.0, 7.03125, 7.0625, 7.09375, 7.125, 7.15625, 7.21875, 7.25, 7.28125, 7.3125, 7.34375, 7.375, 7.40625, 7.4375, 7.46875, 7.5, 7.53125, 7.5625, 7.59375, 7.625, 7.65625, 7.6875, 7.71875, 7.75, 7.78125, 7.8125, 7.84375, 7.875, 7.90625, 7.9375, 7.96875, 8.0, 8.03125, 8.0625, 8.09375, 8.125, 8.15625, 8.1875, 8.21875, 8.25, 8.28125, 8.3125, 8.34375, 8.375, 8.40625, 8.4375, 8.46875, 8.5, 8.53125, 8.5625, 8.59375, 8.625, 8.65625, 8.6875, 8.71875, 8.75, 8.78125, 8.8125, 8.84375, 8.875, 8.90625, 8.9375, 8.96875, 9.0, 9.03125, 9.0625, 9.09375, 9.125, 9.15625, 9.1875, 9.21875, 9.25, 9.28125, 9.3125, 9.34375, 9.375, 9.40625, 9.4375, 9.46875, 9.5, 9.53125, 9.5625, 9.59375, 9.625, 9.65625, 9.6875, 9.71875, 9.75, 9.78125, 9.8125, 9.84375, 9.875, 9.90625, 9.9375, 9.96875, 10.0, 10.03125, 10.0625, 10.09375, 10.125, 10.15625, 10.1875, 10.25, 10.28125, 10.3125, 10.34375, 10.375, 10.40625, 10.4375, 10.5, 10.53125, 10.5625, 10.59375, 10.625, 10.65625, 10.6875, 10.71875, 10.75, 10.78125, 10.84375, 10.875, 10.90625, 10.9375, 10.96875, 11.0, 11.03125, 11.0625, 11.09375, 11.1875, 11.21875, 11.25, 11.28125, 11.3125, 11.34375, 11.375, 11.40625, 11.46875, 11.5, 11.53125, 11.5625, 11.59375, 11.6875, 11.75, 11.8125, 11.84375, 12.03125, 12.125, 12.1875, 12.21875, 12.28125, 12.375, 12.40625, 12.5625, 12.59375, 12.78125, 12.84375, 13.46875, 13.5625], "y": [0.0, 0.2, 0.3, 0.4, 0.5, 0.7, 0.8, 0.9, 0.9, 1.0, 1.2, 1.3, 1.3, 1.4, 1.6, 1.8, 2.4, 2.5, 2.6, 2.7, 2.7, 2.9, 3.1, 3.1, 3.7, 3.8, 4.1, 4.9, 5.0, 5.3, 5.4, 5.5, 5.8, 6.1, 6.2, 7.9, 8.3, 8.4, 8.7, 8.8, 9.0, 9.1, 9.3, 9.4, 9.5, 10.1, 11.8, 12.4, 12.9, 13.1, 13.9, 14.0, 14.1, 15.5, 15.6, 15.9, 16.4, 16.8, 17.1, 17.4, 17.7, 18.2, 18.5, 19.8, 20.4, 21.4, 22.1, 22.6, 23.7, 23.8, 24.4, 24.9, 25.2, 26.7, 27.2, 27.7, 28.2, 31.0, 31.1, 31.5, 32.0, 32.2, 32.8, 33.2, 33.5, 36.5, 37.2, 37.7, 38.1, 38.7, 40.0, 40.7, 41.2, 42.2, 42.7, 46.5, 47.2, 47.9, 48.4, 49.4, 50.3, 51.2, 52.1, 52.9, 53.5, 54.3, 54.8, 55.2, 55.9, 60.4, 60.7, 61.1, 61.8, 62.0, 62.9, 63.2, 63.3, 64.8, 65.7, 66.1, 66.9, 68.0, 69.0, 69.6, 70.1, 71.3, 71.5, 74.2, 75.3, 75.7, 75.9, 76.7, 77.1, 77.7, 78.7, 79.3, 79.7, 79.9, 80.3, 80.6, 80.8, 82.6, 82.8, 83.1, 83.5, 83.8, 84.4, 84.5, 85.9, 86.3, 86.7, 87.3, 87.9, 88.5, 89.0, 89.2, 89.3, 90.7, 90.9, 91.4, 91.9, 92.0, 92.1, 92.2, 92.8, 93.1, 93.2, 93.3, 93.6, 93.7, 94.6, 94.7, 95.0, 95.1, 95.4, 95.5, 95.9, 96.2, 96.3, 96.5, 96.8, 97.2, 97.3, 97.5, 97.7, 97.7, 97.8, 98.1, 98.1, 98.5, 98.7, 98.8, 98.9, 99.0, 99.0, 99.1, 99.2, 99.4, 99.5, 99.5, 99.6, 99.7, 99.9]}, "histogram": {"x": [0.0, 1.0, 2.0, 3.0, 4.0, 5.0, 6.0, 7.0, 8.0, 9.0, 10.0, 11.0, 12.0, 13.0, 14.0], "y": [7, 2, 0, 1, 3, 26, 85, 220, 338, 304, 157, 61, 12, 4, 0]}}