{"percentile": {"y": [0.0, 0.1, 0.1, 0.2, 0.2, 0.2, 0.2, 0.3, 0.3, 0.3, 0.3, 0.4, 0.4, 0.4, 0.5, 0.5, 0.5, 0.6, 0.6, 0.6, 0.7, 0.7, 0.8, 0.8, 0.8, 0.9, 0.9, 0.9, 0.9, 1.0, 1.0, 1.2, 1.2, 1.3, 1.4, 1.4, 1.5, 1.5, 1.7, 1.7, 1.7, 1.9, 1.9, 2.1, 2.2, 2.2, 2.3, 2.4, 2.9, 3.0, 3.1, 3.2, 3.4, 3.4, 3.6, 3.7, 3.9, 3.9, 3.9, 4.0, 4.6, 4.7, 4.8, 5.1, 5.3, 5.4, 5.7, 5.9, 6.4, 6.4, 6.6, 6.7, 7.0, 7.2, 7.4, 7.7, 7.7, 8.0, 9.2, 9.8, 9.9, 10.3, 10.7, 11.2, 11.6, 12.0, 12.3, 12.8, 13.1, 13.6, 15.5, 15.8, 16.1, 16.5, 17.1, 17.5, 18.0, 18.3, 19.7, 20.3, 21.1, 21.9, 22.6, 23.4, 24.1, 24.4, 25.0, 25.5, 28.9, 29.7, 30.6, 31.5, 32.7, 33.4, 34.3, 35.2, 36.0, 36.8, 37.4, 38.1, 41.4, 41.8, 42.3, 43.1, 43.8, 44.3, 44.9, 45.2, 46.9, 47.9, 48.6, 49.6, 50.5, 51.7, 52.5, 53.2, 54.0, 54.6, 58.7, 59.8, 61.2, 62.2, 62.9, 63.7, 64.4, 65.2, 66.3, 67.2, 68.0, 68.6, 71.5, 71.9, 72.3, 73.0, 73.6, 74.3, 74.8, 75.1, 76.5, 77.3, 77.8, 78.7, 79.3, 80.2, 80.5, 81.1, 81.8, 82.1, 84.2, 85.0, 86.1, 86.4, 86.9, 87.4, 87.8, 88.2, 88.8, 89.3, 90.0, 90.5, 91.8, 92.0, 92.1, 92.3, 92.5, 92.7, 92.9, 93.0, 93.6, 94.0, 94.3, 94.6, 94.7, 95.0, 95.2, 95.4, 95.7, 95.9, 96.5, 96.7, 96.9, 97.1, 97.1, 97.2, 97.3, 97.4, 97.5, 97.6, 97.8, 97.9, 98.4, 98.4, 98.5, 98.5, 98.7, 98.8, 98.9, 98.9, 99.0, 99.0, 99.1, 99.2, 99.4, 99.4, 99.5, 99.6, 99.6, 99.7, 99.7, 99.8, 99.8, 99.8, 99.9, 99.9, 99.9, 100.0], "x": [0.03333333333333333, 0.23333333333333334, 0.26666666666666666, 0.3, 1.1, 2.5, 4.1, 4.2, 4.366666666666666, 4.6, 4.633333333333333, 4.9, 4.933333333333334, 5.0, 5.033333333333333, 5.133333333333334, 5.166666666666667, 5.266666666666667, 5.366666666666666, 5.433333333333334, 5.466666666666667, 5.6, 5.633333333333333, 5.666666666666667, 5.766666666666667, 5.8, 5.833333333333333, 5.866666666666667, 5.9, 5.966666666666667, 6.0, 6.033333333333333, 6.066666666666666, 6.1, 6.133333333333334, 6.166666666666667, 6.2, 6.266666666666667, 6.3, 6.333333333333333, 6.366666666666666, 6.4, 6.433333333333334, 6.466666666666667, 6.5, 6.533333333333333, 6.566666666666666, 6.6, 6.633333333333333, 6.666666666666667, 6.7, 6.733333333333333, 6.766666666666667, 6.8, 6.833333333333333, 6.866666666666667, 6.9, 6.933333333333334, 6.966666666666667, 7.0, 7.033333333333333, 7.066666666666666, 7.1, 7.133333333333334, 7.166666666666667, 7.2, 7.233333333333333, 7.266666666666667, 7.3, 7.333333333333333, 7.366666666666666, 7.4, 7.433333333333334, 7.466666666666667, 7.5, 7.533333333333333, 7.566666666666666, 7.6, 7.633333333333333, 7.666666666666667, 7.7, 7.733333333333333, 7.766666666666667, 7.8, 7.833333333333333, 7.866666666666667, 7.9, 7.933333333333334, 7.966666666666667, 8.0, 8.033333333333333, 8.066666666666666, 8.1, 8.133333333333333, 8.166666666666666, 8.2, 8.233333333333333, 8.266666666666667, 8.3, 8.333333333333334, 8.366666666666667, 8.4, 8.433333333333334, 8.466666666666667, 8.5, 8.533333333333333, 8.566666666666666, 8.6, 8.633333333333333, 8.666666666666666, 8.7, 8.733333333333333, 8.766666666666667, 8.8, 8.833333333333334, 8.866666666666667, 8.9, 8.933333333333334, 8.966666666666667, 9.0, 9.033333333333333, 9.066666666666666, 9.1, 9.133333333333333, 9.166666666666666, 9.2, 9.233333333333333, 9.266666666666667, 9.3, 9.333333333333334, 9.366666666666667, 9.4, 9.433333333333334, 9.466666666666667, 9.5, 9.533333333333333, 9.566666666666666, 9.6, 9.633333333333333, 9.666666666666666, 9.7, 9.733333333333333, 9.766666666666667, 9.8, 9.833333333333334, 9.866666666666667, 9.9, 9.933333333333334, 9.966666666666667, 10.0, 10.033333333333333, 10.066666666666666, 10.1, 10.133333333333333, 10.166666666666666, 10.2, 10.233333333333333, 10.266666666666667, 10.3, 10.333333333333334, 10.366666666666667, 10.4, 10.433333333333334, 10.466666666666667, 10.5, 10.533333333333333, 10.566666666666666, 10.6, 10.633333333333333, 10.666666666666666, 10.7, 10.733333333333333, 10.766666666666667, 10.8, 10.833333333333334, 10.866666666666667, 10.9, 10.933333333333334, 10.966666666666667, 11.0, 11.033333333333333, 11.066666666666666, 11.1, 11.133333333333333, 11.166666666666666, 11.2, 11.233333333333333, 11.266666666666667, 11.3, 11.333333333333334, 11.366666666666667, 11.4, 11.433333333333334, 11.466666666666667, 11.5, 11.533333333333333, 11.566666666666666, 11.6, 11.633333333333333, 11.666666666666666, 11.7, 11.733333333333333, 11.766666666666667, 11.8, 11.833333333333334, 11.866666666666667, 11.9, 11.933333333333334, 11.966666666666667, 12.0, 12.033333333333333, 12.166666666666666, 12.233333333333333, 12.266666666666667, 12.3, 12.333333333333334, 12.366666666666667, 12.4, 12.433333333333334, 12.5, 12.533333333333333, 12.6, 12.633333333333333, 12.666666666666666, 12.7, 12.733333333333333, 12.766666666666667, 12.866666666666667, 12.9, 12.933333333333334, 13.0, 13.166666666666666, 13.266666666666667, 13.3, 13.466666666666667, 15.0]}, "histogram": {"y": [9, 1, 1, 0, 7, 23, 113, 359, 923, 1148, 825, 277, 72, 6, 0, 1, 0], "x": [0.0, 1.0, 2.0, 3.0, 4.0, 5.0, 6.0, 7.0, 8.0, 9.0, 10.0, 11.0, 12.0, 13.0, 14.0, 15.0, 16.0]}}