{"percentile": {"y": [0.0, 0.4, 0.8, 1.2, 1.7, 3.4, 3.8, 5.1, 5.5, 6.0, 6.4, 6.8, 7.7, 9.8, 10.3, 10.7, 12.8, 13.3, 14.1, 15.0, 15.4, 18.8, 19.7, 20.1, 21.4, 21.8, 23.1, 24.0, 24.4, 25.3, 26.6, 27.4, 30.0, 30.4, 30.9, 31.7, 32.1, 34.3, 35.6, 36.0, 38.1, 39.0, 40.3, 41.6, 42.0, 42.9, 43.3, 48.0, 48.9, 50.6, 51.5, 51.9, 53.2, 54.9, 57.0, 58.3, 59.6, 63.5, 64.3, 64.8, 65.6, 66.0, 67.3, 67.8, 68.2, 69.5, 69.9, 70.8, 71.2, 72.1, 72.5, 75.9, 77.2, 78.1, 78.5, 79.3, 81.1, 81.9, 83.2, 83.6, 84.5, 84.9, 85.4, 85.8, 86.2, 86.6, 87.5, 88.8, 89.6, 90.5, 91.4, 92.7, 94.4, 94.8, 95.2, 95.7, 96.1, 96.5, 96.9, 97.4, 97.8, 98.2, 98.7, 99.1, 99.5, 100.0], "x": [3.8666666666666667, 5.066666666666666, 5.933333333333334, 6.1, 6.6, 6.633333333333333, 6.7, 6.733333333333333, 6.766666666666667, 6.8, 6.866666666666667, 6.9, 7.0, 7.033333333333333, 7.1, 7.266666666666667, 7.3, 7.333333333333333, 7.5, 7.533333333333333, 7.6, 7.633333333333333, 7.666666666666667, 7.7, 7.733333333333333, 7.766666666666667, 7.8, 7.833333333333333, 7.9, 7.933333333333334, 7.966666666666667, 8.0, 8.033333333333333, 8.066666666666666, 8.1, 8.166666666666666, 8.266666666666667, 8.3, 8.333333333333334, 8.366666666666667, 8.4, 8.433333333333334, 8.466666666666667, 8.5, 8.533333333333333, 8.566666666666666, 8.6, 8.633333333333333, 8.666666666666666, 8.7, 8.733333333333333, 8.766666666666667, 8.8, 8.833333333333334, 8.9, 8.966666666666667, 9.0, 9.1, 9.133333333333333, 9.166666666666666, 9.233333333333333, 9.266666666666667, 9.3, 9.333333333333334, 9.366666666666667, 9.4, 9.433333333333334, 9.466666666666667, 9.5, 9.566666666666666, 9.6, 9.633333333333333, 9.666666666666666, 9.7, 9.733333333333333, 9.766666666666667, 9.8, 9.833333333333334, 9.866666666666667, 9.9, 9.933333333333334, 9.966666666666667, 10.0, 10.066666666666666, 10.1, 10.133333333333333, 10.233333333333333, 10.266666666666667, 10.5, 10.6, 10.633333333333333, 10.7, 10.733333333333333, 10.766666666666667, 10.866666666666667, 10.9, 10.933333333333334, 10.966666666666667, 11.0, 11.133333333333333, 11.233333333333333, 11.366666666666667, 11.433333333333334, 11.466666666666667, 11.566666666666666, 11.6]}, "histogram": {"y": [1, 0, 2, 15, 46, 75, 60, 27, 8, 0], "x": [3.0, 4.0, 5.0, 6.0, 7.0, 8.0, 9.0, 10.0, 11.0, 12.0]}}