{"percentile": {"x": [5.5625, 5.59375, 6.09375, 7.0625, 7.375, 7.40625, 7.5, 7.875, 8.0, 8.5625, 8.625, 9.0, 9.3125, 9.5625, 9.875, 10.40625, 10.5, 10.59375], "y": [0.0, 5.5, 11.1, 16.6, 22.2, 27.7, 33.3, 38.8, 44.4, 50.0, 61.1, 66.6, 72.2, 77.7, 83.3, 88.8, 94.4, 100.0]}, "histogram": {"x": [5.0, 6.0, 7.0, 8.0, 9.0, 10.0, 11.0, 12.0], "y": [2, 1, 5, 4, 4, 3, 0, 0]}}