{"histogram": {"x": [0.0, 1.0, 2.0, 3.0, 4.0, 5.0, 6.0, 7.0, 8.0, 9.0, 10.0, 11.0, 12.0, 13.0, 14.0], "y": [1, 1, 1, 0, 3, 10, 43, 138, 275, 255, 144, 48, 7, 3, 0]}, "percentile": {"x": [0.43333333333333335, 1.0, 2.0, 4.133333333333334, 4.3, 4.366666666666666, 5.0, 5.033333333333333, 5.066666666666666, 5.2, 5.433333333333334, 5.6, 5.9, 5.933333333333334, 6.0, 6.033333333333333, 6.1, 6.2, 6.233333333333333, 6.266666666666667, 6.333333333333333, 6.433333333333334, 6.466666666666667, 6.5, 6.533333333333333, 6.566666666666666, 6.6, 6.633333333333333, 6.666666666666667, 6.7, 6.733333333333333, 6.833333333333333, 6.866666666666667, 6.9, 6.933333333333334, 6.966666666666667, 7.0, 7.066666666666666, 7.2, 7.233333333333333, 7.266666666666667, 7.3, 7.333333333333333, 7.366666666666666, 7.4, 7.433333333333334, 7.466666666666667, 7.5, 7.533333333333333, 7.566666666666666, 7.6, 7.633333333333333, 7.666666666666667, 7.7, 7.733333333333333, 7.766666666666667, 7.8, 7.833333333333333, 7.866666666666667, 7.9, 7.933333333333334, 7.966666666666667, 8.0, 8.033333333333333, 8.066666666666666, 8.1, 8.133333333333333, 8.166666666666666, 8.2, 8.233333333333333, 8.266666666666667, 8.3, 8.333333333333334, 8.366666666666667, 8.4, 8.433333333333334, 8.466666666666667, 8.5, 8.533333333333333, 8.566666666666666, 8.6, 8.633333333333333, 8.666666666666666, 8.7, 8.733333333333333, 8.766666666666667, 8.8, 8.833333333333334, 8.866666666666667, 8.9, 8.933333333333334, 8.966666666666667, 9.0, 9.033333333333333, 9.066666666666666, 9.1, 9.133333333333333, 9.166666666666666, 9.2, 9.233333333333333, 9.266666666666667, 9.3, 9.333333333333334, 9.366666666666667, 9.4, 9.433333333333334, 9.466666666666667, 9.5, 9.533333333333333, 9.566666666666666, 9.6, 9.633333333333333, 9.666666666666666, 9.7, 9.733333333333333, 9.766666666666667, 9.8, 9.833333333333334, 9.866666666666667, 9.9, 9.933333333333334, 9.966666666666667, 10.0, 10.066666666666666, 10.1, 10.133333333333333, 10.166666666666666, 10.2, 10.233333333333333, 10.266666666666667, 10.3, 10.333333333333334, 10.366666666666667, 10.4, 10.433333333333334, 10.466666666666667, 10.5, 10.533333333333333, 10.566666666666666, 10.6, 10.633333333333333, 10.666666666666666, 10.7, 10.733333333333333, 10.766666666666667, 10.8, 10.866666666666667, 10.9, 10.933333333333334, 10.966666666666667, 11.0, 11.033333333333333, 11.066666666666666, 11.1, 11.133333333333333, 11.2, 11.266666666666667, 11.3, 11.366666666666667, 11.4, 11.433333333333334, 11.466666666666667, 11.5, 11.533333333333333, 11.566666666666666, 11.6, 11.633333333333333, 11.666666666666666, 11.7, 11.733333333333333, 11.8, 11.9, 11.966666666666667, 12.0, 12.1, 12.233333333333333, 12.6, 12.633333333333333, 12.666666666666666, 13.033333333333333, 13.066666666666666, 13.133333333333333], "y": [0.0, 0.1, 0.2, 0.3, 0.4, 0.5, 0.6, 0.7, 0.8, 0.9, 1.0, 1.1, 1.2, 1.5, 1.7, 2.4, 2.5, 2.6, 2.9, 3.0, 3.5, 3.6, 3.8, 3.9, 4.0, 4.2, 4.3, 4.8, 5.0, 5.2, 5.3, 5.4, 5.6, 5.8, 6.0, 6.2, 6.3, 7.8, 8.1, 8.2, 8.5, 9.3, 9.6, 10.2, 10.6, 10.7, 11.2, 11.4, 11.6, 12.0, 12.2, 14.7, 15.3, 16.0, 16.5, 17.3, 17.7, 18.2, 18.6, 19.5, 19.8, 20.5, 21.2, 23.2, 23.7, 24.0, 24.2, 25.1, 25.6, 26.1, 26.2, 28.0, 28.8, 29.7, 30.4, 31.2, 32.7, 33.6, 33.7, 34.6, 35.2, 39.8, 40.6, 41.3, 43.1, 44.3, 45.5, 46.9, 47.5, 48.3, 49.2, 50.2, 50.8, 54.4, 54.8, 55.2, 56.0, 56.5, 56.6, 57.3, 57.6, 59.4, 60.3, 61.5, 62.1, 62.6, 63.5, 64.3, 65.1, 65.3, 66.2, 69.5, 71.5, 72.6, 73.2, 73.7, 74.5, 74.8, 75.5, 76.6, 77.4, 78.0, 78.3, 80.2, 80.7, 81.1, 81.4, 81.8, 82.3, 82.6, 83.2, 83.6, 84.2, 85.1, 85.2, 86.2, 86.5, 86.6, 87.0, 87.2, 88.4, 89.3, 90.1, 91.0, 91.4, 91.8, 92.4, 92.5, 93.1, 93.3, 93.8, 94.6, 94.8, 94.9, 95.0, 95.1, 95.3, 95.7, 96.2, 96.4, 96.6, 96.7, 96.9, 97.0, 97.3, 97.4, 97.9, 98.2, 98.3, 98.4, 98.7, 98.8, 98.9, 99.0, 99.2, 99.3, 99.4, 99.5, 99.6, 99.7, 99.8, 100.0]}}