{"histogram": {"x": [5.0, 6.0, 7.0, 8.0, 9.0, 10.0, 11.0, 12.0], "y": [2, 2, 10, 9, 10, 8, 1, 0]}, "percentile": {"x": [5.125, 5.46875, 6.1875, 6.34375, 7.0, 7.25, 7.28125, 7.3125, 7.40625, 7.5625, 7.59375, 7.71875, 7.84375, 7.96875, 8.03125, 8.0625, 8.28125, 8.34375, 8.4375, 8.53125, 8.65625, 8.84375, 8.90625, 9.0, 9.03125, 9.25, 9.28125, 9.53125, 9.5625, 9.59375, 9.8125, 10.0, 10.09375, 10.125, 10.34375, 10.5625, 10.65625, 10.71875, 10.75, 11.25], "y": [0.0, 2.4, 4.8, 7.3, 9.7, 12.1, 14.6, 17.0, 19.5, 21.9, 24.3, 26.8, 29.2, 31.7, 34.1, 36.5, 39.0, 41.4, 43.9, 46.3, 48.7, 51.2, 53.6, 56.0, 58.5, 60.9, 63.4, 65.8, 68.2, 70.7, 73.1, 80.4, 82.9, 85.3, 87.8, 90.2, 92.6, 95.1, 97.5, 100.0]}}