{"percentile": {"x": [1.0, 2.0, 2.09375, 2.1875, 3.09375, 3.125, 4.0625, 4.4375, 4.96875, 5.0, 5.03125, 5.0625, 5.09375, 5.1875, 5.21875, 5.25, 5.28125, 5.34375, 5.40625, 5.46875, 5.53125, 5.5625, 5.59375, 5.625, 5.6875, 5.71875, 5.78125, 5.84375, 5.90625, 5.96875, 6.0, 6.0625, 6.09375, 6.125, 6.15625, 6.1875, 6.21875, 6.25, 6.3125, 6.375, 6.40625, 6.4375, 6.46875, 6.5, 6.53125, 6.5625, 6.59375, 6.625, 6.65625, 6.6875, 6.75, 6.78125, 6.8125, 6.84375, 7.0, 7.03125, 7.0625, 7.09375, 7.125, 7.15625, 7.1875, 7.21875, 7.25, 7.28125, 7.3125, 7.34375, 7.40625, 7.4375, 7.46875, 7.53125, 7.5625, 7.59375, 7.625, 7.65625, 7.6875, 7.71875, 7.75, 7.78125, 7.8125, 7.84375, 7.875, 7.90625, 7.9375, 7.96875, 8.0, 8.03125, 8.0625, 8.09375, 8.125, 8.15625, 8.1875, 8.21875, 8.25, 8.28125, 8.3125, 8.34375, 8.375, 8.40625, 8.4375, 8.46875, 8.5, 8.53125, 8.5625, 8.59375, 8.625, 8.65625, 8.6875, 8.71875, 8.78125, 8.84375, 8.90625, 8.96875, 9.0, 9.03125, 9.0625, 9.09375, 9.125, 9.15625, 9.1875, 9.21875, 9.25, 9.28125, 9.3125, 9.34375, 9.40625, 9.5, 9.53125, 9.5625, 9.65625, 9.78125, 9.8125, 9.84375, 9.9375, 10.0, 10.03125, 10.0625, 10.125, 10.1875, 10.21875, 10.25, 10.3125, 10.375, 10.40625, 10.4375, 10.5625, 10.71875, 10.875, 10.9375, 11.0, 11.09375, 11.5], "y": [0.0, 0.2, 0.5, 0.8, 1.1, 1.4, 1.7, 2.5, 2.8, 3.1, 4.0, 4.2, 4.8, 5.1, 5.7, 6.0, 6.5, 7.1, 7.4, 7.7, 8.2, 8.5, 9.4, 9.7, 10.2, 10.5, 10.8, 11.4, 11.7, 12.2, 12.5, 13.7, 14.2, 14.5, 16.0, 16.8, 17.1, 17.4, 18.5, 19.1, 19.4, 20.8, 21.4, 21.7, 22.0, 22.5, 24.0, 25.1, 26.0, 26.2, 26.8, 27.1, 27.4, 28.0, 28.2, 30.0, 30.5, 31.4, 32.2, 33.1, 35.7, 36.8, 37.1, 39.1, 40.5, 41.1, 42.2, 44.0, 44.5, 45.7, 46.2, 49.1, 49.7, 50.5, 50.8, 51.1, 52.0, 52.2, 52.5, 54.2, 54.5, 55.1, 56.2, 56.8, 57.1, 58.8, 59.1, 60.2, 60.8, 62.2, 62.8, 63.4, 63.7, 66.0, 66.5, 67.1, 67.4, 68.0, 68.5, 70.2, 70.8, 71.1, 72.0, 74.0, 74.5, 74.8, 75.4, 76.5, 76.8, 77.1, 77.7, 78.5, 79.1, 81.1, 81.4, 81.7, 82.0, 82.5, 82.8, 83.4, 84.2, 85.1, 87.1, 87.4, 87.7, 89.1, 89.4, 90.0, 90.2, 91.1, 91.4, 91.7, 92.0, 92.2, 92.8, 94.0, 94.2, 94.5, 94.8, 95.1, 95.7, 96.0, 96.5, 96.8, 97.1, 98.2, 98.5, 99.1, 99.4, 99.7, 100.0]}, "histogram": {"x": [1.0, 2.0, 3.0, 4.0, 5.0, 6.0, 7.0, 8.0, 9.0, 10.0, 11.0, 12.0], "y": [1, 3, 2, 5, 33, 55, 101, 77, 46, 25, 3, 0]}}