{"percentile": {"y": [0.0, 0.1, 0.3, 0.8, 0.9, 1.1, 1.2, 1.3, 1.4, 1.6, 1.8, 2.0, 2.1, 2.2, 2.4, 2.5, 2.7, 3.0, 3.2, 3.3, 3.6, 3.7, 4.2, 4.3, 4.4, 4.5, 4.6, 4.8, 5.1, 5.7, 6.1, 6.5, 6.8, 7.1, 7.5, 7.9, 8.0, 8.1, 8.4, 8.5, 8.7, 8.8, 8.9, 9.0, 9.1, 9.5, 9.6, 9.9, 10.6, 11.1, 11.9, 12.6, 13.5, 13.9, 14.8, 15.0, 15.2, 15.4, 15.6, 16.4, 16.6, 16.7, 17.0, 17.9, 18.3, 18.7, 19.0, 19.1, 19.3, 19.4, 19.7, 19.8, 20.3, 20.8, 21.5, 22.1, 22.9, 24.0, 24.7, 24.9, 25.7, 26.0, 26.9, 27.2, 27.7, 28.0, 28.5, 28.6, 28.8, 29.0, 29.7, 29.8, 30.3, 30.8, 30.9, 31.5, 32.0, 32.5, 32.7, 33.3, 33.9, 34.1, 35.7, 36.4, 37.9, 39.1, 40.0, 41.5, 42.1, 42.7, 43.9, 44.3, 44.4, 45.4, 45.7, 46.3, 46.5, 46.8, 47.3, 47.6, 51.0, 51.3, 51.8, 52.0, 52.1, 52.5, 53.3, 53.9, 54.4, 54.9, 55.5, 56.4, 58.6, 59.3, 59.9, 60.1, 60.8, 61.9, 62.8, 63.4, 64.7, 65.6, 66.0, 66.4, 66.7, 67.3, 68.0, 68.2, 69.1, 70.5, 72.1, 73.0, 73.9, 74.2, 74.7, 75.3, 75.9, 76.4, 76.7, 77.0, 78.1, 78.6, 79.3, 79.6, 80.4, 80.8, 80.9, 81.4, 82.1, 82.3, 82.5, 83.1, 83.2, 83.5, 83.6, 83.9, 84.8, 85.3, 85.6, 85.9, 86.3, 86.7, 87.1, 87.5, 87.8, 88.0, 88.5, 88.6, 89.3, 89.6, 90.1, 90.7, 90.8, 91.1, 91.2, 91.5, 91.9, 92.3, 92.5, 92.6, 92.7, 92.8, 93.1, 93.9, 94.1, 94.2, 94.7, 94.8, 94.9, 95.1, 95.3, 95.5, 95.6, 95.7, 95.9, 96.1, 96.2, 96.3, 96.4, 96.6, 96.7, 97.0, 97.1, 97.3, 97.7, 97.9, 98.1, 98.2, 98.3, 98.5, 98.6, 98.7, 98.8, 99.0, 99.3, 99.5, 99.6, 99.7, 99.8, 100.0], "x": [0.03333333333333333, 0.1, 0.2, 0.23333333333333334, 1.0, 1.0333333333333334, 1.0666666666666667, 1.1, 1.1333333333333333, 1.1666666666666667, 1.2333333333333334, 1.3666666666666667, 1.6, 1.9333333333333333, 2.0, 2.033333333333333, 2.1, 2.2333333333333334, 2.3333333333333335, 3.0, 3.033333333333333, 3.1, 3.1333333333333333, 3.1666666666666665, 3.2, 3.533333333333333, 3.7666666666666666, 4.0, 4.033333333333333, 4.066666666666666, 4.1, 4.133333333333334, 4.166666666666667, 4.2, 4.233333333333333, 4.266666666666667, 4.366666666666666, 4.4, 4.5, 4.533333333333333, 4.566666666666666, 4.6, 4.633333333333333, 4.666666666666667, 4.766666666666667, 4.833333333333333, 5.0, 5.033333333333333, 5.066666666666666, 5.1, 5.133333333333334, 5.166666666666667, 5.2, 5.233333333333333, 5.266666666666667, 5.333333333333333, 5.366666666666666, 5.4, 5.433333333333334, 5.466666666666667, 5.5, 5.566666666666666, 5.6, 5.633333333333333, 5.666666666666667, 5.7, 5.733333333333333, 5.766666666666667, 5.866666666666667, 5.933333333333334, 5.966666666666667, 6.0, 6.033333333333333, 6.066666666666666, 6.1, 6.133333333333334, 6.166666666666667, 6.2, 6.233333333333333, 6.266666666666667, 6.3, 6.333333333333333, 6.366666666666666, 6.4, 6.433333333333334, 6.466666666666667, 6.5, 6.533333333333333, 6.566666666666666, 6.6, 6.633333333333333, 6.666666666666667, 6.7, 6.733333333333333, 6.766666666666667, 6.8, 6.833333333333333, 6.866666666666667, 6.9, 6.933333333333334, 6.966666666666667, 7.0, 7.033333333333333, 7.066666666666666, 7.1, 7.133333333333334, 7.166666666666667, 7.2, 7.233333333333333, 7.266666666666667, 7.3, 7.333333333333333, 7.366666666666666, 7.4, 7.433333333333334, 7.466666666666667, 7.5, 7.533333333333333, 7.566666666666666, 7.6, 7.633333333333333, 7.666666666666667, 7.7, 7.733333333333333, 7.766666666666667, 7.8, 7.833333333333333, 7.866666666666667, 7.9, 7.933333333333334, 7.966666666666667, 8.0, 8.033333333333333, 8.066666666666666, 8.1, 8.133333333333333, 8.166666666666666, 8.2, 8.233333333333333, 8.266666666666667, 8.3, 8.333333333333334, 8.366666666666667, 8.4, 8.433333333333334, 8.466666666666667, 8.5, 8.533333333333333, 8.6, 8.633333333333333, 8.666666666666666, 8.7, 8.733333333333333, 8.766666666666667, 8.8, 8.833333333333334, 8.866666666666667, 8.933333333333334, 8.966666666666667, 9.0, 9.033333333333333, 9.066666666666666, 9.1, 9.133333333333333, 9.166666666666666, 9.2, 9.233333333333333, 9.266666666666667, 9.333333333333334, 9.366666666666667, 9.4, 9.466666666666667, 9.5, 9.533333333333333, 9.566666666666666, 9.6, 9.633333333333333, 9.666666666666666, 9.7, 9.733333333333333, 9.766666666666667, 9.8, 9.833333333333334, 9.866666666666667, 9.9, 9.933333333333334, 9.966666666666667, 10.0, 10.033333333333333, 10.1, 10.133333333333333, 10.166666666666666, 10.2, 10.233333333333333, 10.266666666666667, 10.3, 10.333333333333334, 10.4, 10.433333333333334, 10.5, 10.533333333333333, 10.566666666666666, 10.6, 10.633333333333333, 10.666666666666666, 10.7, 10.733333333333333, 10.766666666666667, 10.8, 10.833333333333334, 10.866666666666667, 10.933333333333334, 10.966666666666667, 11.0, 11.066666666666666, 11.1, 11.133333333333333, 11.166666666666666, 11.233333333333333, 11.266666666666667, 11.3, 11.5, 11.533333333333333, 11.566666666666666, 11.6, 11.633333333333333, 11.666666666666666, 11.7, 11.9, 11.933333333333334, 11.966666666666667, 12.0, 12.033333333333333, 12.133333333333333, 12.266666666666667, 12.4, 12.433333333333334, 12.533333333333333, 12.633333333333333, 12.866666666666667]}, "histogram": {"y": [8, 13, 8, 13, 42, 89, 125, 195, 180, 101, 62, 26, 12, 0], "x": [0.0, 1.0, 2.0, 3.0, 4.0, 5.0, 6.0, 7.0, 8.0, 9.0, 10.0, 11.0, 12.0, 13.0]}}