{"histogram": {"x": [0.0, 1.0, 2.0, 3.0, 4.0, 5.0, 6.0, 7.0, 8.0, 9.0, 10.0, 11.0, 12.0], "y": [4, 4, 4, 6, 19, 48, 57, 53, 20, 8, 5, 1, 0]}, "percentile": {"x": [0.13333333333333333, 0.26666666666666666, 0.43333333333333335, 1.0, 1.0333333333333334, 1.2, 1.4666666666666668, 2.4333333333333336, 2.466666666666667, 2.5666666666666664, 2.8666666666666667, 3.033333333333333, 3.066666666666667, 3.1, 3.4333333333333336, 3.6666666666666665, 3.7333333333333334, 4.0, 4.033333333333333, 4.1, 4.133333333333334, 4.266666666666667, 4.333333333333333, 4.433333333333334, 4.466666666666667, 4.533333333333333, 4.6, 4.633333333333333, 4.666666666666667, 5.033333333333333, 5.066666666666666, 5.1, 5.133333333333334, 5.166666666666667, 5.233333333333333, 5.266666666666667, 5.333333333333333, 5.366666666666666, 5.433333333333334, 5.5, 5.533333333333333, 5.566666666666666, 5.6, 5.633333333333333, 5.666666666666667, 5.7, 5.733333333333333, 5.766666666666667, 5.8, 5.833333333333333, 5.866666666666667, 5.933333333333334, 5.966666666666667, 6.0, 6.033333333333333, 6.066666666666666, 6.1, 6.133333333333334, 6.166666666666667, 6.2, 6.233333333333333, 6.266666666666667, 6.3, 6.4, 6.433333333333334, 6.466666666666667, 6.5, 6.533333333333333, 6.566666666666666, 6.6, 6.666666666666667, 6.7, 6.833333333333333, 6.9, 7.0, 7.033333333333333, 7.066666666666666, 7.1, 7.133333333333334, 7.166666666666667, 7.2, 7.266666666666667, 7.333333333333333, 7.366666666666666, 7.433333333333334, 7.5, 7.533333333333333, 7.566666666666666, 7.6, 7.633333333333333, 7.666666666666667, 7.7, 7.733333333333333, 7.766666666666667, 7.833333333333333, 7.9, 7.933333333333334, 7.966666666666667, 8.0, 8.066666666666666, 8.1, 8.166666666666666, 8.2, 8.266666666666667, 8.3, 8.4, 8.5, 8.666666666666666, 8.7, 8.733333333333333, 8.8, 8.833333333333334, 9.0, 9.033333333333333, 9.266666666666667, 9.433333333333334, 9.5, 9.566666666666666, 9.6, 9.8, 10.0, 10.1, 10.133333333333333, 10.533333333333333, 10.766666666666667, 11.0], "y": [0.0, 0.8, 1.3, 1.7, 2.1, 2.6, 3.0, 3.5, 3.9, 4.3, 4.8, 5.2, 5.7, 6.1, 6.5, 7.0, 7.4, 7.8, 9.2, 9.6, 10.0, 10.5, 11.8, 12.7, 13.1, 13.5, 14.0, 15.3, 15.7, 16.2, 17.1, 17.5, 18.8, 19.2, 19.7, 21.0, 21.9, 23.2, 24.1, 25.4, 25.8, 26.3, 26.7, 28.5, 28.9, 29.8, 30.7, 31.5, 32.0, 32.8, 33.7, 35.5, 36.8, 37.2, 38.5, 39.4, 40.7, 42.1, 44.7, 46.4, 46.9, 48.2, 50.0, 50.4, 51.3, 52.1, 53.5, 53.9, 55.2, 56.5, 60.0, 60.5, 60.9, 61.4, 62.2, 64.9, 65.3, 66.6, 67.9, 70.6, 71.9, 72.8, 73.6, 75.0, 75.8, 76.3, 76.7, 77.6, 78.0, 79.8, 80.2, 80.7, 81.5, 82.0, 82.4, 82.8, 84.2, 84.6, 85.5, 86.8, 87.2, 87.7, 89.0, 89.4, 89.9, 90.3, 90.7, 91.2, 91.6, 92.5, 93.4, 93.8, 94.2, 94.7, 95.1, 95.6, 96.0, 96.4, 96.9, 97.3, 97.8, 98.2, 98.6, 99.1, 99.5, 100.0]}}