{"histogram": {"x": [3.0, 4.0, 5.0, 6.0, 7.0, 8.0, 9.0, 10.0, 11.0], "y": [2, 3, 0, 11, 4, 4, 1, 1, 1]}, "percentile": {"x": [3.3, 3.966666666666667, 4.166666666666667, 4.4, 4.6, 6.0, 6.066666666666666, 6.2, 6.266666666666667, 6.366666666666666, 6.6, 6.666666666666667, 6.7, 6.733333333333333, 7.0, 7.266666666666667, 7.8, 7.966666666666667, 8.0, 8.333333333333334, 8.433333333333334, 8.966666666666667, 9.3, 10.9, 11.266666666666667], "y": [0.0, 3.8, 7.6, 11.5, 15.3, 19.2, 26.9, 30.7, 34.6, 38.4, 42.3, 50.0, 53.8, 57.6, 61.5, 65.3, 69.2, 73.0, 76.9, 80.7, 84.6, 88.4, 92.3, 96.1, 100.0]}}