{"percentile": {"x": [1.0, 3.0, 4.03125, 4.90625, 5.125, 5.46875, 5.5625, 5.84375, 5.90625, 6.0625, 6.125, 6.1875, 6.21875, 6.5625, 6.65625, 6.78125, 6.96875, 7.0, 7.03125, 7.0625, 7.1875, 7.21875, 7.25, 7.34375, 7.375, 7.5, 7.53125, 7.59375, 7.6875, 7.8125, 7.84375, 7.96875, 8.0, 8.03125, 8.0625, 8.125, 8.15625, 8.1875, 8.25, 8.34375, 8.375, 8.40625, 8.46875, 8.5, 8.5625, 8.59375, 8.78125, 9.0, 9.09375, 9.21875, 9.25, 9.5625, 9.59375, 9.75, 10.0, 10.1875, 10.21875, 10.53125, 10.5625], "y": [0.0, 1.3, 2.6, 4.0, 5.3, 6.6, 8.0, 9.3, 10.6, 12.0, 13.3, 14.6, 16.0, 17.3, 20.0, 21.3, 22.6, 24.0, 26.6, 28.0, 29.3, 32.0, 33.3, 36.0, 37.3, 38.6, 40.0, 41.3, 44.0, 45.3, 46.6, 48.0, 49.3, 52.0, 53.3, 54.6, 57.3, 61.3, 64.0, 65.3, 66.6, 68.0, 70.6, 72.0, 73.3, 77.3, 78.6, 80.0, 81.3, 82.6, 85.3, 86.6, 89.3, 90.6, 92.0, 94.6, 97.3, 98.6, 100.0]}, "histogram": {"x": [1.0, 2.0, 3.0, 4.0, 5.0, 6.0, 7.0, 8.0, 9.0, 10.0, 11.0, 12.0], "y": [1, 0, 1, 2, 5, 9, 19, 23, 9, 7, 0, 0]}}