{"percentile": {"y": [0.0, 0.1, 0.2, 0.3, 0.4, 0.5, 0.7, 0.8, 1.0, 1.1, 1.3, 1.4, 1.5, 1.8, 1.9, 2.0, 2.6, 2.8, 3.0, 3.1, 3.2, 3.3, 3.8, 3.9, 4.1, 4.2, 4.5, 5.1, 5.3, 6.1, 6.6, 6.9, 7.1, 7.2, 7.4, 7.8, 8.0, 8.2, 8.8, 9.2, 9.3, 9.7, 10.4, 11.8, 12.3, 12.6, 13.0, 13.2, 13.7, 14.3, 14.4, 16.0, 16.4, 16.9, 17.4, 18.1, 18.8, 19.8, 20.6, 21.4, 21.8, 25.1, 25.9, 26.2, 26.5, 27.2, 27.7, 28.2, 28.7, 29.2, 30.0, 31.3, 32.1, 32.4, 32.7, 34.3, 34.7, 35.9, 36.3, 36.9, 37.7, 38.2, 38.4, 40.0, 40.5, 41.0, 41.3, 42.5, 44.2, 44.8, 45.2, 45.7, 45.9, 48.8, 49.3, 49.7, 50.3, 51.1, 51.8, 52.9, 53.5, 54.2, 55.2, 55.7, 56.3, 56.7, 57.1, 60.5, 61.3, 61.7, 62.0, 62.8, 63.4, 63.7, 64.5, 66.3, 67.0, 67.5, 68.6, 69.3, 70.2, 70.8, 71.4, 72.3, 73.2, 76.4, 77.0, 78.1, 78.3, 79.4, 79.8, 80.2, 80.6, 81.0, 81.5, 82.1, 82.9, 83.2, 83.5, 86.1, 86.5, 86.8, 86.9, 87.5, 88.2, 88.4, 88.7, 89.6, 89.7, 89.9, 90.3, 90.4, 91.3, 91.6, 92.0, 92.2, 92.4, 93.4, 93.8, 94.0, 94.3, 94.4, 94.5, 94.6, 94.8, 95.1, 95.4, 95.6, 95.8, 96.1, 96.2, 96.5, 96.6, 97.2, 97.5, 97.6, 97.8, 97.9, 98.0, 98.3, 98.4, 98.5, 98.7, 98.8, 98.9, 99.0, 99.1, 99.4, 99.5, 99.6, 99.7, 99.8, 100.0], "x": [0.28125, 2.46875, 3.5625, 4.0, 4.5, 6.0, 6.15625, 6.25, 6.5, 6.5625, 6.6875, 6.75, 6.875, 6.90625, 6.9375, 7.0, 7.03125, 7.09375, 7.15625, 7.1875, 7.21875, 7.25, 7.28125, 7.3125, 7.375, 7.40625, 7.5, 7.53125, 7.5625, 7.59375, 7.625, 7.65625, 7.6875, 7.71875, 7.75, 7.78125, 7.8125, 7.84375, 7.875, 7.90625, 7.9375, 7.96875, 8.0, 8.03125, 8.0625, 8.09375, 8.125, 8.15625, 8.1875, 8.21875, 8.25, 8.28125, 8.3125, 8.34375, 8.375, 8.40625, 8.4375, 8.46875, 8.5, 8.53125, 8.5625, 8.59375, 8.625, 8.65625, 8.6875, 8.71875, 8.75, 8.78125, 8.8125, 8.84375, 8.875, 8.90625, 8.9375, 8.96875, 9.0, 9.03125, 9.0625, 9.09375, 9.125, 9.15625, 9.1875, 9.21875, 9.25, 9.28125, 9.3125, 9.34375, 9.375, 9.40625, 9.4375, 9.46875, 9.5, 9.53125, 9.5625, 9.59375, 9.625, 9.65625, 9.6875, 9.71875, 9.75, 9.78125, 9.8125, 9.84375, 9.875, 9.90625, 9.9375, 9.96875, 10.0, 10.03125, 10.0625, 10.09375, 10.125, 10.15625, 10.1875, 10.21875, 10.25, 10.28125, 10.3125, 10.34375, 10.375, 10.40625, 10.4375, 10.46875, 10.5, 10.53125, 10.5625, 10.59375, 10.625, 10.65625, 10.6875, 10.71875, 10.75, 10.78125, 10.8125, 10.84375, 10.875, 10.90625, 10.9375, 10.96875, 11.0, 11.03125, 11.0625, 11.09375, 11.125, 11.15625, 11.1875, 11.21875, 11.25, 11.28125, 11.3125, 11.34375, 11.375, 11.40625, 11.4375, 11.46875, 11.5, 11.53125, 11.5625, 11.59375, 11.625, 11.65625, 11.71875, 11.75, 11.78125, 11.8125, 11.84375, 11.875, 11.90625, 11.9375, 12.0, 12.09375, 12.1875, 12.21875, 12.25, 12.34375, 12.375, 12.40625, 12.4375, 12.5, 12.5625, 12.59375, 12.65625, 12.6875, 12.71875, 12.75, 12.875, 13.0625, 13.1875, 13.21875, 13.25, 13.3125, 13.4375, 13.6875, 14.3125]}, "histogram": {"y": [1, 0, 1, 1, 2, 0, 14, 80, 210, 230, 249, 116, 30, 9, 1, 0], "x": [0.0, 1.0, 2.0, 3.0, 4.0, 5.0, 6.0, 7.0, 8.0, 9.0, 10.0, 11.0, 12.0, 13.0, 14.0, 15.0]}}