{"percentile": {"x": [3.2666666666666666, 4.2, 4.6, 4.833333333333333, 5.266666666666667, 5.3, 5.433333333333334, 5.6, 5.633333333333333, 5.8, 5.933333333333334, 6.0, 6.1, 6.2, 6.266666666666667, 6.333333333333333, 6.533333333333333, 6.6, 6.666666666666667, 6.7, 6.766666666666667, 6.8, 6.833333333333333, 6.866666666666667, 6.9, 6.933333333333334, 6.966666666666667, 7.0, 7.1, 7.133333333333334, 7.166666666666667, 7.2, 7.233333333333333, 7.266666666666667, 7.3, 7.366666666666666, 7.4, 7.433333333333334, 7.466666666666667, 7.5, 7.566666666666666, 7.6, 7.633333333333333, 7.666666666666667, 7.7, 7.733333333333333, 7.766666666666667, 7.8, 7.833333333333333, 7.866666666666667, 7.9, 7.933333333333334, 7.966666666666667, 8.0, 8.033333333333333, 8.066666666666666, 8.1, 8.133333333333333, 8.166666666666666, 8.2, 8.233333333333333, 8.266666666666667, 8.3, 8.333333333333334, 8.366666666666667, 8.4, 8.433333333333334, 8.466666666666667, 8.5, 8.533333333333333, 8.566666666666666, 8.6, 8.633333333333333, 8.666666666666666, 8.7, 8.733333333333333, 8.766666666666667, 8.8, 8.833333333333334, 8.866666666666667, 8.9, 8.933333333333334, 8.966666666666667, 9.0, 9.033333333333333, 9.066666666666666, 9.1, 9.133333333333333, 9.166666666666666, 9.2, 9.233333333333333, 9.266666666666667, 9.3, 9.333333333333334, 9.366666666666667, 9.4, 9.433333333333334, 9.466666666666667, 9.5, 9.533333333333333, 9.566666666666666, 9.6, 9.633333333333333, 9.666666666666666, 9.7, 9.733333333333333, 9.766666666666667, 9.8, 9.833333333333334, 9.866666666666667, 9.9, 9.933333333333334, 10.0, 10.033333333333333, 10.066666666666666, 10.1, 10.133333333333333, 10.166666666666666, 10.2, 10.233333333333333, 10.266666666666667, 10.3, 10.333333333333334, 10.366666666666667, 10.4, 10.433333333333334, 10.466666666666667, 10.5, 10.566666666666666, 10.6, 10.633333333333333, 10.7, 10.733333333333333, 10.766666666666667, 10.8, 10.9, 10.933333333333334, 10.966666666666667, 11.0, 11.166666666666666, 11.266666666666667, 11.366666666666667, 11.433333333333334, 11.533333333333333, 11.6, 11.633333333333333, 11.733333333333333, 11.766666666666667, 11.933333333333334, 11.966666666666667, 12.0, 12.166666666666666, 12.266666666666667, 12.366666666666667, 12.4], "y": [0.0, 0.2, 0.4, 0.5, 0.8, 0.9, 1.0, 1.2, 1.3, 1.6, 2.0, 2.1, 2.6, 2.7, 3.1, 3.4, 3.8, 4.2, 5.2, 6.1, 6.4, 6.7, 6.9, 7.2, 7.3, 7.9, 8.4, 9.4, 12.6, 12.7, 12.8, 13.4, 13.5, 13.8, 14.7, 14.9, 15.8, 16.7, 17.2, 17.5, 17.9, 18.0, 20.6, 21.5, 21.7, 22.6, 23.2, 23.8, 24.2, 25.3, 26.4, 26.9, 27.6, 28.3, 31.9, 32.1, 32.4, 33.0, 33.2, 34.5, 34.9, 35.0, 36.1, 37.2, 38.4, 39.4, 40.4, 41.3, 41.7, 41.9, 42.1, 42.7, 46.4, 47.9, 49.1, 50.1, 50.6, 51.3, 52.8, 53.6, 54.7, 56.4, 57.2, 57.9, 60.4, 61.3, 61.9, 63.4, 63.9, 64.1, 64.6, 65.4, 67.2, 68.2, 69.5, 70.0, 70.5, 72.0, 72.7, 73.5, 73.8, 74.3, 76.9, 78.2, 79.3, 79.8, 80.2, 80.8, 81.0, 81.3, 81.6, 82.6, 83.4, 86.0, 86.1, 86.3, 86.8, 86.9, 87.1, 87.5, 87.6, 88.6, 88.7, 89.3, 89.8, 90.2, 90.8, 91.2, 91.6, 91.9, 93.0, 93.5, 93.8, 93.9, 94.3, 94.6, 94.7, 95.0, 95.3, 95.8, 96.0, 97.1, 97.2, 97.3, 97.5, 97.8, 98.0, 98.4, 98.6, 98.7, 98.9, 99.0, 99.1, 99.3, 99.8]}, "histogram": {"x": [3.0, 4.0, 5.0, 6.0, 7.0, 8.0, 9.0, 10.0, 11.0, 12.0, 13.0], "y": [2, 4, 10, 53, 138, 216, 186, 87, 26, 9, 0]}}