{"histogram": {"x": [0.0, 1.0, 2.0, 3.0, 4.0, 5.0, 6.0, 7.0, 8.0, 9.0, 10.0, 11.0, 12.0, 13.0, 14.0], "y": [7, 4, 3, 11, 26, 70, 124, 187, 120, 72, 34, 13, 1, 0, 0]}, "percentile": {"x": [0.03333333333333333, 0.13333333333333333, 0.16666666666666666, 0.26666666666666666, 0.43333333333333335, 1.1, 1.1333333333333333, 1.1666666666666667, 1.2, 2.066666666666667, 2.2666666666666666, 2.6333333333333333, 3.033333333333333, 3.1, 3.1666666666666665, 3.2, 3.3333333333333335, 3.4333333333333336, 3.5666666666666664, 3.6, 3.8666666666666667, 4.033333333333333, 4.1, 4.133333333333334, 4.166666666666667, 4.2, 4.233333333333333, 4.266666666666667, 4.366666666666666, 4.4, 4.433333333333334, 4.533333333333333, 4.566666666666666, 4.6, 4.7, 4.866666666666667, 5.0, 5.033333333333333, 5.066666666666666, 5.1, 5.133333333333334, 5.166666666666667, 5.2, 5.233333333333333, 5.266666666666667, 5.3, 5.333333333333333, 5.4, 5.433333333333334, 5.466666666666667, 5.5, 5.533333333333333, 5.6, 5.666666666666667, 5.7, 5.733333333333333, 5.766666666666667, 5.9, 6.0, 6.033333333333333, 6.066666666666666, 6.1, 6.133333333333334, 6.166666666666667, 6.2, 6.233333333333333, 6.266666666666667, 6.333333333333333, 6.366666666666666, 6.4, 6.433333333333334, 6.466666666666667, 6.5, 6.533333333333333, 6.6, 6.633333333333333, 6.666666666666667, 6.7, 6.733333333333333, 6.766666666666667, 6.8, 6.866666666666667, 6.9, 6.933333333333334, 6.966666666666667, 7.0, 7.033333333333333, 7.066666666666666, 7.1, 7.133333333333334, 7.166666666666667, 7.2, 7.233333333333333, 7.266666666666667, 7.3, 7.333333333333333, 7.366666666666666, 7.4, 7.433333333333334, 7.466666666666667, 7.5, 7.533333333333333, 7.566666666666666, 7.6, 7.633333333333333, 7.666666666666667, 7.7, 7.733333333333333, 7.766666666666667, 7.8, 7.833333333333333, 7.866666666666667, 7.9, 7.933333333333334, 7.966666666666667, 8.0, 8.033333333333333, 8.066666666666666, 8.1, 8.133333333333333, 8.166666666666666, 8.2, 8.233333333333333, 8.266666666666667, 8.3, 8.333333333333334, 8.366666666666667, 8.4, 8.433333333333334, 8.466666666666667, 8.5, 8.533333333333333, 8.566666666666666, 8.6, 8.633333333333333, 8.666666666666666, 8.7, 8.733333333333333, 8.766666666666667, 8.8, 8.833333333333334, 8.866666666666667, 8.9, 8.966666666666667, 9.0, 9.033333333333333, 9.066666666666666, 9.1, 9.133333333333333, 9.166666666666666, 9.2, 9.233333333333333, 9.266666666666667, 9.3, 9.366666666666667, 9.4, 9.433333333333334, 9.466666666666667, 9.5, 9.566666666666666, 9.6, 9.633333333333333, 9.666666666666666, 9.7, 9.733333333333333, 9.766666666666667, 9.8, 9.833333333333334, 9.866666666666667, 9.9, 9.933333333333334, 9.966666666666667, 10.0, 10.033333333333333, 10.066666666666666, 10.166666666666666, 10.2, 10.266666666666667, 10.3, 10.333333333333334, 10.366666666666667, 10.466666666666667, 10.566666666666666, 10.6, 10.633333333333333, 10.666666666666666, 10.733333333333333, 10.8, 10.9, 11.0, 11.033333333333333, 11.066666666666666, 11.1, 11.133333333333333, 11.2, 11.333333333333334, 11.6, 11.933333333333334, 11.966666666666667, 12.8], "y": [0.0, 0.2, 0.5, 0.7, 0.8, 1.0, 1.1, 1.3, 1.4, 1.6, 1.7, 1.9, 2.0, 2.3, 2.5, 2.6, 2.9, 3.1, 3.2, 3.4, 3.5, 3.7, 3.8, 4.1, 4.4, 5.2, 5.3, 5.8, 6.1, 6.2, 6.4, 6.7, 6.8, 7.0, 7.3, 7.4, 7.6, 8.6, 8.7, 8.9, 9.2, 9.8, 10.2, 10.4, 11.4, 12.3, 12.5, 12.8, 13.1, 13.5, 14.0, 14.6, 14.9, 16.5, 16.8, 17.2, 17.4, 17.7, 18.0, 20.2, 21.1, 21.7, 23.2, 24.4, 25.1, 25.9, 26.2, 26.6, 27.1, 27.8, 28.3, 28.7, 29.2, 29.5, 29.9, 31.4, 32.6, 33.0, 33.3, 33.9, 34.4, 34.8, 35.3, 35.4, 36.0, 36.5, 37.8, 39.1, 40.5, 41.2, 43.0, 43.8, 45.0, 45.7, 47.0, 47.3, 47.9, 49.1, 50.0, 50.6, 51.4, 52.3, 52.9, 53.8, 56.6, 57.2, 58.1, 58.7, 59.3, 60.5, 61.2, 61.6, 61.9, 62.8, 63.7, 64.3, 65.7, 67.0, 67.3, 68.4, 70.0, 70.3, 71.2, 71.6, 72.4, 72.5, 73.0, 73.3, 73.7, 74.3, 75.1, 75.2, 75.8, 76.0, 77.9, 78.3, 79.2, 79.7, 80.0, 80.1, 80.7, 81.0, 81.6, 81.9, 82.2, 83.4, 83.9, 84.6, 84.9, 85.5, 86.1, 86.5, 86.7, 87.4, 87.9, 88.0, 88.2, 88.6, 89.1, 89.5, 89.8, 90.4, 91.0, 91.3, 91.5, 91.6, 91.8, 91.9, 92.1, 92.3, 92.6, 92.8, 92.9, 93.2, 93.5, 93.8, 94.1, 94.6, 95.3, 95.6, 95.8, 95.9, 96.1, 96.2, 97.3, 97.4, 97.6, 97.7, 97.9, 98.0, 98.5, 98.8, 98.9, 99.1, 99.2, 99.4, 99.5, 99.7, 99.8, 100.0]}}