{"percentile": {"y": [0.0, 5.5, 11.1, 16.6, 22.2, 33.3, 38.8, 44.4, 50.0, 55.5, 66.6, 72.2, 77.7, 88.8], "x": [5.09375, 5.4375, 5.9375, 7.03125, 7.25, 7.3125, 7.4375, 7.46875, 7.5625, 7.75, 8.0, 8.15625, 9.0, 9.5625]}, "histogram": {"y": [3, 0, 9, 2, 5, 0], "x": [5.0, 6.0, 7.0, 8.0, 9.0, 10.0]}}