{"histogram": {"x": [0.0, 1.0, 2.0, 3.0, 4.0, 5.0, 6.0, 7.0, 8.0, 9.0, 10.0, 11.0, 12.0, 13.0, 14.0, 15.0], "y": [6, 13, 9, 33, 83, 167, 240, 251, 227, 141, 69, 44, 14, 3, 0, 0]}, "percentile": {"x": [0.03333333333333333, 0.2, 0.23333333333333334, 0.26666666666666666, 1.0, 1.0333333333333334, 1.0666666666666667, 1.1, 1.1333333333333333, 1.2333333333333334, 1.6, 2.066666666666667, 2.1, 2.466666666666667, 2.6, 2.966666666666667, 3.0, 3.033333333333333, 3.066666666666667, 3.1, 3.1333333333333333, 3.1666666666666665, 3.2, 3.2333333333333334, 3.2666666666666666, 3.4, 3.466666666666667, 3.6, 3.7, 3.8, 3.8666666666666667, 3.9, 3.9333333333333336, 4.0, 4.033333333333333, 4.066666666666666, 4.1, 4.133333333333334, 4.166666666666667, 4.2, 4.233333333333333, 4.266666666666667, 4.3, 4.333333333333333, 4.366666666666666, 4.4, 4.433333333333334, 4.466666666666667, 4.5, 4.533333333333333, 4.566666666666666, 4.6, 4.633333333333333, 4.7, 4.733333333333333, 4.766666666666667, 4.833333333333333, 4.866666666666667, 4.9, 4.933333333333334, 4.966666666666667, 5.0, 5.033333333333333, 5.066666666666666, 5.1, 5.133333333333334, 5.166666666666667, 5.2, 5.233333333333333, 5.266666666666667, 5.3, 5.333333333333333, 5.366666666666666, 5.4, 5.433333333333334, 5.466666666666667, 5.5, 5.533333333333333, 5.6, 5.633333333333333, 5.666666666666667, 5.7, 5.733333333333333, 5.766666666666667, 5.8, 5.833333333333333, 5.866666666666667, 5.9, 5.933333333333334, 5.966666666666667, 6.0, 6.033333333333333, 6.066666666666666, 6.1, 6.133333333333334, 6.166666666666667, 6.2, 6.233333333333333, 6.266666666666667, 6.3, 6.333333333333333, 6.366666666666666, 6.4, 6.433333333333334, 6.466666666666667, 6.5, 6.533333333333333, 6.566666666666666, 6.6, 6.633333333333333, 6.666666666666667, 6.7, 6.733333333333333, 6.766666666666667, 6.8, 6.833333333333333, 6.866666666666667, 6.9, 6.933333333333334, 6.966666666666667, 7.0, 7.033333333333333, 7.066666666666666, 7.1, 7.133333333333334, 7.166666666666667, 7.2, 7.233333333333333, 7.266666666666667, 7.3, 7.333333333333333, 7.366666666666666, 7.4, 7.433333333333334, 7.466666666666667, 7.533333333333333, 7.566666666666666, 7.6, 7.633333333333333, 7.666666666666667, 7.7, 7.733333333333333, 7.766666666666667, 7.8, 7.833333333333333, 7.866666666666667, 7.9, 7.933333333333334, 7.966666666666667, 8.0, 8.033333333333333, 8.066666666666666, 8.1, 8.133333333333333, 8.166666666666666, 8.2, 8.233333333333333, 8.266666666666667, 8.3, 8.333333333333334, 8.366666666666667, 8.4, 8.433333333333334, 8.466666666666667, 8.5, 8.533333333333333, 8.566666666666666, 8.6, 8.633333333333333, 8.666666666666666, 8.7, 8.733333333333333, 8.766666666666667, 8.8, 8.833333333333334, 8.866666666666667, 8.9, 8.933333333333334, 8.966666666666667, 9.0, 9.033333333333333, 9.066666666666666, 9.1, 9.133333333333333, 9.166666666666666, 9.2, 9.233333333333333, 9.266666666666667, 9.3, 9.333333333333334, 9.366666666666667, 9.4, 9.433333333333334, 9.466666666666667, 9.5, 9.533333333333333, 9.566666666666666, 9.6, 9.633333333333333, 9.666666666666666, 9.7, 9.733333333333333, 9.766666666666667, 9.8, 9.833333333333334, 9.866666666666667, 9.9, 9.933333333333334, 9.966666666666667, 10.0, 10.033333333333333, 10.066666666666666, 10.1, 10.133333333333333, 10.166666666666666, 10.2, 10.233333333333333, 10.266666666666667, 10.333333333333334, 10.366666666666667, 10.4, 10.433333333333334, 10.466666666666667, 10.5, 10.533333333333333, 10.566666666666666, 10.6, 10.633333333333333, 10.666666666666666, 10.7, 10.733333333333333, 10.866666666666667, 10.9, 10.933333333333334, 11.0, 11.033333333333333, 11.066666666666666, 11.1, 11.166666666666666, 11.2, 11.266666666666667, 11.3, 11.333333333333334, 11.366666666666667, 11.4, 11.433333333333334, 11.5, 11.533333333333333, 11.566666666666666, 11.6, 11.633333333333333, 11.666666666666666, 11.7, 11.733333333333333, 11.766666666666667, 11.933333333333334, 11.966666666666667, 12.0, 12.066666666666666, 12.1, 12.2, 12.366666666666667, 12.433333333333334, 12.533333333333333, 12.6, 12.633333333333333, 12.666666666666666, 12.8, 13.1, 13.733333333333333], "y": [0.0, 0.2, 0.3, 0.3, 0.4, 0.8, 1.0, 1.0, 1.2, 1.3, 1.3, 1.4, 1.6, 1.8, 1.9, 2.0, 2.1, 2.2, 2.4, 2.5, 2.6, 3.0, 3.1, 3.3, 3.6, 3.8, 4.0, 4.1, 4.2, 4.3, 4.4, 4.5, 4.6, 4.6, 4.9, 5.0, 5.5, 6.0, 6.0, 6.3, 6.7, 6.9, 7.1, 7.2, 7.3, 7.4, 7.6, 8.0, 8.3, 8.6, 8.6, 8.7, 9.2, 9.4, 9.6, 10.0, 10.2, 10.4, 10.6, 10.7, 10.9, 11.0, 11.8, 12.1, 12.7, 13.7, 14.3, 14.9, 15.0, 15.5, 16.2, 16.5, 16.7, 17.3, 18.0, 18.6, 18.8, 19.3, 19.4, 20.8, 21.3, 21.7, 22.0, 22.3, 22.5, 22.7, 23.0, 23.3, 23.4, 23.7, 23.9, 25.0, 25.4, 26.2, 27.0, 27.9, 28.9, 29.7, 30.4, 30.7, 31.2, 31.9, 32.4, 32.7, 33.4, 33.9, 34.4, 34.9, 35.2, 36.8, 37.4, 37.7, 38.2, 38.7, 39.5, 40.0, 40.2, 40.6, 41.4, 41.8, 42.4, 43.9, 44.6, 45.3, 45.8, 47.1, 48.1, 48.9, 49.7, 51.0, 51.6, 52.3, 52.7, 53.5, 54.1, 54.5, 55.0, 55.3, 57.0, 57.8, 58.2, 58.5, 58.9, 59.4, 59.7, 59.8, 60.3, 60.9, 61.0, 61.7, 63.2, 63.7, 64.6, 64.8, 65.5, 66.4, 67.5, 68.2, 68.6, 69.2, 69.5, 70.1, 70.9, 71.4, 71.9, 72.3, 72.7, 73.2, 75.0, 75.3, 75.8, 76.4, 76.9, 77.1, 77.5, 77.9, 78.5, 78.7, 78.9, 79.2, 80.5, 80.9, 81.2, 81.9, 82.2, 82.9, 83.2, 83.7, 84.2, 84.7, 84.9, 85.2, 85.6, 86.0, 86.1, 86.2, 86.3, 86.4, 87.2, 87.7, 87.9, 88.0, 88.2, 88.5, 88.7, 89.2, 89.3, 89.6, 89.8, 90.0, 90.9, 91.1, 91.2, 91.3, 91.4, 91.7, 91.8, 92.2, 92.6, 92.6, 92.8, 92.9, 93.0, 93.2, 93.3, 93.3, 93.7, 94.7, 94.8, 94.9, 94.9, 95.0, 95.1, 95.2, 95.3, 95.6, 95.7, 95.9, 96.0, 96.2, 96.3, 96.5, 96.6, 96.6, 96.7, 96.9, 97.1, 97.2, 97.3, 97.5, 97.8, 97.9, 97.9, 98.0, 98.3, 98.3, 98.6, 98.7, 98.8, 98.9, 99.0, 99.2, 99.3, 99.3, 99.4, 99.6, 99.6, 99.7, 99.8, 100.0]}}