{"percentile": {"y": [0.0, 0.0, 0.1, 0.2, 0.2, 0.2, 0.3, 0.4, 0.4, 0.5, 0.5, 0.5, 0.5, 0.6, 0.6, 0.7, 0.8, 0.8, 0.9, 0.9, 0.9, 1.0, 1.0, 1.1, 1.1, 1.1, 1.2, 1.2, 1.3, 1.4, 1.5, 1.5, 1.6, 1.6, 1.9, 1.9, 2.0, 2.2, 2.4, 2.7, 2.7, 2.8, 2.8, 3.0, 3.1, 3.1, 3.2, 3.5, 3.8, 4.3, 4.6, 4.8, 5.2, 5.4, 5.6, 5.7, 5.8, 6.0, 6.4, 6.7, 6.9, 7.7, 7.9, 8.3, 8.3, 8.8, 9.1, 9.2, 9.4, 10.2, 10.6, 11.1, 11.5, 12.0, 12.6, 13.0, 13.2, 13.5, 13.8, 16.0, 16.3, 17.0, 17.3, 17.8, 18.2, 18.6, 19.1, 19.8, 20.2, 21.0, 21.7, 23.7, 23.8, 24.2, 24.6, 25.2, 25.7, 26.0, 26.2, 27.7, 28.1, 29.3, 29.8, 30.4, 31.3, 31.9, 32.3, 33.0, 33.4, 36.6, 37.7, 38.8, 40.4, 41.2, 42.2, 43.2, 44.0, 44.8, 45.7, 46.6, 47.3, 50.7, 51.2, 51.6, 52.4, 53.3, 53.9, 54.7, 55.1, 57.1, 57.6, 58.5, 59.1, 59.7, 60.6, 61.2, 61.8, 62.4, 62.9, 66.2, 67.3, 68.0, 68.9, 69.9, 71.0, 71.9, 72.4, 73.4, 74.1, 74.8, 75.4, 77.6, 78.0, 78.3, 78.5, 79.0, 79.5, 80.1, 80.5, 81.7, 82.3, 82.9, 83.5, 83.9, 84.5, 85.0, 85.5, 85.9, 86.3, 88.3, 88.8, 89.6, 90.0, 90.6, 90.9, 91.3, 91.9, 92.5, 92.7, 93.2, 93.7, 94.6, 94.6, 94.7, 94.9, 95.0, 95.2, 95.3, 95.3, 95.8, 95.9, 96.0, 96.2, 96.3, 96.4, 96.5, 96.5, 96.7, 96.8, 97.5, 97.6, 97.8, 98.0, 98.1, 98.2, 98.3, 98.4, 98.6, 98.7, 98.7, 98.8, 98.9, 99.0, 99.1, 99.2, 99.2, 99.4, 99.4, 99.4, 99.5, 99.5, 99.5, 99.7, 99.7, 99.7, 99.7, 99.8, 99.9, 99.9, 99.9, 99.9, 100.0], "x": [0.03333333333333333, 0.26666666666666666, 0.3, 0.3333333333333333, 0.43333333333333335, 2.0, 2.6, 3.066666666666667, 3.1, 4.0, 4.033333333333333, 4.166666666666667, 4.2, 4.266666666666667, 4.9, 4.933333333333334, 4.966666666666667, 5.0, 5.033333333333333, 5.333333333333333, 5.366666666666666, 5.4, 5.433333333333334, 5.5, 5.566666666666666, 5.6, 5.633333333333333, 5.666666666666667, 5.8, 5.833333333333333, 5.9, 5.933333333333334, 5.966666666666667, 6.0, 6.1, 6.133333333333334, 6.2, 6.233333333333333, 6.266666666666667, 6.3, 6.333333333333333, 6.366666666666666, 6.4, 6.433333333333334, 6.466666666666667, 6.5, 6.533333333333333, 6.566666666666666, 6.6, 6.633333333333333, 6.666666666666667, 6.7, 6.733333333333333, 6.766666666666667, 6.8, 6.833333333333333, 6.866666666666667, 6.9, 6.933333333333334, 6.966666666666667, 7.0, 7.033333333333333, 7.066666666666666, 7.1, 7.133333333333334, 7.166666666666667, 7.2, 7.233333333333333, 7.266666666666667, 7.3, 7.333333333333333, 7.366666666666666, 7.4, 7.433333333333334, 7.466666666666667, 7.5, 7.533333333333333, 7.566666666666666, 7.6, 7.633333333333333, 7.666666666666667, 7.7, 7.733333333333333, 7.766666666666667, 7.8, 7.833333333333333, 7.866666666666667, 7.9, 7.933333333333334, 7.966666666666667, 8.0, 8.033333333333333, 8.066666666666666, 8.1, 8.133333333333333, 8.166666666666666, 8.2, 8.233333333333333, 8.266666666666667, 8.3, 8.333333333333334, 8.366666666666667, 8.4, 8.433333333333334, 8.466666666666667, 8.5, 8.533333333333333, 8.566666666666666, 8.6, 8.633333333333333, 8.666666666666666, 8.7, 8.733333333333333, 8.766666666666667, 8.8, 8.833333333333334, 8.866666666666667, 8.9, 8.933333333333334, 8.966666666666667, 9.0, 9.033333333333333, 9.066666666666666, 9.1, 9.133333333333333, 9.166666666666666, 9.2, 9.233333333333333, 9.266666666666667, 9.3, 9.333333333333334, 9.366666666666667, 9.4, 9.433333333333334, 9.466666666666667, 9.5, 9.533333333333333, 9.566666666666666, 9.6, 9.633333333333333, 9.666666666666666, 9.7, 9.733333333333333, 9.766666666666667, 9.8, 9.833333333333334, 9.866666666666667, 9.9, 9.933333333333334, 9.966666666666667, 10.0, 10.033333333333333, 10.066666666666666, 10.1, 10.133333333333333, 10.166666666666666, 10.2, 10.233333333333333, 10.266666666666667, 10.3, 10.333333333333334, 10.366666666666667, 10.4, 10.433333333333334, 10.466666666666667, 10.5, 10.533333333333333, 10.566666666666666, 10.6, 10.633333333333333, 10.666666666666666, 10.7, 10.733333333333333, 10.766666666666667, 10.8, 10.833333333333334, 10.866666666666667, 10.9, 10.933333333333334, 10.966666666666667, 11.0, 11.033333333333333, 11.066666666666666, 11.1, 11.133333333333333, 11.166666666666666, 11.2, 11.233333333333333, 11.266666666666667, 11.3, 11.333333333333334, 11.366666666666667, 11.4, 11.433333333333334, 11.466666666666667, 11.5, 11.533333333333333, 11.566666666666666, 11.6, 11.633333333333333, 11.666666666666666, 11.7, 11.733333333333333, 11.766666666666667, 11.8, 11.833333333333334, 11.866666666666667, 11.9, 11.933333333333334, 11.966666666666667, 12.0, 12.1, 12.133333333333333, 12.266666666666667, 12.3, 12.333333333333334, 12.366666666666667, 12.4, 12.466666666666667, 12.5, 12.533333333333333, 12.6, 12.633333333333333, 12.7, 12.733333333333333, 12.8, 13.0, 13.033333333333333, 13.266666666666667, 13.6, 13.666666666666666, 14.0]}, "histogram": {"y": [13, 0, 5, 4, 17, 34, 231, 644, 1118, 1226, 798, 220, 44, 7, 1], "x": [0.0, 1.0, 2.0, 3.0, 4.0, 5.0, 6.0, 7.0, 8.0, 9.0, 10.0, 11.0, 12.0, 13.0, 14.0]}}