{"histogram": {"y": [2, 2, 2, 7, 11, 4, 3, 1, 0, 0], "x": [4.0, 5.0, 6.0, 7.0, 8.0, 9.0, 10.0, 11.0, 12.0, 13.0]}, "percentile": {"y": [0.0, 3.2, 6.4, 12.9, 16.1, 19.3, 22.5, 25.8, 29.0, 32.2, 38.7, 41.9, 45.1, 48.3, 51.6, 58.0, 61.2, 64.5, 67.7, 70.9, 74.1, 77.4, 80.6, 83.8, 87.0, 90.3, 93.5, 96.7, 100.0], "x": [4.033333333333333, 4.233333333333333, 5.133333333333334, 6.4, 6.766666666666667, 7.033333333333333, 7.366666666666666, 7.433333333333334, 7.533333333333333, 7.6, 7.966666666666667, 8.0, 8.166666666666666, 8.2, 8.266666666666667, 8.433333333333334, 8.6, 8.633333333333333, 8.666666666666666, 8.833333333333334, 8.933333333333334, 9.066666666666666, 9.666666666666666, 9.866666666666667, 9.933333333333334, 10.0, 10.8, 10.9, 11.166666666666666]}}