{"histogram": {"x": [0.0, 1.0, 2.0, 3.0, 4.0, 5.0, 6.0, 7.0, 8.0, 9.0, 10.0, 11.0, 12.0, 13.0], "y": [1, 1, 3, 0, 8, 28, 70, 115, 67, 52, 18, 6, 0, 0]}, "percentile": {"x": [0.03125, 1.40625, 2.09375, 2.1875, 2.4375, 4.15625, 4.3125, 4.34375, 4.40625, 4.4375, 4.5, 4.71875, 4.78125, 5.0, 5.03125, 5.0625, 5.09375, 5.125, 5.15625, 5.1875, 5.25, 5.34375, 5.5, 5.5625, 5.625, 5.6875, 5.75, 5.84375, 5.9375, 6.0, 6.03125, 6.0625, 6.09375, 6.125, 6.15625, 6.1875, 6.21875, 6.25, 6.28125, 6.3125, 6.34375, 6.375, 6.40625, 6.5, 6.53125, 6.5625, 6.625, 6.65625, 6.6875, 6.71875, 6.75, 6.78125, 6.8125, 6.84375, 6.875, 6.90625, 6.96875, 7.0, 7.03125, 7.0625, 7.09375, 7.125, 7.15625, 7.1875, 7.21875, 7.25, 7.28125, 7.3125, 7.34375, 7.40625, 7.4375, 7.46875, 7.5, 7.53125, 7.5625, 7.59375, 7.625, 7.65625, 7.6875, 7.71875, 7.75, 7.78125, 7.8125, 7.84375, 7.875, 7.90625, 7.9375, 7.96875, 8.0, 8.03125, 8.0625, 8.09375, 8.15625, 8.1875, 8.21875, 8.25, 8.28125, 8.3125, 8.34375, 8.375, 8.40625, 8.46875, 8.5, 8.53125, 8.5625, 8.59375, 8.65625, 8.6875, 8.71875, 8.78125, 8.84375, 8.875, 8.90625, 8.9375, 9.0, 9.03125, 9.0625, 9.125, 9.15625, 9.1875, 9.21875, 9.25, 9.28125, 9.34375, 9.375, 9.4375, 9.5, 9.5625, 9.59375, 9.625, 9.6875, 9.75, 9.8125, 9.84375, 9.875, 9.90625, 9.9375, 10.0, 10.03125, 10.0625, 10.09375, 10.125, 10.15625, 10.25, 10.3125, 10.375, 10.4375, 10.5625, 10.59375, 10.6875, 10.75, 10.875, 11.0, 11.03125, 11.09375, 11.25, 11.6875], "y": [0.0, 0.2, 0.5, 0.8, 1.0, 1.3, 1.6, 1.9, 2.1, 2.4, 2.7, 2.9, 3.2, 3.5, 4.3, 4.6, 5.4, 5.9, 6.5, 6.7, 7.0, 7.6, 7.8, 8.1, 8.9, 9.5, 10.3, 10.5, 10.8, 11.1, 12.5, 13.0, 13.5, 14.1, 14.4, 15.2, 15.7, 16.8, 18.7, 19.5, 20.6, 21.1, 21.4, 22.8, 23.3, 23.6, 25.2, 25.5, 25.8, 26.0, 26.3, 26.6, 27.7, 28.2, 28.5, 29.0, 29.6, 30.1, 33.1, 33.6, 34.7, 35.5, 36.6, 36.9, 37.7, 38.3, 40.2, 40.4, 42.3, 42.9, 45.6, 46.7, 48.3, 48.9, 49.1, 51.9, 52.4, 53.8, 54.8, 55.9, 56.7, 57.6, 57.8, 58.4, 58.6, 59.7, 60.3, 60.5, 61.4, 63.3, 64.1, 64.4, 65.4, 66.5, 66.8, 67.1, 69.0, 70.3, 70.6, 70.9, 71.4, 72.5, 72.8, 73.9, 74.4, 75.8, 76.3, 77.1, 77.7, 78.2, 78.5, 78.8, 79.0, 79.3, 79.6, 81.5, 82.6, 83.1, 83.6, 83.9, 85.0, 85.8, 87.2, 88.0, 88.3, 88.5, 88.8, 89.1, 89.6, 90.4, 91.0, 91.5, 91.8, 92.3, 92.6, 93.2, 93.4, 93.7, 94.2, 94.8, 95.1, 95.3, 95.6, 96.1, 96.4, 96.7, 97.0, 97.2, 97.5, 97.8, 98.0, 98.3, 98.6, 99.1, 99.4, 99.7, 100.0]}}