{"histogram": {"y": [4, 0, 3, 0, 3, 19, 66, 99, 163, 108, 85, 32, 12, 1, 0], "x": [0.0, 1.0, 2.0, 3.0, 4.0, 5.0, 6.0, 7.0, 8.0, 9.0, 10.0, 11.0, 12.0, 13.0, 14.0]}, "percentile": {"y": [0.0, 0.5, 0.6, 0.8, 1.0, 1.1, 1.3, 1.5, 1.6, 1.8, 2.3, 2.5, 2.6, 2.8, 3.0, 3.1, 3.3, 3.5, 3.7, 4.0, 4.2, 4.5, 4.7, 4.8, 5.2, 5.8, 6.0, 6.9, 7.7, 7.9, 8.5, 8.9, 9.5, 10.2, 11.7, 12.1, 12.2, 13.2, 13.6, 13.8, 13.9, 14.3, 14.6, 14.9, 15.4, 15.6, 15.9, 17.5, 17.8, 18.8, 19.6, 20.2, 20.7, 21.5, 21.7, 22.3, 23.5, 23.9, 24.7, 25.2, 25.5, 26.2, 26.5, 26.7, 26.9, 28.6, 28.9, 29.1, 29.4, 29.9, 30.6, 30.9, 31.1, 31.4, 31.9, 32.1, 32.6, 35.5, 36.8, 37.2, 38.5, 39.5, 40.4, 40.9, 42.4, 43.4, 43.9, 45.1, 45.6, 46.1, 47.6, 47.9, 48.6, 49.6, 50.5, 53.1, 53.7, 53.8, 55.0, 55.8, 56.2, 56.3, 56.7, 57.0, 57.9, 58.7, 59.0, 59.9, 60.1, 61.9, 63.2, 63.9, 64.3, 64.9, 65.3, 66.1, 66.6, 67.8, 68.5, 69.3, 69.8, 70.3, 71.2, 71.3, 71.7, 72.2, 72.5, 73.7, 74.4, 74.5, 75.0, 75.2, 75.5, 75.9, 76.0, 76.4, 77.1, 77.4, 77.9, 78.2, 79.2, 79.9, 80.9, 82.1, 82.8, 84.0, 84.3, 84.8, 85.3, 85.6, 85.8, 86.5, 86.8, 87.3, 87.7, 88.3, 88.7, 89.0, 89.5, 89.7, 90.2, 90.4, 90.5, 90.9, 91.2, 91.4, 91.7, 92.0, 92.2, 92.4, 92.5, 93.4, 93.7, 94.1, 94.6, 94.7, 95.1, 95.6, 96.1, 96.2, 96.4, 96.6, 97.1, 97.4, 97.8, 97.9, 98.4, 98.6, 98.8, 98.9, 99.1, 99.3, 99.4, 99.6, 99.8, 100.0], "x": [0.03125, 0.0625, 2.03125, 2.0625, 2.59375, 4.03125, 4.09375, 4.9375, 5.0, 5.09375, 5.125, 5.15625, 5.28125, 5.3125, 5.46875, 5.59375, 5.6875, 5.71875, 5.75, 5.78125, 5.875, 5.90625, 5.96875, 6.0, 6.03125, 6.0625, 6.125, 6.15625, 6.1875, 6.25, 6.3125, 6.34375, 6.375, 6.40625, 6.4375, 6.5, 6.5625, 6.59375, 6.625, 6.65625, 6.6875, 6.71875, 6.75, 6.78125, 6.84375, 6.875, 7.0, 7.03125, 7.0625, 7.09375, 7.125, 7.15625, 7.1875, 7.21875, 7.25, 7.28125, 7.3125, 7.34375, 7.375, 7.40625, 7.4375, 7.46875, 7.5, 7.53125, 7.5625, 7.59375, 7.65625, 7.6875, 7.71875, 7.75, 7.78125, 7.8125, 7.84375, 7.875, 7.90625, 7.96875, 8.0, 8.03125, 8.0625, 8.09375, 8.125, 8.15625, 8.1875, 8.21875, 8.25, 8.28125, 8.3125, 8.34375, 8.375, 8.40625, 8.4375, 8.46875, 8.5, 8.53125, 8.5625, 8.59375, 8.625, 8.65625, 8.6875, 8.71875, 8.75, 8.78125, 8.8125, 8.84375, 8.875, 8.90625, 8.9375, 8.96875, 9.0, 9.03125, 9.0625, 9.09375, 9.125, 9.15625, 9.1875, 9.21875, 9.25, 9.28125, 9.3125, 9.34375, 9.375, 9.40625, 9.4375, 9.46875, 9.5, 9.53125, 9.5625, 9.59375, 9.625, 9.65625, 9.71875, 9.75, 9.78125, 9.8125, 9.84375, 9.875, 9.90625, 9.9375, 9.96875, 10.0, 10.03125, 10.0625, 10.09375, 10.125, 10.15625, 10.1875, 10.21875, 10.25, 10.28125, 10.3125, 10.34375, 10.375, 10.40625, 10.4375, 10.46875, 10.5, 10.53125, 10.5625, 10.59375, 10.625, 10.65625, 10.6875, 10.71875, 10.75, 10.78125, 10.8125, 10.875, 10.90625, 10.9375, 10.96875, 11.0, 11.03125, 11.09375, 11.15625, 11.21875, 11.25, 11.34375, 11.375, 11.40625, 11.4375, 11.5, 11.53125, 11.5625, 11.65625, 11.875, 12.0, 12.0625, 12.09375, 12.1875, 12.28125, 12.34375, 12.375, 12.65625, 12.8125, 12.84375, 13.0]}}