{"percentile": {"x": [0.3125, 0.4375, 1.1875, 3.125, 4.71875, 4.9375, 5.125, 5.21875, 5.5, 5.5625, 5.65625, 5.8125, 6.0, 6.1875, 6.21875, 6.25, 6.28125, 6.3125, 6.34375, 6.5625, 6.78125, 6.875, 6.90625, 7.0, 7.125, 7.1875, 7.25, 7.40625, 7.4375, 7.46875, 7.59375, 7.6875, 7.71875, 7.90625, 7.96875, 8.03125, 8.0625, 8.09375, 8.15625, 8.1875, 8.21875, 8.25, 8.34375, 8.59375, 8.625, 8.875, 9.1875, 9.25, 9.65625, 10.1875, 10.53125, 11.59375, 12.0], "y": [0.0, 1.5, 3.1, 4.6, 6.2, 7.8, 9.3, 10.9, 12.5, 15.6, 18.7, 20.3, 21.8, 26.5, 28.1, 29.6, 31.2, 34.3, 35.9, 37.5, 40.6, 42.1, 43.7, 45.3, 46.8, 48.4, 50.0, 53.1, 54.6, 56.2, 60.9, 62.5, 64.0, 65.6, 67.1, 68.7, 70.3, 71.8, 73.4, 76.5, 78.1, 79.6, 81.2, 82.8, 84.3, 87.5, 89.0, 90.6, 92.1, 93.7, 95.3, 98.4, 100.0]}, "histogram": {"x": [0.0, 1.0, 2.0, 3.0, 4.0, 5.0, 6.0, 7.0, 8.0, 9.0, 10.0, 11.0, 12.0], "y": [2, 1, 0, 1, 2, 8, 15, 15, 13, 3, 3, 1, 1]}}