{"histogram": {"x": [4.0, 5.0, 6.0, 7.0, 8.0, 9.0, 10.0, 11.0, 12.0, 13.0, 14.0], "y": [2, 2, 9, 31, 59, 65, 41, 24, 3, 0, 0]}, "percentile": {"x": [4.59375, 4.84375, 5.0, 5.90625, 6.125, 6.28125, 6.40625, 6.46875, 6.5625, 6.59375, 6.6875, 6.78125, 6.84375, 7.0, 7.09375, 7.125, 7.15625, 7.1875, 7.25, 7.28125, 7.34375, 7.375, 7.46875, 7.5, 7.5625, 7.65625, 7.6875, 7.71875, 7.75, 7.78125, 7.8125, 7.84375, 7.90625, 8.0, 8.0625, 8.09375, 8.125, 8.15625, 8.1875, 8.25, 8.28125, 8.3125, 8.375, 8.40625, 8.4375, 8.46875, 8.5, 8.5625, 8.59375, 8.625, 8.71875, 8.75, 8.78125, 8.84375, 8.90625, 8.9375, 9.0, 9.03125, 9.0625, 9.09375, 9.15625, 9.1875, 9.21875, 9.25, 9.28125, 9.3125, 9.34375, 9.375, 9.40625, 9.4375, 9.46875, 9.5, 9.53125, 9.5625, 9.59375, 9.625, 9.65625, 9.6875, 9.75, 9.8125, 9.84375, 9.875, 9.90625, 9.9375, 10.0, 10.03125, 10.125, 10.1875, 10.25, 10.28125, 10.3125, 10.34375, 10.375, 10.40625, 10.4375, 10.46875, 10.5, 10.53125, 10.5625, 10.59375, 10.625, 10.71875, 10.8125, 10.84375, 11.0, 11.03125, 11.0625, 11.125, 11.15625, 11.25, 11.28125, 11.34375, 11.375, 11.40625, 11.46875, 11.5, 11.625, 11.6875, 11.875, 11.9375, 12.0, 12.03125, 12.96875], "y": [0.0, 0.4, 0.8, 1.2, 1.7, 2.1, 2.5, 2.9, 3.4, 3.8, 4.2, 4.6, 5.1, 5.5, 6.3, 6.8, 7.6, 8.0, 8.9, 10.2, 10.6, 11.9, 12.3, 12.7, 13.1, 14.4, 15.3, 15.7, 16.5, 17.0, 17.4, 17.8, 18.2, 18.7, 20.8, 21.2, 21.7, 23.4, 23.8, 24.2, 25.5, 27.6, 28.9, 29.3, 30.6, 31.4, 31.9, 32.7, 34.8, 36.1, 36.5, 37.8, 39.1, 40.0, 40.8, 41.7, 43.8, 47.6, 48.0, 49.3, 49.7, 50.6, 51.4, 52.3, 54.4, 55.3, 55.7, 56.1, 57.4, 58.2, 59.1, 59.5, 60.4, 61.2, 63.4, 63.8, 64.6, 65.1, 65.5, 66.8, 67.2, 68.0, 69.7, 70.6, 71.4, 75.3, 76.5, 77.4, 78.7, 80.0, 80.4, 80.8, 81.7, 82.1, 82.9, 83.8, 84.6, 85.1, 85.5, 86.3, 87.2, 87.6, 88.0, 88.5, 88.9, 90.6, 91.0, 91.4, 91.9, 92.3, 94.4, 94.8, 95.3, 95.7, 96.1, 97.0, 97.4, 97.8, 98.2, 98.7, 99.1, 99.5, 100.0]}}