{"percentile": {"y": [0.0, 4.0, 8.0, 12.0, 16.0, 20.0, 28.0, 32.0, 36.0, 40.0, 44.0, 48.0, 52.0, 56.0, 60.0, 64.0, 68.0, 72.0, 76.0, 80.0, 84.0, 88.0, 92.0, 96.0, 100.0], "x": [3.3, 3.966666666666667, 4.166666666666667, 4.4, 4.6, 6.0, 6.066666666666666, 6.2, 6.266666666666667, 6.366666666666666, 6.6, 6.666666666666667, 6.7, 6.733333333333333, 7.0, 7.266666666666667, 7.8, 7.966666666666667, 8.0, 8.333333333333334, 8.433333333333334, 8.966666666666667, 9.3, 10.9, 11.266666666666667]}, "histogram": {"y": [2, 3, 0, 10, 4, 4, 1, 1, 1, 0], "x": [3.0, 4.0, 5.0, 6.0, 7.0, 8.0, 9.0, 10.0, 11.0, 12.0]}}