{"histogram": {"y": [1, 1, 0, 0, 4, 4, 9, 5, 5, 1, 0, 1, 1, 0, 0], "x": [0.0, 1.0, 2.0, 3.0, 4.0, 5.0, 6.0, 7.0, 8.0, 9.0, 10.0, 11.0, 12.0, 13.0, 14.0]}, "percentile": {"y": [0.0, 3.2, 6.4, 9.6, 12.9, 16.1, 19.3, 22.5, 29.0, 32.2, 35.4, 38.7, 41.9, 45.1, 48.3, 51.6, 61.2, 64.5, 67.7, 70.9, 77.4, 80.6, 83.8, 87.0, 90.3, 93.5, 96.7, 100.0], "x": [0.1, 1.1666666666666667, 4.033333333333333, 4.1, 4.633333333333333, 4.766666666666667, 5.166666666666667, 5.233333333333333, 5.866666666666667, 6.0, 6.066666666666666, 6.1, 6.166666666666667, 6.5, 6.533333333333333, 6.8, 7.066666666666666, 7.266666666666667, 7.833333333333333, 7.966666666666667, 8.166666666666666, 8.266666666666667, 8.366666666666667, 8.633333333333333, 8.966666666666667, 9.233333333333333, 11.633333333333333, 12.433333333333334]}}