{"percentile": {"y": [0.0, 0.4, 0.8, 1.3, 1.7, 3.0, 3.5, 4.8, 5.3, 5.7, 6.1, 6.6, 7.0, 9.2, 9.7, 10.1, 12.3, 13.2, 14.1, 14.6, 18.5, 19.4, 19.9, 21.2, 21.6, 23.0, 23.4, 23.8, 24.7, 26.5, 27.4, 30.0, 30.5, 30.9, 31.8, 32.3, 34.0, 35.8, 36.2, 38.4, 39.3, 40.2, 41.5, 42.0, 42.4, 42.9, 47.3, 48.2, 50.0, 50.8, 51.3, 52.6, 54.4, 56.1, 57.5, 58.8, 62.8, 63.7, 64.1, 65.0, 65.4, 66.8, 67.2, 67.6, 68.5, 69.0, 69.9, 70.3, 71.2, 71.6, 75.2, 76.5, 77.8, 78.3, 79.6, 81.4, 82.3, 83.6, 84.0, 84.9, 85.3, 85.8, 86.2, 86.7, 87.1, 88.0, 89.3, 90.2, 91.1, 92.0, 93.3, 95.1, 95.5, 96.0, 96.4, 96.9, 97.3, 97.7, 98.2, 98.6, 99.1, 99.5, 100.0], "x": [3.8666666666666667, 5.066666666666666, 5.933333333333334, 6.1, 6.6, 6.633333333333333, 6.7, 6.733333333333333, 6.766666666666667, 6.8, 6.866666666666667, 6.9, 7.0, 7.033333333333333, 7.1, 7.266666666666667, 7.333333333333333, 7.5, 7.533333333333333, 7.6, 7.633333333333333, 7.666666666666667, 7.7, 7.733333333333333, 7.766666666666667, 7.8, 7.833333333333333, 7.9, 7.933333333333334, 7.966666666666667, 8.0, 8.033333333333333, 8.066666666666666, 8.1, 8.166666666666666, 8.266666666666667, 8.3, 8.333333333333334, 8.366666666666667, 8.4, 8.433333333333334, 8.466666666666667, 8.5, 8.533333333333333, 8.566666666666666, 8.6, 8.633333333333333, 8.666666666666666, 8.7, 8.733333333333333, 8.766666666666667, 8.8, 8.833333333333334, 8.9, 8.966666666666667, 9.0, 9.1, 9.133333333333333, 9.166666666666666, 9.233333333333333, 9.266666666666667, 9.3, 9.333333333333334, 9.366666666666667, 9.4, 9.433333333333334, 9.466666666666667, 9.5, 9.566666666666666, 9.6, 9.633333333333333, 9.666666666666666, 9.7, 9.733333333333333, 9.766666666666667, 9.8, 9.833333333333334, 9.866666666666667, 9.9, 9.933333333333334, 9.966666666666667, 10.0, 10.066666666666666, 10.1, 10.133333333333333, 10.233333333333333, 10.266666666666667, 10.5, 10.6, 10.633333333333333, 10.7, 10.733333333333333, 10.766666666666667, 10.866666666666667, 10.9, 10.933333333333334, 11.0, 11.133333333333333, 11.366666666666667, 11.433333333333334, 11.466666666666667, 11.566666666666666, 11.6]}, "histogram": {"y": [1, 0, 2, 13, 46, 71, 61, 26, 7], "x": [3.0, 4.0, 5.0, 6.0, 7.0, 8.0, 9.0, 10.0, 11.0]}}