{"histogram": {"y": [1, 0, 0, 1, 14, 30, 22, 6, 1, 1, 0], "x": [3.0, 4.0, 5.0, 6.0, 7.0, 8.0, 9.0, 10.0, 11.0, 12.0, 13.0]}, "percentile": {"y": [0.0, 1.3, 2.6, 5.3, 6.6, 8.0, 10.6, 16.0, 17.3, 18.6, 20.0, 21.3, 25.3, 26.6, 29.3, 30.6, 32.0, 33.3, 34.6, 36.0, 40.0, 41.3, 45.3, 46.6, 48.0, 52.0, 53.3, 56.0, 57.3, 58.6, 60.0, 61.3, 64.0, 69.3, 70.6, 76.0, 81.3, 84.0, 86.6, 88.0, 89.3, 90.6, 93.3, 94.6, 96.0, 97.3, 98.6, 100.0], "x": [3.875, 6.84375, 7.0, 7.25, 7.28125, 7.3125, 7.5625, 7.8125, 7.875, 7.9375, 7.96875, 8.0, 8.03125, 8.125, 8.15625, 8.1875, 8.25, 8.34375, 8.375, 8.40625, 8.46875, 8.5625, 8.59375, 8.6875, 8.71875, 8.78125, 8.8125, 8.875, 8.90625, 8.9375, 8.96875, 9.0, 9.25, 9.34375, 9.5625, 9.59375, 9.65625, 9.6875, 9.75, 9.78125, 9.84375, 10.125, 10.1875, 10.6875, 10.78125, 10.875, 11.34375, 12.46875]}}