{"percentile": {"y": [0.0, 1.3, 2.7, 4.0, 5.4, 6.7, 8.1, 9.4, 10.8, 12.1, 14.8, 17.5, 18.9, 20.2, 21.6, 22.9, 24.3, 25.6, 28.3, 29.7, 31.0, 32.4, 33.7, 36.4, 37.8, 39.1, 40.5, 41.8, 43.2, 44.5, 45.9, 47.2, 48.6, 50.0, 51.3, 56.7, 58.1, 59.4, 60.8, 62.1, 63.5, 64.8, 66.2, 67.5, 68.9, 71.6, 72.9, 75.6, 77.0, 78.3, 81.0, 82.4, 85.1, 86.4, 87.8, 89.1, 90.5, 93.2, 94.5, 95.9, 97.2, 98.6, 100.0], "x": [3.1875, 5.1875, 5.40625, 5.625, 5.6875, 5.78125, 6.0, 6.03125, 6.09375, 6.15625, 6.1875, 6.25, 6.3125, 6.46875, 6.53125, 6.75, 6.8125, 7.0, 7.03125, 7.09375, 7.125, 7.25, 7.28125, 7.4375, 7.5625, 7.59375, 7.625, 7.65625, 7.71875, 7.78125, 7.8125, 7.84375, 7.875, 7.96875, 8.0, 8.15625, 8.3125, 8.375, 8.40625, 8.53125, 8.5625, 8.625, 8.6875, 8.875, 9.03125, 9.0625, 9.15625, 9.1875, 9.25, 9.3125, 9.40625, 9.5625, 9.59375, 9.65625, 9.75, 10.21875, 10.25, 10.46875, 10.6875, 10.96875, 11.03125, 11.15625, 11.84375]}, "histogram": {"y": [1, 0, 5, 13, 19, 13, 15, 6, 3, 0], "x": [3.0, 4.0, 5.0, 6.0, 7.0, 8.0, 9.0, 10.0, 11.0, 12.0]}}