{"histogram": {"x": [0.0, 1.0, 2.0, 3.0, 4.0, 5.0, 6.0, 7.0, 8.0, 9.0, 10.0, 11.0], "y": [2, 1, 0, 3, 17, 25, 29, 22, 7, 6, 3, 0]}, "percentile": {"x": [0.26666666666666666, 1.2333333333333334, 3.4333333333333336, 3.6, 3.9, 4.0, 4.033333333333333, 4.066666666666666, 4.133333333333334, 4.166666666666667, 4.233333333333333, 4.3, 4.333333333333333, 4.366666666666666, 4.433333333333334, 4.466666666666667, 4.6, 4.733333333333333, 4.866666666666667, 4.933333333333334, 5.0, 5.033333333333333, 5.166666666666667, 5.2, 5.266666666666667, 5.3, 5.333333333333333, 5.366666666666666, 5.4, 5.5, 5.533333333333333, 5.566666666666666, 5.6, 5.666666666666667, 5.7, 5.733333333333333, 5.766666666666667, 5.833333333333333, 5.9, 5.966666666666667, 6.0, 6.033333333333333, 6.133333333333334, 6.166666666666667, 6.233333333333333, 6.266666666666667, 6.4, 6.466666666666667, 6.5, 6.533333333333333, 6.6, 6.633333333333333, 6.666666666666667, 6.733333333333333, 6.833333333333333, 6.933333333333334, 6.966666666666667, 7.0, 7.033333333333333, 7.1, 7.133333333333334, 7.166666666666667, 7.233333333333333, 7.3, 7.4, 7.433333333333334, 7.533333333333333, 7.566666666666666, 7.6, 7.633333333333333, 7.7, 7.733333333333333, 7.966666666666667, 8.166666666666666, 8.366666666666667, 8.466666666666667, 8.6, 8.733333333333333, 8.833333333333334, 9.0, 9.266666666666667, 9.533333333333333, 9.833333333333334, 9.933333333333334, 10.0, 10.533333333333333, 10.8], "y": [0.0, 1.7, 2.6, 3.5, 4.3, 5.2, 6.1, 7.0, 7.8, 8.7, 9.6, 10.5, 11.4, 13.1, 14.0, 14.9, 15.7, 16.6, 18.4, 19.2, 20.1, 21.0, 21.9, 22.8, 23.6, 25.4, 26.3, 28.0, 28.9, 29.8, 30.7, 31.5, 32.4, 34.2, 35.0, 36.8, 37.7, 38.5, 40.3, 41.2, 42.1, 43.8, 45.6, 46.4, 47.3, 49.1, 51.7, 52.6, 53.5, 54.3, 56.1, 59.6, 60.5, 61.4, 62.2, 64.9, 66.6, 67.5, 69.2, 70.1, 71.9, 72.8, 73.6, 75.4, 77.1, 78.0, 78.9, 79.8, 80.7, 83.3, 84.2, 85.0, 85.9, 86.8, 87.7, 88.5, 89.4, 91.2, 92.1, 92.9, 93.8, 94.7, 95.6, 97.3, 98.2, 99.1, 100.0]}}