{"percentile": {"y": [0.0, 0.0, 0.0, 0.0, 0.1, 0.1, 0.2, 0.2, 0.2, 0.3, 0.3, 0.3, 0.3, 0.3, 0.4, 0.4, 0.4, 0.4, 0.4, 0.5, 0.5, 0.5, 0.5, 0.6, 0.6, 0.6, 0.7, 0.7, 0.7, 0.8, 0.8, 0.8, 0.9, 0.9, 0.9, 1.0, 1.0, 1.0, 1.1, 1.1, 1.1, 1.2, 1.2, 1.3, 1.3, 1.4, 1.6, 1.6, 1.7, 1.8, 1.9, 2.0, 2.1, 2.2, 2.2, 2.2, 2.3, 2.4, 2.4, 2.5, 2.5, 2.8, 2.8, 2.9, 2.9, 3.0, 3.0, 3.0, 3.1, 3.2, 3.2, 3.3, 3.4, 3.4, 3.5, 3.8, 4.1, 4.4, 4.7, 5.0, 5.3, 5.4, 5.5, 6.1, 6.3, 6.4, 6.6, 6.8, 7.1, 7.3, 7.5, 7.8, 7.8, 8.7, 8.8, 9.0, 9.2, 9.4, 9.5, 9.7, 9.9, 10.0, 10.1, 10.3, 10.5, 10.7, 10.8, 11.8, 12.3, 12.7, 13.3, 13.8, 14.4, 14.7, 15.1, 15.7, 16.2, 16.5, 16.9, 17.2, 17.8, 18.3, 18.7, 19.1, 19.4, 20.7, 21.2, 21.4, 21.6, 21.8, 22.1, 22.2, 22.5, 22.8, 23.0, 23.3, 23.5, 23.7, 23.9, 25.5, 26.1, 26.9, 27.5, 28.4, 29.2, 30.0, 30.5, 31.5, 31.9, 32.5, 33.0, 33.6, 34.9, 35.3, 35.7, 36.2, 36.5, 38.0, 38.6, 39.0, 39.6, 40.0, 40.4, 40.8, 41.3, 41.8, 42.2, 42.6, 43.1, 43.4, 43.7, 45.7, 46.5, 47.4, 48.1, 48.9, 49.7, 50.6, 51.3, 52.5, 53.2, 53.7, 54.3, 54.8, 55.4, 55.8, 56.2, 56.6, 57.0, 59.2, 59.8, 60.3, 60.6, 61.0, 61.4, 61.8, 62.2, 62.7, 63.1, 63.6, 63.9, 64.0, 64.4, 65.7, 66.6, 67.3, 68.2, 69.2, 70.1, 70.9, 71.6, 72.4, 73.0, 73.5, 74.0, 74.5, 75.0, 75.4, 75.8, 76.1, 76.3, 78.1, 78.6, 78.9, 79.3, 79.8, 80.1, 80.4, 80.8, 81.0, 81.2, 81.6, 81.9, 82.2, 82.4, 83.7, 84.2, 84.6, 85.1, 85.6, 86.2, 86.5, 86.8, 87.3, 87.7, 88.0, 88.2, 88.6, 89.0, 89.1, 89.3, 89.5, 89.8, 90.5, 90.9, 91.2, 91.4, 91.6, 91.7, 91.8, 92.0, 92.2, 92.3, 92.5, 92.8, 92.9, 93.0, 93.5, 93.8, 94.0, 94.2, 94.5, 94.7, 94.9, 95.1, 95.3, 95.4, 95.6, 95.8, 95.9, 96.1, 96.3, 96.4, 96.5, 96.6, 97.0, 97.1, 97.2, 97.3, 97.4, 97.4, 97.6, 97.7, 97.9, 97.9, 98.0, 98.1, 98.1, 98.2, 98.4, 98.4, 98.5, 98.5, 98.6, 98.7, 98.7, 98.8, 98.9, 98.9, 99.0, 99.0, 99.1, 99.1, 99.2, 99.2, 99.2, 99.4, 99.5, 99.5, 99.5, 99.5, 99.6, 99.6, 99.6, 99.7, 99.8, 99.8, 99.8, 99.9, 99.9, 99.9, 99.9, 99.9, 99.9, 100.0], "x": [0.03125, 0.0625, 0.1875, 0.21875, 0.25, 0.40625, 1.0, 1.84375, 2.03125, 2.0625, 2.125, 2.21875, 2.25, 2.96875, 3.03125, 3.125, 3.15625, 3.1875, 3.21875, 3.25, 3.6875, 3.90625, 4.0, 4.03125, 4.0625, 4.09375, 4.125, 4.15625, 4.1875, 4.21875, 4.25, 4.34375, 4.40625, 4.5, 4.5625, 4.59375, 4.71875, 4.78125, 4.8125, 4.84375, 4.90625, 4.96875, 5.0, 5.03125, 5.0625, 5.09375, 5.125, 5.15625, 5.1875, 5.21875, 5.25, 5.28125, 5.3125, 5.34375, 5.375, 5.40625, 5.4375, 5.46875, 5.5, 5.53125, 5.5625, 5.59375, 5.625, 5.65625, 5.6875, 5.71875, 5.75, 5.78125, 5.8125, 5.84375, 5.875, 5.90625, 5.9375, 5.96875, 6.0, 6.03125, 6.0625, 6.09375, 6.125, 6.15625, 6.1875, 6.21875, 6.25, 6.28125, 6.3125, 6.34375, 6.375, 6.40625, 6.4375, 6.46875, 6.5, 6.53125, 6.5625, 6.59375, 6.625, 6.65625, 6.6875, 6.71875, 6.75, 6.78125, 6.8125, 6.84375, 6.875, 6.90625, 6.9375, 6.96875, 7.0, 7.03125, 7.0625, 7.09375, 7.125, 7.15625, 7.1875, 7.21875, 7.25, 7.28125, 7.3125, 7.34375, 7.375, 7.40625, 7.4375, 7.46875, 7.5, 7.53125, 7.5625, 7.59375, 7.625, 7.65625, 7.6875, 7.71875, 7.75, 7.78125, 7.8125, 7.84375, 7.875, 7.90625, 7.9375, 7.96875, 8.0, 8.03125, 8.0625, 8.09375, 8.125, 8.15625, 8.1875, 8.21875, 8.25, 8.28125, 8.3125, 8.34375, 8.375, 8.40625, 8.4375, 8.46875, 8.5, 8.53125, 8.5625, 8.59375, 8.625, 8.65625, 8.6875, 8.71875, 8.75, 8.78125, 8.8125, 8.84375, 8.875, 8.90625, 8.9375, 8.96875, 9.0, 9.03125, 9.0625, 9.09375, 9.125, 9.15625, 9.1875, 9.21875, 9.25, 9.28125, 9.3125, 9.34375, 9.375, 9.40625, 9.4375, 9.46875, 9.5, 9.53125, 9.5625, 9.59375, 9.625, 9.65625, 9.6875, 9.71875, 9.75, 9.78125, 9.8125, 9.84375, 9.875, 9.90625, 9.9375, 9.96875, 10.0, 10.03125, 10.0625, 10.09375, 10.125, 10.15625, 10.1875, 10.21875, 10.25, 10.28125, 10.3125, 10.34375, 10.375, 10.40625, 10.4375, 10.46875, 10.5, 10.53125, 10.5625, 10.59375, 10.625, 10.65625, 10.6875, 10.71875, 10.75, 10.78125, 10.8125, 10.84375, 10.875, 10.90625, 10.9375, 10.96875, 11.0, 11.03125, 11.0625, 11.09375, 11.125, 11.15625, 11.1875, 11.21875, 11.25, 11.28125, 11.3125, 11.34375, 11.375, 11.40625, 11.4375, 11.46875, 11.5, 11.53125, 11.5625, 11.59375, 11.625, 11.65625, 11.6875, 11.71875, 11.75, 11.78125, 11.8125, 11.84375, 11.875, 11.90625, 11.9375, 11.96875, 12.0, 12.03125, 12.0625, 12.09375, 12.125, 12.15625, 12.1875, 12.21875, 12.25, 12.28125, 12.3125, 12.34375, 12.375, 12.40625, 12.4375, 12.46875, 12.5, 12.53125, 12.5625, 12.59375, 12.625, 12.65625, 12.6875, 12.71875, 12.75, 12.78125, 12.8125, 12.84375, 12.875, 12.90625, 12.9375, 12.96875, 13.0, 13.03125, 13.0625, 13.09375, 13.125, 13.15625, 13.1875, 13.21875, 13.25, 13.28125, 13.3125, 13.34375, 13.375, 13.4375, 13.46875, 13.5, 13.53125, 13.5625, 13.59375, 13.625, 13.65625, 13.6875, 13.75, 13.8125, 13.84375, 14.0, 14.03125, 14.09375, 14.125, 14.15625, 14.25, 14.28125, 14.34375, 14.40625, 14.4375, 14.53125, 14.5625]}, "histogram": {"y": [13, 3, 10, 10, 40, 141, 446, 802, 1211, 1261, 1103, 648, 317, 87, 20, 0, 0], "x": [0.0, 1.0, 2.0, 3.0, 4.0, 5.0, 6.0, 7.0, 8.0, 9.0, 10.0, 11.0, 12.0, 13.0, 14.0, 15.0, 16.0]}}