{"histogram": {"x": [2.0, 3.0, 4.0, 5.0, 6.0, 7.0, 8.0, 9.0, 10.0, 11.0, 12.0], "y": [2, 0, 9, 12, 10, 22, 11, 5, 6, 2, 0]}, "percentile": {"x": [2.0, 2.966666666666667, 4.033333333333333, 4.133333333333334, 4.166666666666667, 4.2, 4.266666666666667, 4.433333333333334, 4.533333333333333, 4.6, 4.9, 5.033333333333333, 5.066666666666666, 5.1, 5.166666666666667, 5.333333333333333, 5.466666666666667, 5.6, 5.633333333333333, 5.7, 5.933333333333334, 6.0, 6.066666666666666, 6.166666666666667, 6.266666666666667, 6.366666666666666, 6.433333333333334, 6.533333333333333, 6.6, 7.0, 7.033333333333333, 7.066666666666666, 7.133333333333334, 7.2, 7.266666666666667, 7.333333333333333, 7.366666666666666, 7.433333333333334, 7.6, 7.666666666666667, 7.7, 7.733333333333333, 7.9, 7.933333333333334, 8.1, 8.166666666666666, 8.366666666666667, 8.433333333333334, 8.533333333333333, 8.666666666666666, 8.733333333333333, 8.766666666666667, 8.833333333333334, 9.066666666666666, 9.233333333333333, 9.6, 9.933333333333334, 10.0, 10.033333333333333, 10.1, 10.166666666666666, 10.633333333333333, 10.933333333333334, 11.366666666666667, 11.766666666666667], "y": [0.0, 1.2, 2.5, 3.8, 5.1, 6.4, 7.6, 8.9, 10.2, 11.5, 12.8, 14.1, 16.6, 17.9, 19.2, 21.7, 23.0, 24.3, 25.6, 26.9, 28.2, 29.4, 30.7, 32.0, 34.6, 37.1, 38.4, 39.7, 41.0, 42.3, 44.8, 46.1, 50.0, 51.2, 52.5, 55.1, 56.4, 57.6, 61.5, 64.1, 65.3, 66.6, 67.9, 69.2, 70.5, 71.7, 75.6, 76.9, 78.2, 79.4, 80.7, 82.0, 83.3, 84.6, 85.8, 87.1, 89.7, 91.0, 92.3, 93.5, 94.8, 96.1, 97.4, 98.7, 100.0]}}