{"histogram": {"y": [1, 0, 0, 0, 1, 4, 16, 60, 112, 129, 75, 27, 3, 1], "x": [0.0, 1.0, 2.0, 3.0, 4.0, 5.0, 6.0, 7.0, 8.0, 9.0, 10.0, 11.0, 12.0, 13.0]}, "percentile": {"y": [0.0, 0.2, 0.4, 0.9, 1.1, 1.4, 1.8, 2.1, 2.3, 2.5, 2.8, 3.5, 3.9, 4.2, 5.1, 6.5, 6.7, 7.4, 7.7, 8.4, 8.8, 9.1, 9.8, 10.0, 10.7, 11.4, 11.6, 12.3, 12.6, 13.3, 14.0, 14.4, 15.1, 15.6, 16.3, 17.2, 17.7, 19.1, 20.3, 21.4, 22.1, 23.1, 23.3, 23.8, 24.0, 25.7, 27.5, 28.0, 29.9, 30.3, 31.7, 32.4, 32.9, 33.4, 34.1, 37.6, 39.0, 39.2, 39.7, 40.6, 41.5, 42.2, 42.7, 43.2, 43.9, 44.8, 45.3, 49.5, 50.0, 50.2, 51.1, 51.6, 52.1, 52.3, 52.8, 55.1, 55.6, 57.2, 57.7, 57.9, 60.0, 60.9, 61.6, 62.1, 67.0, 67.7, 68.6, 69.1, 69.6, 70.3, 71.2, 71.9, 72.8, 73.1, 73.3, 75.0, 75.4, 77.3, 77.8, 78.2, 78.9, 79.6, 80.3, 82.9, 83.1, 83.6, 84.8, 85.0, 85.9, 86.6, 87.3, 89.2, 90.1, 90.6, 90.8, 91.1, 91.5, 91.8, 92.2, 92.9, 93.9, 94.1, 94.8, 95.0, 96.0, 96.2, 96.7, 96.9, 97.4, 97.8, 98.5, 98.8, 99.0, 99.2, 99.5, 100.0], "x": [0.5625, 4.0, 5.25, 5.5625, 5.6875, 6.03125, 6.3125, 6.40625, 6.4375, 6.53125, 6.5625, 6.625, 6.8125, 6.84375, 7.0, 7.1875, 7.25, 7.28125, 7.3125, 7.34375, 7.375, 7.40625, 7.4375, 7.46875, 7.5, 7.53125, 7.5625, 7.59375, 7.625, 7.65625, 7.75, 7.78125, 7.8125, 7.84375, 7.875, 7.90625, 7.9375, 8.0, 8.0625, 8.09375, 8.125, 8.15625, 8.1875, 8.21875, 8.25, 8.28125, 8.3125, 8.34375, 8.375, 8.40625, 8.4375, 8.46875, 8.5, 8.53125, 8.5625, 8.59375, 8.625, 8.65625, 8.6875, 8.71875, 8.75, 8.78125, 8.84375, 8.875, 8.90625, 8.9375, 9.0, 9.03125, 9.0625, 9.09375, 9.125, 9.15625, 9.1875, 9.21875, 9.25, 9.28125, 9.3125, 9.34375, 9.375, 9.40625, 9.46875, 9.5, 9.53125, 9.5625, 9.59375, 9.625, 9.65625, 9.6875, 9.71875, 9.75, 9.78125, 9.84375, 9.875, 9.90625, 9.9375, 9.96875, 10.0, 10.0625, 10.09375, 10.125, 10.15625, 10.1875, 10.25, 10.28125, 10.3125, 10.34375, 10.40625, 10.4375, 10.46875, 10.5, 10.5625, 10.59375, 10.625, 10.6875, 10.71875, 10.75, 10.78125, 10.875, 10.9375, 11.0, 11.09375, 11.125, 11.15625, 11.25, 11.3125, 11.40625, 11.46875, 11.5625, 11.59375, 11.625, 11.65625, 11.75, 11.9375, 12.09375, 12.25, 13.3125]}}