{"percentile": {"x": [0.40625, 4.0, 4.09375, 4.1875, 4.6875, 4.9375, 5.5, 5.6875, 5.71875, 5.75, 5.8125, 5.84375, 5.90625, 6.0, 6.25, 6.28125, 6.3125, 6.34375, 6.375, 6.5, 6.53125, 6.5625, 6.65625, 6.6875, 6.75, 6.78125, 6.8125, 6.84375, 6.90625, 7.0, 7.0625, 7.09375, 7.21875, 7.25, 7.28125, 7.3125, 7.34375, 7.375, 7.40625, 7.46875, 7.5, 7.53125, 7.5625, 7.59375, 7.625, 7.65625, 7.6875, 7.71875, 7.75, 7.78125, 7.8125, 7.84375, 7.875, 7.9375, 7.96875, 8.0, 8.03125, 8.0625, 8.09375, 8.125, 8.15625, 8.1875, 8.21875, 8.25, 8.28125, 8.3125, 8.34375, 8.375, 8.40625, 8.4375, 8.46875, 8.5, 8.53125, 8.5625, 8.59375, 8.625, 8.65625, 8.6875, 8.71875, 8.75, 8.78125, 8.8125, 8.84375, 8.875, 8.90625, 8.9375, 8.96875, 9.0, 9.03125, 9.0625, 9.09375, 9.125, 9.15625, 9.1875, 9.21875, 9.25, 9.28125, 9.3125, 9.34375, 9.375, 9.40625, 9.4375, 9.46875, 9.5, 9.53125, 9.5625, 9.59375, 9.625, 9.65625, 9.6875, 9.71875, 9.75, 9.78125, 9.8125, 9.84375, 9.875, 9.90625, 9.9375, 9.96875, 10.0, 10.03125, 10.0625, 10.09375, 10.125, 10.1875, 10.21875, 10.25, 10.28125, 10.3125, 10.34375, 10.375, 10.40625, 10.4375, 10.46875, 10.5, 10.53125, 10.5625, 10.59375, 10.625, 10.65625, 10.6875, 10.75, 10.78125, 10.8125, 10.84375, 10.875, 10.90625, 10.9375, 10.96875, 11.0, 11.03125, 11.21875, 11.25, 11.28125, 11.3125, 11.34375, 11.375, 11.40625, 11.4375, 11.46875, 11.5625, 11.65625, 11.6875, 11.8125, 11.84375, 11.875, 11.9375, 12.0, 12.09375, 12.1875, 12.25, 12.28125, 12.375, 12.40625, 12.4375, 12.46875, 12.5, 12.5625, 12.59375], "y": [0.0, 0.1, 0.3, 0.4, 0.6, 0.7, 0.9, 1.2, 1.5, 1.8, 2.1, 2.2, 2.4, 2.5, 2.7, 2.8, 3.0, 3.1, 3.3, 3.6, 3.9, 4.2, 5.2, 5.4, 5.5, 5.8, 6.0, 6.3, 6.4, 6.6, 7.6, 7.8, 8.1, 8.7, 9.3, 9.6, 9.9, 10.2, 10.3, 10.6, 10.8, 10.9, 11.4, 13.5, 14.0, 14.4, 14.7, 15.0, 15.3, 15.8, 16.1, 16.8, 17.0, 17.4, 17.7, 18.3, 20.1, 20.4, 20.9, 21.6, 21.9, 22.4, 22.5, 23.3, 25.6, 26.2, 26.6, 27.5, 28.6, 29.9, 30.5, 31.1, 31.6, 32.0, 35.5, 35.9, 36.5, 37.0, 37.6, 38.1, 39.3, 39.7, 40.3, 41.1, 41.4, 41.7, 43.0, 43.6, 47.2, 47.5, 47.8, 48.0, 49.5, 50.3, 50.6, 51.2, 53.3, 53.9, 54.6, 56.0, 57.0, 58.4, 59.4, 60.8, 61.4, 62.5, 64.3, 65.2, 65.9, 66.8, 67.7, 68.5, 69.2, 69.8, 70.1, 70.6, 70.9, 71.8, 72.1, 72.2, 75.1, 75.6, 76.0, 76.2, 77.1, 77.7, 78.4, 79.8, 80.4, 80.7, 81.3, 81.9, 82.5, 83.1, 83.5, 84.4, 84.9, 86.1, 86.8, 87.0, 88.1, 88.5, 89.1, 89.3, 89.4, 89.7, 89.9, 90.2, 90.3, 90.8, 92.7, 92.9, 93.0, 93.2, 93.3, 93.6, 93.8, 94.5, 95.3, 95.4, 95.6, 96.5, 96.6, 96.8, 96.9, 97.2, 97.4, 97.5, 98.0, 98.1, 98.3, 98.6, 98.9, 99.0, 99.2, 99.3, 99.5, 99.6, 99.8]}, "histogram": {"x": [0.0, 1.0, 2.0, 3.0, 4.0, 5.0, 6.0, 7.0, 8.0, 9.0, 10.0, 11.0, 12.0, 13.0, 14.0], "y": [1, 0, 0, 0, 5, 11, 27, 78, 168, 190, 123, 45, 17, 0, 0]}}