{"histogram": {"x": [4.0, 5.0, 6.0, 7.0, 8.0, 9.0, 10.0, 11.0, 12.0, 13.0], "y": [1, 3, 5, 7, 7, 3, 5, 0, 0, 1]}, "percentile": {"x": [4.5625, 5.25, 5.65625, 5.6875, 6.15625, 6.25, 6.78125, 6.875, 7.25, 7.28125, 7.53125, 7.5625, 7.75, 7.875, 8.03125, 8.21875, 8.5, 8.53125, 8.5625, 8.78125, 8.875, 9.21875, 9.25, 9.84375, 10.0, 10.09375, 10.34375, 10.59375, 10.875, 13.40625], "y": [0.0, 3.2, 6.4, 9.6, 12.9, 16.1, 22.5, 25.8, 29.0, 32.2, 35.4, 38.7, 45.1, 48.3, 51.6, 54.8, 58.0, 61.2, 64.5, 67.7, 70.9, 74.1, 77.4, 80.6, 83.8, 87.0, 90.3, 93.5, 96.7, 100.0]}}