{"percentile": {"x": [3.0, 3.03125, 3.09375, 4.25, 4.875, 5.15625, 5.21875, 5.25, 5.3125, 5.34375, 5.375, 5.40625, 5.46875, 5.5, 5.6875, 5.78125, 5.8125, 5.90625, 6.0, 6.03125, 6.25, 6.28125, 6.34375, 6.40625, 6.46875, 6.5625, 6.625, 6.65625, 6.78125, 7.0, 7.09375, 7.15625, 7.1875, 7.21875, 7.25, 7.28125, 7.34375, 7.375, 7.40625, 7.46875, 7.5625, 7.625, 7.65625, 7.75, 7.875, 7.9375, 8.0, 8.09375, 8.125, 8.15625, 8.21875, 8.25, 8.28125, 8.3125, 8.375, 8.4375, 8.53125, 8.625, 8.8125, 8.84375, 9.0, 9.1875, 9.25, 9.34375, 9.4375, 9.5, 9.5625, 9.625, 9.75, 9.8125, 9.9375, 10.0, 10.03125, 10.0625, 10.125, 10.1875, 10.3125, 10.34375, 10.46875, 10.625, 10.8125, 11.15625, 11.375, 11.46875, 12.0], "y": [0.0, 0.8, 1.7, 2.6, 3.5, 4.3, 5.2, 6.1, 7.0, 7.8, 8.7, 9.6, 10.5, 11.4, 12.2, 13.1, 14.0, 14.9, 15.7, 17.5, 18.4, 20.1, 21.0, 21.9, 22.8, 23.6, 24.5, 27.1, 28.9, 30.7, 33.3, 35.9, 37.7, 38.5, 39.4, 41.2, 42.9, 43.8, 44.7, 46.4, 47.3, 49.1, 50.8, 51.7, 52.6, 53.5, 54.3, 55.2, 57.0, 57.8, 59.6, 61.4, 64.0, 64.9, 66.6, 67.5, 69.2, 71.0, 71.9, 72.8, 73.6, 75.4, 76.3, 78.0, 78.9, 79.8, 80.7, 81.5, 82.4, 84.2, 85.9, 86.8, 87.7, 89.4, 90.3, 91.2, 92.1, 92.9, 93.8, 94.7, 95.6, 96.4, 98.2, 99.1, 100.0]}, "histogram": {"x": [3.0, 4.0, 5.0, 6.0, 7.0, 8.0, 9.0, 10.0, 11.0, 12.0, 13.0, 14.0], "y": [3, 2, 13, 17, 27, 22, 15, 11, 4, 1, 0, 0]}}