{"histogram": {"y": [9, 2, 1, 5, 20, 79, 171, 373, 316, 209, 86, 26, 11, 0, 0], "x": [0.0, 1.0, 2.0, 3.0, 4.0, 5.0, 6.0, 7.0, 8.0, 9.0, 10.0, 11.0, 12.0, 13.0, 14.0]}, "percentile": {"y": [0.0, 0.4, 0.5, 0.6, 0.6, 0.7, 0.8, 0.9, 0.9, 1.0, 1.1, 1.2, 1.3, 1.4, 1.6, 1.6, 1.7, 1.8, 1.9, 2.1, 2.2, 2.2, 2.4, 2.5, 2.6, 2.7, 2.8, 2.9, 3.2, 3.3, 3.8, 3.9, 4.1, 4.3, 4.5, 4.7, 5.0, 5.3, 5.5, 5.6, 5.7, 6.1, 6.3, 6.4, 6.5, 6.8, 7.0, 7.3, 7.4, 7.6, 8.1, 8.5, 8.8, 9.7, 10.0, 10.5, 11.0, 11.4, 11.9, 12.4, 12.8, 13.3, 13.7, 14.3, 14.6, 14.9, 15.6, 16.5, 16.7, 17.0, 17.2, 18.3, 18.6, 18.8, 19.2, 19.5, 19.8, 20.1, 20.3, 20.5, 20.8, 21.2, 21.6, 21.8, 21.9, 23.7, 24.3, 25.4, 27.0, 28.0, 29.3, 30.6, 31.4, 33.9, 34.9, 35.8, 36.4, 37.3, 38.7, 39.4, 40.3, 40.8, 41.6, 43.6, 44.2, 44.7, 45.1, 45.6, 46.2, 46.6, 47.5, 48.1, 48.3, 48.9, 49.3, 49.9, 50.4, 52.6, 53.4, 54.5, 55.6, 56.7, 57.5, 58.4, 59.1, 60.8, 61.6, 62.4, 62.9, 63.9, 64.9, 65.6, 66.4, 67.1, 67.4, 69.0, 69.8, 70.2, 70.8, 71.1, 71.5, 72.2, 72.5, 73.0, 73.4, 73.9, 74.0, 74.3, 74.6, 76.4, 76.9, 77.3, 77.9, 78.7, 79.4, 80.3, 80.9, 81.8, 82.4, 82.9, 83.3, 83.7, 84.0, 84.5, 84.6, 85.1, 85.3, 86.9, 87.2, 87.8, 87.9, 88.2, 88.7, 89.1, 89.5, 89.9, 90.1, 90.3, 90.5, 90.6, 91.2, 91.8, 92.3, 92.6, 93.0, 93.4, 93.8, 94.0, 94.7, 94.9, 95.0, 95.2, 95.3, 95.4, 95.6, 95.9, 96.0, 96.1, 96.3, 96.4, 96.5, 96.7, 97.0, 97.0, 97.1, 97.2, 97.3, 97.3, 97.5, 97.7, 97.7, 97.8, 98.0, 98.0, 98.3, 98.3, 98.4, 98.5, 98.6, 98.7, 98.8, 98.9, 99.0, 99.0, 99.2, 99.3, 99.4, 99.5, 99.6, 99.6, 99.8, 99.9, 100.0], "x": [0.03125, 0.1875, 0.25, 0.40625, 1.0, 1.15625, 2.125, 3.0, 3.03125, 3.0625, 3.5625, 3.90625, 4.0, 4.03125, 4.09375, 4.1875, 4.28125, 4.3125, 4.34375, 4.375, 4.40625, 4.53125, 4.59375, 4.84375, 4.875, 4.90625, 5.0, 5.03125, 5.09375, 5.125, 5.15625, 5.1875, 5.21875, 5.25, 5.28125, 5.3125, 5.34375, 5.40625, 5.46875, 5.5, 5.5625, 5.59375, 5.625, 5.65625, 5.6875, 5.71875, 5.75, 5.8125, 5.84375, 5.875, 5.90625, 5.9375, 6.0, 6.03125, 6.0625, 6.09375, 6.125, 6.15625, 6.1875, 6.21875, 6.25, 6.28125, 6.3125, 6.34375, 6.375, 6.40625, 6.4375, 6.46875, 6.5, 6.53125, 6.5625, 6.59375, 6.625, 6.65625, 6.6875, 6.71875, 6.75, 6.78125, 6.8125, 6.84375, 6.875, 6.90625, 6.9375, 6.96875, 7.0, 7.03125, 7.0625, 7.09375, 7.125, 7.15625, 7.1875, 7.21875, 7.25, 7.28125, 7.3125, 7.34375, 7.375, 7.40625, 7.4375, 7.46875, 7.5, 7.53125, 7.5625, 7.59375, 7.625, 7.65625, 7.6875, 7.71875, 7.75, 7.78125, 7.8125, 7.84375, 7.875, 7.90625, 7.9375, 7.96875, 8.0, 8.03125, 8.0625, 8.09375, 8.125, 8.15625, 8.1875, 8.21875, 8.25, 8.28125, 8.3125, 8.34375, 8.375, 8.40625, 8.4375, 8.46875, 8.5, 8.53125, 8.5625, 8.59375, 8.625, 8.65625, 8.6875, 8.71875, 8.75, 8.78125, 8.8125, 8.84375, 8.875, 8.90625, 8.9375, 8.96875, 9.0, 9.03125, 9.0625, 9.09375, 9.125, 9.15625, 9.1875, 9.21875, 9.25, 9.28125, 9.3125, 9.34375, 9.375, 9.40625, 9.4375, 9.46875, 9.5, 9.53125, 9.5625, 9.59375, 9.625, 9.65625, 9.6875, 9.71875, 9.75, 9.78125, 9.8125, 9.84375, 9.875, 9.90625, 9.9375, 10.0, 10.03125, 10.0625, 10.09375, 10.125, 10.15625, 10.1875, 10.21875, 10.25, 10.28125, 10.3125, 10.34375, 10.375, 10.40625, 10.4375, 10.46875, 10.5, 10.53125, 10.5625, 10.59375, 10.65625, 10.6875, 10.71875, 10.75, 10.84375, 10.90625, 11.03125, 11.0625, 11.09375, 11.125, 11.15625, 11.1875, 11.21875, 11.25, 11.3125, 11.34375, 11.375, 11.46875, 11.53125, 11.59375, 11.65625, 11.71875, 11.78125, 11.84375, 11.875, 12.125, 12.15625, 12.25, 12.3125, 12.34375, 12.5625, 12.65625, 12.84375, 12.96875]}}