{"histogram": {"y": [1, 0, 0, 3, 5, 6, 17, 10, 13, 2, 6, 0, 0], "x": [0.0, 1.0, 2.0, 3.0, 4.0, 5.0, 6.0, 7.0, 8.0, 9.0, 10.0, 11.0, 12.0]}, "percentile": {"y": [0.0, 1.6, 3.2, 4.8, 6.4, 8.0, 9.6, 11.2, 12.9, 14.5, 16.1, 17.7, 19.3, 20.9, 22.5, 24.1, 25.8, 30.6, 32.2, 35.4, 37.0, 38.7, 40.3, 41.9, 45.1, 46.7, 48.3, 51.6, 53.2, 54.8, 56.4, 64.5, 66.1, 67.7, 69.3, 70.9, 72.5, 75.8, 77.4, 79.0, 80.6, 83.8, 85.4, 87.0, 88.7, 91.9, 93.5, 96.7, 98.3, 100.0], "x": [0.26666666666666666, 3.1666666666666665, 3.2, 3.6, 4.066666666666666, 4.166666666666667, 4.366666666666666, 4.533333333333333, 4.6, 5.0, 5.2, 5.5, 5.833333333333333, 5.866666666666667, 5.9, 6.066666666666666, 6.166666666666667, 6.266666666666667, 6.333333333333333, 6.4, 6.466666666666667, 6.566666666666666, 6.6, 6.7, 6.766666666666667, 6.9, 6.966666666666667, 7.0, 7.066666666666666, 7.133333333333334, 7.266666666666667, 7.3, 7.566666666666666, 8.133333333333333, 8.166666666666666, 8.2, 8.266666666666667, 8.4, 8.6, 8.666666666666666, 8.733333333333333, 8.766666666666667, 8.9, 8.933333333333334, 9.466666666666667, 10.0, 10.033333333333333, 10.4, 10.433333333333334, 10.666666666666666]}}