{"histogram": {"y": [35, 134, 98, 26, 8, 0, 0], "x": [9.0, 10.0, 11.0, 12.0, 13.0, 14.0, 15.0]}, "percentile": {"y": [0.0, 0.3, 0.6, 1.0, 1.6, 2.0, 2.3, 3.6, 4.3, 5.6, 6.3, 7.0, 7.6, 8.6, 9.0, 9.3, 9.6, 11.0, 11.6, 13.6, 14.3, 16.0, 18.3, 20.0, 21.3, 23.3, 23.6, 26.0, 29.0, 29.6, 31.6, 33.0, 34.3, 35.3, 36.3, 37.6, 38.0, 44.0, 45.0, 46.0, 46.3, 47.6, 48.0, 50.3, 50.6, 52.3, 53.6, 54.3, 55.0, 55.6, 56.3, 59.6, 61.0, 63.3, 64.3, 67.3, 68.6, 69.3, 69.6, 71.0, 72.3, 74.3, 76.0, 76.3, 77.3, 79.0, 79.6, 82.6, 84.0, 84.3, 85.0, 85.3, 86.0, 87.0, 87.3, 88.0, 88.6, 89.0, 89.6, 90.0, 90.6, 91.3, 92.0, 92.3, 92.6, 93.3, 93.6, 94.0, 94.6, 95.3, 95.6, 96.3, 96.6, 97.0, 97.3, 97.6, 98.0, 98.3, 98.6, 99.3, 99.6, 100.0], "x": [9.0, 9.15625, 9.1875, 9.28125, 9.3125, 9.34375, 9.40625, 9.46875, 9.5625, 9.625, 9.65625, 9.6875, 9.75, 9.78125, 9.8125, 9.84375, 9.875, 9.90625, 10.0, 10.03125, 10.0625, 10.09375, 10.125, 10.15625, 10.1875, 10.21875, 10.25, 10.28125, 10.3125, 10.34375, 10.375, 10.40625, 10.4375, 10.46875, 10.5, 10.53125, 10.5625, 10.59375, 10.625, 10.65625, 10.6875, 10.71875, 10.75, 10.78125, 10.8125, 10.84375, 10.875, 10.90625, 10.9375, 10.96875, 11.0, 11.03125, 11.0625, 11.125, 11.15625, 11.1875, 11.21875, 11.25, 11.28125, 11.3125, 11.34375, 11.375, 11.4375, 11.46875, 11.5, 11.53125, 11.5625, 11.59375, 11.625, 11.65625, 11.6875, 11.71875, 11.75, 11.78125, 11.8125, 11.90625, 11.9375, 12.0, 12.03125, 12.09375, 12.125, 12.15625, 12.1875, 12.21875, 12.25, 12.28125, 12.375, 12.40625, 12.46875, 12.5, 12.5625, 12.625, 12.65625, 12.8125, 12.96875, 13.0, 13.03125, 13.1875, 13.25, 13.34375, 13.59375, 13.96875]}}