{"histogram": {"x": [0.0, 1.0, 2.0, 3.0, 4.0, 5.0, 6.0, 7.0, 8.0, 9.0, 10.0, 11.0, 12.0, 13.0, 14.0, 15.0, 16.0], "y": [4, 1, 0, 0, 1, 12, 43, 114, 198, 155, 88, 38, 10, 1, 1, 0, 0]}, "percentile": {"x": [0.03125, 0.1875, 0.25, 1.0, 4.75, 5.15625, 5.25, 5.3125, 5.46875, 5.5625, 5.65625, 5.8125, 5.875, 5.90625, 6.0, 6.03125, 6.0625, 6.125, 6.25, 6.28125, 6.34375, 6.375, 6.4375, 6.46875, 6.5, 6.5625, 6.59375, 6.625, 6.65625, 6.6875, 6.75, 6.78125, 6.8125, 6.84375, 6.875, 6.90625, 6.96875, 7.0, 7.03125, 7.0625, 7.09375, 7.125, 7.25, 7.3125, 7.34375, 7.375, 7.40625, 7.4375, 7.46875, 7.5, 7.53125, 7.5625, 7.59375, 7.625, 7.65625, 7.6875, 7.71875, 7.75, 7.78125, 7.8125, 7.84375, 7.875, 7.90625, 7.9375, 7.96875, 8.0, 8.03125, 8.0625, 8.09375, 8.125, 8.15625, 8.1875, 8.21875, 8.25, 8.28125, 8.3125, 8.34375, 8.375, 8.40625, 8.4375, 8.46875, 8.5, 8.53125, 8.5625, 8.59375, 8.625, 8.65625, 8.6875, 8.71875, 8.75, 8.78125, 8.8125, 8.84375, 8.875, 8.90625, 8.9375, 8.96875, 9.0, 9.03125, 9.0625, 9.09375, 9.125, 9.15625, 9.1875, 9.21875, 9.25, 9.28125, 9.3125, 9.34375, 9.375, 9.40625, 9.4375, 9.46875, 9.5, 9.53125, 9.5625, 9.59375, 9.625, 9.65625, 9.6875, 9.71875, 9.75, 9.78125, 9.8125, 9.84375, 9.875, 9.90625, 9.96875, 10.0, 10.03125, 10.09375, 10.125, 10.15625, 10.1875, 10.25, 10.28125, 10.3125, 10.34375, 10.375, 10.40625, 10.4375, 10.53125, 10.5625, 10.59375, 10.625, 10.65625, 10.6875, 10.71875, 10.75, 10.78125, 10.8125, 10.84375, 10.875, 10.9375, 10.96875, 11.0, 11.0625, 11.09375, 11.125, 11.15625, 11.1875, 11.25, 11.28125, 11.3125, 11.34375, 11.375, 11.40625, 11.5, 11.5625, 11.59375, 11.65625, 11.6875, 11.8125, 11.84375, 11.875, 11.9375, 12.21875, 12.25, 12.28125, 12.375, 12.5625, 12.59375, 12.71875, 12.78125, 13.46875, 14.4375], "y": [0.0, 0.3, 0.4, 0.6, 0.7, 0.9, 1.0, 1.3, 1.6, 1.8, 1.9, 2.1, 2.2, 2.5, 2.7, 3.1, 3.3, 3.4, 3.6, 4.5, 4.8, 5.1, 5.4, 5.7, 6.0, 6.1, 6.9, 7.2, 7.3, 7.5, 7.8, 7.9, 8.2, 8.5, 8.7, 8.8, 9.0, 9.1, 10.6, 11.2, 12.0, 12.1, 12.9, 14.1, 14.4, 14.7, 14.8, 15.1, 15.3, 15.6, 15.9, 16.0, 18.0, 18.4, 19.8, 20.3, 20.7, 21.5, 21.9, 22.7, 23.0, 23.9, 25.7, 25.8, 26.1, 26.3, 30.0, 30.3, 30.8, 31.2, 31.5, 32.4, 32.6, 32.7, 35.3, 36.5, 37.1, 37.4, 38.3, 40.0, 41.3, 41.9, 42.7, 43.3, 47.8, 48.8, 49.6, 50.3, 51.2, 51.7, 52.1, 52.7, 53.6, 54.1, 54.8, 55.0, 55.4, 56.0, 60.7, 60.9, 61.6, 62.1, 62.2, 63.1, 63.7, 63.9, 65.4, 65.8, 66.0, 67.2, 68.4, 69.4, 70.0, 70.5, 71.2, 71.5, 74.2, 74.8, 75.1, 75.3, 75.7, 75.9, 76.3, 77.2, 78.0, 78.6, 78.7, 79.2, 79.3, 80.7, 81.2, 81.5, 81.6, 82.1, 82.7, 84.0, 84.6, 85.2, 85.7, 86.6, 87.3, 87.9, 88.2, 89.3, 89.7, 90.5, 90.8, 90.9, 91.1, 91.4, 91.7, 91.8, 92.1, 92.3, 92.4, 92.6, 93.6, 93.8, 93.9, 94.2, 94.4, 94.7, 95.1, 95.4, 95.7, 96.0, 96.2, 96.5, 96.8, 97.1, 97.2, 97.4, 97.5, 97.7, 98.0, 98.1, 98.3, 98.4, 98.6, 98.7, 98.9, 99.3, 99.5, 99.6, 99.8, 100.0]}}