{"histogram": {"y": [1, 1, 0, 0, 0, 6, 16, 84, 170, 147, 85, 38, 10, 1, 1, 0, 0], "x": [0.0, 1.0, 2.0, 3.0, 4.0, 5.0, 6.0, 7.0, 8.0, 9.0, 10.0, 11.0, 12.0, 13.0, 14.0, 15.0, 16.0]}, "percentile": {"y": [0.0, 0.1, 0.3, 0.5, 0.8, 1.0, 1.2, 1.4, 1.7, 1.9, 2.1, 2.6, 2.8, 3.0, 3.2, 3.3, 3.5, 3.7, 3.9, 4.1, 4.2, 5.5, 6.0, 6.9, 7.1, 7.8, 8.2, 8.5, 8.7, 9.1, 9.3, 9.4, 9.6, 11.4, 11.8, 12.8, 13.4, 13.9, 14.6, 15.0, 15.7, 15.9, 16.8, 18.6, 18.7, 19.1, 19.3, 22.8, 23.2, 23.6, 23.9, 24.8, 25.0, 25.2, 27.7, 29.1, 29.6, 30.0, 31.1, 32.7, 33.8, 34.5, 35.0, 35.7, 40.6, 41.8, 42.7, 43.4, 44.5, 45.0, 45.4, 46.1, 47.2, 47.5, 48.4, 48.6, 49.0, 49.7, 55.0, 55.2, 56.1, 56.7, 56.8, 57.9, 58.4, 58.6, 60.2, 60.8, 61.0, 62.2, 63.5, 64.7, 65.4, 66.0, 66.9, 67.2, 70.4, 71.1, 71.5, 71.7, 72.0, 72.2, 72.8, 73.8, 74.4, 75.1, 75.3, 75.8, 76.0, 77.6, 78.1, 78.3, 78.5, 79.0, 79.7, 81.3, 82.1, 82.8, 83.3, 84.2, 85.1, 85.6, 86.0, 87.2, 87.8, 88.7, 89.0, 89.2, 89.4, 89.8, 90.1, 90.3, 90.6, 90.8, 91.0, 91.2, 92.4, 92.6, 92.8, 93.2, 93.3, 93.7, 94.2, 94.6, 94.9, 95.3, 95.5, 95.8, 96.2, 96.6, 96.7, 96.9, 97.1, 97.3, 97.6, 97.8, 98.0, 98.2, 98.3, 98.5, 98.7, 99.2, 99.4, 99.6, 99.8, 100.0], "x": [0.25, 1.0, 5.15625, 5.25, 5.65625, 5.8125, 5.875, 6.0, 6.03125, 6.125, 6.25, 6.28125, 6.34375, 6.375, 6.65625, 6.6875, 6.78125, 6.8125, 6.90625, 6.96875, 7.0, 7.03125, 7.0625, 7.125, 7.25, 7.3125, 7.34375, 7.375, 7.40625, 7.4375, 7.46875, 7.53125, 7.5625, 7.59375, 7.625, 7.65625, 7.6875, 7.71875, 7.75, 7.78125, 7.8125, 7.84375, 7.875, 7.90625, 7.9375, 7.96875, 8.0, 8.0625, 8.09375, 8.125, 8.15625, 8.1875, 8.21875, 8.25, 8.28125, 8.3125, 8.34375, 8.375, 8.40625, 8.4375, 8.46875, 8.5, 8.53125, 8.5625, 8.59375, 8.625, 8.65625, 8.6875, 8.71875, 8.75, 8.78125, 8.8125, 8.84375, 8.875, 8.90625, 8.9375, 8.96875, 9.0, 9.03125, 9.0625, 9.09375, 9.125, 9.15625, 9.1875, 9.21875, 9.25, 9.28125, 9.3125, 9.34375, 9.375, 9.40625, 9.4375, 9.46875, 9.5, 9.53125, 9.5625, 9.59375, 9.625, 9.65625, 9.6875, 9.71875, 9.75, 9.78125, 9.8125, 9.84375, 9.875, 9.90625, 9.96875, 10.0, 10.03125, 10.09375, 10.125, 10.15625, 10.1875, 10.25, 10.28125, 10.3125, 10.34375, 10.375, 10.40625, 10.4375, 10.53125, 10.5625, 10.59375, 10.625, 10.65625, 10.6875, 10.71875, 10.75, 10.78125, 10.8125, 10.84375, 10.875, 10.9375, 10.96875, 11.0, 11.0625, 11.09375, 11.125, 11.15625, 11.1875, 11.25, 11.28125, 11.3125, 11.34375, 11.375, 11.40625, 11.5, 11.5625, 11.59375, 11.65625, 11.6875, 11.8125, 11.84375, 11.875, 11.9375, 12.21875, 12.25, 12.28125, 12.375, 12.5625, 12.59375, 12.71875, 12.78125, 13.46875, 14.4375]}}