{"percentile": {"y": [0.0, 0.8, 1.7, 3.5, 5.2, 6.1, 7.0, 8.7, 9.6, 10.5, 11.4, 12.2, 15.7, 16.6, 19.2, 20.1, 21.0, 21.9, 22.8, 24.5, 25.4, 26.3, 28.0, 30.7, 31.5, 32.4, 34.2, 36.8, 39.4, 41.2, 42.1, 42.9, 49.1, 50.0, 51.7, 53.5, 54.3, 57.0, 58.7, 60.5, 61.4, 64.0, 65.7, 68.4, 69.2, 70.1, 71.0, 72.8, 73.6, 74.5, 75.4, 77.1, 78.9, 79.8, 80.7, 85.0, 86.8, 87.7, 89.4, 90.3, 93.8, 94.7, 95.6, 96.4, 97.3, 98.2, 99.1, 100.0], "x": [4.633333333333333, 4.733333333333333, 6.6, 6.666666666666667, 6.7, 6.733333333333333, 6.8, 6.9, 6.966666666666667, 7.0, 7.233333333333333, 7.266666666666667, 7.333333333333333, 7.6, 7.633333333333333, 7.666666666666667, 7.7, 7.733333333333333, 7.766666666666667, 7.8, 7.9, 7.933333333333334, 8.0, 8.066666666666666, 8.166666666666666, 8.266666666666667, 8.3, 8.333333333333334, 8.366666666666667, 8.533333333333333, 8.566666666666666, 8.6, 8.633333333333333, 8.666666666666666, 8.7, 8.733333333333333, 8.766666666666667, 8.8, 8.833333333333334, 8.866666666666667, 8.9, 8.966666666666667, 9.0, 9.066666666666666, 9.1, 9.166666666666666, 9.2, 9.266666666666667, 9.3, 9.333333333333334, 9.4, 9.433333333333334, 9.5, 9.533333333333333, 9.6, 9.633333333333333, 9.666666666666666, 9.8, 9.833333333333334, 10.0, 10.1, 10.366666666666667, 10.466666666666667, 10.5, 10.6, 11.0, 11.133333333333333, 11.466666666666667]}, "histogram": {"y": [2, 0, 10, 20, 43, 28, 9, 3], "x": [4.0, 5.0, 6.0, 7.0, 8.0, 9.0, 10.0, 11.0]}}