{"percentile": {"x": [5.46875, 6.0, 6.09375, 6.25, 6.28125, 6.40625, 6.5625, 6.875, 7.0, 7.1875, 7.25, 7.28125, 7.3125, 7.40625, 7.46875, 7.53125, 7.5625, 7.65625, 7.71875, 7.78125, 7.8125, 7.84375, 7.9375, 8.0, 8.0625, 8.125, 8.1875, 8.21875, 8.25, 8.3125, 8.375, 8.40625, 8.4375, 8.46875, 8.5, 8.5625, 8.59375, 8.625, 8.65625, 8.6875, 8.8125, 8.875, 8.90625, 8.9375, 9.0, 9.0625, 9.09375, 9.125, 9.15625, 9.21875, 9.25, 9.4375, 9.53125, 9.5625, 9.6875, 9.78125, 9.8125, 9.84375, 9.90625, 9.96875, 10.0, 10.0625, 10.1875, 10.21875, 10.40625, 10.4375, 10.53125, 10.5625, 10.625, 10.6875, 10.8125, 10.90625, 10.9375, 11.53125, 11.5625, 12.03125], "y": [0.0, 0.9, 1.8, 2.7, 3.7, 4.6, 5.5, 9.2, 10.1, 11.1, 12.0, 12.9, 13.8, 14.8, 15.7, 16.6, 17.5, 22.2, 23.1, 25.0, 26.8, 27.7, 29.6, 31.4, 34.2, 35.1, 36.1, 37.0, 38.8, 39.8, 40.7, 41.6, 43.5, 44.4, 45.3, 46.2, 51.8, 52.7, 53.7, 55.5, 59.2, 60.1, 61.1, 62.0, 63.8, 66.6, 67.5, 68.5, 69.4, 70.3, 71.2, 73.1, 74.0, 75.0, 75.9, 76.8, 77.7, 78.7, 79.6, 82.4, 84.2, 86.1, 87.0, 88.8, 89.8, 90.7, 91.6, 92.5, 93.5, 94.4, 95.3, 96.2, 97.2, 98.1, 99.0, 100.0]}, "histogram": {"x": [5.0, 6.0, 7.0, 8.0, 9.0, 10.0, 11.0, 12.0], "y": [1, 10, 23, 35, 22, 15, 2, 1]}}