{"percentile": {"x": [0.13333333333333333, 0.26666666666666666, 0.5, 1.1666666666666667, 2.0, 2.1666666666666665, 2.3333333333333335, 2.4, 2.4333333333333336, 2.5, 2.8, 2.8666666666666667, 3.1, 3.3666666666666667, 3.4333333333333336, 3.533333333333333, 3.5666666666666664, 3.6333333333333333, 3.9, 3.966666666666667, 4.066666666666666, 4.133333333333334, 4.2, 4.4, 4.433333333333334, 4.466666666666667, 4.533333333333333, 4.6, 4.633333333333333, 4.7, 4.9, 4.966666666666667, 5.0, 5.033333333333333, 5.1, 5.133333333333334, 5.166666666666667, 5.233333333333333, 5.266666666666667, 5.333333333333333, 5.433333333333334, 5.566666666666666, 5.6, 5.666666666666667, 5.733333333333333, 5.833333333333333, 5.9, 5.933333333333334, 5.966666666666667, 6.0, 6.033333333333333, 6.066666666666666, 6.1, 6.133333333333334, 6.166666666666667, 6.2, 6.233333333333333, 6.266666666666667, 6.333333333333333, 6.366666666666666, 6.4, 6.433333333333334, 6.466666666666667, 6.5, 6.533333333333333, 6.6, 6.633333333333333, 6.666666666666667, 6.7, 6.733333333333333, 6.766666666666667, 6.8, 6.833333333333333, 6.866666666666667, 6.9, 6.933333333333334, 6.966666666666667, 7.0, 7.033333333333333, 7.066666666666666, 7.1, 7.133333333333334, 7.166666666666667, 7.2, 7.233333333333333, 7.266666666666667, 7.333333333333333, 7.366666666666666, 7.433333333333334, 7.466666666666667, 7.5, 7.533333333333333, 7.566666666666666, 7.6, 7.666666666666667, 7.733333333333333, 7.766666666666667, 7.833333333333333, 7.866666666666667, 7.9, 7.966666666666667, 8.0, 8.033333333333333, 8.066666666666666, 8.1, 8.133333333333333, 8.166666666666666, 8.2, 8.233333333333333, 8.266666666666667, 8.3, 8.366666666666667, 8.433333333333334, 8.466666666666667, 8.533333333333333, 8.6, 8.633333333333333, 8.666666666666666, 8.833333333333334, 8.866666666666667, 8.9, 8.933333333333334, 9.0, 9.033333333333333, 9.066666666666666, 9.1, 9.233333333333333, 9.266666666666667, 9.3, 9.366666666666667, 9.433333333333334, 9.533333333333333, 9.633333333333333, 9.666666666666666, 9.766666666666667, 9.8, 9.933333333333334, 10.0, 10.133333333333333, 10.233333333333333, 10.266666666666667, 10.5, 10.666666666666666, 10.833333333333334, 11.0, 11.033333333333333, 11.2], "y": [0.0, 0.3, 0.7, 1.1, 1.4, 2.2, 3.3, 3.6, 4.0, 4.4, 4.7, 5.1, 5.5, 5.9, 6.2, 6.6, 7.0, 7.3, 7.7, 8.1, 8.4, 9.2, 9.5, 9.9, 10.3, 10.7, 11.0, 11.4, 13.6, 14.3, 14.7, 15.1, 15.4, 16.6, 16.9, 18.8, 19.9, 20.2, 21.0, 21.4, 22.1, 22.8, 23.2, 23.9, 24.3, 24.7, 25.0, 25.8, 26.1, 26.5, 26.9, 27.6, 28.4, 28.7, 29.5, 31.3, 32.8, 33.5, 35.7, 36.9, 37.2, 37.6, 38.3, 39.1, 39.4, 40.2, 41.6, 42.4, 42.8, 43.9, 44.6, 46.1, 46.8, 47.2, 47.6, 47.9, 48.3, 48.7, 50.1, 51.6, 52.7, 53.8, 54.6, 56.0, 56.8, 57.5, 58.6, 59.4, 60.8, 61.6, 61.9, 62.3, 62.7, 63.0, 66.4, 67.5, 68.2, 69.3, 70.1, 70.4, 70.8, 71.5, 72.6, 74.1, 74.5, 75.6, 76.7, 78.5, 79.7, 80.0, 80.4, 81.5, 82.2, 82.6, 83.0, 83.3, 84.1, 85.2, 85.6, 85.9, 86.7, 87.0, 87.4, 88.1, 89.6, 90.0, 90.4, 90.7, 91.1, 91.5, 91.8, 92.2, 92.6, 92.9, 93.3, 93.7, 94.0, 95.2, 96.3, 96.6, 97.0, 97.4, 98.1, 98.5, 98.8, 99.2, 100.0]}, "histogram": {"x": [0.0, 1.0, 2.0, 3.0, 4.0, 5.0, 6.0, 7.0, 8.0, 9.0, 10.0, 11.0, 12.0], "y": [3, 1, 11, 8, 19, 30, 60, 62, 43, 21, 10, 4, 0]}}