{"percentile": {"x": [4.0, 6.21875, 6.625, 6.875, 6.9375, 7.0625, 7.125, 7.25, 7.375, 7.46875, 7.65625, 7.71875, 7.9375, 8.0, 8.03125, 8.09375, 8.34375, 8.5625, 8.6875, 8.75, 8.96875, 9.59375, 9.9375], "y": [0.0, 3.7, 7.4, 11.1, 14.8, 18.5, 22.2, 25.9, 29.6, 33.3, 37.0, 40.7, 44.4, 51.8, 66.6, 70.3, 74.0, 77.7, 85.1, 88.8, 92.5, 96.2, 100.0]}, "histogram": {"x": [4.0, 5.0, 6.0, 7.0, 8.0, 9.0, 10.0, 11.0], "y": [1, 0, 4, 9, 12, 2, 0, 0]}}