{"histogram": {"y": [1, 1, 5, 12, 12, 8, 4, 5, 1, 0, 0], "x": [3.0, 4.0, 5.0, 6.0, 7.0, 8.0, 9.0, 10.0, 11.0, 12.0, 13.0]}, "percentile": {"y": [0.0, 2.0, 4.1, 8.3, 10.4, 12.5, 14.5, 18.7, 20.8, 22.9, 25.0, 29.1, 31.2, 33.3, 35.4, 37.5, 39.5, 43.7, 47.9, 50.0, 52.0, 58.3, 62.5, 64.5, 66.6, 68.7, 70.8, 72.9, 75.0, 77.0, 79.1, 81.2, 85.4, 87.5, 89.5, 91.6, 93.7, 95.8, 97.9, 100.0], "x": [3.1333333333333333, 4.233333333333333, 5.1, 5.166666666666667, 5.233333333333333, 5.366666666666666, 6.0, 6.066666666666666, 6.133333333333334, 6.166666666666667, 6.2, 6.333333333333333, 6.433333333333334, 6.6, 6.7, 6.866666666666667, 7.066666666666666, 7.266666666666667, 7.366666666666666, 7.4, 7.6, 7.666666666666667, 7.833333333333333, 8.0, 8.033333333333333, 8.1, 8.166666666666666, 8.2, 8.266666666666667, 8.366666666666667, 8.766666666666667, 9.0, 9.066666666666666, 9.733333333333333, 10.0, 10.133333333333333, 10.3, 10.533333333333333, 10.633333333333333, 11.5]}}