{"histogram": {"x": [0.0, 1.0, 2.0, 3.0, 4.0, 5.0, 6.0, 7.0, 8.0, 9.0, 10.0, 11.0, 12.0], "y": [2, 0, 1, 0, 4, 1, 5, 17, 5, 3, 1, 0, 0]}, "percentile": {"x": [0.06666666666666667, 2.033333333333333, 4.0, 4.133333333333334, 4.2, 4.633333333333333, 5.266666666666667, 6.3, 6.366666666666666, 6.466666666666667, 6.5, 6.766666666666667, 7.0, 7.033333333333333, 7.066666666666666, 7.133333333333334, 7.166666666666667, 7.266666666666667, 7.466666666666667, 7.533333333333333, 7.633333333333333, 7.7, 7.733333333333333, 7.833333333333333, 7.933333333333334, 8.0, 8.1, 8.3, 8.6, 9.0, 9.1, 9.433333333333334, 10.266666666666667], "y": [0.0, 5.2, 7.8, 10.5, 13.1, 15.7, 18.4, 21.0, 23.6, 26.3, 28.9, 31.5, 34.2, 39.4, 42.1, 47.3, 50.0, 52.6, 57.8, 60.5, 63.1, 65.7, 68.4, 71.0, 73.6, 78.9, 84.2, 86.8, 89.4, 92.1, 94.7, 97.3, 100.0]}}