{"histogram": {"y": [3, 9, 7, 8, 5, 2, 0, 0], "x": [6.0, 7.0, 8.0, 9.0, 10.0, 11.0, 12.0, 13.0]}, "percentile": {"y": [0.0, 3.0, 6.0, 9.0, 12.1, 15.1, 18.1, 21.2, 24.2, 27.2, 33.3, 36.3, 39.3, 45.4, 48.4, 51.5, 54.5, 57.5, 60.6, 63.6, 69.6, 72.7, 75.7, 78.7, 81.8, 84.8, 90.9, 93.9, 96.9, 100.0], "x": [6.133333333333334, 6.6, 6.666666666666667, 7.0, 7.166666666666667, 7.433333333333334, 7.633333333333333, 7.666666666666667, 7.733333333333333, 7.8, 7.9, 8.066666666666666, 8.266666666666667, 8.5, 8.566666666666666, 8.666666666666666, 8.866666666666667, 9.0, 9.033333333333333, 9.433333333333334, 9.466666666666667, 9.566666666666666, 9.7, 9.766666666666667, 10.266666666666667, 10.6, 10.733333333333333, 10.8, 11.1, 11.966666666666667]}}