{"histogram": {"y": [1, 0, 5, 23, 23, 45, 20, 14, 5], "x": [4.0, 5.0, 6.0, 7.0, 8.0, 9.0, 10.0, 11.0, 12.0]}, "percentile": {"y": [0.0, 0.7, 1.4, 2.2, 2.9, 4.4, 5.1, 7.4, 8.1, 8.8, 10.3, 11.8, 14.8, 15.5, 17.7, 18.5, 19.2, 20.0, 20.7, 21.4, 22.9, 23.7, 24.4, 25.1, 25.9, 26.6, 28.8, 29.6, 31.1, 31.8, 32.5, 33.3, 34.0, 34.8, 35.5, 36.2, 37.0, 38.5, 42.2, 42.9, 44.4, 47.4, 48.8, 51.1, 52.5, 53.3, 55.5, 57.7, 59.2, 60.7, 62.2, 62.9, 64.4, 65.1, 65.9, 68.1, 68.8, 69.6, 70.3, 71.8, 74.0, 75.5, 76.2, 77.7, 78.5, 79.2, 80.0, 80.7, 81.4, 82.2, 84.4, 85.1, 85.9, 86.6, 90.3, 91.1, 92.5, 93.3, 94.0, 95.5, 96.2, 97.0, 97.7, 98.5, 99.2, 100.0], "x": [4.6875, 6.0, 6.3125, 6.53125, 6.5625, 7.0, 7.25, 7.28125, 7.3125, 7.5, 7.53125, 7.5625, 7.625, 7.65625, 7.6875, 7.75, 7.78125, 7.8125, 7.96875, 8.0625, 8.09375, 8.21875, 8.25, 8.3125, 8.34375, 8.375, 8.40625, 8.5625, 8.59375, 8.65625, 8.71875, 8.75, 8.78125, 8.84375, 8.90625, 8.9375, 8.96875, 9.0, 9.0625, 9.125, 9.15625, 9.1875, 9.25, 9.3125, 9.34375, 9.375, 9.40625, 9.4375, 9.46875, 9.5, 9.53125, 9.5625, 9.59375, 9.625, 9.71875, 9.75, 9.84375, 9.875, 9.90625, 10.0, 10.125, 10.1875, 10.21875, 10.25, 10.3125, 10.34375, 10.4375, 10.46875, 10.53125, 10.65625, 10.6875, 10.75, 10.875, 11.0, 11.28125, 11.3125, 11.34375, 11.375, 11.40625, 11.5625, 11.8125, 12.0, 12.25, 12.28125, 12.375, 12.59375]}}