{"histogram": {"y": [1, 4, 9, 7, 6, 1, 2, 0, 0], "x": [6.0, 7.0, 8.0, 9.0, 10.0, 11.0, 12.0, 13.0, 14.0]}, "percentile": {"y": [0.0, 3.4, 6.8, 10.3, 13.7, 17.2, 24.1, 27.5, 31.0, 41.3, 48.2, 51.7, 55.1, 58.6, 65.5, 68.9, 72.4, 79.3, 82.7, 86.2, 89.6, 93.1, 96.5, 100.0], "x": [6.28125, 7.21875, 7.25, 7.59375, 7.625, 8.25, 8.40625, 8.4375, 8.5625, 8.6875, 9.125, 9.25, 9.375, 9.4375, 9.5625, 9.65625, 10.0, 10.25, 10.53125, 10.5625, 10.90625, 11.0, 12.09375, 12.59375]}}