{"histogram": {"y": [38, 21, 30, 61, 186, 633, 1559, 2815, 3229, 2766, 2019, 949, 399, 118, 14, 0, 0], "x": [0.0, 1.0, 2.0, 3.0, 4.0, 5.0, 6.0, 7.0, 8.0, 9.0, 10.0, 11.0, 12.0, 13.0, 14.0, 15.0, 16.0]}, "percentile": {"y": [0.0, 0.1, 0.1, 0.1, 0.1, 0.1, 0.1, 0.2, 0.2, 0.2, 0.2, 0.2, 0.3, 0.3, 0.3, 0.3, 0.3, 0.3, 0.3, 0.3, 0.3, 0.4, 0.4, 0.4, 0.4, 0.5, 0.5, 0.5, 0.5, 0.5, 0.5, 0.5, 0.5, 0.5, 0.6, 0.6, 0.7, 0.7, 0.7, 0.8, 0.8, 0.8, 0.8, 0.8, 0.9, 0.9, 0.9, 0.9, 0.9, 0.9, 0.9, 0.9, 0.9, 0.9, 1.0, 1.0, 1.1, 1.2, 1.2, 1.3, 1.4, 1.5, 1.5, 1.6, 1.6, 1.6, 1.6, 1.7, 1.7, 1.7, 1.8, 1.8, 1.8, 1.9, 2.0, 2.0, 2.0, 2.0, 2.0, 2.0, 2.1, 2.1, 2.1, 2.2, 2.2, 2.2, 2.2, 2.4, 2.6, 2.8, 2.9, 3.1, 3.3, 3.5, 3.7, 3.9, 4.0, 4.1, 4.3, 4.3, 4.5, 4.6, 4.8, 4.9, 5.1, 5.4, 5.5, 5.6, 5.7, 5.7, 5.8, 5.9, 6.0, 6.1, 6.2, 6.3, 6.3, 6.4, 6.5, 7.1, 7.4, 7.8, 8.2, 8.7, 9.0, 9.4, 9.7, 10.2, 10.5, 10.7, 11.1, 11.4, 12.0, 12.2, 12.5, 12.8, 13.0, 14.1, 14.3, 14.6, 14.8, 15.0, 15.3, 15.5, 15.7, 15.9, 16.1, 16.4, 16.6, 16.8, 17.0, 18.4, 19.0, 19.8, 20.8, 21.5, 22.3, 23.0, 23.6, 24.8, 25.3, 25.9, 26.4, 27.0, 27.7, 28.2, 28.8, 29.2, 29.6, 31.4, 31.9, 32.2, 32.6, 32.9, 33.2, 33.6, 34.0, 34.4, 34.8, 35.2, 35.4, 35.7, 36.0, 38.1, 38.9, 39.7, 40.7, 41.7, 42.6, 43.5, 44.0, 45.3, 45.8, 46.3, 47.0, 47.6, 48.3, 48.8, 49.4, 49.9, 50.3, 52.5, 53.0, 53.4, 53.9, 54.3, 54.6, 55.0, 55.5, 55.8, 56.2, 56.6, 57.1, 57.4, 57.7, 59.7, 60.6, 61.4, 62.1, 62.9, 63.5, 64.2, 64.8, 65.9, 66.4, 66.9, 67.6, 68.3, 69.0, 69.3, 69.9, 70.3, 70.8, 72.4, 72.9, 73.3, 73.7, 74.0, 74.3, 74.6, 74.9, 75.2, 75.4, 75.7, 75.9, 76.2, 76.4, 77.8, 78.4, 78.9, 79.4, 80.0, 80.6, 81.3, 81.7, 82.6, 83.1, 83.5, 83.8, 84.3, 84.8, 85.1, 85.4, 85.7, 85.9, 87.0, 87.4, 87.6, 87.9, 88.1, 88.3, 88.5, 88.7, 89.0, 89.2, 89.4, 89.6, 89.8, 90.0, 90.7, 91.1, 91.3, 91.6, 91.8, 92.1, 92.4, 92.5, 93.0, 93.1, 93.3, 93.6, 93.8, 94.0, 94.1, 94.2, 94.4, 94.4, 94.9, 95.1, 95.2, 95.3, 95.4, 95.6, 95.7, 95.7, 95.9, 96.0, 96.1, 96.1, 96.3, 96.4, 96.8, 96.9, 97.0, 97.2, 97.3, 97.5, 97.6, 97.6, 97.8, 97.9, 97.9, 98.0, 98.0, 98.1, 98.2, 98.2, 98.3, 98.3, 98.5, 98.6, 98.6, 98.7, 98.8, 98.8, 98.9, 98.9, 98.9, 99.0, 99.0, 99.0, 99.0, 99.1, 99.2, 99.2, 99.2, 99.3, 99.3, 99.3, 99.4, 99.4, 99.4, 99.4, 99.5, 99.5, 99.5, 99.6, 99.6, 99.6, 99.6, 99.7, 99.7, 99.8, 99.8, 99.8, 99.8, 99.8, 99.8, 99.8, 99.8, 99.9, 99.9, 99.9, 99.9, 99.9, 99.9, 99.9, 99.9, 99.9, 99.9, 99.9, 100.0], "x": [0.03125, 0.0625, 0.09375, 0.125, 0.15625, 0.1875, 0.25, 0.28125, 0.40625, 0.5625, 0.9375, 1.0, 1.0625, 1.09375, 1.125, 1.1875, 1.25, 1.3125, 1.4375, 1.53125, 2.0, 2.03125, 2.0625, 2.09375, 2.125, 2.15625, 2.1875, 2.21875, 2.375, 2.46875, 2.5625, 2.6875, 2.84375, 3.0, 3.03125, 3.0625, 3.09375, 3.125, 3.15625, 3.1875, 3.21875, 3.25, 3.375, 3.40625, 3.4375, 3.5, 3.5625, 3.6875, 3.71875, 3.75, 3.78125, 3.84375, 3.875, 3.90625, 3.96875, 4.0, 4.03125, 4.0625, 4.09375, 4.125, 4.15625, 4.1875, 4.21875, 4.25, 4.28125, 4.3125, 4.34375, 4.375, 4.40625, 4.4375, 4.46875, 4.5, 4.53125, 4.5625, 4.59375, 4.625, 4.65625, 4.6875, 4.71875, 4.75, 4.78125, 4.84375, 4.875, 4.90625, 4.9375, 4.96875, 5.0, 5.03125, 5.0625, 5.09375, 5.125, 5.15625, 5.1875, 5.21875, 5.25, 5.28125, 5.3125, 5.34375, 5.375, 5.40625, 5.4375, 5.46875, 5.5, 5.53125, 5.5625, 5.59375, 5.625, 5.65625, 5.6875, 5.71875, 5.75, 5.78125, 5.8125, 5.84375, 5.875, 5.90625, 5.9375, 5.96875, 6.0, 6.03125, 6.0625, 6.09375, 6.125, 6.15625, 6.1875, 6.21875, 6.25, 6.28125, 6.3125, 6.34375, 6.375, 6.40625, 6.4375, 6.46875, 6.5, 6.53125, 6.5625, 6.59375, 6.625, 6.65625, 6.6875, 6.71875, 6.75, 6.78125, 6.8125, 6.84375, 6.875, 6.90625, 6.9375, 6.96875, 7.0, 7.03125, 7.0625, 7.09375, 7.125, 7.15625, 7.1875, 7.21875, 7.25, 7.28125, 7.3125, 7.34375, 7.375, 7.40625, 7.4375, 7.46875, 7.5, 7.53125, 7.5625, 7.59375, 7.625, 7.65625, 7.6875, 7.71875, 7.75, 7.78125, 7.8125, 7.84375, 7.875, 7.90625, 7.9375, 7.96875, 8.0, 8.03125, 8.0625, 8.09375, 8.125, 8.15625, 8.1875, 8.21875, 8.25, 8.28125, 8.3125, 8.34375, 8.375, 8.40625, 8.4375, 8.46875, 8.5, 8.53125, 8.5625, 8.59375, 8.625, 8.65625, 8.6875, 8.71875, 8.75, 8.78125, 8.8125, 8.84375, 8.875, 8.90625, 8.9375, 8.96875, 9.0, 9.03125, 9.0625, 9.09375, 9.125, 9.15625, 9.1875, 9.21875, 9.25, 9.28125, 9.3125, 9.34375, 9.375, 9.40625, 9.4375, 9.46875, 9.5, 9.53125, 9.5625, 9.59375, 9.625, 9.65625, 9.6875, 9.71875, 9.75, 9.78125, 9.8125, 9.84375, 9.875, 9.90625, 9.9375, 9.96875, 10.0, 10.03125, 10.0625, 10.09375, 10.125, 10.15625, 10.1875, 10.21875, 10.25, 10.28125, 10.3125, 10.34375, 10.375, 10.40625, 10.4375, 10.46875, 10.5, 10.53125, 10.5625, 10.59375, 10.625, 10.65625, 10.6875, 10.71875, 10.75, 10.78125, 10.8125, 10.84375, 10.875, 10.90625, 10.9375, 10.96875, 11.0, 11.03125, 11.0625, 11.09375, 11.125, 11.15625, 11.1875, 11.21875, 11.25, 11.28125, 11.3125, 11.34375, 11.375, 11.40625, 11.4375, 11.46875, 11.5, 11.53125, 11.5625, 11.59375, 11.625, 11.65625, 11.6875, 11.71875, 11.75, 11.78125, 11.8125, 11.84375, 11.875, 11.90625, 11.9375, 11.96875, 12.0, 12.03125, 12.0625, 12.09375, 12.125, 12.15625, 12.1875, 12.21875, 12.25, 12.28125, 12.3125, 12.34375, 12.375, 12.40625, 12.4375, 12.46875, 12.5, 12.53125, 12.5625, 12.59375, 12.625, 12.65625, 12.6875, 12.71875, 12.75, 12.78125, 12.8125, 12.84375, 12.875, 12.90625, 12.9375, 12.96875, 13.0, 13.03125, 13.0625, 13.09375, 13.125, 13.15625, 13.1875, 13.21875, 13.25, 13.28125, 13.3125, 13.34375, 13.375, 13.40625, 13.4375, 13.46875, 13.5, 13.5625, 13.59375, 13.625, 13.65625, 13.6875, 13.71875, 13.8125, 13.84375, 13.875, 13.90625, 13.9375, 13.96875, 14.0, 14.125, 14.15625, 14.25, 14.34375, 14.40625, 14.4375, 14.5, 14.53125, 14.5625, 14.65625]}}