{"histogram": {"y": [1, 0, 0, 0, 5, 10, 28, 78, 171, 190, 119, 47, 17, 0, 0], "x": [0.0, 1.0, 2.0, 3.0, 4.0, 5.0, 6.0, 7.0, 8.0, 9.0, 10.0, 11.0, 12.0, 13.0, 14.0]}, "percentile": {"y": [0.0, 0.1, 0.3, 0.4, 0.6, 0.7, 0.9, 1.0, 1.3, 1.6, 1.9, 2.1, 2.2, 2.4, 2.5, 2.7, 2.8, 3.0, 3.1, 3.4, 3.7, 4.0, 5.1, 5.2, 5.4, 5.7, 5.8, 6.1, 6.3, 6.4, 6.6, 7.6, 7.8, 7.9, 8.5, 9.1, 9.4, 9.7, 10.0, 10.2, 10.5, 10.6, 10.9, 11.4, 13.5, 13.9, 14.4, 14.7, 15.0, 15.3, 15.7, 16.0, 16.8, 16.9, 17.4, 17.7, 18.3, 20.1, 20.4, 20.9, 21.6, 21.9, 22.4, 22.5, 23.3, 25.5, 26.1, 26.6, 27.5, 28.5, 29.9, 30.5, 31.1, 31.5, 32.0, 35.4, 35.9, 36.5, 36.9, 37.5, 38.0, 39.0, 39.5, 40.3, 41.2, 41.5, 41.8, 43.3, 44.0, 47.9, 48.2, 48.5, 48.7, 50.3, 50.9, 51.4, 52.0, 54.1, 54.7, 55.4, 56.6, 57.7, 58.9, 59.8, 61.2, 61.8, 62.8, 64.6, 65.5, 66.4, 67.3, 68.1, 68.8, 69.6, 70.2, 70.5, 70.9, 71.2, 72.1, 72.6, 75.4, 75.9, 76.3, 76.5, 77.4, 78.0, 78.7, 80.1, 80.7, 81.0, 81.6, 82.2, 82.8, 83.3, 83.7, 84.5, 84.9, 86.1, 86.9, 87.0, 87.9, 88.4, 88.8, 89.0, 89.1, 89.4, 89.6, 89.9, 90.0, 90.5, 92.9, 93.0, 93.2, 93.3, 93.5, 93.8, 93.9, 94.7, 95.3, 95.4, 95.6, 96.5, 96.6, 96.8, 96.9, 97.2, 97.4, 97.5, 98.0, 98.1, 98.3, 98.6, 98.9, 99.0, 99.2, 99.3, 99.5, 99.6, 99.8], "x": [0.40625, 4.0, 4.09375, 4.1875, 4.6875, 4.9375, 5.5, 5.6875, 5.71875, 5.75, 5.8125, 5.84375, 5.90625, 6.0, 6.25, 6.28125, 6.3125, 6.34375, 6.375, 6.5, 6.53125, 6.5625, 6.65625, 6.6875, 6.75, 6.78125, 6.8125, 6.84375, 6.90625, 6.9375, 7.0, 7.0625, 7.09375, 7.21875, 7.25, 7.28125, 7.3125, 7.34375, 7.375, 7.40625, 7.46875, 7.5, 7.53125, 7.5625, 7.59375, 7.625, 7.65625, 7.6875, 7.71875, 7.75, 7.78125, 7.8125, 7.84375, 7.875, 7.9375, 7.96875, 8.0, 8.03125, 8.0625, 8.09375, 8.125, 8.15625, 8.1875, 8.21875, 8.25, 8.28125, 8.3125, 8.34375, 8.375, 8.40625, 8.4375, 8.46875, 8.5, 8.53125, 8.5625, 8.59375, 8.625, 8.65625, 8.6875, 8.71875, 8.75, 8.78125, 8.8125, 8.84375, 8.875, 8.90625, 8.9375, 8.96875, 9.0, 9.03125, 9.0625, 9.09375, 9.125, 9.15625, 9.1875, 9.21875, 9.25, 9.28125, 9.3125, 9.34375, 9.375, 9.40625, 9.4375, 9.46875, 9.5, 9.53125, 9.5625, 9.59375, 9.625, 9.65625, 9.6875, 9.71875, 9.75, 9.78125, 9.8125, 9.84375, 9.875, 9.90625, 9.9375, 10.0, 10.03125, 10.0625, 10.09375, 10.125, 10.1875, 10.21875, 10.25, 10.28125, 10.3125, 10.34375, 10.375, 10.40625, 10.4375, 10.46875, 10.5, 10.53125, 10.5625, 10.59375, 10.625, 10.65625, 10.6875, 10.75, 10.78125, 10.8125, 10.84375, 10.875, 10.90625, 10.9375, 10.96875, 11.0, 11.03125, 11.21875, 11.25, 11.28125, 11.3125, 11.34375, 11.375, 11.40625, 11.4375, 11.46875, 11.5625, 11.65625, 11.6875, 11.8125, 11.84375, 11.875, 11.9375, 12.0, 12.09375, 12.1875, 12.25, 12.28125, 12.375, 12.40625, 12.4375, 12.46875, 12.5, 12.5625, 12.59375]}}