{"percentile": {"y": [0.0, 2.7, 5.4, 8.1, 10.8, 13.5, 16.2, 18.9, 21.6, 24.3, 27.0, 29.7, 35.1, 37.8, 40.5, 43.2, 45.9, 48.6, 51.3, 54.0, 56.7, 59.4, 62.1, 64.8, 67.5, 70.2, 72.9, 75.6, 78.3, 81.0, 83.7, 86.4, 91.8, 94.5, 97.2, 100.0], "x": [5.09375, 5.28125, 5.5625, 6.0, 6.0625, 6.09375, 6.1875, 6.40625, 6.59375, 6.625, 6.71875, 6.75, 6.875, 7.0, 7.03125, 7.0625, 7.25, 7.28125, 7.40625, 7.4375, 7.53125, 7.5625, 7.6875, 7.8125, 8.0, 8.09375, 8.125, 8.15625, 8.8125, 9.0, 9.09375, 9.5625, 9.65625, 9.71875, 10.65625, 11.28125]}, "histogram": {"y": [3, 11, 11, 5, 6, 1, 1, 0], "x": [5.0, 6.0, 7.0, 8.0, 9.0, 10.0, 11.0, 12.0]}}