{"histogram": {"y": [2, 5, 16, 81, 266, 404, 335, 152, 29, 10, 0, 0], "x": [3.0, 4.0, 5.0, 6.0, 7.0, 8.0, 9.0, 10.0, 11.0, 12.0, 13.0, 14.0]}, "percentile": {"y": [0.0, 0.0, 0.1, 0.2, 0.3, 0.3, 0.4, 0.5, 0.6, 0.7, 0.9, 1.1, 1.2, 1.3, 1.3, 1.5, 1.6, 1.7, 2.0, 2.3, 2.5, 2.6, 2.7, 2.8, 3.0, 3.1, 3.3, 3.5, 3.6, 4.6, 5.0, 5.3, 5.5, 5.8, 6.0, 6.4, 6.8, 7.2, 7.6, 8.0, 10.0, 10.3, 10.3, 10.7, 10.9, 11.5, 11.6, 12.0, 12.9, 13.2, 13.5, 14.1, 14.6, 15.3, 15.7, 16.7, 16.9, 17.3, 19.7, 20.8, 21.1, 22.0, 23.0, 23.5, 24.0, 24.7, 25.6, 26.5, 27.4, 28.4, 31.4, 31.7, 32.0, 32.4, 32.5, 33.4, 33.6, 33.8, 35.8, 36.8, 37.9, 38.6, 39.1, 40.4, 40.7, 41.1, 41.4, 42.4, 47.2, 49.1, 50.4, 51.5, 52.4, 53.6, 54.8, 55.9, 56.7, 57.9, 59.0, 59.5, 62.5, 63.2, 63.6, 64.7, 65.2, 65.6, 66.2, 66.8, 68.6, 69.4, 70.3, 71.0, 71.9, 73.1, 73.9, 74.9, 75.2, 75.6, 78.9, 79.9, 80.9, 81.7, 82.1, 82.6, 83.1, 83.5, 83.9, 84.5, 84.9, 85.3, 87.1, 87.2, 87.4, 87.8, 88.0, 88.2, 88.5, 88.7, 89.9, 90.3, 91.0, 91.7, 91.9, 92.3, 92.6, 92.9, 93.2, 93.3, 93.9, 94.6, 94.7, 95.0, 95.4, 95.8, 95.9, 96.2, 96.3, 96.6, 96.7, 97.0, 97.4, 97.5, 97.9, 98.0, 98.2, 98.3, 98.3, 98.4, 98.7, 98.9, 99.1, 99.2, 99.3, 99.4, 99.5, 99.6, 99.7, 99.9, 100.0], "x": [3.2666666666666666, 3.4333333333333336, 4.2, 4.6, 4.766666666666667, 4.833333333333333, 4.866666666666667, 5.266666666666667, 5.3, 5.433333333333334, 5.6, 5.633333333333333, 5.7, 5.766666666666667, 5.8, 5.933333333333334, 5.966666666666667, 6.0, 6.1, 6.2, 6.233333333333333, 6.266666666666667, 6.3, 6.333333333333333, 6.4, 6.433333333333334, 6.5, 6.533333333333333, 6.6, 6.666666666666667, 6.7, 6.733333333333333, 6.766666666666667, 6.8, 6.833333333333333, 6.866666666666667, 6.9, 6.933333333333334, 6.966666666666667, 7.0, 7.033333333333333, 7.066666666666666, 7.1, 7.133333333333334, 7.166666666666667, 7.2, 7.233333333333333, 7.266666666666667, 7.3, 7.333333333333333, 7.366666666666666, 7.4, 7.433333333333334, 7.466666666666667, 7.5, 7.533333333333333, 7.566666666666666, 7.6, 7.633333333333333, 7.666666666666667, 7.7, 7.733333333333333, 7.766666666666667, 7.8, 7.833333333333333, 7.866666666666667, 7.9, 7.933333333333334, 7.966666666666667, 8.0, 8.033333333333333, 8.066666666666666, 8.1, 8.133333333333333, 8.166666666666666, 8.2, 8.233333333333333, 8.266666666666667, 8.3, 8.333333333333334, 8.366666666666667, 8.4, 8.433333333333334, 8.466666666666667, 8.5, 8.533333333333333, 8.566666666666666, 8.6, 8.633333333333333, 8.666666666666666, 8.7, 8.733333333333333, 8.766666666666667, 8.8, 8.833333333333334, 8.866666666666667, 8.9, 8.933333333333334, 8.966666666666667, 9.0, 9.033333333333333, 9.066666666666666, 9.1, 9.133333333333333, 9.166666666666666, 9.2, 9.233333333333333, 9.266666666666667, 9.3, 9.333333333333334, 9.366666666666667, 9.4, 9.433333333333334, 9.466666666666667, 9.5, 9.533333333333333, 9.566666666666666, 9.6, 9.633333333333333, 9.666666666666666, 9.7, 9.733333333333333, 9.766666666666667, 9.8, 9.833333333333334, 9.866666666666667, 9.9, 9.933333333333334, 9.966666666666667, 10.0, 10.033333333333333, 10.066666666666666, 10.1, 10.133333333333333, 10.166666666666666, 10.2, 10.233333333333333, 10.266666666666667, 10.3, 10.333333333333334, 10.366666666666667, 10.4, 10.433333333333334, 10.466666666666667, 10.5, 10.533333333333333, 10.566666666666666, 10.6, 10.633333333333333, 10.666666666666666, 10.7, 10.733333333333333, 10.766666666666667, 10.8, 10.833333333333334, 10.866666666666667, 10.9, 10.933333333333334, 10.966666666666667, 11.0, 11.166666666666666, 11.266666666666667, 11.333333333333334, 11.366666666666667, 11.433333333333334, 11.466666666666667, 11.533333333333333, 11.6, 11.633333333333333, 11.733333333333333, 11.766666666666667, 11.933333333333334, 12.0, 12.166666666666666, 12.266666666666667, 12.366666666666667, 12.4, 12.666666666666666, 12.9]}}