{"percentile": {"y": [0.0, 2.3, 4.6, 6.9, 9.3, 11.6, 13.9, 16.2, 18.6, 20.9, 23.2, 25.5, 27.9, 30.2, 32.5, 34.8, 37.2, 39.5, 41.8, 46.5, 48.8, 51.1, 53.4, 55.8, 58.1, 60.4, 62.7, 65.1, 67.4, 72.0, 74.4, 76.7, 79.0, 81.3, 83.7, 86.0, 88.3, 90.6, 95.3, 97.6, 100.0], "x": [4.033333333333333, 4.2, 5.066666666666666, 5.166666666666667, 5.233333333333333, 5.4, 5.6, 6.1, 6.166666666666667, 6.366666666666666, 6.566666666666666, 6.633333333333333, 6.766666666666667, 6.933333333333334, 6.966666666666667, 7.1, 7.133333333333334, 7.2, 7.6, 7.633333333333333, 7.666666666666667, 7.8, 7.966666666666667, 8.2, 8.3, 8.433333333333334, 8.466666666666667, 8.6, 8.633333333333333, 9.166666666666666, 9.266666666666667, 9.4, 9.5, 9.8, 9.833333333333334, 9.9, 10.2, 10.566666666666666, 10.6, 10.633333333333333, 11.633333333333333]}, "histogram": {"y": [2, 5, 8, 9, 7, 7, 5, 1, 0, 0], "x": [4.0, 5.0, 6.0, 7.0, 8.0, 9.0, 10.0, 11.0, 12.0, 13.0]}}