{"histogram": {"y": [24, 38, 15, 5, 0, 0], "x": [9.0, 10.0, 11.0, 12.0, 13.0, 14.0]}, "percentile": {"y": [0.0, 1.2, 2.4, 3.7, 6.1, 11.1, 12.3, 13.5, 14.8, 18.5, 23.4, 25.9, 27.1, 28.3, 29.6, 32.0, 33.3, 34.5, 38.2, 40.7, 45.6, 48.1, 50.6, 54.3, 58.0, 60.4, 62.9, 65.4, 67.9, 69.1, 70.3, 72.8, 74.0, 75.3, 76.5, 77.7, 80.2, 81.4, 83.9, 85.1, 86.4, 87.6, 88.8, 90.1, 91.3, 93.8, 95.0, 96.2, 97.5, 98.7, 100.0], "x": [9.25, 9.34375, 9.4375, 9.5, 9.5625, 9.625, 9.71875, 9.75, 9.78125, 9.8125, 9.84375, 9.875, 9.90625, 9.9375, 10.0, 10.09375, 10.1875, 10.21875, 10.25, 10.28125, 10.3125, 10.34375, 10.40625, 10.4375, 10.46875, 10.5, 10.53125, 10.5625, 10.59375, 10.71875, 10.75, 10.8125, 10.84375, 10.96875, 11.0, 11.03125, 11.15625, 11.1875, 11.21875, 11.40625, 11.46875, 11.5, 11.5625, 11.59375, 11.625, 11.75, 12.09375, 12.125, 12.3125, 12.59375, 12.8125]}}