{"histogram": {"x": [5.0, 6.0, 7.0, 8.0, 9.0, 10.0, 11.0], "y": [1, 2, 6, 20, 8, 4, 2]}, "percentile": {"x": [5.8, 6.0, 6.466666666666667, 7.0, 7.266666666666667, 7.6, 7.7, 7.9, 7.966666666666667, 8.0, 8.033333333333333, 8.1, 8.2, 8.233333333333333, 8.266666666666667, 8.4, 8.433333333333334, 8.466666666666667, 8.6, 8.633333333333333, 8.766666666666667, 8.9, 9.0, 9.166666666666666, 9.2, 9.333333333333334, 9.433333333333334, 9.8, 9.866666666666667, 10.066666666666666, 10.266666666666667, 10.466666666666667, 11.2, 11.366666666666667], "y": [0.0, 2.3, 4.7, 7.1, 9.5, 11.9, 14.2, 16.6, 19.0, 21.4, 30.9, 33.3, 38.0, 40.4, 42.8, 50.0, 52.3, 57.1, 59.5, 61.9, 64.2, 66.6, 69.0, 73.8, 76.1, 78.5, 80.9, 83.3, 85.7, 88.0, 90.4, 95.2, 97.6, 100.0]}}