{"histogram": {"x": [5.0, 6.0, 7.0, 8.0, 9.0, 10.0, 11.0, 12.0, 13.0], "y": [1, 3, 12, 13, 12, 2, 1, 0, 0]}, "percentile": {"x": [5.066666666666666, 6.6, 6.833333333333333, 7.0, 7.1, 7.133333333333334, 7.166666666666667, 7.3, 7.4, 7.5, 7.6, 7.666666666666667, 7.933333333333334, 7.966666666666667, 8.266666666666667, 8.3, 8.333333333333334, 8.466666666666667, 8.533333333333333, 8.566666666666666, 8.6, 8.633333333333333, 8.7, 8.766666666666667, 8.966666666666667, 9.0, 9.066666666666666, 9.166666666666666, 9.266666666666667, 9.633333333333333, 9.7, 9.833333333333334, 10.0, 10.566666666666666, 11.733333333333333], "y": [0.0, 2.3, 6.9, 9.3, 11.6, 13.9, 16.2, 18.6, 20.9, 23.2, 25.5, 30.2, 32.5, 34.8, 37.2, 41.8, 44.1, 46.5, 48.8, 51.1, 53.4, 58.1, 60.4, 62.7, 65.1, 67.4, 76.7, 79.0, 81.3, 83.7, 86.0, 88.3, 95.3, 97.6, 100.0]}}