{"percentile": {"x": [0.40625, 6.84375, 7.25, 7.5625, 7.75, 7.875, 8.0, 8.03125, 8.46875, 8.5625, 8.8125, 8.875, 9.0, 9.25, 9.40625, 9.4375, 9.75, 10.21875, 10.75, 10.9375, 10.96875, 11.21875, 12.25], "y": [0.0, 3.7, 7.4, 11.1, 14.8, 18.5, 22.2, 37.0, 40.7, 44.4, 51.8, 55.5, 59.2, 66.6, 70.3, 74.0, 77.7, 81.4, 85.1, 88.8, 92.5, 96.2, 100.0]}, "histogram": {"x": [0.0, 1.0, 2.0, 3.0, 4.0, 5.0, 6.0, 7.0, 8.0, 9.0, 10.0, 11.0, 12.0, 13.0], "y": [1, 0, 0, 0, 0, 0, 1, 4, 10, 6, 4, 1, 1, 0]}}