{"percentile": {"y": [0.0, 0.1, 0.3, 0.5, 0.7, 0.9, 1.1, 1.3, 1.5, 1.7, 1.9, 2.1, 2.3, 2.5, 2.9, 3.1, 3.5, 3.7, 4.1, 4.3, 4.5, 4.9, 5.1, 5.5, 5.8, 6.0, 6.4, 6.6, 6.8, 7.0, 8.6, 8.8, 9.4, 9.6, 10.2, 11.0, 12.3, 12.5, 12.7, 12.9, 13.5, 14.1, 14.5, 14.9, 15.1, 18.6, 19.4, 20.6, 21.0, 22.9, 23.3, 24.9, 25.1, 25.7, 26.5, 26.9, 27.5, 27.7, 28.0, 30.6, 31.0, 31.6, 32.4, 32.8, 33.5, 33.9, 34.3, 35.7, 36.5, 37.1, 37.7, 39.0, 40.6, 40.8, 41.2, 42.4, 43.0, 46.3, 47.3, 48.7, 49.3, 50.0, 50.8, 51.4, 51.8, 52.2, 52.8, 53.6, 54.2, 55.0, 55.9, 59.5, 59.7, 59.9, 60.3, 60.7, 61.1, 61.6, 63.0, 64.2, 64.8, 65.4, 66.4, 66.9, 67.3, 67.9, 68.3, 68.7, 72.1, 72.6, 73.2, 73.8, 74.8, 75.2, 75.6, 76.2, 77.0, 77.2, 78.1, 78.7, 80.5, 81.1, 81.3, 81.5, 81.9, 82.3, 82.9, 85.2, 85.6, 86.4, 87.0, 87.2, 88.6, 89.3, 89.7, 90.9, 91.3, 91.5, 91.7, 92.1, 92.7, 93.1, 93.3, 94.3, 94.6, 95.0, 95.2, 95.6, 95.8, 96.2, 96.4, 96.6, 97.0, 97.8, 98.2, 98.6, 98.8, 99.0, 99.2, 99.4, 99.6, 99.8, 100.0], "x": [0.25, 3.5625, 4.96875, 5.25, 5.28125, 5.375, 5.4375, 5.53125, 5.5625, 5.6875, 5.71875, 5.90625, 5.96875, 6.0, 6.0625, 6.09375, 6.125, 6.28125, 6.3125, 6.375, 6.40625, 6.5, 6.53125, 6.5625, 6.65625, 6.75, 6.8125, 6.875, 6.90625, 7.0, 7.03125, 7.0625, 7.09375, 7.125, 7.15625, 7.25, 7.28125, 7.3125, 7.34375, 7.375, 7.40625, 7.4375, 7.46875, 7.53125, 7.5625, 7.59375, 7.625, 7.65625, 7.6875, 7.71875, 7.75, 7.78125, 7.8125, 7.84375, 7.875, 7.90625, 7.9375, 7.96875, 8.0, 8.03125, 8.0625, 8.09375, 8.125, 8.15625, 8.1875, 8.21875, 8.25, 8.28125, 8.3125, 8.34375, 8.375, 8.40625, 8.4375, 8.46875, 8.5, 8.53125, 8.5625, 8.59375, 8.625, 8.65625, 8.6875, 8.71875, 8.75, 8.78125, 8.8125, 8.84375, 8.875, 8.90625, 8.9375, 8.96875, 9.0, 9.03125, 9.0625, 9.09375, 9.125, 9.15625, 9.1875, 9.25, 9.28125, 9.3125, 9.34375, 9.375, 9.40625, 9.4375, 9.46875, 9.5, 9.53125, 9.5625, 9.59375, 9.625, 9.6875, 9.71875, 9.75, 9.8125, 9.84375, 9.875, 9.90625, 9.9375, 9.96875, 10.0, 10.03125, 10.0625, 10.125, 10.15625, 10.1875, 10.21875, 10.25, 10.28125, 10.3125, 10.34375, 10.375, 10.40625, 10.5, 10.53125, 10.5625, 10.59375, 10.625, 10.65625, 10.6875, 10.71875, 10.75, 10.78125, 10.875, 10.90625, 11.0, 11.09375, 11.125, 11.21875, 11.25, 11.28125, 11.3125, 11.5, 11.5625, 11.59375, 11.65625, 11.6875, 11.90625, 12.0, 12.15625, 12.25, 12.375, 12.46875, 12.9375]}, "histogram": {"y": [1, 0, 0, 1, 1, 10, 23, 107, 142, 116, 81, 22, 6, 0, 0], "x": [0.0, 1.0, 2.0, 3.0, 4.0, 5.0, 6.0, 7.0, 8.0, 9.0, 10.0, 11.0, 12.0, 13.0, 14.0]}}