{"histogram": {"x": [3.0, 4.0, 5.0, 6.0, 7.0, 8.0, 9.0], "y": [1, 0, 0, 1, 3, 0, 0]}, "percentile": {"x": [3.1666666666666665, 6.166666666666667, 7.233333333333333, 7.4], "y": [0.0, 25.0, 50.0, 100.0]}}