{"histogram": {"x": [4.0, 5.0, 6.0, 7.0, 8.0, 9.0, 10.0, 11.0, 12.0], "y": [1, 3, 11, 15, 10, 10, 3, 1, 0]}, "percentile": {"x": [4.0, 5.4, 5.633333333333333, 6.0, 6.4, 6.433333333333334, 6.6, 6.633333333333333, 6.733333333333333, 6.766666666666667, 6.8, 6.933333333333334, 6.966666666666667, 7.0, 7.133333333333334, 7.266666666666667, 7.333333333333333, 7.366666666666666, 7.4, 7.5, 7.6, 7.766666666666667, 7.8, 7.966666666666667, 8.0, 8.1, 8.166666666666666, 8.4, 8.6, 8.666666666666666, 8.766666666666667, 8.8, 8.933333333333334, 8.966666666666667, 9.0, 9.266666666666667, 9.3, 9.433333333333334, 9.466666666666667, 9.6, 9.833333333333334, 10.4, 10.633333333333333, 10.9, 11.1], "y": [0.0, 1.8, 3.7, 7.5, 9.4, 11.3, 13.2, 16.9, 18.8, 20.7, 22.6, 24.5, 26.4, 28.3, 33.9, 35.8, 39.6, 41.5, 43.3, 45.2, 47.1, 49.0, 52.8, 54.7, 56.6, 58.4, 60.3, 62.2, 64.1, 66.0, 67.9, 69.8, 71.6, 73.5, 75.4, 79.2, 81.1, 83.0, 84.9, 88.6, 92.4, 94.3, 96.2, 98.1, 100.0]}}