{"histogram": {"y": [2, 0, 0, 0, 1, 3, 17, 65, 113, 78, 43, 12, 0, 2, 1, 0, 0], "x": [0.0, 1.0, 2.0, 3.0, 4.0, 5.0, 6.0, 7.0, 8.0, 9.0, 10.0, 11.0, 12.0, 13.0, 14.0, 15.0, 16.0]}, "percentile": {"y": [0.0, 0.5, 0.8, 1.1, 1.4, 1.7, 2.0, 2.3, 2.6, 2.9, 3.2, 3.5, 3.8, 4.1, 4.4, 5.6, 6.2, 6.5, 6.8, 9.5, 10.1, 11.0, 11.3, 11.9, 12.2, 12.7, 13.0, 13.3, 13.9, 14.5, 15.1, 15.4, 15.7, 19.0, 19.3, 20.2, 20.5, 21.1, 21.7, 22.0, 22.6, 23.8, 25.0, 26.1, 29.7, 30.0, 30.3, 31.5, 32.1, 33.0, 34.2, 35.7, 36.9, 38.0, 39.2, 41.0, 41.3, 42.2, 43.1, 43.4, 43.7, 48.2, 49.1, 50.0, 50.8, 52.9, 54.4, 55.0, 55.3, 56.2, 57.1, 58.3, 59.8, 62.2, 62.5, 62.7, 63.0, 63.9, 64.2, 64.8, 65.7, 67.5, 67.8, 68.1, 69.6, 69.9, 70.2, 71.7, 74.4, 75.2, 76.1, 77.3, 77.9, 79.4, 80.0, 81.5, 82.1, 83.0, 84.2, 85.1, 85.4, 86.0, 87.5, 88.0, 88.6, 89.8, 90.7, 91.0, 91.3, 91.9, 92.5, 93.1, 93.4, 94.0, 95.2, 95.8, 96.1, 96.4, 96.7, 97.0, 97.3, 97.6, 98.5, 99.1, 99.4, 99.7, 100.0], "x": [0.03333333333333333, 4.766666666666667, 5.066666666666666, 5.533333333333333, 5.733333333333333, 6.0, 6.1, 6.133333333333334, 6.2, 6.266666666666667, 6.533333333333333, 6.566666666666666, 6.6, 6.633333333333333, 6.733333333333333, 6.8, 6.933333333333334, 6.966666666666667, 7.0, 7.1, 7.133333333333334, 7.166666666666667, 7.2, 7.233333333333333, 7.266666666666667, 7.3, 7.333333333333333, 7.366666666666666, 7.433333333333334, 7.466666666666667, 7.5, 7.566666666666666, 7.6, 7.633333333333333, 7.666666666666667, 7.733333333333333, 7.766666666666667, 7.8, 7.833333333333333, 7.866666666666667, 7.9, 7.933333333333334, 7.966666666666667, 8.0, 8.033333333333333, 8.066666666666666, 8.1, 8.133333333333333, 8.166666666666666, 8.2, 8.233333333333333, 8.266666666666667, 8.3, 8.333333333333334, 8.366666666666667, 8.4, 8.433333333333334, 8.466666666666667, 8.5, 8.566666666666666, 8.6, 8.633333333333333, 8.666666666666666, 8.7, 8.733333333333333, 8.766666666666667, 8.8, 8.833333333333334, 8.866666666666667, 8.9, 8.933333333333334, 8.966666666666667, 9.0, 9.066666666666666, 9.1, 9.133333333333333, 9.166666666666666, 9.2, 9.266666666666667, 9.3, 9.333333333333334, 9.366666666666667, 9.4, 9.433333333333334, 9.5, 9.533333333333333, 9.566666666666666, 9.6, 9.633333333333333, 9.666666666666666, 9.733333333333333, 9.8, 9.833333333333334, 9.866666666666667, 9.9, 9.933333333333334, 9.966666666666667, 10.0, 10.033333333333333, 10.166666666666666, 10.2, 10.266666666666667, 10.3, 10.333333333333334, 10.4, 10.433333333333334, 10.5, 10.566666666666666, 10.6, 10.633333333333333, 10.666666666666666, 10.7, 10.733333333333333, 10.866666666666667, 10.9, 11.0, 11.033333333333333, 11.266666666666667, 11.466666666666667, 11.533333333333333, 11.566666666666666, 11.6, 11.666666666666666, 11.766666666666667, 13.233333333333333, 13.7, 14.133333333333333]}}