{"percentile": {"x": [0.23333333333333334, 0.3, 5.266666666666667, 5.7, 5.733333333333333, 6.0, 6.266666666666667, 6.3, 6.333333333333333, 6.366666666666666, 6.5, 6.566666666666666, 6.6, 6.633333333333333, 6.666666666666667, 6.766666666666667, 6.8, 6.9, 6.933333333333334, 7.0, 7.033333333333333, 7.1, 7.133333333333334, 7.166666666666667, 7.2, 7.233333333333333, 7.266666666666667, 7.3, 7.4, 7.433333333333334, 7.466666666666667, 7.5, 7.566666666666666, 7.6, 7.633333333333333, 7.733333333333333, 7.8, 7.833333333333333, 7.866666666666667, 7.9, 7.933333333333334, 7.966666666666667, 8.0, 8.066666666666666, 8.133333333333333, 8.166666666666666, 8.2, 8.266666666666667, 8.333333333333334, 8.366666666666667, 8.4, 8.433333333333334, 8.466666666666667, 8.5, 8.533333333333333, 8.566666666666666, 8.6, 8.633333333333333, 8.666666666666666, 8.7, 8.733333333333333, 8.766666666666667, 8.8, 8.833333333333334, 8.866666666666667, 8.9, 8.933333333333334, 8.966666666666667, 9.0, 9.033333333333333, 9.066666666666666, 9.1, 9.133333333333333, 9.166666666666666, 9.2, 9.233333333333333, 9.266666666666667, 9.3, 9.366666666666667, 9.4, 9.433333333333334, 9.5, 9.533333333333333, 9.566666666666666, 9.6, 9.633333333333333, 9.666666666666666, 9.7, 9.733333333333333, 9.766666666666667, 9.8, 9.833333333333334, 9.866666666666667, 9.933333333333334, 9.966666666666667, 10.0, 10.033333333333333, 10.166666666666666, 10.2, 10.266666666666667, 10.333333333333334, 10.366666666666667, 10.4, 10.433333333333334, 10.533333333333333, 10.6, 10.666666666666666, 10.733333333333333, 10.766666666666667, 10.8, 10.833333333333334, 10.9, 10.966666666666667, 11.0, 11.033333333333333, 11.1, 11.366666666666667, 11.433333333333334, 11.5, 11.6, 11.7, 12.6], "y": [0.0, 0.3, 0.6, 1.2, 1.6, 1.9, 2.5, 3.8, 4.5, 4.8, 5.1, 6.1, 6.4, 7.7, 8.3, 8.6, 9.0, 9.3, 9.6, 9.9, 12.5, 13.1, 13.5, 13.8, 14.4, 14.7, 15.4, 17.0, 17.6, 18.6, 18.9, 19.2, 19.6, 20.5, 22.5, 23.4, 24.4, 26.0, 27.0, 28.6, 29.2, 30.2, 30.8, 34.4, 35.6, 36.0, 36.6, 37.2, 39.5, 40.1, 40.8, 41.4, 42.1, 42.7, 43.4, 45.0, 45.6, 47.9, 49.1, 50.4, 50.8, 51.4, 53.0, 53.6, 54.9, 55.9, 56.5, 57.2, 58.1, 63.3, 63.6, 63.9, 64.3, 64.6, 65.5, 66.5, 67.2, 69.7, 70.0, 70.4, 71.7, 72.6, 72.9, 73.3, 73.9, 76.8, 77.4, 79.4, 79.7, 80.0, 80.3, 81.0, 81.6, 81.9, 82.3, 82.6, 84.2, 84.5, 85.2, 85.8, 87.4, 88.1, 88.4, 88.7, 89.7, 90.3, 91.6, 92.2, 93.5, 93.8, 94.2, 94.5, 95.1, 95.4, 96.7, 97.1, 98.0, 98.3, 98.7, 99.3, 99.6, 100.0]}, "histogram": {"x": [0.0, 1.0, 2.0, 3.0, 4.0, 5.0, 6.0, 7.0, 8.0, 9.0, 10.0, 11.0, 12.0, 13.0], "y": [2, 0, 0, 0, 0, 4, 25, 65, 85, 76, 40, 14, 1, 0]}}