{"percentile": {"x": [0.23333333333333334, 1.1, 3.3, 4.233333333333333, 4.266666666666667, 4.7, 5.366666666666666, 5.5, 5.6, 5.633333333333333, 5.833333333333333, 5.9, 6.0, 6.066666666666666, 6.133333333333334, 6.266666666666667, 6.366666666666666, 6.4, 6.6, 6.7, 6.733333333333333, 6.9, 6.933333333333334, 6.966666666666667, 7.0, 7.066666666666666, 7.1, 7.2, 7.233333333333333, 7.266666666666667, 7.3, 7.333333333333333, 7.4, 7.433333333333334, 7.533333333333333, 7.566666666666666, 7.6, 7.633333333333333, 7.7, 7.733333333333333, 7.766666666666667, 7.8, 7.833333333333333, 7.866666666666667, 7.9, 7.933333333333334, 7.966666666666667, 8.0, 8.033333333333333, 8.1, 8.133333333333333, 8.166666666666666, 8.2, 8.266666666666667, 8.3, 8.333333333333334, 8.366666666666667, 8.4, 8.433333333333334, 8.466666666666667, 8.5, 8.533333333333333, 8.566666666666666, 8.6, 8.633333333333333, 8.7, 8.733333333333333, 8.766666666666667, 8.8, 8.833333333333334, 8.9, 8.933333333333334, 8.966666666666667, 9.0, 9.033333333333333, 9.066666666666666, 9.1, 9.133333333333333, 9.166666666666666, 9.2, 9.266666666666667, 9.3, 9.333333333333334, 9.366666666666667, 9.433333333333334, 9.466666666666667, 9.5, 9.533333333333333, 9.6, 9.633333333333333, 9.666666666666666, 9.7, 9.733333333333333, 9.766666666666667, 9.8, 9.866666666666667, 9.933333333333334, 9.966666666666667, 10.0, 10.133333333333333, 10.2, 10.266666666666667, 10.3, 10.333333333333334, 10.466666666666667, 10.533333333333333, 10.566666666666666, 10.6, 10.666666666666666, 10.7, 10.733333333333333, 10.8, 10.9, 11.0, 11.566666666666666, 11.6, 11.666666666666666, 12.033333333333333, 12.4, 12.466666666666667], "y": [0.0, 0.3, 0.7, 1.1, 1.5, 1.9, 2.6, 3.0, 3.8, 4.1, 4.5, 4.9, 5.3, 5.7, 6.0, 6.4, 7.9, 8.3, 8.7, 9.5, 9.8, 10.2, 10.6, 11.0, 11.4, 13.3, 14.0, 14.4, 15.2, 15.9, 17.1, 17.8, 18.6, 19.0, 19.3, 19.7, 20.5, 24.3, 24.7, 25.0, 25.8, 26.9, 28.5, 30.0, 31.1, 31.5, 31.9, 32.6, 34.6, 34.9, 35.3, 36.1, 36.5, 36.8, 39.1, 39.5, 41.0, 41.4, 42.9, 43.7, 44.4, 45.6, 46.7, 48.2, 52.8, 53.6, 55.1, 56.6, 57.7, 59.3, 60.8, 62.7, 63.4, 63.8, 66.5, 67.6, 68.4, 69.2, 69.5, 69.9, 70.3, 71.1, 71.8, 72.6, 73.3, 74.5, 75.2, 75.6, 76.0, 79.8, 80.6, 80.9, 81.7, 82.5, 83.6, 84.7, 85.1, 85.5, 86.6, 88.5, 88.9, 89.3, 90.1, 90.4, 90.8, 91.2, 92.0, 92.7, 94.6, 95.8, 96.1, 96.5, 97.3, 97.7, 98.0, 98.4, 98.8, 99.2, 99.6, 100.0]}, "histogram": {"x": [0.0, 1.0, 2.0, 3.0, 4.0, 5.0, 6.0, 7.0, 8.0, 9.0, 10.0, 11.0, 12.0, 13.0], "y": [1, 1, 0, 1, 4, 7, 16, 56, 82, 60, 29, 4, 3, 0]}}