{"percentile": {"y": [0.0, 0.1, 0.1, 0.2, 0.2, 0.4, 0.4, 0.4, 0.5, 0.5, 0.5, 0.6, 0.6, 0.6, 0.6, 0.7, 0.7, 0.7, 0.8, 0.8, 0.8, 0.8, 0.8, 0.9, 0.9, 0.9, 0.9, 1.0, 1.0, 1.0, 1.1, 1.1, 1.1, 1.1, 1.2, 1.4, 1.4, 1.4, 1.4, 1.4, 1.5, 1.5, 1.5, 1.5, 1.6, 1.6, 1.7, 2.1, 2.1, 2.2, 2.2, 2.3, 2.3, 2.5, 2.6, 2.8, 2.9, 2.9, 3.1, 3.1, 3.2, 3.4, 3.4, 3.6, 3.6, 4.2, 4.3, 4.4, 4.6, 4.7, 4.8, 5.1, 5.4, 5.6, 5.9, 6.1, 6.2, 7.3, 7.4, 7.7, 7.9, 8.1, 8.3, 8.5, 8.6, 9.4, 9.6, 10.0, 10.3, 10.6, 11.1, 11.4, 11.7, 11.9, 12.2, 13.9, 14.6, 15.2, 15.7, 16.4, 16.9, 17.4, 17.9, 18.4, 18.9, 19.5, 20.0, 22.4, 22.8, 23.0, 23.5, 24.1, 24.5, 25.0, 25.4, 27.0, 27.5, 28.1, 28.9, 29.9, 30.8, 31.4, 32.0, 32.6, 33.0, 36.2, 37.0, 37.9, 38.8, 39.9, 40.9, 41.9, 42.8, 43.8, 44.7, 45.8, 46.6, 49.8, 50.3, 50.7, 51.3, 51.9, 52.4, 52.9, 53.4, 55.3, 55.9, 56.6, 57.3, 57.9, 59.0, 59.6, 60.4, 61.2, 61.8, 65.5, 66.7, 67.6, 68.7, 69.9, 70.8, 71.6, 72.4, 73.1, 73.7, 74.8, 75.4, 77.9, 78.3, 78.7, 79.3, 79.8, 80.2, 80.5, 80.7, 82.0, 82.6, 83.0, 83.6, 84.0, 84.7, 85.1, 85.5, 85.8, 86.1, 88.5, 89.1, 89.7, 90.2, 90.7, 91.0, 91.3, 91.6, 92.0, 92.4, 92.8, 93.1, 94.0, 94.2, 94.4, 94.5, 94.7, 94.8, 94.9, 95.0, 95.5, 95.7, 95.9, 96.2, 96.4, 96.6, 96.7, 96.8, 97.0, 97.1, 97.5, 97.6, 97.7, 97.8, 97.9, 98.0, 98.1, 98.2, 98.4, 98.5, 98.5, 98.7, 98.8, 98.9, 98.9, 98.9, 98.9, 99.0, 99.0, 99.0, 99.1, 99.2, 99.3, 99.3, 99.4, 99.4, 99.5, 99.5, 99.5, 99.6, 99.6, 99.6, 99.6, 99.6, 99.6, 99.7, 99.7, 99.7, 99.7, 99.7, 99.8, 99.8, 99.8, 99.8, 99.9, 99.9, 99.9, 99.9, 100.0], "x": [0.03333333333333333, 0.1, 0.2, 0.23333333333333334, 0.26666666666666666, 0.3, 0.36666666666666664, 0.43333333333333335, 0.6, 1.4333333333333333, 1.9333333333333333, 2.5666666666666664, 3.0, 3.7, 3.9, 4.0, 4.6, 4.7, 4.833333333333333, 4.9, 4.966666666666667, 5.0, 5.033333333333333, 5.066666666666666, 5.1, 5.133333333333334, 5.2, 5.266666666666667, 5.366666666666666, 5.433333333333334, 5.466666666666667, 5.5, 5.533333333333333, 5.566666666666666, 5.6, 5.633333333333333, 5.666666666666667, 5.7, 5.733333333333333, 5.766666666666667, 5.8, 5.833333333333333, 5.866666666666667, 5.9, 5.933333333333334, 5.966666666666667, 6.0, 6.033333333333333, 6.066666666666666, 6.1, 6.133333333333334, 6.166666666666667, 6.2, 6.233333333333333, 6.266666666666667, 6.3, 6.333333333333333, 6.366666666666666, 6.4, 6.433333333333334, 6.466666666666667, 6.5, 6.533333333333333, 6.566666666666666, 6.6, 6.633333333333333, 6.666666666666667, 6.7, 6.733333333333333, 6.766666666666667, 6.8, 6.833333333333333, 6.866666666666667, 6.9, 6.933333333333334, 6.966666666666667, 7.0, 7.033333333333333, 7.066666666666666, 7.1, 7.133333333333334, 7.166666666666667, 7.2, 7.233333333333333, 7.266666666666667, 7.3, 7.333333333333333, 7.366666666666666, 7.4, 7.433333333333334, 7.466666666666667, 7.5, 7.533333333333333, 7.566666666666666, 7.6, 7.633333333333333, 7.666666666666667, 7.7, 7.733333333333333, 7.766666666666667, 7.8, 7.833333333333333, 7.866666666666667, 7.9, 7.933333333333334, 7.966666666666667, 8.0, 8.033333333333333, 8.066666666666666, 8.1, 8.133333333333333, 8.166666666666666, 8.2, 8.233333333333333, 8.266666666666667, 8.3, 8.333333333333334, 8.366666666666667, 8.4, 8.433333333333334, 8.466666666666667, 8.5, 8.533333333333333, 8.566666666666666, 8.6, 8.633333333333333, 8.666666666666666, 8.7, 8.733333333333333, 8.766666666666667, 8.8, 8.833333333333334, 8.866666666666667, 8.9, 8.933333333333334, 8.966666666666667, 9.0, 9.033333333333333, 9.066666666666666, 9.1, 9.133333333333333, 9.166666666666666, 9.2, 9.233333333333333, 9.266666666666667, 9.3, 9.333333333333334, 9.366666666666667, 9.4, 9.433333333333334, 9.466666666666667, 9.5, 9.533333333333333, 9.566666666666666, 9.6, 9.633333333333333, 9.666666666666666, 9.7, 9.733333333333333, 9.766666666666667, 9.8, 9.833333333333334, 9.866666666666667, 9.9, 9.933333333333334, 9.966666666666667, 10.0, 10.033333333333333, 10.066666666666666, 10.1, 10.133333333333333, 10.166666666666666, 10.2, 10.233333333333333, 10.266666666666667, 10.3, 10.333333333333334, 10.366666666666667, 10.4, 10.433333333333334, 10.466666666666667, 10.5, 10.533333333333333, 10.566666666666666, 10.6, 10.633333333333333, 10.666666666666666, 10.7, 10.733333333333333, 10.766666666666667, 10.8, 10.833333333333334, 10.866666666666667, 10.9, 10.933333333333334, 10.966666666666667, 11.0, 11.033333333333333, 11.066666666666666, 11.1, 11.133333333333333, 11.166666666666666, 11.2, 11.233333333333333, 11.266666666666667, 11.3, 11.333333333333334, 11.366666666666667, 11.4, 11.433333333333334, 11.466666666666667, 11.5, 11.533333333333333, 11.566666666666666, 11.6, 11.633333333333333, 11.666666666666666, 11.7, 11.733333333333333, 11.766666666666667, 11.8, 11.833333333333334, 11.866666666666667, 11.9, 11.933333333333334, 11.966666666666667, 12.0, 12.033333333333333, 12.066666666666666, 12.1, 12.133333333333333, 12.166666666666666, 12.233333333333333, 12.266666666666667, 12.3, 12.333333333333334, 12.366666666666667, 12.4, 12.433333333333334, 12.466666666666667, 12.5, 12.6, 12.633333333333333, 12.666666666666666, 12.7, 12.733333333333333, 12.8, 12.866666666666667, 12.9, 12.933333333333334, 13.066666666666666, 13.166666666666666, 13.266666666666667, 13.3, 13.333333333333334, 13.366666666666667, 13.466666666666667, 13.566666666666666, 13.6, 13.633333333333333, 13.666666666666666, 13.733333333333333, 14.4, 14.433333333333334]}, "histogram": {"y": [40, 2, 1, 6, 10, 62, 314, 953, 1842, 1994, 1221, 388, 70, 18, 2, 0, 0], "x": [0.0, 1.0, 2.0, 3.0, 4.0, 5.0, 6.0, 7.0, 8.0, 9.0, 10.0, 11.0, 12.0, 13.0, 14.0, 15.0, 16.0]}}