{"percentile": {"x": [5.25, 5.28125, 5.53125, 5.5625, 5.90625, 5.96875, 6.0, 6.0625, 6.09375, 6.125, 6.25, 6.28125, 6.34375, 6.375, 6.40625, 6.5, 6.53125, 6.5625, 6.59375, 6.65625, 6.6875, 6.71875, 6.75, 6.8125, 6.875, 6.90625, 7.0, 7.03125, 7.0625, 7.09375, 7.125, 7.15625, 7.25, 7.28125, 7.3125, 7.34375, 7.375, 7.40625, 7.4375, 7.46875, 7.5, 7.53125, 7.5625, 7.59375, 7.625, 7.65625, 7.6875, 7.71875, 7.75, 7.78125, 7.8125, 7.84375, 7.875, 7.90625, 7.9375, 7.96875, 8.0, 8.03125, 8.0625, 8.09375, 8.125, 8.15625, 8.1875, 8.21875, 8.25, 8.28125, 8.3125, 8.34375, 8.375, 8.40625, 8.4375, 8.46875, 8.5, 8.53125, 8.5625, 8.59375, 8.625, 8.65625, 8.6875, 8.71875, 8.75, 8.78125, 8.8125, 8.84375, 8.875, 8.90625, 8.9375, 8.96875, 9.0, 9.03125, 9.0625, 9.09375, 9.125, 9.15625, 9.1875, 9.21875, 9.25, 9.28125, 9.3125, 9.34375, 9.375, 9.40625, 9.4375, 9.46875, 9.5, 9.53125, 9.5625, 9.59375, 9.625, 9.65625, 9.6875, 9.71875, 9.75, 9.78125, 9.8125, 9.84375, 9.875, 9.90625, 9.9375, 9.96875, 10.0, 10.03125, 10.0625, 10.125, 10.15625, 10.1875, 10.21875, 10.25, 10.28125, 10.3125, 10.34375, 10.375, 10.40625, 10.4375, 10.46875, 10.5, 10.53125, 10.5625, 10.59375, 10.625, 10.65625, 10.6875, 10.71875, 10.75, 10.78125, 10.8125, 10.875, 10.90625, 10.9375, 10.96875, 11.0, 11.03125, 11.09375, 11.125, 11.1875, 11.21875, 11.25, 11.28125, 11.3125, 11.34375, 11.5, 11.5625, 11.59375, 11.65625, 11.6875, 11.78125, 11.90625, 12.0, 12.15625, 12.25, 12.34375, 12.375, 12.46875, 12.875, 12.9375, 12.96875], "y": [0.0, 0.1, 0.2, 0.3, 0.5, 0.6, 0.8, 1.3, 1.5, 1.6, 1.9, 2.0, 2.3, 2.4, 2.6, 2.7, 2.9, 3.0, 3.4, 3.6, 3.7, 4.0, 4.3, 4.5, 4.6, 4.7, 5.0, 6.5, 6.7, 7.1, 7.3, 7.4, 7.8, 8.5, 8.9, 9.3, 9.5, 10.0, 10.7, 10.9, 11.1, 11.4, 11.6, 15.3, 16.2, 16.8, 17.1, 18.1, 18.5, 19.5, 19.8, 20.2, 20.9, 21.6, 22.1, 22.3, 22.8, 25.7, 26.2, 26.4, 26.8, 27.3, 28.2, 28.9, 29.3, 30.8, 31.2, 31.9, 32.6, 33.6, 35.5, 36.0, 36.3, 37.1, 37.6, 40.6, 41.7, 42.7, 43.2, 44.0, 45.4, 46.0, 46.8, 48.0, 48.7, 49.6, 50.8, 51.5, 52.3, 56.0, 56.1, 56.2, 56.7, 57.1, 57.5, 58.0, 58.2, 60.3, 61.5, 62.4, 63.1, 63.8, 64.5, 65.0, 65.9, 66.7, 67.1, 70.5, 71.5, 72.1, 72.8, 73.8, 74.9, 75.2, 75.7, 76.1, 76.5, 77.7, 77.9, 78.7, 79.3, 81.2, 81.5, 81.8, 82.2, 82.5, 82.8, 83.2, 85.1, 85.6, 86.2, 86.7, 87.0, 87.8, 87.9, 88.1, 88.6, 89.0, 90.3, 90.7, 91.1, 91.2, 91.8, 92.3, 92.6, 93.0, 93.1, 93.9, 94.1, 94.2, 94.4, 94.8, 94.9, 95.1, 95.5, 95.8, 95.9, 96.1, 96.5, 96.6, 96.7, 97.0, 97.6, 97.9, 98.2, 98.4, 98.6, 98.7, 98.8, 98.9, 99.3, 99.4, 99.5, 99.7, 99.8, 100.0]}, "histogram": {"x": [5.0, 6.0, 7.0, 8.0, 9.0, 10.0, 11.0, 12.0, 13.0, 14.0], "y": [7, 36, 153, 253, 232, 129, 37, 12, 0, 0]}}