{"histogram": {"x": [0.0, 1.0, 2.0, 3.0, 4.0, 5.0, 6.0, 7.0, 8.0, 9.0, 10.0, 11.0, 12.0], "y": [1, 0, 1, 2, 9, 39, 66, 75, 60, 38, 12, 1, 0]}, "percentile": {"x": [0.03125, 2.03125, 3.125, 3.21875, 4.0, 4.0625, 4.25, 4.28125, 4.34375, 4.5625, 4.78125, 5.0, 5.03125, 5.0625, 5.09375, 5.125, 5.15625, 5.1875, 5.21875, 5.25, 5.28125, 5.34375, 5.40625, 5.4375, 5.5, 5.59375, 5.65625, 5.71875, 5.8125, 5.875, 5.90625, 6.0, 6.03125, 6.0625, 6.09375, 6.125, 6.15625, 6.1875, 6.21875, 6.28125, 6.3125, 6.34375, 6.40625, 6.46875, 6.5, 6.53125, 6.5625, 6.59375, 6.625, 6.65625, 6.6875, 6.71875, 6.75, 6.78125, 6.8125, 6.84375, 6.90625, 6.9375, 6.96875, 7.0, 7.03125, 7.0625, 7.09375, 7.125, 7.15625, 7.1875, 7.21875, 7.25, 7.28125, 7.3125, 7.34375, 7.375, 7.40625, 7.4375, 7.46875, 7.5, 7.5625, 7.59375, 7.6875, 7.71875, 7.78125, 7.8125, 7.84375, 7.90625, 7.9375, 7.96875, 8.0, 8.03125, 8.0625, 8.09375, 8.15625, 8.1875, 8.21875, 8.25, 8.28125, 8.3125, 8.34375, 8.375, 8.4375, 8.46875, 8.5, 8.5625, 8.625, 8.65625, 8.6875, 8.75, 8.78125, 8.8125, 8.84375, 8.875, 8.9375, 9.0, 9.0625, 9.09375, 9.125, 9.1875, 9.21875, 9.25, 9.3125, 9.34375, 9.40625, 9.4375, 9.53125, 9.5625, 9.59375, 9.71875, 9.78125, 9.8125, 9.875, 9.90625, 9.9375, 10.0, 10.03125, 10.0625, 10.09375, 10.21875, 10.375, 10.40625, 10.5, 10.59375, 10.71875, 10.8125, 11.25], "y": [0.0, 0.3, 0.6, 0.9, 1.3, 1.6, 1.9, 2.6, 2.9, 3.3, 3.9, 4.2, 4.6, 5.2, 5.9, 6.9, 7.2, 7.9, 8.2, 8.9, 9.5, 10.2, 11.2, 12.8, 13.2, 13.5, 13.8, 14.8, 15.8, 16.1, 16.5, 17.1, 18.8, 19.1, 19.8, 21.4, 23.1, 23.7, 24.7, 25.0, 25.7, 26.7, 27.0, 28.3, 28.7, 30.0, 31.3, 32.3, 32.6, 33.6, 34.3, 34.6, 34.9, 35.6, 36.3, 37.2, 37.6, 37.9, 38.6, 38.9, 40.9, 41.9, 43.5, 44.8, 45.5, 46.2, 48.1, 48.5, 50.4, 51.8, 52.1, 53.4, 53.7, 54.1, 55.1, 55.4, 55.7, 58.0, 58.4, 59.4, 59.7, 60.7, 61.3, 62.0, 62.7, 63.3, 63.6, 66.3, 67.3, 68.6, 69.6, 70.6, 71.9, 72.6, 73.2, 73.9, 75.2, 75.9, 76.8, 77.2, 77.5, 77.8, 79.2, 79.5, 80.1, 80.5, 80.8, 81.5, 81.8, 82.1, 83.1, 83.4, 84.1, 84.8, 86.7, 87.1, 87.4, 88.1, 88.7, 89.4, 90.4, 90.7, 91.4, 91.7, 93.0, 93.3, 93.7, 94.0, 94.3, 95.3, 95.7, 96.0, 96.3, 96.6, 97.0, 97.3, 97.6, 98.3, 98.6, 99.0, 99.3, 99.6, 100.0]}}