{"percentile": {"y": [0.0, 0.3, 1.1, 1.4, 1.8, 2.2, 2.6, 2.9, 3.7, 4.1, 4.4, 5.2, 5.5, 5.9, 6.3, 7.0, 7.4, 7.8, 9.7, 10.0, 10.8, 11.1, 12.3, 12.6, 13.0, 13.8, 14.5, 15.2, 15.6, 16.4, 16.7, 18.2, 18.6, 19.7, 20.1, 22.0, 22.3, 23.1, 24.2, 24.6, 25.3, 25.7, 28.3, 30.5, 31.7, 32.0, 33.5, 33.9, 35.4, 36.5, 39.1, 39.9, 40.6, 41.0, 41.7, 42.1, 44.7, 47.0, 47.7, 48.8, 50.3, 50.7, 51.4, 52.9, 53.3, 56.3, 57.8, 58.9, 59.3, 60.0, 61.1, 62.3, 63.0, 63.4, 64.5, 64.9, 68.2, 69.0, 69.4, 70.8, 71.6, 72.0, 73.5, 73.8, 75.0, 76.1, 77.6, 79.4, 81.7, 82.8, 83.5, 84.3, 85.0, 86.1, 86.9, 87.6, 89.5, 90.2, 90.6, 91.7, 92.1, 92.5, 92.9, 93.2, 93.6, 94.0, 94.4, 94.7, 95.5, 96.2, 97.0, 97.3, 97.7, 98.8, 99.2, 99.6, 100.0], "x": [0.03333333333333333, 0.26666666666666666, 0.5, 4.6, 4.7, 5.266666666666667, 5.5, 5.6, 5.666666666666667, 5.8, 5.9, 5.966666666666667, 6.0, 6.166666666666667, 6.266666666666667, 6.3, 6.366666666666666, 6.4, 6.5, 6.533333333333333, 6.566666666666666, 6.6, 6.633333333333333, 6.666666666666667, 6.7, 6.733333333333333, 6.8, 6.833333333333333, 6.866666666666667, 6.933333333333334, 7.0, 7.066666666666666, 7.1, 7.133333333333334, 7.266666666666667, 7.333333333333333, 7.366666666666666, 7.433333333333334, 7.466666666666667, 7.533333333333333, 7.566666666666666, 7.6, 7.7, 7.733333333333333, 7.766666666666667, 7.8, 7.833333333333333, 7.9, 7.933333333333334, 8.0, 8.1, 8.133333333333333, 8.166666666666666, 8.2, 8.233333333333333, 8.266666666666667, 8.3, 8.333333333333334, 8.366666666666667, 8.433333333333334, 8.466666666666667, 8.5, 8.533333333333333, 8.566666666666666, 8.6, 8.633333333333333, 8.666666666666666, 8.7, 8.733333333333333, 8.766666666666667, 8.8, 8.833333333333334, 8.866666666666667, 8.933333333333334, 8.966666666666667, 9.0, 9.133333333333333, 9.166666666666666, 9.266666666666667, 9.333333333333334, 9.366666666666667, 9.433333333333334, 9.533333333333333, 9.566666666666666, 9.6, 9.633333333333333, 9.666666666666666, 9.7, 9.733333333333333, 9.766666666666667, 9.8, 9.833333333333334, 9.866666666666667, 9.9, 9.933333333333334, 10.0, 10.033333333333333, 10.1, 10.266666666666667, 10.333333333333334, 10.366666666666667, 10.4, 10.466666666666667, 10.6, 10.633333333333333, 10.666666666666666, 10.7, 10.766666666666667, 10.8, 10.866666666666667, 10.9, 10.933333333333334, 11.0, 11.2, 11.366666666666667, 11.6, 12.1]}, "histogram": {"y": [4, 0, 0, 0, 2, 9, 30, 53, 76, 61, 27, 6, 1, 0, 0], "x": [0.0, 1.0, 2.0, 3.0, 4.0, 5.0, 6.0, 7.0, 8.0, 9.0, 10.0, 11.0, 12.0, 13.0, 14.0]}}