{"percentile": {"x": [0.03125, 0.09375, 0.15625, 0.25, 1.09375, 1.25, 1.3125, 2.125, 2.1875, 3.0, 3.0625, 3.09375, 3.1875, 3.40625, 3.71875, 3.84375, 4.0, 4.0625, 4.09375, 4.125, 4.15625, 4.1875, 4.25, 4.28125, 4.40625, 4.5625, 4.75, 4.78125, 4.84375, 4.90625, 4.9375, 5.0, 5.03125, 5.0625, 5.09375, 5.125, 5.15625, 5.1875, 5.21875, 5.25, 5.28125, 5.3125, 5.34375, 5.40625, 5.4375, 5.46875, 5.5, 5.53125, 5.5625, 5.59375, 5.625, 5.65625, 5.6875, 5.71875, 5.78125, 5.8125, 5.84375, 5.875, 5.90625, 5.9375, 5.96875, 6.0, 6.03125, 6.0625, 6.09375, 6.125, 6.15625, 6.1875, 6.21875, 6.25, 6.28125, 6.3125, 6.34375, 6.375, 6.40625, 6.4375, 6.46875, 6.5, 6.53125, 6.5625, 6.59375, 6.625, 6.65625, 6.6875, 6.71875, 6.75, 6.78125, 6.8125, 6.84375, 6.875, 6.90625, 6.96875, 7.0, 7.03125, 7.0625, 7.09375, 7.125, 7.15625, 7.1875, 7.21875, 7.25, 7.28125, 7.3125, 7.34375, 7.375, 7.40625, 7.4375, 7.46875, 7.5, 7.53125, 7.5625, 7.59375, 7.625, 7.65625, 7.6875, 7.71875, 7.75, 7.78125, 7.8125, 7.84375, 7.875, 7.9375, 7.96875, 8.0, 8.03125, 8.0625, 8.09375, 8.125, 8.15625, 8.1875, 8.21875, 8.25, 8.28125, 8.3125, 8.34375, 8.375, 8.40625, 8.4375, 8.46875, 8.5, 8.53125, 8.5625, 8.59375, 8.625, 8.65625, 8.6875, 8.71875, 8.75, 8.78125, 8.8125, 8.84375, 8.875, 8.90625, 8.9375, 8.96875, 9.0, 9.03125, 9.0625, 9.09375, 9.125, 9.15625, 9.1875, 9.21875, 9.25, 9.28125, 9.3125, 9.34375, 9.375, 9.40625, 9.4375, 9.46875, 9.5, 9.53125, 9.5625, 9.59375, 9.625, 9.65625, 9.6875, 9.71875, 9.75, 9.78125, 9.8125, 9.84375, 9.875, 9.90625, 9.9375, 9.96875, 10.0, 10.03125, 10.0625, 10.09375, 10.125, 10.15625, 10.1875, 10.21875, 10.25, 10.28125, 10.3125, 10.34375, 10.375, 10.40625, 10.4375, 10.46875, 10.5, 10.53125, 10.5625, 10.59375, 10.625, 10.65625, 10.71875, 10.75, 10.78125, 10.8125, 10.84375, 10.875, 10.90625, 10.9375, 10.96875, 11.0, 11.03125, 11.0625, 11.09375, 11.125, 11.15625, 11.1875, 11.21875, 11.25, 11.28125, 11.34375, 11.375, 11.46875, 11.5625, 11.59375, 11.625, 11.71875, 11.9375, 11.96875, 12.0, 12.0625, 12.125, 12.15625, 12.25, 12.65625, 12.71875, 12.84375, 13.0, 13.0625], "y": [0.0, 0.2, 0.3, 0.4, 0.4, 0.5, 0.6, 0.7, 0.7, 0.8, 0.9, 1.1, 1.2, 1.3, 1.4, 1.4, 1.5, 1.7, 1.9, 2.0, 2.1, 2.2, 2.3, 2.4, 2.4, 2.5, 2.8, 2.9, 3.1, 3.1, 3.2, 3.3, 3.6, 3.8, 4.0, 4.1, 4.3, 4.8, 5.1, 5.2, 5.3, 5.3, 5.5, 5.9, 6.2, 6.5, 6.8, 6.8, 7.2, 7.5, 7.7, 7.7, 7.8, 8.0, 8.2, 8.4, 8.7, 8.8, 9.0, 9.2, 9.2, 9.4, 10.2, 10.3, 10.9, 11.5, 11.8, 12.6, 13.1, 13.3, 13.8, 14.1, 14.4, 14.7, 14.9, 15.3, 15.6, 15.8, 15.8, 16.0, 17.5, 17.6, 18.1, 18.2, 18.5, 18.9, 19.2, 19.7, 20.2, 20.6, 20.9, 21.5, 21.7, 23.3, 24.1, 25.1, 26.8, 27.9, 28.9, 29.9, 30.5, 32.1, 32.8, 33.5, 34.1, 34.9, 35.9, 36.5, 37.4, 38.0, 38.4, 40.1, 40.6, 41.1, 41.5, 42.0, 42.5, 42.8, 43.3, 43.6, 44.0, 44.2, 45.0, 45.3, 47.2, 48.0, 49.6, 50.8, 52.6, 53.5, 54.5, 55.0, 57.0, 57.6, 58.1, 58.9, 59.8, 60.5, 61.3, 61.8, 62.5, 63.5, 65.7, 66.5, 67.2, 67.6, 68.2, 68.4, 68.8, 69.5, 69.8, 70.1, 70.5, 71.0, 71.3, 72.0, 74.0, 74.8, 75.4, 75.9, 76.4, 77.1, 77.3, 77.6, 78.4, 79.2, 79.8, 80.2, 80.8, 81.3, 81.5, 82.1, 82.7, 83.1, 84.8, 85.3, 85.5, 85.7, 85.9, 86.0, 86.4, 86.5, 86.8, 87.1, 87.3, 87.5, 87.8, 88.0, 88.8, 89.0, 89.2, 89.8, 90.4, 90.7, 90.9, 91.3, 92.0, 92.3, 92.7, 92.7, 92.9, 93.3, 93.4, 93.7, 93.9, 94.1, 94.6, 95.1, 95.1, 95.3, 95.4, 95.5, 95.7, 95.9, 96.0, 96.1, 96.3, 96.5, 96.6, 96.9, 97.0, 97.2, 97.3, 97.4, 97.7, 97.8, 97.9, 98.0, 98.0, 98.1, 98.2, 98.4, 98.7, 98.7, 98.8, 98.9, 99.0, 99.1, 99.3, 99.4, 99.5, 99.5, 99.6, 99.7, 99.8, 99.9, 100.0]}, "histogram": {"x": [0.0, 1.0, 2.0, 3.0, 4.0, 5.0, 6.0, 7.0, 8.0, 9.0, 10.0, 11.0, 12.0, 13.0, 14.0, 15.0], "y": [7, 3, 2, 10, 25, 86, 174, 333, 376, 227, 121, 35, 11, 2, 0, 0]}}