{"percentile": {"x": [0.21875, 4.125, 4.5625, 4.96875, 5.0625, 5.125, 6.0, 6.0625, 6.25, 6.34375, 6.375, 6.40625, 6.4375, 6.5, 6.53125, 6.5625, 6.59375, 6.625, 6.65625, 6.6875, 6.75, 6.8125, 6.84375, 6.90625, 6.96875, 7.0, 7.03125, 7.0625, 7.09375, 7.125, 7.15625, 7.1875, 7.25, 7.3125, 7.34375, 7.4375, 7.46875, 7.5, 7.5625, 7.59375, 7.625, 7.65625, 7.6875, 7.71875, 7.75, 7.78125, 7.8125, 7.84375, 7.875, 7.90625, 7.9375, 7.96875, 8.0, 8.03125, 8.0625, 8.09375, 8.125, 8.15625, 8.1875, 8.21875, 8.25, 8.28125, 8.3125, 8.34375, 8.375, 8.40625, 8.4375, 8.46875, 8.5, 8.53125, 8.5625, 8.59375, 8.625, 8.65625, 8.6875, 8.71875, 8.75, 8.78125, 8.8125, 8.84375, 8.875, 8.90625, 8.9375, 8.96875, 9.0, 9.03125, 9.0625, 9.09375, 9.125, 9.15625, 9.1875, 9.21875, 9.25, 9.28125, 9.3125, 9.34375, 9.375, 9.40625, 9.4375, 9.46875, 9.5, 9.53125, 9.5625, 9.59375, 9.625, 9.65625, 9.6875, 9.71875, 9.75, 9.78125, 9.8125, 9.84375, 9.875, 9.90625, 9.9375, 9.96875, 10.0, 10.0625, 10.125, 10.15625, 10.21875, 10.25, 10.28125, 10.3125, 10.34375, 10.375, 10.40625, 10.4375, 10.46875, 10.5, 10.5625, 10.59375, 10.625, 10.65625, 10.6875, 10.71875, 10.75, 10.78125, 10.8125, 10.875, 10.90625, 10.9375, 10.96875, 11.0, 11.03125, 11.09375, 11.125, 11.15625, 11.25, 11.3125, 11.375, 11.40625, 11.46875, 11.5625, 11.625, 11.71875, 11.875, 12.0, 12.1875, 12.28125, 12.3125, 12.5, 12.5625, 13.0], "y": [0.0, 0.1, 0.3, 0.5, 0.7, 0.9, 1.1, 1.3, 1.5, 1.8, 2.0, 2.4, 3.5, 3.7, 4.1, 4.3, 5.2, 5.6, 5.8, 6.0, 6.2, 6.7, 6.9, 7.3, 7.9, 8.0, 8.8, 9.2, 9.6, 9.7, 9.9, 10.1, 10.3, 11.4, 12.0, 12.4, 12.9, 13.5, 13.7, 14.8, 16.0, 16.7, 17.3, 17.8, 18.0, 18.6, 19.3, 19.9, 20.7, 21.6, 22.0, 22.2, 22.4, 23.7, 23.9, 24.1, 24.4, 24.8, 25.4, 25.8, 26.1, 28.0, 28.4, 29.3, 29.5, 30.3, 31.4, 31.8, 32.2, 33.3, 33.8, 37.4, 37.6, 38.0, 38.6, 38.9, 39.9, 40.3, 41.8, 42.7, 43.6, 45.1, 46.3, 47.0, 48.2, 50.4, 50.8, 52.1, 52.5, 53.1, 53.6, 54.6, 55.5, 57.6, 58.0, 58.5, 59.5, 60.4, 61.7, 62.3, 63.0, 64.7, 64.9, 67.7, 68.9, 69.8, 70.2, 70.9, 72.1, 72.3, 72.5, 72.8, 73.4, 73.6, 74.7, 75.3, 75.7, 77.5, 77.7, 78.5, 78.9, 79.0, 80.7, 81.3, 82.4, 82.8, 83.6, 84.3, 84.9, 85.1, 85.8, 89.2, 89.6, 90.2, 90.7, 91.5, 91.9, 92.2, 92.6, 93.0, 93.2, 93.5, 93.7, 93.9, 94.5, 94.7, 94.9, 95.1, 95.6, 96.4, 96.6, 96.9, 97.1, 97.3, 97.9, 98.1, 98.3, 98.6, 99.0, 99.2, 99.4, 99.6, 99.8, 100.0]}, "histogram": {"x": [0.0, 1.0, 2.0, 3.0, 4.0, 5.0, 6.0, 7.0, 8.0, 9.0, 10.0, 11.0, 12.0, 13.0, 14.0], "y": [1, 0, 0, 0, 3, 2, 37, 76, 137, 146, 97, 25, 7, 1, 0]}}