{"percentile": {"y": [0.0, 0.4, 0.8, 1.2, 2.1, 2.5, 2.9, 3.7, 4.2, 5.9, 6.3, 6.7, 7.1, 7.5, 8.8, 9.2, 9.7, 10.1, 10.9, 11.3, 11.8, 12.6, 13.5, 13.9, 14.3, 16.0, 16.8, 17.7, 18.1, 18.9, 19.4, 23.2, 23.6, 24.0, 24.4, 24.8, 25.3, 28.6, 29.5, 29.9, 30.3, 32.4, 33.3, 35.0, 35.4, 36.7, 37.5, 41.3, 41.7, 43.0, 43.8, 44.3, 45.1, 45.9, 46.8, 47.2, 47.6, 48.9, 49.7, 50.2, 50.6, 51.8, 52.7, 53.1, 53.5, 56.1, 58.6, 59.9, 60.7, 61.6, 62.4, 63.2, 64.1, 64.5, 67.5, 69.6, 70.8, 72.1, 72.5, 73.4, 73.8, 75.5, 76.3, 76.7, 77.6, 78.0, 79.7, 80.5, 81.0, 81.8, 82.7, 83.1, 83.5, 83.9, 84.3, 86.4, 87.7, 88.1, 89.0, 89.4, 89.8, 90.2, 92.4, 92.8, 93.2, 94.9, 95.3, 95.7, 96.2, 96.6, 97.0, 97.4, 97.8, 98.3, 98.7, 99.1, 99.5, 100.0], "x": [0.25, 5.21875, 5.6875, 6.0, 6.125, 6.25, 6.40625, 6.46875, 6.5625, 6.59375, 6.625, 6.9375, 6.96875, 7.0, 7.03125, 7.0625, 7.125, 7.21875, 7.25, 7.3125, 7.34375, 7.375, 7.40625, 7.4375, 7.5625, 7.625, 7.8125, 7.875, 7.9375, 7.96875, 8.0, 8.09375, 8.125, 8.15625, 8.1875, 8.21875, 8.25, 8.28125, 8.3125, 8.34375, 8.375, 8.40625, 8.4375, 8.46875, 8.5, 8.53125, 8.5625, 8.59375, 8.625, 8.65625, 8.6875, 8.71875, 8.75, 8.78125, 8.8125, 8.84375, 8.875, 8.90625, 8.9375, 8.96875, 9.0, 9.09375, 9.15625, 9.21875, 9.25, 9.28125, 9.3125, 9.34375, 9.375, 9.4375, 9.46875, 9.5, 9.53125, 9.5625, 9.59375, 9.625, 9.6875, 9.71875, 9.75, 9.78125, 9.8125, 9.84375, 9.875, 9.9375, 9.96875, 10.0, 10.09375, 10.125, 10.15625, 10.25, 10.28125, 10.375, 10.4375, 10.5, 10.5625, 10.59375, 10.625, 10.65625, 10.78125, 10.8125, 10.90625, 11.0, 11.03125, 11.125, 11.25, 11.28125, 11.40625, 11.53125, 11.5625, 11.59375, 11.6875, 11.8125, 12.03125, 12.125, 12.25, 12.28125, 12.40625, 13.5625]}, "histogram": {"y": [1, 0, 0, 0, 0, 2, 15, 28, 74, 65, 29, 18, 5, 1, 0, 0], "x": [0.0, 1.0, 2.0, 3.0, 4.0, 5.0, 6.0, 7.0, 8.0, 9.0, 10.0, 11.0, 12.0, 13.0, 14.0, 15.0]}}