{"histogram": {"x": [0.0, 1.0, 2.0, 3.0, 4.0, 5.0, 6.0, 7.0, 8.0, 9.0, 10.0, 11.0, 12.0], "y": [5, 3, 2, 7, 11, 23, 41, 36, 28, 15, 2, 0, 0]}, "percentile": {"x": [0.03333333333333333, 0.1, 0.26666666666666666, 0.43333333333333335, 1.0666666666666667, 1.2, 1.2333333333333334, 2.6, 2.7333333333333334, 3.066666666666667, 3.1666666666666665, 3.2, 3.2333333333333334, 3.533333333333333, 3.6, 3.6333333333333333, 4.066666666666666, 4.133333333333334, 4.166666666666667, 4.233333333333333, 4.333333333333333, 4.433333333333334, 4.566666666666666, 4.833333333333333, 4.933333333333334, 5.066666666666666, 5.1, 5.133333333333334, 5.266666666666667, 5.333333333333333, 5.366666666666666, 5.466666666666667, 5.5, 5.566666666666666, 5.6, 5.666666666666667, 5.7, 5.866666666666667, 5.9, 5.966666666666667, 6.0, 6.033333333333333, 6.066666666666666, 6.1, 6.133333333333334, 6.166666666666667, 6.266666666666667, 6.3, 6.333333333333333, 6.4, 6.433333333333334, 6.466666666666667, 6.533333333333333, 6.6, 6.633333333333333, 6.733333333333333, 6.8, 6.833333333333333, 6.866666666666667, 7.0, 7.033333333333333, 7.066666666666666, 7.133333333333334, 7.2, 7.233333333333333, 7.266666666666667, 7.366666666666666, 7.4, 7.433333333333334, 7.5, 7.6, 7.633333333333333, 7.7, 7.766666666666667, 7.8, 7.833333333333333, 7.866666666666667, 7.933333333333334, 8.0, 8.033333333333333, 8.066666666666666, 8.1, 8.166666666666666, 8.2, 8.233333333333333, 8.266666666666667, 8.3, 8.333333333333334, 8.466666666666667, 8.5, 8.533333333333333, 8.633333333333333, 8.666666666666666, 8.7, 8.766666666666667, 8.833333333333334, 8.933333333333334, 9.133333333333333, 9.166666666666666, 9.2, 9.233333333333333, 9.266666666666667, 9.3, 9.5, 9.566666666666666, 9.6, 9.866666666666667, 10.2], "y": [0.0, 0.5, 1.1, 1.7, 2.9, 3.4, 4.0, 4.6, 5.2, 5.8, 6.3, 6.9, 7.5, 8.1, 8.7, 9.3, 9.8, 10.4, 11.0, 11.6, 12.2, 12.7, 13.3, 14.5, 15.1, 16.2, 16.8, 17.4, 18.0, 19.1, 19.7, 20.3, 20.9, 22.0, 22.6, 25.5, 26.7, 27.3, 27.9, 28.4, 29.6, 33.1, 33.7, 36.0, 37.2, 38.3, 39.5, 40.6, 41.8, 43.0, 43.6, 44.1, 45.3, 45.9, 48.8, 49.4, 50.0, 51.7, 52.3, 53.4, 55.8, 56.9, 59.8, 62.2, 62.7, 63.3, 65.1, 65.6, 67.4, 68.0, 69.1, 69.7, 70.3, 70.9, 71.5, 72.0, 72.6, 73.2, 74.4, 75.0, 76.1, 78.4, 79.0, 79.6, 80.2, 81.3, 81.9, 83.1, 83.7, 84.3, 84.8, 85.4, 87.2, 87.7, 88.3, 88.9, 90.1, 90.6, 91.2, 91.8, 92.4, 93.0, 95.9, 96.5, 97.6, 98.2, 98.8, 99.4]}}