{"histogram": {"y": [3, 5, 10, 9, 10, 4, 2, 0, 0], "x": [4.0, 5.0, 6.0, 7.0, 8.0, 9.0, 10.0, 11.0, 12.0]}, "percentile": {"y": [0.0, 2.3, 4.7, 7.1, 9.5, 11.9, 14.2, 16.6, 19.0, 21.4, 26.1, 30.9, 33.3, 35.7, 38.0, 40.4, 42.8, 45.2, 47.6, 50.0, 52.3, 54.7, 57.1, 61.9, 64.2, 66.6, 69.0, 73.8, 78.5, 80.9, 83.3, 85.7, 88.0, 92.8, 95.2, 97.6, 100.0], "x": [4.366666666666666, 4.6, 4.833333333333333, 5.0, 5.233333333333333, 5.266666666666667, 5.433333333333334, 5.933333333333334, 6.0, 6.133333333333334, 6.166666666666667, 6.333333333333333, 6.366666666666666, 6.6, 6.633333333333333, 6.966666666666667, 7.0, 7.033333333333333, 7.066666666666666, 7.3, 7.366666666666666, 7.6, 7.7, 7.933333333333334, 8.1, 8.166666666666666, 8.233333333333333, 8.266666666666667, 8.3, 8.566666666666666, 8.6, 8.766666666666667, 9.133333333333333, 9.733333333333333, 9.866666666666667, 10.033333333333333, 10.833333333333334]}}