{"histogram": {"y": [41, 24, 24, 72, 180, 468, 902, 1139, 970, 509, 282, 104, 39, 8, 0, 0], "x": [0.0, 1.0, 2.0, 3.0, 4.0, 5.0, 6.0, 7.0, 8.0, 9.0, 10.0, 11.0, 12.0, 13.0, 14.0, 15.0]}, "percentile": {"y": [0.0, 0.2, 0.2, 0.3, 0.4, 0.5, 0.5, 0.6, 0.7, 0.7, 0.7, 0.8, 1.0, 1.1, 1.1, 1.2, 1.2, 1.2, 1.3, 1.3, 1.3, 1.4, 1.5, 1.5, 1.5, 1.6, 1.7, 1.7, 1.7, 1.7, 1.8, 1.8, 1.8, 2.0, 2.1, 2.2, 2.3, 2.3, 2.4, 2.5, 2.7, 2.7, 2.8, 2.8, 2.9, 2.9, 3.0, 3.1, 3.1, 3.1, 3.2, 3.2, 3.2, 3.3, 3.3, 3.5, 3.7, 3.9, 4.1, 4.2, 4.4, 4.5, 4.6, 4.7, 4.8, 4.9, 5.1, 5.2, 5.3, 5.4, 5.5, 5.7, 5.7, 6.1, 6.3, 6.3, 6.4, 6.6, 6.7, 6.8, 6.9, 7.0, 7.1, 7.1, 7.8, 8.1, 8.5, 8.8, 9.3, 9.9, 10.3, 10.6, 11.1, 11.3, 11.6, 11.9, 12.2, 12.7, 13.0, 13.2, 13.4, 13.6, 14.6, 14.9, 15.2, 15.3, 15.6, 15.7, 15.9, 16.0, 16.2, 16.5, 16.6, 16.9, 18.0, 18.7, 19.4, 19.9, 20.9, 22.0, 22.6, 23.0, 23.9, 24.3, 24.6, 25.4, 25.9, 26.5, 26.9, 27.4, 27.9, 28.6, 30.4, 30.9, 31.4, 31.8, 32.1, 32.7, 33.2, 33.8, 34.5, 35.0, 35.6, 35.9, 37.8, 38.7, 39.8, 41.0, 41.9, 43.0, 43.8, 44.7, 46.0, 46.6, 47.3, 48.1, 48.6, 49.4, 49.9, 50.6, 51.1, 51.5, 53.6, 54.4, 55.2, 55.7, 56.1, 56.7, 57.2, 57.8, 58.3, 58.8, 59.3, 59.8, 61.7, 62.4, 63.3, 64.2, 65.1, 66.1, 66.9, 67.4, 68.6, 69.3, 69.9, 70.5, 70.9, 71.7, 72.4, 72.7, 73.1, 73.4, 75.1, 75.6, 76.2, 76.7, 77.2, 77.6, 78.0, 78.5, 79.0, 79.6, 80.0, 80.2, 81.3, 81.8, 82.2, 82.8, 83.3, 83.7, 84.1, 84.5, 85.0, 85.5, 85.7, 86.0, 86.2, 86.4, 86.7, 86.9, 87.0, 87.2, 88.3, 88.7, 88.9, 89.3, 89.4, 89.7, 89.8, 89.9, 90.1, 90.4, 90.7, 90.9, 91.6, 91.9, 92.0, 92.3, 92.5, 92.9, 93.1, 93.4, 93.8, 94.0, 94.1, 94.3, 94.4, 94.6, 94.7, 94.9, 95.0, 95.1, 95.5, 95.6, 95.8, 95.9, 96.0, 96.1, 96.3, 96.4, 96.5, 96.7, 96.7, 96.8, 97.1, 97.2, 97.2, 97.3, 97.5, 97.5, 97.7, 97.7, 97.8, 97.8, 97.9, 98.0, 98.1, 98.1, 98.1, 98.2, 98.2, 98.3, 98.5, 98.5, 98.6, 98.6, 98.7, 98.8, 98.8, 98.9, 99.0, 99.1, 99.1, 99.2, 99.2, 99.3, 99.3, 99.3, 99.4, 99.5, 99.6, 99.6, 99.6, 99.6, 99.7, 99.7, 99.7, 99.7, 99.8, 99.8, 99.8, 99.8, 99.8, 99.9, 99.9, 99.9, 99.9, 100.0], "x": [0.03333333333333333, 0.06666666666666667, 0.1, 0.13333333333333333, 0.16666666666666666, 0.2, 0.23333333333333334, 0.26666666666666666, 0.3, 0.3333333333333333, 0.43333333333333335, 1.0, 1.0333333333333334, 1.0666666666666667, 1.1333333333333333, 1.2, 1.2333333333333334, 1.4666666666666668, 1.6333333333333333, 1.9666666666666668, 2.0, 2.033333333333333, 2.066666666666667, 2.1333333333333333, 2.2, 2.2333333333333334, 2.2666666666666666, 2.3333333333333335, 2.3666666666666667, 2.4333333333333336, 2.6, 2.6666666666666665, 3.0, 3.033333333333333, 3.066666666666667, 3.1, 3.1333333333333333, 3.1666666666666665, 3.2, 3.2333333333333334, 3.2666666666666666, 3.3333333333333335, 3.4, 3.4333333333333336, 3.466666666666667, 3.5, 3.5666666666666664, 3.6, 3.6666666666666665, 3.7333333333333334, 3.7666666666666666, 3.8, 3.8333333333333335, 3.8666666666666667, 4.0, 4.033333333333333, 4.066666666666666, 4.1, 4.133333333333334, 4.166666666666667, 4.2, 4.233333333333333, 4.266666666666667, 4.3, 4.333333333333333, 4.366666666666666, 4.4, 4.433333333333334, 4.466666666666667, 4.5, 4.533333333333333, 4.566666666666666, 4.6, 4.633333333333333, 4.7, 4.733333333333333, 4.766666666666667, 4.8, 4.833333333333333, 4.866666666666667, 4.9, 4.933333333333334, 4.966666666666667, 5.0, 5.033333333333333, 5.066666666666666, 5.1, 5.133333333333334, 5.166666666666667, 5.2, 5.233333333333333, 5.266666666666667, 5.3, 5.333333333333333, 5.366666666666666, 5.4, 5.433333333333334, 5.466666666666667, 5.5, 5.533333333333333, 5.566666666666666, 5.6, 5.633333333333333, 5.666666666666667, 5.7, 5.733333333333333, 5.766666666666667, 5.8, 5.833333333333333, 5.866666666666667, 5.9, 5.933333333333334, 5.966666666666667, 6.0, 6.033333333333333, 6.066666666666666, 6.1, 6.133333333333334, 6.166666666666667, 6.2, 6.233333333333333, 6.266666666666667, 6.3, 6.333333333333333, 6.366666666666666, 6.4, 6.433333333333334, 6.466666666666667, 6.5, 6.533333333333333, 6.566666666666666, 6.6, 6.633333333333333, 6.666666666666667, 6.7, 6.733333333333333, 6.766666666666667, 6.8, 6.833333333333333, 6.866666666666667, 6.9, 6.933333333333334, 6.966666666666667, 7.0, 7.033333333333333, 7.066666666666666, 7.1, 7.133333333333334, 7.166666666666667, 7.2, 7.233333333333333, 7.266666666666667, 7.3, 7.333333333333333, 7.366666666666666, 7.4, 7.433333333333334, 7.466666666666667, 7.5, 7.533333333333333, 7.566666666666666, 7.6, 7.633333333333333, 7.666666666666667, 7.7, 7.733333333333333, 7.766666666666667, 7.8, 7.833333333333333, 7.866666666666667, 7.9, 7.933333333333334, 7.966666666666667, 8.0, 8.033333333333333, 8.066666666666666, 8.1, 8.133333333333333, 8.166666666666666, 8.2, 8.233333333333333, 8.266666666666667, 8.3, 8.333333333333334, 8.366666666666667, 8.4, 8.433333333333334, 8.466666666666667, 8.5, 8.533333333333333, 8.566666666666666, 8.6, 8.633333333333333, 8.666666666666666, 8.7, 8.733333333333333, 8.766666666666667, 8.8, 8.833333333333334, 8.866666666666667, 8.9, 8.933333333333334, 8.966666666666667, 9.0, 9.033333333333333, 9.066666666666666, 9.1, 9.133333333333333, 9.166666666666666, 9.2, 9.233333333333333, 9.266666666666667, 9.3, 9.333333333333334, 9.366666666666667, 9.4, 9.433333333333334, 9.466666666666667, 9.5, 9.533333333333333, 9.566666666666666, 9.6, 9.633333333333333, 9.666666666666666, 9.7, 9.733333333333333, 9.766666666666667, 9.8, 9.833333333333334, 9.866666666666667, 9.9, 9.933333333333334, 9.966666666666667, 10.0, 10.033333333333333, 10.066666666666666, 10.1, 10.133333333333333, 10.166666666666666, 10.2, 10.233333333333333, 10.266666666666667, 10.3, 10.333333333333334, 10.366666666666667, 10.4, 10.433333333333334, 10.466666666666667, 10.5, 10.533333333333333, 10.566666666666666, 10.6, 10.633333333333333, 10.666666666666666, 10.7, 10.733333333333333, 10.766666666666667, 10.8, 10.833333333333334, 10.866666666666667, 10.9, 10.933333333333334, 10.966666666666667, 11.0, 11.033333333333333, 11.066666666666666, 11.1, 11.133333333333333, 11.166666666666666, 11.2, 11.233333333333333, 11.266666666666667, 11.3, 11.333333333333334, 11.366666666666667, 11.433333333333334, 11.466666666666667, 11.5, 11.533333333333333, 11.566666666666666, 11.6, 11.633333333333333, 11.666666666666666, 11.7, 11.733333333333333, 11.766666666666667, 11.8, 11.833333333333334, 11.866666666666667, 11.933333333333334, 12.0, 12.033333333333333, 12.066666666666666, 12.1, 12.133333333333333, 12.166666666666666, 12.2, 12.233333333333333, 12.266666666666667, 12.3, 12.333333333333334, 12.433333333333334, 12.466666666666667, 12.533333333333333, 12.633333333333333, 12.666666666666666, 12.733333333333333, 12.833333333333334, 12.933333333333334, 12.966666666666667, 13.0, 13.2, 13.266666666666667, 13.333333333333334, 13.366666666666667, 13.5, 13.533333333333333, 13.666666666666666]}}