{"histogram": {"x": [7.0, 8.0, 9.0, 10.0, 11.0, 12.0, 13.0], "y": [1, 4, 2, 1, 1, 0, 0]}, "percentile": {"x": [7.5625, 8.0, 8.25, 8.40625, 9.375, 9.71875, 10.625, 11.5625], "y": [0.0, 12.5, 25.0, 50.0, 62.5, 75.0, 87.5, 100.0]}}