{"percentile": {"y": [0.0, 1.8, 3.7, 5.6, 7.5, 9.4, 11.3, 15.0, 16.9, 18.8, 20.7, 24.5, 26.4, 28.3, 30.1, 32.0, 33.9, 35.8, 37.7, 41.5, 43.3, 45.2, 47.1, 49.0, 50.9, 52.8, 54.7, 56.6, 60.3, 64.1, 66.0, 67.9, 69.8, 73.5, 75.4, 77.3, 79.2, 84.9, 86.7, 90.5, 92.4, 96.2, 98.1, 100.0], "x": [5.25, 5.3125, 5.5625, 5.90625, 6.09375, 6.4375, 6.5625, 6.65625, 7.0, 7.25, 7.28125, 7.40625, 7.4375, 7.5625, 7.71875, 7.78125, 8.0, 8.15625, 8.25, 8.375, 8.5625, 8.6875, 8.71875, 8.84375, 8.875, 8.90625, 8.96875, 9.0, 9.09375, 9.125, 9.25, 9.28125, 9.53125, 9.5625, 9.59375, 9.625, 9.65625, 9.78125, 9.875, 9.9375, 10.0, 10.25, 10.84375, 13.0625]}, "histogram": {"y": [4, 5, 9, 12, 19, 4, 0, 0, 1, 0], "x": [5.0, 6.0, 7.0, 8.0, 9.0, 10.0, 11.0, 12.0, 13.0, 14.0]}}