{"histogram": {"x": [0.0, 1.0, 2.0, 3.0, 4.0, 5.0, 6.0, 7.0, 8.0, 9.0, 10.0, 11.0, 12.0, 13.0], "y": [1, 2, 2, 9, 17, 40, 69, 84, 50, 31, 8, 3, 2, 1]}, "percentile": {"x": [0.26666666666666666, 1.0333333333333334, 1.1666666666666667, 2.1666666666666665, 2.2333333333333334, 3.0, 3.1333333333333333, 3.1666666666666665, 3.3, 3.5, 3.8, 3.8333333333333335, 4.0, 4.033333333333333, 4.1, 4.133333333333334, 4.166666666666667, 4.2, 4.433333333333334, 4.466666666666667, 4.5, 4.566666666666666, 4.633333333333333, 4.666666666666667, 4.8, 5.0, 5.033333333333333, 5.066666666666666, 5.133333333333334, 5.233333333333333, 5.266666666666667, 5.3, 5.366666666666666, 5.433333333333334, 5.466666666666667, 5.5, 5.533333333333333, 5.566666666666666, 5.6, 5.633333333333333, 5.666666666666667, 5.733333333333333, 5.766666666666667, 5.8, 5.866666666666667, 5.9, 5.966666666666667, 6.0, 6.033333333333333, 6.066666666666666, 6.1, 6.133333333333334, 6.166666666666667, 6.2, 6.233333333333333, 6.266666666666667, 6.3, 6.333333333333333, 6.366666666666666, 6.4, 6.466666666666667, 6.5, 6.533333333333333, 6.6, 6.7, 6.766666666666667, 6.8, 6.833333333333333, 6.866666666666667, 6.9, 6.933333333333334, 6.966666666666667, 7.0, 7.033333333333333, 7.066666666666666, 7.1, 7.133333333333334, 7.166666666666667, 7.2, 7.233333333333333, 7.266666666666667, 7.3, 7.333333333333333, 7.4, 7.433333333333334, 7.466666666666667, 7.5, 7.533333333333333, 7.566666666666666, 7.6, 7.633333333333333, 7.666666666666667, 7.7, 7.733333333333333, 7.766666666666667, 7.8, 7.833333333333333, 7.866666666666667, 7.933333333333334, 7.966666666666667, 8.0, 8.033333333333333, 8.066666666666666, 8.1, 8.133333333333333, 8.166666666666666, 8.2, 8.233333333333333, 8.266666666666667, 8.333333333333334, 8.4, 8.433333333333334, 8.466666666666667, 8.5, 8.533333333333333, 8.566666666666666, 8.6, 8.633333333333333, 8.666666666666666, 8.766666666666667, 8.833333333333334, 8.866666666666667, 8.9, 8.966666666666667, 9.0, 9.033333333333333, 9.066666666666666, 9.1, 9.133333333333333, 9.266666666666667, 9.366666666666667, 9.4, 9.466666666666667, 9.566666666666666, 9.6, 9.666666666666666, 9.7, 9.766666666666667, 9.833333333333334, 9.866666666666667, 10.0, 10.166666666666666, 10.333333333333334, 10.733333333333333, 10.9, 10.966666666666667, 11.066666666666666, 11.3, 11.433333333333334, 12.033333333333333, 12.433333333333334, 13.033333333333333], "y": [0.0, 0.3, 0.6, 0.9, 1.2, 1.5, 2.2, 2.5, 2.8, 3.1, 3.4, 4.0, 4.4, 5.0, 5.3, 5.9, 6.2, 6.9, 7.5, 7.8, 8.1, 8.4, 8.8, 9.1, 9.4, 9.7, 10.6, 11.6, 12.8, 13.2, 13.8, 14.1, 14.4, 14.7, 15.7, 16.6, 17.2, 17.6, 18.2, 19.1, 19.4, 19.8, 20.4, 20.7, 21.3, 21.6, 22.0, 22.3, 23.2, 23.8, 25.7, 26.4, 27.6, 29.2, 30.1, 30.5, 30.8, 31.4, 31.7, 32.7, 33.6, 34.2, 35.2, 36.4, 38.9, 39.9, 40.2, 41.5, 41.8, 42.1, 42.4, 43.7, 44.0, 46.5, 47.1, 48.7, 49.6, 50.9, 52.2, 53.4, 53.7, 54.7, 55.6, 55.9, 56.6, 58.8, 60.0, 60.6, 61.0, 61.3, 63.2, 63.8, 64.4, 65.0, 65.7, 66.9, 68.2, 68.8, 69.1, 69.8, 70.4, 72.0, 72.9, 73.5, 74.2, 74.5, 75.1, 75.7, 77.3, 79.2, 79.5, 80.1, 80.5, 80.8, 81.1, 81.4, 81.7, 82.7, 83.3, 83.9, 84.5, 84.9, 85.2, 85.8, 86.1, 87.4, 87.7, 88.0, 89.3, 89.9, 90.8, 91.1, 91.8, 92.4, 92.7, 94.3, 94.6, 94.9, 95.2, 95.5, 95.9, 96.8, 97.1, 97.4, 97.7, 98.1, 98.4, 98.7, 99.0, 99.3, 99.6, 100.0]}}