{"histogram": {"x": [3.0, 4.0, 5.0, 6.0, 7.0, 8.0, 9.0, 10.0, 11.0, 12.0], "y": [1, 3, 8, 20, 15, 15, 6, 0, 2, 0]}, "percentile": {"x": [3.5625, 4.03125, 4.875, 5.40625, 5.5, 5.53125, 5.5625, 5.59375, 5.625, 5.96875, 6.0, 6.03125, 6.125, 6.25, 6.34375, 6.40625, 6.4375, 6.46875, 6.5, 6.5625, 6.59375, 6.625, 6.65625, 6.75, 6.9375, 7.0, 7.125, 7.1875, 7.21875, 7.34375, 7.40625, 7.53125, 7.5625, 7.6875, 7.75, 7.84375, 8.0, 8.15625, 8.25, 8.28125, 8.40625, 8.4375, 8.59375, 8.625, 8.8125, 9.0, 9.25, 9.40625, 9.6875, 11.125, 11.28125], "y": [0.0, 1.4, 2.8, 5.7, 8.6, 10.1, 11.5, 13.0, 14.4, 15.9, 17.3, 18.8, 20.2, 23.1, 24.6, 27.5, 28.9, 30.4, 31.8, 33.3, 34.7, 36.2, 39.1, 42.0, 44.9, 46.3, 49.2, 50.7, 52.1, 53.6, 56.5, 59.4, 60.8, 63.7, 65.2, 66.6, 68.1, 75.3, 76.8, 81.1, 82.6, 84.0, 85.5, 86.9, 88.4, 89.8, 91.3, 95.6, 97.1, 98.5, 100.0]}}