{"percentile": {"x": [0.03125, 0.40625, 3.0, 4.25, 5.1875, 5.21875, 5.25, 5.5, 5.53125, 5.59375, 5.625, 5.65625, 5.6875, 5.84375, 6.0, 6.03125, 6.0625, 6.09375, 6.21875, 6.25, 6.34375, 6.375, 6.40625, 6.4375, 6.46875, 6.5, 6.53125, 6.5625, 6.59375, 6.625, 6.65625, 6.6875, 6.71875, 6.75, 6.78125, 6.8125, 6.875, 6.90625, 6.9375, 6.96875, 7.0, 7.03125, 7.0625, 7.09375, 7.125, 7.15625, 7.1875, 7.21875, 7.25, 7.28125, 7.3125, 7.34375, 7.375, 7.40625, 7.4375, 7.46875, 7.5, 7.53125, 7.5625, 7.59375, 7.625, 7.65625, 7.6875, 7.71875, 7.75, 7.78125, 7.8125, 7.84375, 7.875, 7.90625, 7.9375, 7.96875, 8.0, 8.03125, 8.0625, 8.09375, 8.125, 8.15625, 8.1875, 8.21875, 8.25, 8.28125, 8.3125, 8.34375, 8.375, 8.40625, 8.4375, 8.46875, 8.5, 8.53125, 8.5625, 8.59375, 8.625, 8.65625, 8.6875, 8.71875, 8.75, 8.78125, 8.8125, 8.84375, 8.875, 8.90625, 8.9375, 8.96875, 9.0, 9.03125, 9.0625, 9.09375, 9.125, 9.15625, 9.1875, 9.21875, 9.25, 9.28125, 9.3125, 9.34375, 9.375, 9.40625, 9.4375, 9.46875, 9.5, 9.53125, 9.5625, 9.59375, 9.625, 9.65625, 9.6875, 9.71875, 9.75, 9.78125, 9.8125, 9.84375, 9.875, 9.90625, 9.9375, 9.96875, 10.0, 10.03125, 10.0625, 10.09375, 10.125, 10.15625, 10.1875, 10.21875, 10.25, 10.28125, 10.3125, 10.34375, 10.375, 10.40625, 10.4375, 10.46875, 10.5, 10.53125, 10.5625, 10.59375, 10.625, 10.65625, 10.6875, 10.71875, 10.75, 10.78125, 10.8125, 10.84375, 10.875, 10.90625, 10.9375, 10.96875, 11.0, 11.03125, 11.0625, 11.09375, 11.125, 11.15625, 11.1875, 11.21875, 11.25, 11.28125, 11.3125, 11.34375, 11.375, 11.40625, 11.4375, 11.46875, 11.53125, 11.5625, 11.59375, 11.625, 11.65625, 11.6875, 11.71875, 11.75, 11.78125, 11.8125, 11.84375, 11.875, 11.90625, 11.9375, 11.96875, 12.0, 12.03125, 12.0625, 12.09375, 12.125, 12.15625, 12.21875, 12.25, 12.3125, 12.34375, 12.375, 12.40625, 12.5, 12.5625, 12.59375, 12.625, 12.65625, 12.6875, 12.71875, 12.75, 12.875, 12.9375, 12.96875, 13.4375, 14.0], "y": [0.0, 0.2, 0.2, 0.3, 0.3, 0.4, 0.4, 0.5, 0.5, 0.6, 0.6, 0.7, 0.8, 0.8, 0.8, 1.0, 1.1, 1.1, 1.2, 1.2, 1.4, 1.5, 1.5, 1.6, 1.6, 1.6, 1.7, 1.7, 2.2, 2.3, 2.4, 2.5, 2.6, 2.7, 2.9, 3.0, 3.2, 3.3, 3.3, 3.5, 3.6, 4.4, 4.4, 4.7, 4.9, 5.2, 5.3, 5.4, 5.5, 6.1, 6.6, 7.0, 7.5, 7.8, 8.1, 8.4, 8.5, 8.7, 9.0, 10.6, 11.1, 11.5, 11.8, 12.3, 12.6, 13.1, 13.5, 14.0, 14.6, 15.0, 15.4, 15.9, 16.2, 18.4, 19.0, 19.2, 19.7, 20.3, 21.0, 21.5, 21.8, 23.3, 24.0, 24.6, 25.1, 25.6, 26.3, 26.8, 27.4, 28.0, 28.7, 32.5, 33.6, 34.2, 35.1, 36.0, 36.9, 37.5, 38.2, 39.2, 39.5, 40.1, 40.7, 41.1, 41.7, 45.1, 45.8, 46.3, 46.8, 47.5, 48.1, 48.7, 49.0, 51.3, 52.2, 53.2, 54.2, 55.5, 56.8, 57.3, 58.0, 58.9, 59.5, 63.1, 64.4, 65.4, 66.2, 66.9, 67.5, 68.4, 68.8, 69.7, 70.4, 71.0, 71.6, 71.8, 72.1, 74.1, 74.5, 75.0, 75.5, 75.9, 76.1, 76.5, 76.9, 78.0, 78.8, 79.7, 80.4, 81.2, 82.0, 82.6, 83.2, 83.6, 84.0, 85.8, 86.6, 87.3, 87.6, 88.2, 88.6, 88.9, 89.4, 89.9, 90.3, 90.6, 90.9, 91.3, 91.3, 92.5, 92.7, 92.8, 93.1, 93.3, 93.4, 93.6, 93.8, 94.6, 94.9, 95.1, 95.3, 95.5, 95.8, 96.0, 96.2, 96.4, 96.9, 97.0, 97.2, 97.3, 97.5, 97.6, 97.7, 97.9, 97.9, 98.0, 98.1, 98.2, 98.3, 98.4, 98.6, 98.7, 98.7, 98.8, 98.9, 98.9, 99.0, 99.1, 99.1, 99.1, 99.2, 99.2, 99.3, 99.4, 99.5, 99.5, 99.6, 99.7, 99.7, 99.8, 99.8, 99.9, 99.9, 100.0]}, "histogram": {"x": [0.0, 1.0, 2.0, 3.0, 4.0, 5.0, 6.0, 7.0, 8.0, 9.0, 10.0, 11.0, 12.0, 13.0, 14.0, 15.0], "y": [6, 0, 0, 1, 1, 12, 61, 282, 572, 681, 431, 159, 33, 1, 1, 0]}}