{"percentile": {"y": [0.0, 0.0, 0.0, 0.1, 0.1, 0.2, 0.3, 0.3, 0.4, 0.5, 0.5, 0.6, 0.6, 0.7, 0.7, 0.7, 0.8, 0.9, 0.9, 1.0, 1.0, 1.1, 1.2, 1.2, 1.3, 1.5, 1.6, 1.7, 1.9, 2.1, 2.3, 2.4, 2.6, 2.9, 3.1, 3.2, 3.4, 3.6, 3.6, 3.8, 4.1, 4.3, 4.5, 4.6, 4.7, 4.8, 4.9, 5.0, 5.1, 5.2, 5.3, 5.4, 5.4, 5.8, 6.2, 6.7, 7.0, 7.3, 7.6, 8.1, 8.3, 9.0, 9.2, 9.5, 9.8, 9.9, 10.6, 11.3, 11.8, 12.0, 12.2, 13.5, 13.7, 13.8, 14.0, 14.4, 14.7, 14.9, 15.2, 15.4, 15.7, 16.2, 16.4, 16.6, 16.8, 18.0, 18.3, 18.8, 19.2, 20.1, 20.9, 21.6, 21.9, 23.0, 23.3, 23.9, 24.6, 25.1, 26.2, 26.6, 27.1, 27.6, 28.0, 31.3, 32.0, 32.2, 32.7, 33.2, 33.7, 34.0, 34.4, 34.9, 35.3, 35.7, 36.1, 36.4, 36.7, 39.2, 40.4, 41.6, 42.2, 43.2, 44.0, 44.9, 45.3, 47.3, 48.1, 48.8, 49.4, 50.2, 51.2, 51.8, 52.4, 53.5, 54.0, 56.4, 57.2, 57.9, 58.3, 58.7, 59.2, 59.6, 60.3, 60.9, 61.4, 61.8, 62.4, 62.6, 63.0, 64.6, 65.3, 66.1, 66.6, 67.4, 68.1, 68.5, 69.1, 70.2, 71.0, 71.6, 72.2, 72.9, 73.6, 74.2, 74.8, 75.5, 75.9, 78.2, 78.8, 79.1, 79.6, 79.9, 80.1, 80.5, 80.9, 81.2, 81.6, 82.0, 82.1, 82.5, 83.8, 84.4, 85.2, 85.7, 86.2, 86.6, 87.0, 87.4, 88.3, 88.8, 89.1, 89.4, 89.7, 89.9, 90.2, 90.5, 90.8, 91.1, 91.8, 92.1, 92.3, 92.7, 93.0, 93.1, 93.5, 93.6, 93.8, 94.0, 94.1, 94.3, 94.4, 94.6, 94.9, 95.3, 95.5, 95.7, 95.8, 95.9, 96.1, 96.5, 96.6, 96.6, 96.8, 96.9, 97.0, 97.0, 97.2, 97.4, 97.5, 97.7, 97.9, 98.0, 98.1, 98.2, 98.3, 98.3, 98.4, 98.4, 98.5, 98.6, 98.6, 98.8, 98.8, 98.9, 99.0, 99.0, 99.1, 99.3, 99.4, 99.4, 99.5, 99.5, 99.6, 99.7, 99.7, 99.8, 99.8, 99.9, 99.9, 100.0], "x": [0.03125, 0.09375, 2.125, 2.25, 2.875, 3.03125, 3.5, 3.65625, 4.0, 4.03125, 4.09375, 4.125, 4.15625, 4.1875, 4.28125, 4.34375, 4.375, 4.40625, 4.4375, 4.71875, 4.75, 4.78125, 4.9375, 4.96875, 5.0, 5.03125, 5.0625, 5.09375, 5.125, 5.15625, 5.1875, 5.21875, 5.25, 5.28125, 5.34375, 5.375, 5.40625, 5.4375, 5.46875, 5.5, 5.5625, 5.59375, 5.625, 5.65625, 5.6875, 5.71875, 5.78125, 5.8125, 5.84375, 5.875, 5.90625, 5.9375, 6.0, 6.03125, 6.0625, 6.09375, 6.125, 6.15625, 6.1875, 6.21875, 6.25, 6.28125, 6.3125, 6.34375, 6.375, 6.40625, 6.4375, 6.46875, 6.5, 6.53125, 6.5625, 6.59375, 6.625, 6.65625, 6.6875, 6.71875, 6.75, 6.78125, 6.8125, 6.84375, 6.875, 6.90625, 6.9375, 6.96875, 7.0, 7.03125, 7.0625, 7.09375, 7.125, 7.15625, 7.1875, 7.21875, 7.25, 7.28125, 7.3125, 7.34375, 7.375, 7.40625, 7.4375, 7.46875, 7.5, 7.53125, 7.5625, 7.59375, 7.625, 7.65625, 7.6875, 7.71875, 7.75, 7.78125, 7.8125, 7.84375, 7.875, 7.90625, 7.9375, 7.96875, 8.0, 8.03125, 8.0625, 8.09375, 8.125, 8.15625, 8.1875, 8.21875, 8.25, 8.28125, 8.3125, 8.34375, 8.375, 8.40625, 8.4375, 8.46875, 8.5, 8.53125, 8.5625, 8.59375, 8.625, 8.65625, 8.6875, 8.71875, 8.75, 8.78125, 8.8125, 8.84375, 8.875, 8.90625, 8.9375, 8.96875, 9.0, 9.03125, 9.0625, 9.09375, 9.125, 9.15625, 9.1875, 9.21875, 9.25, 9.28125, 9.3125, 9.34375, 9.375, 9.40625, 9.4375, 9.46875, 9.5, 9.53125, 9.5625, 9.59375, 9.625, 9.65625, 9.6875, 9.71875, 9.75, 9.78125, 9.8125, 9.84375, 9.875, 9.90625, 9.9375, 10.0, 10.03125, 10.0625, 10.09375, 10.125, 10.15625, 10.1875, 10.21875, 10.25, 10.28125, 10.3125, 10.34375, 10.375, 10.40625, 10.4375, 10.46875, 10.5, 10.53125, 10.5625, 10.59375, 10.625, 10.65625, 10.6875, 10.71875, 10.75, 10.78125, 10.8125, 10.84375, 10.875, 10.90625, 10.9375, 10.96875, 11.0, 11.03125, 11.0625, 11.125, 11.15625, 11.1875, 11.21875, 11.25, 11.28125, 11.3125, 11.34375, 11.375, 11.40625, 11.4375, 11.46875, 11.5, 11.53125, 11.5625, 11.59375, 11.625, 11.65625, 11.6875, 11.71875, 11.75, 11.78125, 11.8125, 11.84375, 11.875, 11.90625, 11.9375, 11.96875, 12.0, 12.03125, 12.0625, 12.09375, 12.125, 12.15625, 12.1875, 12.34375, 12.40625, 12.46875, 12.5, 12.5625, 12.71875, 12.875, 12.96875, 13.0, 13.25, 13.3125]}, "histogram": {"y": [2, 0, 3, 4, 19, 89, 243, 423, 561, 416, 257, 90, 22, 3, 0, 0], "x": [0.0, 1.0, 2.0, 3.0, 4.0, 5.0, 6.0, 7.0, 8.0, 9.0, 10.0, 11.0, 12.0, 13.0, 14.0, 15.0]}}