{"percentile": {"y": [0.0, 2.9, 5.8, 8.8, 11.7, 20.5, 23.5, 26.4, 29.4, 32.3, 35.2, 38.2, 41.1, 44.1, 47.0, 52.9, 55.8, 58.8, 61.7, 64.7, 67.6, 73.5, 76.4, 79.4, 82.3, 85.2, 88.2, 91.1, 94.1, 97.0, 100.0], "x": [1.3666666666666667, 3.1, 4.133333333333334, 5.166666666666667, 5.233333333333333, 5.6, 5.7, 6.1, 6.4, 6.866666666666667, 7.1, 7.233333333333333, 7.433333333333334, 7.5, 7.6, 7.666666666666667, 7.766666666666667, 8.0, 8.633333333333333, 8.666666666666666, 8.933333333333334, 9.066666666666666, 9.133333333333333, 9.8, 10.133333333333333, 10.2, 10.3, 10.7, 11.266666666666667, 12.133333333333333, 12.4]}, "histogram": {"y": [1, 0, 1, 1, 6, 3, 8, 5, 3, 4, 1, 2, 0], "x": [1.0, 2.0, 3.0, 4.0, 5.0, 6.0, 7.0, 8.0, 9.0, 10.0, 11.0, 12.0, 13.0]}}