{"histogram": {"x": [0.0, 1.0, 2.0, 3.0, 4.0, 5.0, 6.0, 7.0, 8.0, 9.0, 10.0, 11.0, 12.0, 13.0], "y": [2, 0, 0, 1, 6, 12, 18, 34, 15, 19, 14, 7, 2, 0]}, "percentile": {"x": [0.0625, 0.25, 3.4375, 4.09375, 4.125, 4.25, 4.3125, 4.40625, 4.84375, 5.03125, 5.125, 5.1875, 5.28125, 5.375, 5.46875, 5.5625, 5.65625, 5.75, 5.78125, 5.875, 6.0, 6.03125, 6.1875, 6.25, 6.28125, 6.3125, 6.34375, 6.375, 6.4375, 6.5625, 6.65625, 6.71875, 6.90625, 7.0, 7.0625, 7.125, 7.15625, 7.1875, 7.21875, 7.25, 7.3125, 7.34375, 7.40625, 7.46875, 7.5625, 7.59375, 7.625, 7.75, 7.84375, 7.96875, 8.0, 8.09375, 8.15625, 8.1875, 8.375, 8.40625, 8.5625, 8.625, 8.65625, 8.75, 8.9375, 9.0, 9.0625, 9.21875, 9.25, 9.3125, 9.34375, 9.375, 9.40625, 9.4375, 9.46875, 9.5625, 9.625, 9.65625, 10.0, 10.125, 10.1875, 10.25, 10.3125, 10.34375, 10.375, 10.40625, 10.5625, 10.625, 10.71875, 11.0, 11.0625, 11.125, 11.25, 11.34375, 11.78125, 12.28125, 12.9375], "y": [0.0, 0.7, 1.5, 2.3, 3.1, 3.8, 4.6, 5.4, 6.2, 6.9, 7.7, 8.5, 9.3, 10.0, 10.8, 11.6, 13.1, 13.9, 14.7, 15.5, 16.2, 19.3, 20.1, 21.7, 22.4, 23.2, 24.0, 24.8, 25.5, 26.3, 27.9, 28.6, 29.4, 30.2, 33.3, 35.6, 38.7, 40.3, 41.0, 42.6, 44.9, 46.5, 47.2, 49.6, 50.3, 51.9, 52.7, 54.2, 55.0, 55.8, 56.5, 58.1, 58.9, 59.6, 60.4, 62.0, 62.7, 64.3, 65.1, 66.6, 67.4, 68.2, 69.7, 70.5, 71.3, 72.8, 73.6, 74.4, 75.1, 76.7, 77.5, 79.0, 79.8, 81.3, 82.9, 84.4, 85.2, 86.0, 87.5, 88.3, 89.1, 89.9, 91.4, 92.2, 93.0, 93.7, 94.5, 95.3, 96.1, 97.6, 98.4, 99.2, 100.0]}}