{"percentile": {"y": [0.0, 0.1, 0.2, 0.3, 0.4, 0.6, 0.6, 0.7, 0.8, 0.8, 1.2, 1.3, 1.4, 1.4, 1.6, 1.7, 1.8, 2.1, 2.2, 2.2, 2.4, 2.5, 2.7, 2.7, 2.9, 3.1, 3.2, 3.4, 3.9, 4.0, 4.2, 4.3, 4.7, 4.8, 5.0, 5.1, 5.4, 5.7, 6.0, 6.0, 6.3, 6.8, 7.0, 7.1, 7.4, 7.6, 7.7, 7.8, 8.6, 8.7, 9.4, 9.5, 9.6, 10.0, 10.2, 10.6, 10.9, 12.1, 12.4, 13.1, 13.4, 14.4, 14.9, 15.3, 15.4, 15.9, 16.2, 16.8, 17.4, 18.8, 19.3, 20.1, 20.8, 21.0, 21.4, 21.6, 21.9, 23.4, 24.1, 24.3, 25.4, 26.0, 26.6, 27.0, 27.2, 28.0, 28.8, 32.2, 32.8, 34.2, 34.6, 35.8, 36.8, 37.7, 38.7, 39.7, 40.3, 41.0, 42.0, 46.3, 46.7, 47.0, 47.8, 48.7, 49.5, 49.8, 50.1, 51.4, 52.3, 53.4, 54.2, 54.8, 56.3, 57.4, 58.3, 58.9, 59.6, 63.7, 65.1, 66.6, 67.4, 68.0, 69.2, 70.6, 71.4, 72.2, 72.9, 74.1, 74.5, 77.8, 78.2, 78.5, 78.8, 79.1, 79.7, 79.9, 80.3, 81.8, 82.4, 82.8, 83.1, 83.7, 84.3, 84.6, 85.2, 85.6, 85.9, 88.3, 89.0, 89.6, 90.3, 90.8, 91.3, 91.8, 92.0, 92.3, 92.6, 93.3, 93.6, 94.4, 94.6, 95.0, 95.4, 95.5, 95.6, 96.2, 96.5, 96.6, 96.8, 96.9, 97.0, 97.2, 97.3, 97.3, 97.5, 98.2, 98.2, 98.3, 98.4, 98.5, 98.6, 98.8, 98.8, 98.9, 99.0, 99.1, 99.2, 99.3, 99.4, 99.5, 99.6, 99.6, 99.8, 99.8, 99.9, 100.0], "x": [0.03333333333333333, 0.06666666666666667, 0.3, 2.8666666666666667, 3.2666666666666666, 3.5, 4.0, 4.433333333333334, 4.633333333333333, 4.933333333333334, 5.0, 5.466666666666667, 5.5, 5.566666666666666, 5.6, 5.633333333333333, 5.666666666666667, 5.766666666666667, 5.8, 5.833333333333333, 5.866666666666667, 5.933333333333334, 5.966666666666667, 6.0, 6.033333333333333, 6.166666666666667, 6.2, 6.266666666666667, 6.433333333333334, 6.5, 6.566666666666666, 6.6, 6.633333333333333, 6.666666666666667, 6.7, 6.733333333333333, 6.833333333333333, 6.9, 6.933333333333334, 6.966666666666667, 7.0, 7.066666666666666, 7.1, 7.133333333333334, 7.166666666666667, 7.2, 7.233333333333333, 7.266666666666667, 7.3, 7.333333333333333, 7.4, 7.433333333333334, 7.466666666666667, 7.5, 7.533333333333333, 7.566666666666666, 7.6, 7.633333333333333, 7.666666666666667, 7.7, 7.733333333333333, 7.766666666666667, 7.8, 7.833333333333333, 7.866666666666667, 7.9, 7.933333333333334, 7.966666666666667, 8.0, 8.033333333333333, 8.066666666666666, 8.1, 8.133333333333333, 8.166666666666666, 8.2, 8.233333333333333, 8.266666666666667, 8.3, 8.333333333333334, 8.366666666666667, 8.4, 8.433333333333334, 8.466666666666667, 8.5, 8.533333333333333, 8.566666666666666, 8.6, 8.633333333333333, 8.666666666666666, 8.7, 8.733333333333333, 8.766666666666667, 8.8, 8.833333333333334, 8.866666666666667, 8.9, 8.933333333333334, 8.966666666666667, 9.0, 9.033333333333333, 9.066666666666666, 9.1, 9.133333333333333, 9.166666666666666, 9.2, 9.233333333333333, 9.266666666666667, 9.3, 9.333333333333334, 9.366666666666667, 9.4, 9.433333333333334, 9.466666666666667, 9.5, 9.533333333333333, 9.566666666666666, 9.6, 9.633333333333333, 9.666666666666666, 9.7, 9.733333333333333, 9.766666666666667, 9.8, 9.833333333333334, 9.866666666666667, 9.9, 9.933333333333334, 9.966666666666667, 10.0, 10.033333333333333, 10.066666666666666, 10.1, 10.133333333333333, 10.166666666666666, 10.2, 10.233333333333333, 10.266666666666667, 10.3, 10.333333333333334, 10.366666666666667, 10.4, 10.433333333333334, 10.466666666666667, 10.5, 10.533333333333333, 10.566666666666666, 10.6, 10.633333333333333, 10.666666666666666, 10.7, 10.733333333333333, 10.766666666666667, 10.8, 10.833333333333334, 10.866666666666667, 10.9, 10.933333333333334, 10.966666666666667, 11.0, 11.066666666666666, 11.133333333333333, 11.166666666666666, 11.2, 11.233333333333333, 11.266666666666667, 11.3, 11.333333333333334, 11.366666666666667, 11.4, 11.433333333333334, 11.466666666666667, 11.5, 11.533333333333333, 11.566666666666666, 11.6, 11.633333333333333, 11.666666666666666, 11.7, 11.733333333333333, 11.766666666666667, 11.8, 11.866666666666667, 11.9, 11.933333333333334, 11.966666666666667, 12.0, 12.1, 12.366666666666667, 12.7, 12.8, 13.0, 13.433333333333334, 13.6, 14.433333333333334, 14.633333333333333, 14.8]}, "histogram": {"y": [6, 0, 2, 3, 9, 25, 57, 180, 397, 524, 309, 88, 8, 4, 3, 0], "x": [0.0, 1.0, 2.0, 3.0, 4.0, 5.0, 6.0, 7.0, 8.0, 9.0, 10.0, 11.0, 12.0, 13.0, 14.0, 15.0]}}