{"histogram": {"x": [0.0, 1.0, 2.0, 3.0, 4.0, 5.0, 6.0, 7.0, 8.0, 9.0, 10.0, 11.0, 12.0, 13.0, 14.0], "y": [1, 0, 2, 11, 15, 54, 85, 94, 74, 29, 17, 1, 1, 1, 0]}, "percentile": {"x": [0.1, 2.1666666666666665, 2.2, 3.0, 3.033333333333333, 3.066666666666667, 3.2, 3.2333333333333334, 3.533333333333333, 3.6, 3.8, 3.966666666666667, 4.0, 4.033333333333333, 4.066666666666666, 4.1, 4.133333333333334, 4.166666666666667, 4.2, 4.233333333333333, 4.3, 4.433333333333334, 4.466666666666667, 4.633333333333333, 4.9, 5.033333333333333, 5.066666666666666, 5.1, 5.133333333333334, 5.166666666666667, 5.2, 5.266666666666667, 5.333333333333333, 5.366666666666666, 5.4, 5.466666666666667, 5.566666666666666, 5.6, 5.633333333333333, 5.666666666666667, 5.7, 5.766666666666667, 5.8, 5.833333333333333, 5.866666666666667, 5.9, 5.933333333333334, 5.966666666666667, 6.0, 6.033333333333333, 6.066666666666666, 6.1, 6.133333333333334, 6.166666666666667, 6.2, 6.233333333333333, 6.266666666666667, 6.3, 6.333333333333333, 6.366666666666666, 6.4, 6.433333333333334, 6.466666666666667, 6.5, 6.533333333333333, 6.566666666666666, 6.6, 6.633333333333333, 6.666666666666667, 6.7, 6.733333333333333, 6.766666666666667, 6.8, 6.833333333333333, 6.866666666666667, 6.9, 6.933333333333334, 6.966666666666667, 7.0, 7.033333333333333, 7.066666666666666, 7.1, 7.133333333333334, 7.166666666666667, 7.2, 7.233333333333333, 7.266666666666667, 7.3, 7.333333333333333, 7.366666666666666, 7.4, 7.433333333333334, 7.5, 7.533333333333333, 7.6, 7.633333333333333, 7.666666666666667, 7.733333333333333, 7.766666666666667, 7.8, 7.833333333333333, 7.866666666666667, 7.9, 7.933333333333334, 8.0, 8.033333333333333, 8.066666666666666, 8.1, 8.133333333333333, 8.166666666666666, 8.2, 8.233333333333333, 8.266666666666667, 8.3, 8.333333333333334, 8.366666666666667, 8.4, 8.433333333333334, 8.5, 8.533333333333333, 8.6, 8.633333333333333, 8.666666666666666, 8.7, 8.733333333333333, 8.766666666666667, 8.8, 8.866666666666667, 8.9, 8.933333333333334, 9.0, 9.033333333333333, 9.066666666666666, 9.1, 9.133333333333333, 9.166666666666666, 9.266666666666667, 9.3, 9.366666666666667, 9.4, 9.433333333333334, 9.533333333333333, 9.6, 9.633333333333333, 9.666666666666666, 9.733333333333333, 9.766666666666667, 9.833333333333334, 9.933333333333334, 10.0, 10.033333333333333, 10.066666666666666, 10.133333333333333, 10.166666666666666, 10.233333333333333, 10.266666666666667, 10.4, 10.533333333333333, 10.566666666666666, 10.6, 10.666666666666666, 10.8, 11.233333333333333, 12.566666666666666, 13.666666666666666], "y": [0.0, 0.2, 0.5, 0.7, 1.3, 1.8, 2.0, 2.3, 2.6, 2.8, 3.1, 3.3, 3.6, 3.9, 4.1, 4.6, 5.2, 5.4, 5.7, 5.9, 6.2, 6.5, 6.7, 7.0, 7.2, 7.5, 8.8, 9.1, 10.9, 11.7, 12.2, 12.7, 13.5, 13.8, 14.3, 14.5, 14.8, 15.6, 16.6, 16.9, 17.9, 18.4, 19.2, 19.5, 19.7, 20.3, 20.8, 21.3, 21.6, 23.6, 24.7, 25.2, 25.7, 26.5, 27.6, 28.1, 28.6, 29.6, 30.2, 30.4, 30.7, 30.9, 32.5, 33.3, 33.5, 33.8, 34.6, 37.5, 38.0, 38.5, 38.8, 39.5, 40.3, 40.6, 41.6, 42.1, 42.9, 43.2, 43.7, 45.5, 46.0, 47.9, 48.6, 50.0, 51.5, 52.6, 53.9, 55.2, 56.2, 57.2, 58.3, 58.5, 59.1, 59.8, 60.1, 63.8, 64.3, 64.8, 65.1, 65.3, 66.1, 66.6, 67.1, 67.4, 68.2, 70.0, 70.3, 71.6, 73.1, 73.6, 74.7, 75.0, 75.5, 76.5, 76.8, 77.8, 78.6, 79.4, 79.9, 80.2, 80.7, 82.8, 83.8, 84.1, 84.3, 85.4, 85.6, 85.9, 86.1, 86.7, 87.5, 88.5, 88.8, 89.0, 89.5, 90.3, 90.8, 91.1, 91.4, 91.9, 92.1, 92.4, 92.9, 93.2, 93.4, 93.7, 94.0, 94.2, 94.5, 95.0, 95.3, 95.5, 96.0, 96.3, 96.8, 97.1, 97.6, 97.9, 98.1, 98.4, 98.9, 99.2, 99.4, 99.7, 100.0]}}