{"histogram": {"x": [4.0, 5.0, 6.0, 7.0, 8.0, 9.0, 10.0], "y": [1, 0, 2, 0, 4, 0, 0]}, "percentile": {"x": [4.033333333333333, 6.0, 6.833333333333333, 8.0, 8.466666666666667, 8.733333333333333], "y": [0.0, 16.6, 33.3, 50.0, 66.6, 83.3]}}