{"histogram": {"x": [0.0, 1.0, 2.0, 3.0, 4.0, 5.0, 6.0, 7.0, 8.0, 9.0, 10.0, 11.0, 12.0, 13.0, 14.0, 15.0, 16.0], "y": [3, 0, 1, 2, 4, 19, 101, 315, 712, 865, 695, 277, 91, 21, 7, 0, 0]}, "percentile": {"x": [0.25, 0.34375, 2.28125, 3.5, 3.53125, 4.3125, 4.4375, 4.59375, 4.8125, 5.0, 5.40625, 5.5, 5.53125, 5.5625, 5.65625, 5.78125, 5.90625, 5.96875, 6.0, 6.03125, 6.0625, 6.09375, 6.125, 6.15625, 6.1875, 6.21875, 6.25, 6.28125, 6.3125, 6.34375, 6.375, 6.40625, 6.4375, 6.46875, 6.5, 6.53125, 6.5625, 6.59375, 6.625, 6.65625, 6.6875, 6.71875, 6.75, 6.78125, 6.8125, 6.84375, 6.875, 6.90625, 6.96875, 7.0, 7.03125, 7.0625, 7.09375, 7.125, 7.15625, 7.1875, 7.21875, 7.25, 7.28125, 7.3125, 7.34375, 7.375, 7.40625, 7.4375, 7.46875, 7.5, 7.53125, 7.5625, 7.59375, 7.625, 7.65625, 7.6875, 7.71875, 7.75, 7.78125, 7.8125, 7.84375, 7.875, 7.90625, 7.9375, 7.96875, 8.0, 8.03125, 8.0625, 8.09375, 8.125, 8.15625, 8.1875, 8.21875, 8.25, 8.28125, 8.3125, 8.34375, 8.375, 8.40625, 8.4375, 8.46875, 8.5, 8.53125, 8.5625, 8.59375, 8.625, 8.65625, 8.6875, 8.71875, 8.75, 8.78125, 8.8125, 8.84375, 8.875, 8.90625, 8.9375, 8.96875, 9.0, 9.03125, 9.0625, 9.09375, 9.125, 9.15625, 9.1875, 9.21875, 9.25, 9.28125, 9.3125, 9.34375, 9.375, 9.40625, 9.4375, 9.46875, 9.5, 9.53125, 9.5625, 9.59375, 9.625, 9.65625, 9.6875, 9.71875, 9.75, 9.78125, 9.8125, 9.84375, 9.875, 9.90625, 9.9375, 9.96875, 10.0, 10.03125, 10.0625, 10.09375, 10.125, 10.15625, 10.1875, 10.21875, 10.25, 10.28125, 10.3125, 10.34375, 10.375, 10.40625, 10.4375, 10.46875, 10.5, 10.53125, 10.5625, 10.59375, 10.625, 10.65625, 10.6875, 10.71875, 10.75, 10.78125, 10.8125, 10.84375, 10.875, 10.90625, 10.9375, 10.96875, 11.0, 11.03125, 11.0625, 11.09375, 11.125, 11.15625, 11.1875, 11.21875, 11.25, 11.28125, 11.3125, 11.34375, 11.375, 11.40625, 11.4375, 11.46875, 11.5, 11.53125, 11.5625, 11.59375, 11.625, 11.65625, 11.6875, 11.71875, 11.75, 11.78125, 11.8125, 11.84375, 11.875, 11.90625, 11.9375, 11.96875, 12.0, 12.03125, 12.0625, 12.09375, 12.125, 12.15625, 12.1875, 12.21875, 12.25, 12.28125, 12.3125, 12.34375, 12.375, 12.40625, 12.4375, 12.46875, 12.5, 12.5625, 12.625, 12.65625, 12.6875, 12.78125, 12.8125, 12.84375, 12.90625, 12.9375, 12.96875, 13.0, 13.09375, 13.125, 13.1875, 13.21875, 13.3125, 13.53125, 13.5625, 13.65625, 13.6875, 13.75, 13.90625, 14.0, 14.25, 14.3125, 14.5625, 14.65625], "y": [0.0, 0.0, 0.0, 0.1, 0.1, 0.1, 0.2, 0.2, 0.2, 0.3, 0.3, 0.4, 0.5, 0.5, 0.7, 0.8, 0.8, 0.8, 0.9, 1.2, 1.3, 1.3, 1.4, 1.4, 1.5, 1.6, 1.6, 1.8, 1.8, 1.9, 2.0, 2.0, 2.2, 2.3, 2.3, 2.4, 2.5, 2.9, 3.0, 3.1, 3.2, 3.3, 3.5, 3.5, 3.7, 3.8, 3.9, 4.0, 4.1, 4.1, 4.7, 4.7, 5.0, 5.1, 5.3, 5.5, 5.6, 5.8, 6.4, 6.6, 6.8, 6.8, 7.1, 7.6, 7.9, 8.0, 8.3, 8.6, 10.2, 10.4, 10.7, 11.1, 11.6, 12.0, 12.2, 12.4, 12.8, 13.0, 13.3, 13.6, 14.0, 14.2, 16.0, 16.3, 16.5, 17.0, 17.6, 17.8, 18.3, 18.5, 20.3, 20.9, 21.4, 22.0, 22.5, 23.3, 23.9, 24.5, 25.0, 25.7, 28.7, 29.3, 29.9, 30.7, 31.5, 32.1, 32.9, 33.5, 34.0, 34.6, 35.4, 36.0, 36.6, 37.1, 40.0, 40.3, 41.0, 41.5, 42.2, 42.8, 43.1, 43.4, 45.3, 46.1, 47.2, 47.8, 48.7, 49.7, 50.3, 51.1, 51.9, 52.6, 56.5, 57.1, 57.7, 58.5, 59.2, 59.7, 60.3, 61.0, 61.7, 62.2, 63.2, 63.8, 64.3, 64.9, 68.2, 68.6, 69.1, 69.7, 70.1, 70.7, 71.3, 71.5, 73.3, 73.8, 74.7, 75.5, 76.4, 77.4, 77.9, 78.4, 78.9, 79.4, 81.7, 82.4, 82.9, 83.5, 84.1, 84.4, 84.7, 85.1, 85.5, 85.9, 86.4, 86.6, 87.0, 87.3, 88.7, 88.9, 89.2, 89.3, 89.6, 89.8, 90.0, 90.0, 90.9, 91.3, 91.7, 91.9, 92.2, 92.6, 93.0, 93.4, 93.5, 93.6, 94.4, 94.5, 94.6, 94.7, 94.9, 95.0, 95.1, 95.3, 95.4, 95.6, 95.8, 95.9, 96.1, 96.2, 96.9, 97.0, 97.1, 97.1, 97.2, 97.2, 97.3, 97.3, 97.5, 97.7, 97.8, 97.9, 98.0, 98.0, 98.1, 98.3, 98.3, 98.8, 98.8, 98.9, 98.9, 98.9, 99.0, 99.0, 99.0, 99.1, 99.1, 99.2, 99.3, 99.4, 99.4, 99.4, 99.5, 99.5, 99.6, 99.7, 99.7, 99.7, 99.8, 99.9, 99.9, 99.9, 100.0]}}