{"percentile": {"y": [0.0, 1.6, 3.2, 4.9, 6.5, 8.1, 9.8, 11.4, 13.1, 16.3, 18.0, 21.3, 22.9, 24.5, 27.8, 29.5, 32.7, 34.4, 36.0, 37.7, 39.3, 44.2, 45.9, 49.1, 52.4, 55.7, 57.3, 59.0, 62.2, 72.1, 73.7, 75.4, 77.0, 78.6, 80.3, 81.9, 86.8, 88.5, 90.1, 93.4, 95.0, 96.7, 98.3, 100.0], "x": [3.2666666666666666, 4.433333333333334, 4.9, 5.566666666666666, 6.6, 6.733333333333333, 7.266666666666667, 7.566666666666666, 7.6, 7.666666666666667, 7.7, 7.8, 7.9, 7.933333333333334, 7.966666666666667, 8.266666666666667, 8.366666666666667, 8.566666666666666, 8.6, 8.666666666666666, 8.7, 8.766666666666667, 8.866666666666667, 9.0, 9.033333333333333, 9.066666666666666, 9.2, 9.233333333333333, 9.266666666666667, 9.333333333333334, 9.6, 9.633333333333333, 9.7, 9.733333333333333, 9.966666666666667, 10.0, 10.2, 10.333333333333334, 10.433333333333334, 10.666666666666666, 10.833333333333334, 10.9, 11.6, 11.733333333333333]}, "histogram": {"y": [1, 2, 1, 2, 12, 12, 20, 10, 2, 0], "x": [3.0, 4.0, 5.0, 6.0, 7.0, 8.0, 9.0, 10.0, 11.0, 12.0]}}