{"histogram": {"y": [3, 5, 8, 10, 6, 0], "x": [6.0, 7.0, 8.0, 9.0, 10.0, 11.0]}, "percentile": {"y": [0.0, 3.2, 6.4, 9.6, 12.9, 16.1, 22.5, 25.8, 29.0, 35.4, 38.7, 41.9, 45.1, 48.3, 51.6, 54.8, 58.0, 61.2, 64.5, 70.9, 74.1, 77.4, 83.8, 90.3, 93.5, 96.7, 100.0], "x": [6.7, 6.766666666666667, 6.933333333333334, 7.2, 7.566666666666666, 7.6, 7.666666666666667, 8.266666666666667, 8.433333333333334, 8.533333333333333, 8.6, 8.7, 8.8, 8.966666666666667, 9.0, 9.066666666666666, 9.266666666666667, 9.666666666666666, 9.7, 9.766666666666667, 9.833333333333334, 9.866666666666667, 10.0, 10.133333333333333, 10.266666666666667, 10.633333333333333, 10.866666666666667]}}