{"histogram": {"x": [0.0, 1.0, 2.0, 3.0, 4.0, 5.0, 6.0, 7.0, 8.0, 9.0, 10.0, 11.0, 12.0, 13.0, 14.0], "y": [3, 0, 3, 6, 14, 54, 130, 229, 236, 100, 69, 12, 7, 1, 0]}, "percentile": {"x": [0.0625, 0.40625, 2.09375, 2.125, 2.53125, 3.1875, 3.21875, 3.25, 3.40625, 3.84375, 3.96875, 4.0, 4.0625, 4.125, 4.21875, 4.25, 4.375, 4.5, 4.5625, 4.59375, 4.8125, 5.0, 5.03125, 5.0625, 5.09375, 5.125, 5.15625, 5.1875, 5.28125, 5.3125, 5.34375, 5.375, 5.40625, 5.4375, 5.46875, 5.5, 5.53125, 5.5625, 5.59375, 5.6875, 5.71875, 5.78125, 5.8125, 5.875, 5.9375, 5.96875, 6.0, 6.03125, 6.0625, 6.09375, 6.125, 6.15625, 6.1875, 6.21875, 6.25, 6.28125, 6.3125, 6.34375, 6.375, 6.40625, 6.4375, 6.46875, 6.5, 6.53125, 6.5625, 6.59375, 6.625, 6.65625, 6.6875, 6.71875, 6.75, 6.78125, 6.8125, 6.84375, 6.875, 6.90625, 6.9375, 6.96875, 7.0, 7.03125, 7.0625, 7.09375, 7.125, 7.15625, 7.1875, 7.21875, 7.25, 7.28125, 7.3125, 7.34375, 7.375, 7.40625, 7.4375, 7.46875, 7.5, 7.53125, 7.5625, 7.59375, 7.625, 7.65625, 7.6875, 7.71875, 7.75, 7.78125, 7.8125, 7.84375, 7.875, 7.90625, 7.9375, 7.96875, 8.0, 8.03125, 8.0625, 8.09375, 8.125, 8.15625, 8.1875, 8.21875, 8.25, 8.28125, 8.3125, 8.34375, 8.375, 8.40625, 8.4375, 8.46875, 8.5, 8.53125, 8.5625, 8.59375, 8.625, 8.65625, 8.6875, 8.71875, 8.75, 8.78125, 8.8125, 8.84375, 8.875, 8.90625, 8.9375, 8.96875, 9.0, 9.03125, 9.0625, 9.09375, 9.125, 9.15625, 9.1875, 9.21875, 9.25, 9.28125, 9.3125, 9.34375, 9.375, 9.40625, 9.4375, 9.46875, 9.5, 9.53125, 9.5625, 9.59375, 9.625, 9.65625, 9.6875, 9.71875, 9.75, 9.78125, 9.84375, 9.875, 9.90625, 9.9375, 10.0, 10.0625, 10.09375, 10.125, 10.15625, 10.1875, 10.21875, 10.25, 10.28125, 10.34375, 10.375, 10.40625, 10.4375, 10.53125, 10.5625, 10.625, 10.65625, 10.6875, 10.71875, 10.75, 10.84375, 10.875, 10.9375, 11.0, 11.0625, 11.15625, 11.25, 11.28125, 11.34375, 11.375, 11.4375, 11.75, 12.03125, 12.125, 12.1875, 12.5625, 12.90625, 13.0], "y": [0.0, 0.2, 0.3, 0.4, 0.5, 0.6, 0.8, 0.9, 1.0, 1.1, 1.2, 1.3, 1.6, 1.7, 2.0, 2.3, 2.4, 2.5, 2.6, 2.7, 2.8, 3.0, 3.3, 3.4, 3.9, 4.0, 4.2, 4.6, 5.0, 5.2, 5.4, 5.6, 5.7, 6.0, 6.1, 6.2, 6.4, 6.8, 7.6, 7.7, 7.8, 8.3, 8.5, 8.8, 9.0, 9.1, 9.2, 9.7, 9.9, 10.6, 11.1, 11.7, 12.6, 13.2, 14.1, 14.7, 15.6, 15.9, 16.3, 16.6, 17.2, 17.4, 17.6, 17.8, 18.1, 20.1, 20.7, 20.9, 21.2, 21.9, 22.2, 22.5, 22.8, 23.0, 23.4, 23.7, 23.9, 24.1, 24.3, 26.4, 27.2, 28.1, 28.9, 31.2, 32.2, 34.0, 34.5, 36.6, 36.8, 38.0, 38.8, 39.5, 40.9, 41.2, 41.3, 41.8, 42.1, 44.4, 45.3, 45.8, 46.0, 46.5, 46.8, 47.5, 47.8, 48.4, 48.7, 49.0, 49.8, 50.2, 50.8, 53.5, 54.9, 55.9, 57.1, 58.6, 60.0, 61.2, 61.9, 63.7, 64.7, 65.7, 66.5, 67.0, 68.2, 68.5, 68.8, 69.1, 69.2, 71.4, 72.1, 72.7, 73.0, 73.6, 74.3, 74.8, 75.4, 75.6, 76.5, 77.2, 77.8, 77.9, 78.2, 79.2, 79.9, 80.4, 80.7, 81.1, 81.5, 82.0, 82.5, 83.0, 83.3, 83.8, 84.3, 84.5, 85.5, 85.8, 86.0, 86.5, 86.6, 87.3, 87.7, 87.9, 88.0, 88.2, 88.5, 88.6, 88.9, 89.3, 89.5, 89.6, 89.8, 90.7, 91.0, 91.4, 91.7, 92.2, 92.6, 93.0, 93.8, 94.2, 94.4, 94.9, 95.2, 95.3, 95.5, 96.5, 96.7, 96.8, 96.9, 97.1, 97.3, 97.5, 97.6, 97.7, 98.0, 98.1, 98.3, 98.4, 98.6, 98.7, 98.9, 99.0, 99.1, 99.3, 99.4, 99.5, 99.8, 100.0]}}