{"percentile": {"x": [0.03125, 1.1875, 2.09375, 3.0, 3.125, 3.15625, 3.34375, 3.9375, 4.0, 4.0625, 4.09375, 4.125, 4.15625, 4.21875, 4.25, 4.28125, 4.4375, 4.5625, 4.65625, 4.8125, 5.0, 5.0625, 5.09375, 5.125, 5.1875, 5.21875, 5.25, 5.3125, 5.34375, 5.375, 5.40625, 5.4375, 5.46875, 5.5, 5.5625, 5.75, 5.8125, 5.875, 5.90625, 5.9375, 6.0, 6.03125, 6.0625, 6.09375, 6.125, 6.15625, 6.1875, 6.21875, 6.25, 6.28125, 6.34375, 6.375, 6.40625, 6.4375, 6.46875, 6.5, 6.5625, 6.59375, 6.625, 6.65625, 6.6875, 6.71875, 6.75, 6.78125, 6.8125, 6.84375, 6.875, 6.90625, 6.9375, 6.96875, 7.0, 7.03125, 7.0625, 7.09375, 7.125, 7.15625, 7.1875, 7.21875, 7.25, 7.28125, 7.3125, 7.34375, 7.375, 7.40625, 7.4375, 7.46875, 7.5, 7.53125, 7.5625, 7.59375, 7.625, 7.65625, 7.6875, 7.71875, 7.75, 7.78125, 7.8125, 7.84375, 7.875, 7.90625, 7.9375, 7.96875, 8.0, 8.03125, 8.0625, 8.09375, 8.125, 8.15625, 8.1875, 8.21875, 8.25, 8.28125, 8.3125, 8.34375, 8.375, 8.40625, 8.4375, 8.46875, 8.5, 8.53125, 8.5625, 8.59375, 8.625, 8.65625, 8.6875, 8.71875, 8.75, 8.78125, 8.8125, 8.84375, 8.875, 8.90625, 8.9375, 8.96875, 9.0, 9.03125, 9.0625, 9.09375, 9.125, 9.15625, 9.1875, 9.21875, 9.25, 9.28125, 9.3125, 9.34375, 9.375, 9.40625, 9.4375, 9.46875, 9.5, 9.53125, 9.5625, 9.59375, 9.625, 9.65625, 9.6875, 9.71875, 9.75, 9.78125, 9.8125, 9.84375, 9.875, 9.90625, 9.9375, 9.96875, 10.0, 10.03125, 10.0625, 10.09375, 10.125, 10.15625, 10.1875, 10.21875, 10.25, 10.28125, 10.3125, 10.34375, 10.375, 10.40625, 10.4375, 10.46875, 10.5, 10.53125, 10.5625, 10.59375, 10.625, 10.65625, 10.6875, 10.71875, 10.75, 10.78125, 10.8125, 10.84375, 10.875, 10.90625, 10.9375, 10.96875, 11.0, 11.03125, 11.0625, 11.09375, 11.125, 11.15625, 11.1875, 11.21875, 11.25, 11.28125, 11.3125, 11.34375, 11.375, 11.40625, 11.4375, 11.46875, 11.53125, 11.5625, 11.59375, 11.625, 11.65625, 11.6875, 11.71875, 11.75, 11.78125, 11.8125, 11.875, 11.90625, 11.9375, 12.0, 12.03125, 12.0625, 12.09375, 12.125, 12.15625, 12.1875, 12.25, 12.28125, 12.3125, 12.34375, 12.375, 12.40625, 12.46875, 12.5, 12.5625, 12.625, 12.6875, 12.71875, 12.75, 12.78125, 12.8125, 12.84375, 12.875, 12.90625, 12.96875, 13.0, 13.03125, 13.09375, 13.15625, 13.1875, 13.25, 13.28125, 13.3125, 13.34375, 13.4375, 13.46875, 13.5, 13.5625, 13.59375, 13.625, 13.6875, 13.8125, 13.84375, 14.28125, 14.375, 14.65625], "y": [0.0, 0.2, 0.3, 0.4, 0.4, 0.5, 0.6, 0.6, 0.7, 0.8, 0.9, 0.9, 1.0, 1.1, 1.1, 1.2, 1.3, 1.3, 1.6, 1.6, 1.7, 1.8, 1.9, 2.0, 2.5, 2.5, 2.7, 2.9, 3.0, 3.0, 3.1, 3.2, 3.2, 3.4, 3.4, 3.7, 3.9, 4.0, 4.1, 4.3, 4.4, 5.1, 5.3, 5.6, 6.0, 6.3, 6.7, 6.8, 7.0, 7.4, 7.6, 7.9, 8.5, 8.8, 8.9, 9.0, 9.2, 9.7, 9.8, 9.9, 10.2, 10.3, 10.4, 10.5, 10.7, 10.8, 11.0, 11.3, 11.4, 11.6, 11.6, 13.0, 13.2, 13.8, 14.2, 14.5, 15.1, 15.5, 16.0, 16.9, 17.6, 17.9, 18.2, 18.7, 19.0, 19.4, 19.7, 20.2, 20.4, 22.2, 22.6, 23.3, 23.7, 24.4, 24.6, 25.0, 25.7, 26.1, 26.5, 26.9, 27.2, 27.4, 27.7, 30.0, 30.8, 31.3, 31.9, 32.8, 33.9, 34.7, 35.5, 36.5, 37.2, 37.7, 38.1, 38.8, 39.7, 40.0, 40.3, 40.9, 41.6, 43.2, 44.0, 44.5, 44.8, 45.3, 45.7, 46.0, 46.3, 46.7, 47.0, 47.4, 47.6, 48.1, 48.4, 49.8, 51.2, 52.2, 52.7, 53.8, 54.6, 55.1, 55.8, 57.1, 57.4, 57.9, 58.6, 59.0, 59.8, 60.2, 60.6, 61.1, 61.3, 63.4, 63.8, 64.5, 64.7, 65.3, 65.8, 66.3, 66.5, 66.7, 67.2, 67.4, 67.8, 68.0, 68.2, 69.6, 70.2, 71.1, 71.8, 72.7, 73.1, 73.7, 74.4, 75.6, 76.3, 76.9, 77.3, 77.6, 78.2, 78.6, 79.1, 79.3, 79.7, 80.9, 81.3, 81.8, 82.5, 83.1, 83.5, 83.9, 84.0, 84.3, 84.8, 85.0, 85.3, 85.5, 85.8, 86.7, 87.2, 87.4, 87.6, 87.8, 87.9, 88.1, 88.4, 89.0, 89.5, 89.8, 90.0, 90.1, 90.5, 90.7, 91.0, 91.1, 91.9, 92.1, 92.3, 92.4, 92.7, 92.8, 92.9, 93.1, 93.2, 93.5, 93.7, 93.8, 94.4, 94.9, 95.1, 95.3, 95.6, 95.8, 96.0, 96.2, 96.2, 96.4, 96.5, 96.5, 96.7, 97.0, 97.2, 97.3, 97.4, 97.4, 97.6, 97.6, 97.7, 97.9, 98.0, 98.1, 98.1, 98.2, 98.3, 98.6, 98.6, 98.7, 98.8, 98.8, 98.9, 99.0, 99.0, 99.1, 99.2, 99.3, 99.5, 99.5, 99.6, 99.7, 99.7, 99.8, 99.9, 100.0]}, "histogram": {"x": [0.0, 1.0, 2.0, 3.0, 4.0, 5.0, 6.0, 7.0, 8.0, 9.0, 10.0, 11.0, 12.0, 13.0, 14.0, 15.0, 16.0], "y": [4, 1, 1, 5, 14, 38, 104, 230, 296, 283, 252, 114, 63, 23, 3, 0, 0]}}