{"histogram": {"x": [0.0, 1.0, 2.0, 3.0, 4.0, 5.0, 6.0, 7.0, 8.0, 9.0, 10.0, 11.0, 12.0], "y": [1, 0, 2, 6, 20, 32, 58, 56, 44, 14, 11, 2, 0]}, "percentile": {"x": [0.06666666666666667, 2.066666666666667, 2.2666666666666666, 3.0, 3.066666666666667, 3.1666666666666665, 3.3666666666666667, 3.466666666666667, 3.5, 4.0, 4.033333333333333, 4.066666666666666, 4.133333333333334, 4.166666666666667, 4.233333333333333, 4.333333333333333, 4.533333333333333, 4.6, 4.766666666666667, 4.866666666666667, 4.9, 5.0, 5.033333333333333, 5.1, 5.166666666666667, 5.2, 5.233333333333333, 5.266666666666667, 5.333333333333333, 5.366666666666666, 5.4, 5.466666666666667, 5.6, 5.633333333333333, 5.666666666666667, 5.733333333333333, 5.766666666666667, 5.9, 5.966666666666667, 6.0, 6.066666666666666, 6.1, 6.133333333333334, 6.166666666666667, 6.2, 6.266666666666667, 6.3, 6.333333333333333, 6.366666666666666, 6.4, 6.433333333333334, 6.5, 6.6, 6.633333333333333, 6.666666666666667, 6.7, 6.8, 6.833333333333333, 6.866666666666667, 6.933333333333334, 6.966666666666667, 7.0, 7.033333333333333, 7.1, 7.133333333333334, 7.166666666666667, 7.2, 7.266666666666667, 7.333333333333333, 7.366666666666666, 7.4, 7.433333333333334, 7.466666666666667, 7.5, 7.533333333333333, 7.566666666666666, 7.6, 7.7, 7.733333333333333, 7.766666666666667, 7.8, 7.833333333333333, 7.866666666666667, 7.9, 7.933333333333334, 7.966666666666667, 8.0, 8.033333333333333, 8.1, 8.133333333333333, 8.166666666666666, 8.2, 8.266666666666667, 8.3, 8.333333333333334, 8.4, 8.433333333333334, 8.466666666666667, 8.5, 8.533333333333333, 8.6, 8.633333333333333, 8.733333333333333, 8.833333333333334, 8.866666666666667, 8.933333333333334, 8.966666666666667, 9.0, 9.133333333333333, 9.166666666666666, 9.266666666666667, 9.5, 9.6, 9.766666666666667, 9.8, 9.9, 10.0, 10.066666666666666, 10.1, 10.166666666666666, 10.5, 10.7, 10.733333333333333, 10.8, 10.933333333333334, 11.0, 11.166666666666666], "y": [0.0, 0.4, 0.8, 1.2, 1.6, 2.0, 2.4, 2.8, 3.2, 3.6, 4.0, 4.4, 4.8, 6.1, 6.5, 7.3, 8.1, 8.9, 9.7, 10.2, 11.0, 11.8, 13.0, 13.8, 14.2, 15.9, 16.3, 16.7, 17.1, 18.3, 18.7, 19.1, 19.5, 22.0, 22.8, 23.2, 23.6, 24.0, 24.4, 24.8, 26.1, 26.9, 28.1, 31.0, 32.2, 33.0, 33.8, 34.6, 36.3, 37.1, 38.3, 39.5, 40.0, 41.6, 42.0, 42.8, 44.0, 44.4, 47.3, 47.7, 48.1, 48.5, 51.0, 52.2, 52.6, 53.4, 55.1, 55.9, 56.7, 57.9, 58.7, 59.5, 61.2, 62.0, 62.8, 63.2, 63.6, 65.7, 66.5, 67.3, 67.7, 68.5, 69.3, 70.2, 70.6, 71.0, 71.4, 73.0, 73.4, 74.2, 75.1, 75.5, 77.1, 78.3, 78.7, 79.1, 79.5, 80.0, 82.0, 82.8, 83.2, 85.7, 86.5, 86.9, 87.7, 88.1, 88.5, 89.3, 90.6, 91.0, 91.4, 91.8, 92.2, 93.4, 94.2, 94.6, 95.1, 96.3, 96.7, 97.1, 97.5, 97.9, 98.3, 98.7, 99.1, 99.5, 100.0]}}