{"histogram": {"x": [0.0, 1.0, 2.0, 3.0, 4.0, 5.0, 6.0, 7.0, 8.0, 9.0, 10.0, 11.0, 12.0, 13.0, 14.0, 15.0, 16.0], "y": [39, 30, 38, 74, 147, 320, 673, 944, 948, 728, 455, 182, 92, 21, 3, 0, 0]}, "percentile": {"x": [0.03333333333333333, 0.06666666666666667, 0.13333333333333333, 0.16666666666666666, 0.2, 0.23333333333333334, 0.26666666666666666, 0.4666666666666667, 0.6, 1.0, 1.0333333333333334, 1.0666666666666667, 1.1, 1.1333333333333333, 1.1666666666666667, 1.2333333333333334, 1.2666666666666666, 1.3666666666666667, 1.4333333333333333, 1.4666666666666668, 1.9333333333333333, 2.0, 2.033333333333333, 2.066666666666667, 2.1, 2.1333333333333333, 2.1666666666666665, 2.2, 2.2333333333333334, 2.533333333333333, 2.5666666666666664, 2.6333333333333333, 2.6666666666666665, 3.0, 3.033333333333333, 3.066666666666667, 3.1, 3.1333333333333333, 3.1666666666666665, 3.2, 3.2333333333333334, 3.2666666666666666, 3.3666666666666667, 3.533333333333333, 3.6, 3.6333333333333333, 3.7, 3.7666666666666666, 3.8333333333333335, 3.9, 3.966666666666667, 4.0, 4.033333333333333, 4.066666666666666, 4.1, 4.133333333333334, 4.166666666666667, 4.2, 4.233333333333333, 4.266666666666667, 4.333333333333333, 4.366666666666666, 4.4, 4.433333333333334, 4.466666666666667, 4.5, 4.533333333333333, 4.566666666666666, 4.6, 4.633333333333333, 4.666666666666667, 4.7, 4.733333333333333, 4.766666666666667, 4.8, 4.833333333333333, 4.866666666666667, 4.9, 4.933333333333334, 5.0, 5.033333333333333, 5.066666666666666, 5.1, 5.133333333333334, 5.166666666666667, 5.2, 5.233333333333333, 5.266666666666667, 5.3, 5.333333333333333, 5.366666666666666, 5.4, 5.433333333333334, 5.466666666666667, 5.5, 5.533333333333333, 5.566666666666666, 5.6, 5.633333333333333, 5.666666666666667, 5.7, 5.733333333333333, 5.766666666666667, 5.8, 5.833333333333333, 5.866666666666667, 5.9, 5.933333333333334, 5.966666666666667, 6.0, 6.033333333333333, 6.066666666666666, 6.1, 6.133333333333334, 6.166666666666667, 6.2, 6.233333333333333, 6.266666666666667, 6.3, 6.333333333333333, 6.366666666666666, 6.4, 6.433333333333334, 6.466666666666667, 6.5, 6.533333333333333, 6.566666666666666, 6.6, 6.633333333333333, 6.666666666666667, 6.7, 6.733333333333333, 6.766666666666667, 6.8, 6.833333333333333, 6.866666666666667, 6.9, 6.933333333333334, 6.966666666666667, 7.0, 7.033333333333333, 7.066666666666666, 7.1, 7.133333333333334, 7.166666666666667, 7.2, 7.233333333333333, 7.266666666666667, 7.3, 7.333333333333333, 7.366666666666666, 7.4, 7.433333333333334, 7.466666666666667, 7.5, 7.533333333333333, 7.566666666666666, 7.6, 7.633333333333333, 7.666666666666667, 7.7, 7.733333333333333, 7.766666666666667, 7.8, 7.833333333333333, 7.866666666666667, 7.9, 7.933333333333334, 7.966666666666667, 8.0, 8.033333333333333, 8.066666666666666, 8.1, 8.133333333333333, 8.166666666666666, 8.2, 8.233333333333333, 8.266666666666667, 8.3, 8.333333333333334, 8.366666666666667, 8.4, 8.433333333333334, 8.466666666666667, 8.5, 8.533333333333333, 8.566666666666666, 8.6, 8.633333333333333, 8.666666666666666, 8.7, 8.733333333333333, 8.766666666666667, 8.8, 8.833333333333334, 8.866666666666667, 8.9, 8.933333333333334, 8.966666666666667, 9.0, 9.033333333333333, 9.066666666666666, 9.1, 9.133333333333333, 9.166666666666666, 9.2, 9.233333333333333, 9.266666666666667, 9.3, 9.333333333333334, 9.366666666666667, 9.4, 9.433333333333334, 9.466666666666667, 9.5, 9.533333333333333, 9.566666666666666, 9.6, 9.633333333333333, 9.666666666666666, 9.7, 9.733333333333333, 9.766666666666667, 9.8, 9.833333333333334, 9.866666666666667, 9.9, 9.933333333333334, 9.966666666666667, 10.0, 10.033333333333333, 10.066666666666666, 10.1, 10.133333333333333, 10.166666666666666, 10.2, 10.233333333333333, 10.266666666666667, 10.3, 10.333333333333334, 10.366666666666667, 10.4, 10.433333333333334, 10.466666666666667, 10.5, 10.533333333333333, 10.566666666666666, 10.6, 10.633333333333333, 10.666666666666666, 10.7, 10.733333333333333, 10.766666666666667, 10.8, 10.833333333333334, 10.866666666666667, 10.9, 10.933333333333334, 10.966666666666667, 11.0, 11.033333333333333, 11.066666666666666, 11.1, 11.133333333333333, 11.166666666666666, 11.2, 11.233333333333333, 11.266666666666667, 11.3, 11.333333333333334, 11.366666666666667, 11.4, 11.433333333333334, 11.466666666666667, 11.5, 11.533333333333333, 11.566666666666666, 11.6, 11.633333333333333, 11.666666666666666, 11.7, 11.733333333333333, 11.766666666666667, 11.8, 11.833333333333334, 11.866666666666667, 11.9, 11.933333333333334, 11.966666666666667, 12.0, 12.033333333333333, 12.066666666666666, 12.1, 12.133333333333333, 12.166666666666666, 12.2, 12.233333333333333, 12.266666666666667, 12.3, 12.333333333333334, 12.366666666666667, 12.4, 12.466666666666667, 12.5, 12.533333333333333, 12.566666666666666, 12.6, 12.633333333333333, 12.666666666666666, 12.7, 12.733333333333333, 12.766666666666667, 12.8, 12.833333333333334, 12.866666666666667, 12.9, 13.0, 13.033333333333333, 13.066666666666666, 13.133333333333333, 13.166666666666666, 13.266666666666667, 13.3, 13.333333333333334, 13.433333333333334, 13.466666666666667, 13.6, 13.666666666666666, 13.7, 13.8, 14.0, 14.266666666666667], "y": [0.0, 0.3, 0.4, 0.4, 0.5, 0.6, 0.6, 0.7, 0.8, 0.8, 1.0, 1.1, 1.2, 1.2, 1.2, 1.3, 1.3, 1.3, 1.4, 1.4, 1.4, 1.4, 1.6, 1.6, 1.7, 1.8, 1.9, 2.0, 2.1, 2.1, 2.1, 2.2, 2.2, 2.2, 2.4, 2.5, 2.7, 2.9, 3.1, 3.1, 3.4, 3.5, 3.6, 3.6, 3.6, 3.6, 3.6, 3.7, 3.7, 3.7, 3.8, 3.8, 4.1, 4.3, 4.5, 4.7, 5.0, 5.4, 5.5, 5.6, 5.6, 5.7, 5.7, 5.8, 5.9, 5.9, 6.0, 6.1, 6.2, 6.4, 6.4, 6.5, 6.5, 6.5, 6.6, 6.7, 6.7, 6.9, 6.9, 6.9, 7.3, 7.6, 7.9, 8.4, 9.0, 9.2, 9.7, 10.0, 10.2, 10.3, 10.3, 10.5, 10.7, 11.0, 11.1, 11.2, 11.4, 11.5, 12.2, 12.2, 12.4, 12.5, 12.7, 12.8, 12.9, 13.0, 13.2, 13.4, 13.6, 13.8, 14.7, 15.3, 16.1, 16.6, 17.4, 18.1, 18.8, 19.3, 19.7, 20.0, 20.2, 20.6, 21.0, 21.5, 21.8, 22.1, 22.5, 22.7, 24.0, 24.3, 24.8, 25.3, 25.6, 26.0, 26.4, 26.8, 27.2, 27.6, 27.9, 28.1, 29.5, 30.3, 31.1, 32.2, 33.4, 34.4, 35.4, 36.3, 37.3, 37.7, 38.2, 38.7, 39.1, 40.0, 40.4, 40.7, 41.4, 41.6, 43.3, 43.7, 44.1, 44.6, 45.2, 45.5, 45.9, 46.3, 46.8, 47.3, 47.7, 48.2, 50.0, 50.6, 51.2, 52.4, 53.3, 54.1, 55.2, 55.8, 57.1, 57.6, 58.3, 58.8, 59.4, 60.1, 60.6, 61.0, 61.3, 61.7, 63.1, 63.5, 64.3, 64.6, 65.0, 65.5, 65.9, 66.4, 67.0, 67.5, 68.2, 68.4, 70.1, 70.6, 71.1, 71.9, 72.8, 73.6, 74.3, 74.9, 75.9, 76.3, 76.8, 77.2, 77.7, 78.1, 78.3, 78.6, 78.9, 79.4, 80.5, 81.0, 81.4, 81.7, 81.9, 82.2, 82.4, 82.7, 83.0, 83.3, 83.7, 83.9, 84.8, 85.1, 85.5, 86.0, 86.4, 86.9, 87.5, 88.0, 88.5, 88.8, 89.2, 89.4, 89.7, 89.9, 90.0, 90.1, 90.3, 90.5, 91.3, 91.6, 91.8, 92.0, 92.3, 92.3, 92.6, 92.8, 93.1, 93.2, 93.4, 93.6, 94.0, 94.1, 94.4, 94.6, 94.7, 94.8, 94.9, 95.1, 95.3, 95.4, 95.5, 95.6, 95.8, 95.9, 95.9, 96.1, 96.2, 96.3, 96.6, 96.7, 96.9, 97.0, 97.0, 97.1, 97.2, 97.2, 97.3, 97.4, 97.4, 97.5, 97.8, 97.9, 97.9, 98.0, 98.1, 98.2, 98.3, 98.4, 98.6, 98.7, 98.7, 98.7, 98.8, 98.8, 98.9, 99.0, 99.0, 99.1, 99.2, 99.2, 99.3, 99.3, 99.4, 99.4, 99.4, 99.4, 99.5, 99.5, 99.6, 99.6, 99.6, 99.7, 99.7, 99.7, 99.8, 99.8, 99.8, 99.8, 99.9, 99.9, 99.9, 100.0]}}