{"percentile": {"y": [0.0, 0.1, 0.1, 0.1, 0.2, 0.2, 0.3, 0.3, 0.3, 0.3, 0.3, 0.4, 0.4, 0.5, 0.5, 0.5, 0.6, 0.6, 0.6, 0.6, 0.7, 0.7, 0.8, 0.9, 1.0, 1.1, 1.2, 1.3, 1.3, 1.4, 1.4, 1.4, 1.5, 1.7, 1.8, 1.9, 2.1, 2.2, 2.4, 2.5, 2.6, 2.7, 2.7, 2.7, 2.8, 3.0, 3.1, 3.2, 3.3, 3.3, 3.4, 3.5, 3.6, 3.6, 3.8, 3.8, 3.9, 3.9, 4.0, 4.0, 4.1, 4.1, 4.2, 4.2, 4.8, 5.0, 5.3, 5.7, 5.8, 6.0, 6.4, 6.6, 7.2, 7.4, 7.4, 7.6, 7.8, 8.0, 8.1, 8.4, 8.6, 8.8, 9.5, 9.8, 9.9, 10.1, 10.3, 10.4, 10.5, 10.8, 11.1, 11.4, 11.6, 11.8, 12.0, 12.1, 13.3, 13.8, 14.4, 14.9, 15.5, 15.9, 16.4, 16.7, 17.6, 17.9, 18.4, 18.9, 19.3, 20.1, 20.4, 20.8, 21.1, 21.3, 22.7, 23.1, 23.5, 23.9, 24.5, 24.8, 25.1, 25.5, 25.9, 26.1, 26.7, 27.1, 27.4, 27.8, 29.2, 30.1, 31.0, 31.6, 32.6, 33.3, 34.3, 34.8, 35.7, 36.4, 37.0, 37.8, 38.2, 39.1, 39.8, 40.3, 40.9, 41.2, 43.1, 43.5, 43.9, 44.3, 44.7, 45.1, 45.5, 45.9, 46.3, 46.8, 47.2, 47.7, 48.2, 48.6, 50.5, 51.3, 52.2, 53.0, 53.8, 54.6, 55.3, 55.8, 57.3, 58.1, 58.6, 59.2, 59.8, 60.5, 61.0, 61.4, 61.6, 62.0, 63.8, 64.5, 64.9, 65.3, 65.6, 66.0, 66.5, 66.8, 67.4, 67.7, 67.9, 68.1, 68.3, 68.6, 70.3, 71.1, 71.5, 72.3, 73.0, 73.8, 74.5, 75.0, 76.0, 76.6, 77.1, 77.7, 77.9, 78.5, 78.8, 79.3, 79.6, 79.8, 81.1, 81.5, 81.8, 82.0, 82.5, 82.9, 83.2, 83.6, 83.9, 84.0, 84.1, 84.3, 84.6, 84.9, 85.8, 86.1, 86.4, 86.8, 87.2, 87.6, 88.1, 88.3, 89.1, 89.3, 89.7, 89.9, 90.2, 90.5, 90.7, 91.0, 91.1, 91.3, 92.2, 92.4, 92.6, 92.6, 92.8, 92.9, 93.1, 93.2, 93.3, 93.4, 93.5, 93.6, 93.7, 93.8, 94.2, 94.5, 94.7, 94.9, 95.2, 95.4, 95.5, 95.7, 95.9, 96.1, 96.2, 96.3, 96.4, 96.6, 96.7, 96.8, 96.9, 97.0, 97.5, 97.6, 97.7, 97.8, 97.9, 97.9, 98.0, 98.0, 98.0, 98.1, 98.2, 98.3, 98.4, 98.4, 98.5, 98.6, 98.7, 98.8, 98.8, 98.8, 98.9, 99.1, 99.2, 99.3, 99.3, 99.3, 99.4, 99.4, 99.4, 99.5, 99.5, 99.6, 99.6, 99.6, 99.6, 99.7, 99.7, 99.7, 99.8, 99.8, 99.9, 99.9, 99.9, 99.9, 100.0], "x": [0.03125, 0.0625, 0.09375, 0.25, 1.0, 1.125, 2.0625, 2.09375, 2.1875, 2.25, 3.0, 3.03125, 3.0625, 3.09375, 3.125, 3.21875, 3.5625, 3.75, 3.90625, 4.0, 4.0625, 4.09375, 4.1875, 4.21875, 4.375, 4.53125, 4.5625, 4.625, 4.75, 4.78125, 4.8125, 4.96875, 5.0, 5.03125, 5.0625, 5.09375, 5.125, 5.15625, 5.1875, 5.21875, 5.25, 5.28125, 5.3125, 5.34375, 5.375, 5.40625, 5.4375, 5.46875, 5.5, 5.53125, 5.5625, 5.59375, 5.625, 5.65625, 5.6875, 5.71875, 5.78125, 5.8125, 5.84375, 5.875, 5.90625, 5.9375, 5.96875, 6.0, 6.03125, 6.0625, 6.09375, 6.125, 6.15625, 6.1875, 6.21875, 6.25, 6.28125, 6.3125, 6.34375, 6.375, 6.40625, 6.4375, 6.46875, 6.5, 6.53125, 6.5625, 6.59375, 6.625, 6.65625, 6.6875, 6.71875, 6.75, 6.78125, 6.8125, 6.84375, 6.875, 6.90625, 6.9375, 6.96875, 7.0, 7.03125, 7.0625, 7.09375, 7.125, 7.15625, 7.1875, 7.21875, 7.25, 7.28125, 7.3125, 7.34375, 7.375, 7.40625, 7.4375, 7.46875, 7.5, 7.53125, 7.5625, 7.59375, 7.625, 7.65625, 7.6875, 7.71875, 7.75, 7.78125, 7.8125, 7.84375, 7.875, 7.90625, 7.9375, 7.96875, 8.0, 8.03125, 8.0625, 8.09375, 8.125, 8.15625, 8.1875, 8.21875, 8.25, 8.28125, 8.3125, 8.34375, 8.375, 8.40625, 8.4375, 8.46875, 8.5, 8.53125, 8.5625, 8.59375, 8.625, 8.65625, 8.6875, 8.71875, 8.75, 8.78125, 8.8125, 8.84375, 8.875, 8.90625, 8.9375, 8.96875, 9.0, 9.03125, 9.0625, 9.09375, 9.125, 9.15625, 9.1875, 9.21875, 9.25, 9.28125, 9.3125, 9.34375, 9.375, 9.40625, 9.4375, 9.46875, 9.5, 9.53125, 9.5625, 9.59375, 9.625, 9.65625, 9.6875, 9.71875, 9.75, 9.78125, 9.8125, 9.84375, 9.875, 9.90625, 9.9375, 9.96875, 10.0, 10.03125, 10.0625, 10.09375, 10.125, 10.15625, 10.1875, 10.21875, 10.25, 10.28125, 10.3125, 10.34375, 10.375, 10.40625, 10.4375, 10.46875, 10.5, 10.53125, 10.5625, 10.59375, 10.625, 10.65625, 10.6875, 10.71875, 10.75, 10.78125, 10.8125, 10.84375, 10.875, 10.90625, 10.9375, 10.96875, 11.0, 11.03125, 11.0625, 11.09375, 11.125, 11.15625, 11.1875, 11.21875, 11.25, 11.28125, 11.3125, 11.34375, 11.375, 11.40625, 11.4375, 11.46875, 11.5, 11.53125, 11.5625, 11.59375, 11.625, 11.65625, 11.6875, 11.71875, 11.75, 11.78125, 11.8125, 11.84375, 11.875, 11.90625, 11.9375, 11.96875, 12.0, 12.03125, 12.0625, 12.09375, 12.125, 12.15625, 12.1875, 12.21875, 12.25, 12.28125, 12.3125, 12.34375, 12.375, 12.40625, 12.4375, 12.46875, 12.5, 12.53125, 12.5625, 12.59375, 12.625, 12.65625, 12.6875, 12.71875, 12.75, 12.78125, 12.8125, 12.84375, 12.875, 12.90625, 12.9375, 12.96875, 13.0, 13.03125, 13.0625, 13.09375, 13.125, 13.15625, 13.1875, 13.25, 13.28125, 13.3125, 13.34375, 13.375, 13.40625, 13.4375, 13.46875, 13.5, 13.53125, 13.5625, 13.65625, 13.71875, 13.75, 13.78125, 13.8125, 13.875, 13.90625, 13.9375, 13.96875, 14.0, 14.03125, 14.125, 14.375, 14.75]}, "histogram": {"y": [11, 5, 4, 15, 43, 138, 396, 786, 1049, 1006, 817, 450, 230, 73, 6, 0], "x": [0.0, 1.0, 2.0, 3.0, 4.0, 5.0, 6.0, 7.0, 8.0, 9.0, 10.0, 11.0, 12.0, 13.0, 14.0, 15.0]}}