{"percentile": {"y": [0.0, 1.9, 3.9, 5.8, 7.8, 9.8, 11.7, 13.7, 15.6, 17.6, 19.6, 21.5, 25.4, 27.4, 29.4, 31.3, 33.3, 35.2, 39.2, 41.1, 43.1, 45.0, 47.0, 49.0, 50.9, 54.9, 56.8, 62.7, 64.7, 66.6, 68.6, 70.5, 72.5, 74.5, 76.4, 78.4, 80.3, 82.3, 84.3, 86.2, 94.1, 96.0, 98.0, 100.0], "x": [5.0, 5.433333333333334, 5.766666666666667, 5.8, 6.0, 6.233333333333333, 6.266666666666667, 6.4, 6.766666666666667, 6.8, 6.866666666666667, 7.0, 7.1, 7.2, 7.333333333333333, 7.433333333333334, 7.466666666666667, 7.566666666666666, 7.6, 7.833333333333333, 7.866666666666667, 7.9, 8.066666666666666, 8.233333333333333, 8.266666666666667, 8.4, 8.433333333333334, 8.6, 8.666666666666666, 8.766666666666667, 8.9, 8.933333333333334, 9.0, 9.1, 9.166666666666666, 9.266666666666667, 9.3, 9.366666666666667, 9.466666666666667, 9.6, 9.633333333333333, 9.9, 10.0, 10.3]}, "histogram": {"y": [4, 7, 13, 13, 13, 2, 0, 0], "x": [5.0, 6.0, 7.0, 8.0, 9.0, 10.0, 11.0, 12.0]}}