{"histogram": {"y": [1, 2, 4, 29, 28, 26, 14, 4, 1, 0, 0], "x": [4.0, 5.0, 6.0, 7.0, 8.0, 9.0, 10.0, 11.0, 12.0, 13.0, 14.0]}, "percentile": {"y": [0.0, 0.9, 1.8, 2.7, 3.7, 4.6, 5.5, 6.4, 10.1, 12.0, 12.9, 15.7, 16.6, 17.5, 19.4, 24.0, 25.0, 25.9, 26.8, 28.7, 29.6, 30.5, 32.4, 33.3, 37.9, 39.8, 40.7, 41.6, 42.5, 43.5, 44.4, 45.3, 46.2, 48.1, 50.9, 52.7, 53.7, 54.6, 55.5, 56.4, 58.3, 59.2, 62.9, 65.7, 66.6, 68.5, 69.4, 70.3, 71.2, 72.2, 73.1, 74.0, 75.0, 75.9, 78.7, 79.6, 80.5, 81.4, 82.4, 83.3, 86.1, 87.0, 87.9, 88.8, 89.8, 90.7, 91.6, 95.3, 96.2, 97.2, 98.1, 99.0, 100.0], "x": [4.25, 5.25, 5.625, 6.5625, 6.59375, 6.71875, 6.8125, 7.0, 7.125, 7.1875, 7.25, 7.3125, 7.40625, 7.4375, 7.5625, 7.59375, 7.65625, 7.71875, 7.75, 7.78125, 7.90625, 7.9375, 7.96875, 8.0, 8.03125, 8.0625, 8.09375, 8.15625, 8.21875, 8.25, 8.34375, 8.46875, 8.5, 8.5625, 8.59375, 8.65625, 8.6875, 8.71875, 8.8125, 8.875, 8.90625, 9.0, 9.03125, 9.0625, 9.09375, 9.125, 9.15625, 9.25, 9.34375, 9.375, 9.40625, 9.4375, 9.46875, 9.5625, 9.625, 9.75, 9.78125, 9.84375, 9.90625, 10.0, 10.21875, 10.28125, 10.375, 10.40625, 10.46875, 10.5, 10.5625, 10.84375, 11.0, 11.4375, 11.6875, 11.9375, 12.875]}}