{"percentile": {"x": [0.03125, 0.28125, 0.40625, 1.0, 3.9375, 4.5, 4.71875, 5.03125, 5.21875, 5.25, 5.3125, 5.40625, 5.5625, 5.625, 5.71875, 5.8125, 5.875, 5.9375, 6.0, 6.15625, 6.1875, 6.25, 6.34375, 6.40625, 6.4375, 6.5, 6.53125, 6.5625, 6.59375, 6.625, 6.65625, 6.6875, 6.75, 6.78125, 6.8125, 6.84375, 6.875, 6.90625, 6.9375, 6.96875, 7.0, 7.03125, 7.0625, 7.09375, 7.125, 7.15625, 7.1875, 7.21875, 7.25, 7.3125, 7.34375, 7.375, 7.40625, 7.4375, 7.46875, 7.5, 7.53125, 7.5625, 7.59375, 7.625, 7.65625, 7.6875, 7.71875, 7.75, 7.78125, 7.8125, 7.84375, 7.875, 7.90625, 7.9375, 7.96875, 8.0, 8.03125, 8.0625, 8.09375, 8.125, 8.15625, 8.1875, 8.21875, 8.25, 8.28125, 8.3125, 8.34375, 8.375, 8.40625, 8.4375, 8.46875, 8.5, 8.53125, 8.5625, 8.59375, 8.625, 8.65625, 8.6875, 8.71875, 8.75, 8.78125, 8.8125, 8.84375, 8.875, 8.90625, 8.9375, 8.96875, 9.0, 9.03125, 9.0625, 9.09375, 9.125, 9.15625, 9.1875, 9.21875, 9.25, 9.28125, 9.3125, 9.34375, 9.375, 9.40625, 9.4375, 9.46875, 9.5, 9.53125, 9.5625, 9.59375, 9.625, 9.65625, 9.6875, 9.71875, 9.75, 9.78125, 9.8125, 9.84375, 9.875, 9.90625, 9.9375, 9.96875, 10.0, 10.03125, 10.0625, 10.09375, 10.125, 10.15625, 10.1875, 10.21875, 10.25, 10.28125, 10.3125, 10.34375, 10.375, 10.40625, 10.4375, 10.46875, 10.5, 10.53125, 10.5625, 10.59375, 10.625, 10.65625, 10.6875, 10.71875, 10.75, 10.78125, 10.8125, 10.84375, 10.875, 10.90625, 10.9375, 10.96875, 11.0, 11.03125, 11.0625, 11.09375, 11.125, 11.15625, 11.1875, 11.21875, 11.25, 11.28125, 11.3125, 11.34375, 11.375, 11.40625, 11.4375, 11.46875, 11.5, 11.53125, 11.5625, 11.59375, 11.625, 11.65625, 11.6875, 11.71875, 11.75, 11.78125, 11.84375, 11.875, 11.90625, 11.9375, 12.0, 12.0625, 12.09375, 12.125, 12.15625, 12.25, 12.28125, 12.3125, 12.34375, 12.375, 12.40625, 12.46875, 12.5625, 12.59375, 12.65625, 12.8125, 12.84375, 13.0, 13.09375, 13.1875], "y": [0.0, 0.0, 0.1, 0.1, 0.2, 0.3, 0.3, 0.4, 0.4, 0.5, 0.5, 0.6, 0.6, 0.7, 0.7, 0.8, 0.8, 0.9, 1.0, 1.2, 1.2, 1.3, 1.5, 1.6, 1.7, 1.7, 1.8, 2.0, 2.6, 2.7, 2.9, 3.0, 3.2, 3.3, 3.4, 3.7, 3.7, 3.8, 4.0, 4.0, 4.1, 5.2, 5.3, 5.5, 5.6, 5.7, 5.9, 5.9, 6.2, 6.6, 7.0, 7.1, 7.4, 7.8, 8.0, 8.5, 8.7, 8.8, 11.0, 11.3, 11.6, 12.0, 12.5, 12.9, 13.3, 13.8, 14.2, 14.7, 15.0, 15.5, 15.6, 15.9, 17.5, 17.8, 18.3, 18.5, 18.9, 19.3, 19.8, 20.3, 21.9, 22.6, 23.3, 24.1, 25.0, 26.6, 27.3, 27.9, 28.7, 29.5, 33.2, 33.9, 35.1, 36.0, 36.8, 37.5, 38.2, 38.7, 39.1, 39.7, 40.3, 40.7, 41.3, 41.9, 45.2, 45.7, 46.4, 47.4, 47.9, 48.7, 49.1, 49.7, 51.4, 51.9, 52.8, 53.7, 54.6, 55.8, 56.7, 57.4, 58.0, 58.6, 62.1, 62.6, 63.4, 64.3, 65.1, 65.6, 66.1, 66.8, 67.4, 68.0, 68.5, 69.1, 69.6, 70.0, 72.4, 72.9, 73.6, 74.5, 75.1, 75.3, 75.7, 76.3, 78.2, 79.2, 79.8, 80.4, 81.1, 81.7, 82.2, 82.5, 83.0, 83.3, 85.9, 86.2, 86.6, 87.1, 87.7, 88.0, 88.4, 88.5, 88.8, 89.1, 89.5, 90.1, 90.5, 90.6, 91.4, 91.5, 91.7, 91.9, 92.0, 92.3, 92.5, 92.6, 93.3, 93.8, 93.9, 94.3, 94.5, 94.8, 94.9, 95.1, 95.2, 95.3, 96.5, 96.7, 96.9, 97.0, 97.1, 97.3, 97.3, 97.4, 97.7, 97.7, 97.8, 98.2, 98.5, 98.5, 98.6, 98.7, 98.8, 98.9, 98.9, 99.1, 99.1, 99.2, 99.3, 99.4, 99.5, 99.6, 99.6, 99.7, 99.8, 99.9, 100.0]}, "histogram": {"x": [0.0, 1.0, 2.0, 3.0, 4.0, 5.0, 6.0, 7.0, 8.0, 9.0, 10.0, 11.0, 12.0, 13.0, 14.0, 15.0], "y": [3, 2, 0, 1, 2, 11, 60, 223, 490, 532, 390, 142, 31, 4, 0, 0]}}