{"percentile": {"x": [0.26666666666666666, 1.0, 1.1333333333333333, 1.4666666666666668, 3.1666666666666665, 3.5, 3.5666666666666664, 4.5, 4.533333333333333, 4.633333333333333, 5.0, 5.133333333333334, 5.166666666666667, 5.266666666666667, 5.3, 5.366666666666666, 5.4, 5.433333333333334, 5.466666666666667, 5.6, 5.7, 5.733333333333333, 5.833333333333333, 5.866666666666667, 5.933333333333334, 6.0, 6.066666666666666, 6.1, 6.133333333333334, 6.166666666666667, 6.2, 6.233333333333333, 6.3, 6.333333333333333, 6.4, 6.433333333333334, 6.6, 6.633333333333333, 6.7, 6.8, 6.833333333333333, 6.9, 6.933333333333334, 7.0, 7.033333333333333, 7.066666666666666, 7.133333333333334, 7.166666666666667, 7.2, 7.233333333333333, 7.333333333333333, 7.366666666666666, 7.466666666666667, 7.5, 7.533333333333333, 7.6, 7.666666666666667, 7.733333333333333, 7.833333333333333, 7.933333333333334, 8.033333333333333, 8.066666666666666, 8.133333333333333, 8.166666666666666, 8.2, 8.233333333333333, 8.266666666666667, 8.333333333333334, 8.5, 8.6, 8.833333333333334, 8.9, 9.233333333333333, 9.3, 9.6, 9.8, 9.866666666666667, 10.233333333333333, 11.333333333333334], "y": [0.0, 0.9, 1.8, 2.7, 3.6, 4.5, 5.5, 6.4, 7.3, 8.2, 9.1, 11.9, 12.8, 13.7, 14.6, 15.5, 16.5, 17.4, 21.1, 22.9, 24.7, 25.6, 27.5, 28.4, 29.3, 30.2, 32.1, 33.0, 34.8, 35.7, 38.5, 39.4, 40.3, 41.2, 43.1, 44.0, 44.9, 46.7, 47.7, 49.5, 50.4, 51.3, 53.2, 55.9, 58.7, 60.5, 63.3, 64.2, 65.1, 66.0, 66.9, 68.8, 69.7, 70.6, 72.4, 73.3, 77.0, 77.9, 78.8, 79.8, 81.6, 82.5, 83.4, 84.4, 85.3, 86.2, 87.1, 88.0, 88.9, 89.9, 92.6, 93.5, 94.4, 95.4, 96.3, 97.2, 98.1, 99.0, 100.0]}, "histogram": {"x": [0.0, 1.0, 2.0, 3.0, 4.0, 5.0, 6.0, 7.0, 8.0, 9.0, 10.0, 11.0, 12.0, 13.0], "y": [1, 3, 0, 3, 3, 23, 28, 28, 14, 5, 1, 1, 0, 0]}}