{"percentile": {"x": [0.09375, 0.40625, 1.25, 4.0, 4.0625, 4.15625, 4.1875, 5.0, 5.0625, 5.125, 5.15625, 5.1875, 5.25, 5.28125, 5.34375, 5.40625, 5.4375, 5.46875, 5.5625, 5.71875, 6.0, 6.0625, 6.09375, 6.125, 6.15625, 6.1875, 6.21875, 6.28125, 6.3125, 6.34375, 6.375, 6.46875, 6.5, 6.53125, 6.5625, 6.59375, 6.625, 6.78125, 6.96875, 7.0, 7.0625, 7.09375, 7.125, 7.15625, 7.25, 7.375, 7.40625, 7.4375, 7.46875, 7.5625, 7.625, 7.6875, 7.71875, 7.75, 7.78125, 7.8125, 7.90625, 7.96875, 8.0, 8.0625, 8.09375, 8.125, 8.15625, 8.1875, 8.25, 8.34375, 8.375, 8.5625, 8.6875, 8.71875, 8.78125, 8.84375, 8.875, 9.0, 9.03125, 9.15625, 9.25, 9.375, 9.40625, 9.46875, 9.5, 9.59375, 9.65625, 9.6875, 9.75, 10.0, 10.09375, 10.28125, 10.3125, 10.65625, 10.96875], "y": [0.0, 0.7, 2.1, 2.9, 3.6, 4.3, 5.1, 5.8, 7.2, 8.0, 8.7, 9.4, 10.9, 11.6, 12.4, 13.1, 13.8, 16.0, 16.7, 17.5, 18.9, 21.1, 21.8, 22.6, 23.3, 24.0, 24.8, 26.2, 27.0, 27.7, 28.4, 29.1, 29.9, 31.3, 32.8, 34.3, 35.7, 36.4, 37.9, 38.6, 41.6, 42.3, 43.0, 43.7, 44.5, 48.1, 48.9, 49.6, 51.0, 52.5, 54.7, 56.9, 57.6, 58.3, 59.8, 60.5, 61.3, 62.7, 63.5, 65.6, 67.1, 67.8, 70.8, 71.5, 73.7, 74.4, 75.1, 77.3, 79.5, 80.2, 81.7, 82.4, 83.2, 83.9, 86.8, 87.5, 89.0, 89.7, 90.5, 91.2, 91.9, 92.7, 94.1, 94.8, 95.6, 96.3, 97.0, 97.8, 98.5, 99.2, 100.0]}, "histogram": {"x": [0.0, 1.0, 2.0, 3.0, 4.0, 5.0, 6.0, 7.0, 8.0, 9.0, 10.0, 11.0], "y": [3, 1, 0, 0, 4, 18, 27, 34, 28, 17, 6, 0]}}