{"histogram": {"y": [1, 3, 1, 8, 11, 41, 75, 74, 47, 16, 15, 1, 0], "x": [0.0, 1.0, 2.0, 3.0, 4.0, 5.0, 6.0, 7.0, 8.0, 9.0, 10.0, 11.0, 12.0]}, "percentile": {"y": [0.0, 0.3, 0.6, 1.3, 1.7, 2.3, 2.7, 3.0, 3.7, 4.1, 4.4, 4.7, 5.1, 5.4, 5.8, 6.1, 7.1, 7.5, 7.8, 8.2, 8.9, 9.2, 9.9, 10.2, 10.6, 11.3, 11.6, 12.3, 13.6, 14.3, 15.0, 15.7, 16.7, 17.1, 19.1, 19.5, 19.8, 20.5, 20.8, 21.2, 21.5, 21.9, 22.2, 25.6, 26.0, 27.3, 27.7, 28.0, 30.1, 30.4, 31.1, 32.1, 33.2, 33.5, 34.5, 35.6, 36.3, 38.0, 38.6, 41.0, 41.4, 42.1, 42.4, 42.8, 43.1, 44.5, 45.5, 46.2, 47.2, 47.9, 49.6, 51.0, 53.4, 54.4, 55.8, 57.5, 58.5, 59.9, 60.6, 61.9, 63.3, 64.7, 65.4, 66.4, 67.1, 68.8, 70.2, 70.5, 70.8, 71.5, 72.2, 72.6, 72.9, 73.2, 74.3, 75.3, 76.3, 76.7, 77.3, 78.0, 79.7, 80.1, 80.4, 80.8, 81.5, 81.8, 82.8, 83.9, 86.3, 86.6, 87.3, 87.6, 88.3, 88.6, 89.0, 89.3, 90.0, 90.4, 90.7, 91.0, 91.4, 91.7, 92.1, 92.4, 92.8, 93.1, 93.4, 93.8, 94.1, 94.5, 94.8, 96.5, 96.9, 97.2, 97.6, 97.9, 98.2, 98.6, 99.3, 100.0], "x": [0.26666666666666666, 1.0, 1.2333333333333334, 2.4333333333333336, 3.0, 3.1333333333333333, 3.1666666666666665, 3.2333333333333334, 3.3333333333333335, 3.5, 4.033333333333333, 4.1, 4.2, 4.366666666666666, 4.533333333333333, 4.6, 4.733333333333333, 4.766666666666667, 4.866666666666667, 5.0, 5.033333333333333, 5.066666666666666, 5.1, 5.133333333333334, 5.166666666666667, 5.2, 5.266666666666667, 5.333333333333333, 5.366666666666666, 5.4, 5.433333333333334, 5.5, 5.566666666666666, 5.6, 5.633333333333333, 5.7, 5.8, 5.833333333333333, 5.866666666666667, 5.9, 5.933333333333334, 5.966666666666667, 6.0, 6.033333333333333, 6.066666666666666, 6.1, 6.133333333333334, 6.166666666666667, 6.2, 6.233333333333333, 6.266666666666667, 6.333333333333333, 6.366666666666666, 6.4, 6.433333333333334, 6.5, 6.533333333333333, 6.566666666666666, 6.6, 6.666666666666667, 6.7, 6.733333333333333, 6.766666666666667, 6.8, 6.833333333333333, 6.866666666666667, 6.9, 6.933333333333334, 6.966666666666667, 7.0, 7.033333333333333, 7.066666666666666, 7.1, 7.166666666666667, 7.2, 7.233333333333333, 7.266666666666667, 7.3, 7.333333333333333, 7.4, 7.433333333333334, 7.466666666666667, 7.5, 7.533333333333333, 7.6, 7.666666666666667, 7.766666666666667, 7.8, 7.833333333333333, 7.866666666666667, 7.9, 7.933333333333334, 7.966666666666667, 8.0, 8.033333333333333, 8.066666666666666, 8.133333333333333, 8.2, 8.233333333333333, 8.266666666666667, 8.3, 8.333333333333334, 8.366666666666667, 8.433333333333334, 8.466666666666667, 8.5, 8.533333333333333, 8.6, 8.666666666666666, 8.7, 8.733333333333333, 8.8, 8.833333333333334, 8.866666666666667, 8.9, 9.0, 9.033333333333333, 9.1, 9.133333333333333, 9.233333333333333, 9.266666666666667, 9.333333333333334, 9.4, 9.433333333333334, 9.466666666666667, 9.633333333333333, 9.7, 9.8, 9.933333333333334, 9.966666666666667, 10.0, 10.066666666666666, 10.1, 10.166666666666666, 10.233333333333333, 10.3, 10.366666666666667, 10.466666666666667, 10.6, 11.133333333333333]}}