{"histogram": {"y": [2, 2, 4, 5, 18, 61, 187, 285, 323, 224, 116, 32, 14, 1, 0, 0], "x": [0.0, 1.0, 2.0, 3.0, 4.0, 5.0, 6.0, 7.0, 8.0, 9.0, 10.0, 11.0, 12.0, 13.0, 14.0, 15.0]}, "percentile": {"y": [0.0, 0.0, 0.1, 0.2, 0.3, 0.3, 0.4, 0.5, 0.6, 0.7, 0.7, 0.8, 0.9, 1.0, 1.0, 1.2, 1.4, 1.5, 1.6, 2.0, 2.1, 2.3, 2.4, 2.5, 2.7, 2.8, 2.9, 3.0, 3.2, 3.3, 3.6, 4.0, 4.0, 4.2, 4.5, 4.6, 4.7, 4.8, 5.5, 5.7, 5.8, 5.9, 6.0, 6.1, 6.2, 6.3, 6.5, 6.7, 6.9, 7.0, 7.2, 8.4, 8.7, 9.3, 9.6, 9.8, 10.7, 11.1, 11.5, 12.0, 12.6, 13.1, 13.5, 13.9, 14.6, 14.9, 15.2, 15.4, 17.7, 18.6, 18.9, 19.2, 19.4, 19.6, 20.1, 20.2, 20.4, 20.6, 20.9, 21.2, 21.5, 21.9, 24.1, 25.0, 26.3, 27.1, 27.5, 28.2, 29.3, 30.3, 31.6, 32.0, 32.4, 33.1, 34.0, 34.7, 35.3, 35.9, 36.2, 36.9, 39.1, 39.8, 40.5, 41.0, 41.4, 41.7, 41.7, 42.4, 43.1, 43.5, 43.7, 43.9, 44.1, 44.3, 46.4, 47.4, 48.6, 49.7, 50.5, 51.7, 52.9, 53.4, 54.9, 55.7, 56.2, 56.8, 57.4, 58.6, 59.2, 59.8, 60.3, 61.0, 63.0, 63.6, 64.3, 65.1, 65.7, 66.2, 66.8, 67.2, 67.7, 68.0, 68.4, 69.2, 69.2, 69.6, 71.7, 72.5, 73.6, 74.7, 75.6, 76.3, 77.3, 78.0, 78.7, 79.1, 79.8, 80.2, 80.2, 80.9, 81.1, 81.5, 82.0, 82.4, 83.2, 83.5, 83.8, 84.2, 84.3, 84.7, 84.9, 85.2, 85.3, 85.7, 86.0, 86.4, 86.8, 87.2, 88.5, 88.7, 89.0, 89.3, 89.6, 90.1, 90.6, 91.2, 91.3, 91.4, 91.5, 91.8, 92.1, 92.3, 92.6, 92.9, 93.0, 94.3, 94.8, 95.0, 95.4, 95.6, 95.6, 95.7, 95.9, 95.9, 96.2, 96.3, 96.8, 96.9, 97.0, 97.2, 97.3, 97.6, 97.9, 98.0, 98.1, 98.2, 98.4, 98.5, 98.5, 98.7, 98.8, 98.9, 98.9, 99.0, 99.1, 99.2, 99.3, 99.4, 99.6, 99.7, 99.8, 99.9, 100.0], "x": [0.03125, 0.125, 1.0, 1.125, 2.15625, 2.5, 2.5625, 2.59375, 3.21875, 3.5625, 3.8125, 3.84375, 3.90625, 4.03125, 4.0625, 4.09375, 4.21875, 4.53125, 4.5625, 4.6875, 4.71875, 4.75, 5.0, 5.03125, 5.0625, 5.09375, 5.125, 5.15625, 5.1875, 5.25, 5.3125, 5.34375, 5.375, 5.40625, 5.4375, 5.46875, 5.5, 5.5625, 5.59375, 5.625, 5.65625, 5.6875, 5.71875, 5.75, 5.78125, 5.8125, 5.84375, 5.875, 5.90625, 5.96875, 6.0, 6.03125, 6.0625, 6.09375, 6.125, 6.15625, 6.1875, 6.21875, 6.25, 6.28125, 6.3125, 6.34375, 6.375, 6.40625, 6.4375, 6.46875, 6.5, 6.5625, 6.59375, 6.625, 6.65625, 6.6875, 6.71875, 6.75, 6.78125, 6.8125, 6.84375, 6.875, 6.90625, 6.9375, 6.96875, 7.0, 7.03125, 7.0625, 7.09375, 7.125, 7.15625, 7.1875, 7.21875, 7.25, 7.28125, 7.3125, 7.34375, 7.375, 7.40625, 7.4375, 7.46875, 7.5, 7.53125, 7.5625, 7.59375, 7.625, 7.65625, 7.6875, 7.71875, 7.75, 7.78125, 7.8125, 7.84375, 7.875, 7.90625, 7.9375, 7.96875, 8.0, 8.03125, 8.0625, 8.09375, 8.125, 8.15625, 8.1875, 8.21875, 8.25, 8.28125, 8.3125, 8.34375, 8.375, 8.40625, 8.4375, 8.46875, 8.5, 8.53125, 8.5625, 8.59375, 8.625, 8.65625, 8.6875, 8.71875, 8.75, 8.78125, 8.8125, 8.84375, 8.875, 8.90625, 8.9375, 8.96875, 9.0, 9.03125, 9.0625, 9.09375, 9.125, 9.15625, 9.1875, 9.21875, 9.25, 9.28125, 9.3125, 9.34375, 9.375, 9.40625, 9.4375, 9.46875, 9.5, 9.53125, 9.5625, 9.59375, 9.625, 9.65625, 9.6875, 9.71875, 9.75, 9.78125, 9.8125, 9.84375, 9.875, 9.90625, 9.9375, 9.96875, 10.0, 10.03125, 10.09375, 10.125, 10.15625, 10.1875, 10.21875, 10.25, 10.28125, 10.3125, 10.34375, 10.375, 10.40625, 10.4375, 10.46875, 10.5, 10.53125, 10.5625, 10.59375, 10.625, 10.65625, 10.6875, 10.71875, 10.78125, 10.8125, 10.84375, 10.875, 10.9375, 11.0, 11.03125, 11.0625, 11.125, 11.21875, 11.25, 11.28125, 11.34375, 11.375, 11.4375, 11.5625, 11.625, 11.65625, 11.75, 11.875, 11.96875, 12.0, 12.03125, 12.0625, 12.09375, 12.125, 12.1875, 12.25, 12.40625, 12.46875, 12.71875, 12.96875, 13.03125]}}