{"histogram": {"y": [1, 0, 6, 21, 38, 25, 13, 1], "x": [4.0, 5.0, 6.0, 7.0, 8.0, 9.0, 10.0, 11.0]}, "percentile": {"y": [0.0, 0.9, 1.9, 2.8, 4.8, 5.7, 6.7, 8.6, 9.6, 10.5, 11.5, 12.5, 13.4, 16.3, 18.2, 20.1, 22.1, 23.0, 24.0, 25.0, 26.9, 29.8, 30.7, 31.7, 33.6, 36.5, 37.5, 38.4, 39.4, 41.3, 47.1, 48.0, 50.0, 51.9, 53.8, 55.7, 56.7, 57.6, 61.5, 63.4, 66.3, 67.3, 68.2, 72.1, 73.0, 74.0, 75.0, 75.9, 76.9, 79.8, 80.7, 82.6, 83.6, 86.5, 87.5, 88.4, 89.4, 90.3, 92.3, 93.2, 94.2, 95.1, 97.1, 98.0, 99.0, 100.0], "x": [4.766666666666667, 6.1, 6.333333333333333, 6.733333333333333, 6.833333333333333, 6.9, 7.0, 7.033333333333333, 7.166666666666667, 7.233333333333333, 7.266666666666667, 7.333333333333333, 7.433333333333334, 7.5, 7.6, 7.7, 7.766666666666667, 7.8, 7.866666666666667, 7.9, 8.0, 8.033333333333333, 8.066666666666666, 8.166666666666666, 8.266666666666667, 8.433333333333334, 8.466666666666667, 8.5, 8.566666666666666, 8.6, 8.633333333333333, 8.666666666666666, 8.7, 8.733333333333333, 8.766666666666667, 8.8, 8.833333333333334, 8.9, 8.933333333333334, 9.0, 9.066666666666666, 9.166666666666666, 9.266666666666667, 9.3, 9.333333333333334, 9.366666666666667, 9.4, 9.433333333333334, 9.466666666666667, 9.566666666666666, 9.6, 9.633333333333333, 9.8, 9.833333333333334, 10.0, 10.333333333333334, 10.366666666666667, 10.466666666666667, 10.533333333333333, 10.633333333333333, 10.7, 10.733333333333333, 10.766666666666667, 10.866666666666667, 10.966666666666667, 11.366666666666667]}}