{"histogram": {"x": [0.0, 1.0, 2.0, 3.0, 4.0, 5.0, 6.0, 7.0, 8.0, 9.0, 10.0, 11.0], "y": [2, 0, 1, 0, 3, 0, 5, 16, 5, 3, 1, 0]}, "percentile": {"x": [0.06666666666666667, 2.033333333333333, 4.133333333333334, 4.2, 4.633333333333333, 6.3, 6.366666666666666, 6.466666666666667, 6.5, 6.766666666666667, 7.0, 7.033333333333333, 7.066666666666666, 7.133333333333334, 7.266666666666667, 7.466666666666667, 7.533333333333333, 7.633333333333333, 7.7, 7.733333333333333, 7.833333333333333, 7.933333333333334, 8.0, 8.1, 8.3, 8.6, 9.0, 9.1, 9.433333333333334, 10.266666666666667], "y": [0.0, 5.7, 8.5, 11.4, 14.2, 17.1, 20.0, 22.8, 25.7, 28.5, 31.4, 37.1, 40.0, 45.7, 48.5, 54.2, 57.1, 60.0, 62.8, 65.7, 68.5, 71.4, 77.1, 82.8, 85.7, 88.5, 91.4, 94.2, 97.1, 100.0]}}