{"percentile": {"x": [0.1, 2.0, 2.1333333333333333, 2.1666666666666665, 2.4, 3.066666666666667, 3.4333333333333336, 4.0, 4.066666666666666, 4.166666666666667, 4.3, 4.5, 4.533333333333333, 4.566666666666666, 4.6, 4.7, 4.766666666666667, 4.8, 4.866666666666667, 4.966666666666667, 5.0, 5.033333333333333, 5.1, 5.133333333333334, 5.166666666666667, 5.2, 5.233333333333333, 5.266666666666667, 5.5, 5.6, 5.666666666666667, 5.733333333333333, 5.8, 5.833333333333333, 5.866666666666667, 5.9, 5.933333333333334, 5.966666666666667, 6.0, 6.133333333333334, 6.2, 6.266666666666667, 6.366666666666666, 6.4, 6.433333333333334, 6.466666666666667, 6.566666666666666, 6.6, 6.633333333333333, 6.666666666666667, 6.733333333333333, 6.8, 6.833333333333333, 6.933333333333334, 7.0, 7.033333333333333, 7.066666666666666, 7.1, 7.133333333333334, 7.166666666666667, 7.266666666666667, 7.3, 7.333333333333333, 7.366666666666666, 7.4, 7.433333333333334, 7.466666666666667, 7.5, 7.533333333333333, 7.566666666666666, 7.6, 7.633333333333333, 7.666666666666667, 7.7, 7.733333333333333, 7.766666666666667, 7.8, 7.833333333333333, 7.866666666666667, 7.933333333333334, 8.033333333333333, 8.066666666666666, 8.1, 8.133333333333333, 8.166666666666666, 8.2, 8.233333333333333, 8.3, 8.333333333333334, 8.433333333333334, 8.533333333333333, 8.566666666666666, 8.6, 8.633333333333333, 8.8, 8.833333333333334, 8.9, 8.933333333333334, 8.966666666666667, 9.0, 9.033333333333333, 9.1, 9.166666666666666, 9.266666666666667, 9.4, 9.566666666666666, 9.633333333333333, 9.7, 9.9, 9.966666666666667, 10.0, 10.033333333333333, 10.2, 10.3, 10.6, 10.966666666666667], "y": [0.0, 1.0, 1.5, 2.1, 2.6, 3.1, 3.7, 4.2, 4.7, 6.8, 7.4, 7.9, 8.4, 8.9, 9.5, 10.0, 11.1, 11.6, 12.1, 12.6, 13.7, 14.2, 14.8, 15.3, 15.8, 16.4, 16.9, 17.9, 19.5, 20.6, 21.1, 21.6, 23.2, 24.8, 25.3, 26.4, 26.9, 28.0, 28.5, 31.7, 33.3, 35.4, 37.5, 38.0, 38.6, 39.6, 40.7, 41.7, 43.9, 45.5, 46.5, 47.0, 47.6, 49.2, 49.7, 51.3, 52.3, 53.4, 53.9, 54.4, 55.5, 56.0, 58.7, 59.2, 60.3, 60.8, 61.9, 62.9, 64.0, 65.0, 65.6, 68.2, 69.8, 70.8, 71.9, 72.4, 73.0, 74.0, 74.6, 76.1, 76.7, 78.3, 79.3, 80.4, 80.9, 81.4, 82.0, 82.5, 83.5, 84.6, 85.1, 85.7, 86.2, 87.3, 87.8, 88.3, 89.4, 89.9, 90.4, 91.0, 91.5, 92.0, 92.5, 93.1, 93.6, 94.1, 94.7, 95.2, 96.2, 96.8, 97.3, 97.8, 98.4, 98.9, 99.4, 100.0]}, "histogram": {"x": [0.0, 1.0, 2.0, 3.0, 4.0, 5.0, 6.0, 7.0, 8.0, 9.0, 10.0, 11.0], "y": [2, 0, 4, 2, 18, 28, 40, 51, 27, 12, 6, 0]}}