{"histogram": {"y": [1, 0, 0, 0, 0, 4, 23, 39, 71, 81, 50, 18, 8, 0, 0], "x": [0.0, 1.0, 2.0, 3.0, 4.0, 5.0, 6.0, 7.0, 8.0, 9.0, 10.0, 11.0, 12.0, 13.0, 14.0]}, "percentile": {"y": [0.0, 0.3, 0.6, 1.0, 1.3, 1.7, 2.0, 2.3, 2.7, 3.7, 4.0, 4.4, 5.1, 5.4, 6.1, 6.4, 7.1, 7.4, 8.1, 8.5, 9.5, 9.8, 11.2, 11.5, 12.2, 12.5, 13.6, 13.9, 14.2, 14.9, 16.6, 17.3, 18.7, 19.7, 20.7, 21.0, 22.4, 22.7, 26.1, 26.5, 26.8, 27.2, 28.2, 28.5, 28.9, 29.5, 29.9, 30.6, 31.2, 31.6, 31.9, 32.6, 36.7, 37.7, 38.4, 40.8, 42.5, 43.5, 44.2, 44.5, 45.2, 45.5, 46.9, 50.3, 51.0, 52.0, 52.7, 54.0, 54.4, 54.7, 58.1, 58.5, 59.1, 59.5, 59.8, 60.8, 61.2, 61.5, 64.6, 67.0, 67.6, 68.0, 70.4, 70.7, 71.0, 71.7, 72.4, 73.1, 74.1, 74.4, 78.5, 79.2, 79.9, 80.2, 80.6, 80.9, 81.2, 81.9, 82.6, 82.9, 83.3, 83.6, 84.6, 85.0, 85.3, 88.4, 89.1, 90.1, 90.4, 91.1, 91.4, 92.1, 92.5, 93.1, 93.5, 94.2, 94.5, 94.8, 95.5, 96.2, 96.9, 97.2, 97.6, 98.2, 98.6, 98.9, 99.3, 99.6, 100.0], "x": [0.03333333333333333, 5.433333333333334, 5.533333333333333, 5.6, 5.733333333333333, 6.0, 6.033333333333333, 6.233333333333333, 6.266666666666667, 6.366666666666666, 6.433333333333334, 6.633333333333333, 6.666666666666667, 6.733333333333333, 6.766666666666667, 6.8, 6.833333333333333, 6.9, 6.933333333333334, 6.966666666666667, 7.166666666666667, 7.266666666666667, 7.333333333333333, 7.433333333333334, 7.5, 7.566666666666666, 7.6, 7.633333333333333, 7.666666666666667, 7.7, 7.733333333333333, 7.766666666666667, 7.8, 7.866666666666667, 7.9, 7.933333333333334, 7.966666666666667, 8.0, 8.033333333333333, 8.1, 8.2, 8.266666666666667, 8.3, 8.333333333333334, 8.366666666666667, 8.4, 8.433333333333334, 8.466666666666667, 8.5, 8.533333333333333, 8.566666666666666, 8.6, 8.633333333333333, 8.666666666666666, 8.7, 8.733333333333333, 8.766666666666667, 8.8, 8.833333333333334, 8.866666666666667, 8.9, 8.933333333333334, 9.0, 9.066666666666666, 9.1, 9.133333333333333, 9.166666666666666, 9.2, 9.233333333333333, 9.266666666666667, 9.3, 9.333333333333334, 9.366666666666667, 9.433333333333334, 9.5, 9.533333333333333, 9.566666666666666, 9.6, 9.633333333333333, 9.666666666666666, 9.7, 9.733333333333333, 9.766666666666667, 9.8, 9.833333333333334, 9.866666666666667, 9.9, 9.933333333333334, 9.966666666666667, 10.0, 10.033333333333333, 10.066666666666666, 10.1, 10.133333333333333, 10.166666666666666, 10.2, 10.233333333333333, 10.266666666666667, 10.3, 10.333333333333334, 10.366666666666667, 10.4, 10.433333333333334, 10.533333333333333, 10.6, 10.633333333333333, 10.666666666666666, 10.7, 10.866666666666667, 10.9, 11.0, 11.033333333333333, 11.1, 11.233333333333333, 11.333333333333334, 11.366666666666667, 11.433333333333334, 11.6, 11.633333333333333, 11.866666666666667, 11.9, 11.966666666666667, 12.0, 12.133333333333333, 12.266666666666667, 12.3, 12.433333333333334, 12.566666666666666, 12.9]}}