{"percentile": {"x": [5.5, 5.53125, 5.71875, 6.0, 6.0625, 6.125, 6.21875, 6.25, 6.34375, 6.375, 6.40625, 6.5, 6.5625, 6.59375, 6.65625, 6.6875, 6.71875, 6.8125, 6.84375, 6.875, 6.90625, 6.9375, 7.0, 7.03125, 7.09375, 7.125, 7.15625, 7.1875, 7.25, 7.28125, 7.3125, 7.34375, 7.375, 7.40625, 7.4375, 7.46875, 7.5, 7.53125, 7.5625, 7.59375, 7.625, 7.65625, 7.6875, 7.71875, 7.75, 7.78125, 7.8125, 7.84375, 7.875, 7.90625, 7.9375, 7.96875, 8.0, 8.03125, 8.0625, 8.09375, 8.125, 8.15625, 8.1875, 8.21875, 8.25, 8.28125, 8.3125, 8.34375, 8.375, 8.40625, 8.4375, 8.46875, 8.5, 8.53125, 8.5625, 8.59375, 8.625, 8.65625, 8.6875, 8.71875, 8.75, 8.78125, 8.8125, 8.84375, 8.875, 8.90625, 8.9375, 8.96875, 9.0, 9.03125, 9.0625, 9.09375, 9.125, 9.15625, 9.1875, 9.21875, 9.25, 9.28125, 9.3125, 9.34375, 9.375, 9.40625, 9.4375, 9.46875, 9.5, 9.53125, 9.5625, 9.59375, 9.625, 9.65625, 9.6875, 9.71875, 9.75, 9.78125, 9.8125, 9.84375, 9.875, 9.90625, 9.9375, 9.96875, 10.0, 10.03125, 10.0625, 10.09375, 10.125, 10.15625, 10.1875, 10.21875, 10.25, 10.28125, 10.3125, 10.34375, 10.375, 10.40625, 10.4375, 10.46875, 10.5, 10.53125, 10.5625, 10.59375, 10.625, 10.65625, 10.6875, 10.71875, 10.75, 10.78125, 10.8125, 10.84375, 10.875, 10.90625, 10.9375, 10.96875, 11.0, 11.03125, 11.0625, 11.09375, 11.125, 11.15625, 11.1875, 11.21875, 11.25, 11.28125, 11.3125, 11.34375, 11.375, 11.40625, 11.46875, 11.5, 11.53125, 11.5625, 11.59375, 11.625, 11.65625, 11.6875, 11.75, 11.78125, 11.8125, 11.84375, 11.875, 11.90625, 11.9375, 11.96875, 12.0, 12.03125, 12.09375, 12.25, 12.375, 12.4375, 12.5625, 12.71875, 12.78125, 12.8125, 12.84375, 12.96875, 13.125, 13.15625, 13.375, 13.4375, 15.625], "y": [0.0, 0.0, 0.1, 0.2, 0.4, 0.5, 0.6, 0.6, 0.7, 1.0, 1.1, 1.2, 1.3, 1.8, 1.9, 2.0, 2.1, 2.2, 2.4, 2.7, 3.0, 3.1, 3.3, 4.2, 4.4, 4.7, 4.9, 5.1, 5.5, 6.0, 6.5, 6.7, 7.2, 7.4, 7.9, 7.9, 8.1, 8.5, 8.7, 9.7, 9.9, 10.1, 10.4, 10.7, 11.0, 11.5, 11.8, 12.2, 12.4, 12.5, 12.8, 12.8, 12.9, 15.4, 15.8, 15.9, 16.4, 17.1, 17.5, 17.7, 18.1, 19.8, 21.0, 21.9, 22.8, 23.6, 24.8, 25.7, 26.1, 26.5, 26.9, 29.8, 30.6, 31.8, 32.4, 33.1, 33.6, 34.2, 34.5, 35.1, 35.8, 36.1, 36.7, 37.6, 38.0, 40.9, 41.4, 42.2, 42.9, 43.4, 44.0, 44.9, 45.3, 47.2, 48.5, 49.5, 50.9, 51.8, 53.4, 53.8, 54.3, 54.8, 55.5, 59.1, 60.1, 61.0, 61.6, 62.3, 63.1, 63.6, 64.2, 64.8, 65.4, 66.2, 66.9, 67.4, 67.9, 70.9, 71.8, 72.0, 72.3, 73.2, 74.0, 74.8, 75.2, 76.9, 77.9, 78.7, 79.1, 79.5, 80.5, 81.0, 81.7, 82.1, 82.4, 84.7, 85.4, 85.6, 86.2, 86.5, 86.9, 87.4, 87.7, 88.3, 88.6, 88.9, 89.1, 89.4, 89.5, 91.4, 91.6, 91.8, 92.0, 92.1, 92.6, 92.6, 92.7, 93.2, 93.4, 93.8, 94.0, 94.5, 94.8, 95.1, 95.4, 95.5, 96.0, 96.1, 96.2, 96.3, 96.7, 96.9, 96.9, 97.2, 97.3, 97.4, 97.5, 97.5, 97.6, 97.9, 98.0, 98.2, 98.4, 98.5, 98.6, 98.8, 98.9, 99.0, 99.2, 99.3, 99.5, 99.6, 99.7, 99.8, 100.0]}, "histogram": {"x": [5.0, 6.0, 7.0, 8.0, 9.0, 10.0, 11.0, 12.0, 13.0, 14.0, 15.0, 16.0, 17.0], "y": [3, 36, 112, 291, 348, 252, 94, 22, 5, 0, 1, 0, 0]}}