{"histogram": {"y": [4, 0, 0, 0, 3, 7, 23, 84, 131, 122, 68, 10, 3, 0], "x": [0.0, 1.0, 2.0, 3.0, 4.0, 5.0, 6.0, 7.0, 8.0, 9.0, 10.0, 11.0, 12.0, 13.0]}, "percentile": {"y": [0.0, 0.2, 0.4, 0.6, 0.8, 1.1, 1.3, 1.5, 1.7, 1.9, 2.2, 2.6, 2.8, 3.0, 3.3, 3.5, 3.9, 4.1, 4.6, 4.8, 5.2, 6.6, 6.8, 7.0, 7.4, 7.7, 7.9, 8.1, 9.2, 9.6, 10.3, 10.5, 10.7, 11.0, 11.8, 12.3, 13.2, 13.6, 14.0, 14.3, 14.5, 14.7, 15.4, 17.6, 18.0, 19.1, 19.8, 21.1, 21.3, 21.8, 23.3, 24.2, 24.6, 25.7, 26.6, 29.2, 29.5, 30.1, 30.3, 31.0, 31.7, 31.9, 34.5, 34.8, 35.6, 37.0, 37.4, 38.1, 38.9, 39.2, 40.3, 40.9, 44.7, 45.8, 47.1, 48.4, 49.3, 49.7, 50.8, 51.7, 53.3, 53.5, 54.6, 55.5, 60.3, 60.5, 61.8, 62.3, 62.5, 64.9, 65.1, 66.2, 66.9, 67.6, 69.3, 70.2, 71.1, 71.5, 72.0, 74.6, 75.5, 76.4, 77.3, 78.8, 79.5, 80.1, 80.6, 80.8, 81.9, 82.3, 83.2, 83.7, 83.9, 84.3, 84.5, 84.8, 85.2, 86.1, 87.2, 88.3, 88.5, 88.9, 89.6, 90.5, 90.7, 90.9, 91.1, 92.7, 92.9, 93.6, 94.0, 94.2, 94.7, 94.9, 95.3, 96.4, 97.3, 98.0, 98.2, 98.4, 98.6, 99.1, 99.3, 99.5, 99.7, 100.0], "x": [0.03333333333333333, 0.23333333333333334, 0.26666666666666666, 0.43333333333333335, 4.366666666666666, 4.433333333333334, 4.9, 5.033333333333333, 5.3, 5.566666666666666, 5.6, 5.7, 5.833333333333333, 6.0, 6.066666666666666, 6.1, 6.166666666666667, 6.266666666666667, 6.333333333333333, 6.566666666666666, 6.6, 6.633333333333333, 6.7, 6.766666666666667, 6.9, 6.933333333333334, 6.966666666666667, 7.0, 7.033333333333333, 7.1, 7.133333333333334, 7.166666666666667, 7.2, 7.266666666666667, 7.3, 7.333333333333333, 7.366666666666666, 7.4, 7.433333333333334, 7.466666666666667, 7.5, 7.566666666666666, 7.6, 7.633333333333333, 7.666666666666667, 7.7, 7.733333333333333, 7.766666666666667, 7.8, 7.833333333333333, 7.866666666666667, 7.9, 7.933333333333334, 7.966666666666667, 8.0, 8.033333333333333, 8.066666666666666, 8.1, 8.133333333333333, 8.166666666666666, 8.233333333333333, 8.266666666666667, 8.3, 8.333333333333334, 8.366666666666667, 8.4, 8.433333333333334, 8.466666666666667, 8.5, 8.533333333333333, 8.566666666666666, 8.6, 8.633333333333333, 8.666666666666666, 8.7, 8.733333333333333, 8.766666666666667, 8.8, 8.833333333333334, 8.866666666666667, 8.9, 8.933333333333334, 8.966666666666667, 9.0, 9.066666666666666, 9.133333333333333, 9.166666666666666, 9.233333333333333, 9.266666666666667, 9.3, 9.333333333333334, 9.366666666666667, 9.4, 9.433333333333334, 9.466666666666667, 9.5, 9.533333333333333, 9.566666666666666, 9.6, 9.633333333333333, 9.666666666666666, 9.7, 9.733333333333333, 9.766666666666667, 9.8, 9.833333333333334, 9.866666666666667, 9.9, 9.933333333333334, 10.0, 10.033333333333333, 10.066666666666666, 10.1, 10.133333333333333, 10.2, 10.233333333333333, 10.266666666666667, 10.3, 10.333333333333334, 10.366666666666667, 10.4, 10.433333333333334, 10.466666666666667, 10.5, 10.533333333333333, 10.566666666666666, 10.6, 10.633333333333333, 10.666666666666666, 10.7, 10.733333333333333, 10.766666666666667, 10.8, 10.833333333333334, 10.9, 10.933333333333334, 11.0, 11.166666666666666, 11.2, 11.3, 11.6, 11.766666666666667, 11.8, 12.533333333333333, 12.6, 12.866666666666667]}}