{"histogram": {"x": [0.0, 1.0, 2.0, 3.0, 4.0, 5.0, 6.0, 7.0, 8.0, 9.0, 10.0, 11.0, 12.0, 13.0], "y": [3, 0, 0, 0, 0, 1, 4, 11, 24, 7, 8, 3, 0, 0]}, "percentile": {"x": [0.03333333333333333, 0.26666666666666666, 5.933333333333334, 6.0, 6.266666666666667, 6.733333333333333, 6.866666666666667, 7.0, 7.466666666666667, 7.6, 7.633333333333333, 7.733333333333333, 7.766666666666667, 7.833333333333333, 7.933333333333334, 7.966666666666667, 8.0, 8.033333333333333, 8.1, 8.2, 8.266666666666667, 8.4, 8.5, 8.6, 8.633333333333333, 8.666666666666666, 8.766666666666667, 8.866666666666667, 8.9, 9.0, 9.166666666666666, 9.333333333333334, 9.566666666666666, 9.6, 9.8, 10.0, 10.033333333333333, 10.266666666666667, 10.5, 10.6, 10.633333333333333, 11.0, 11.2, 11.533333333333333], "y": [0.0, 3.3, 5.0, 6.6, 8.3, 10.0, 11.6, 13.3, 15.0, 16.6, 18.3, 20.0, 21.6, 23.3, 25.0, 28.3, 31.6, 38.3, 40.0, 41.6, 45.0, 46.6, 48.3, 51.6, 60.0, 63.3, 65.0, 66.6, 70.0, 71.6, 73.3, 75.0, 76.6, 78.3, 81.6, 83.3, 85.0, 86.6, 88.3, 90.0, 95.0, 96.6, 98.3, 100.0]}}