{"histogram": {"x": [0.0, 1.0, 2.0, 3.0, 4.0, 5.0, 6.0, 7.0, 8.0, 9.0, 10.0, 11.0, 12.0, 13.0], "y": [1, 0, 0, 0, 1, 4, 20, 59, 94, 88, 61, 18, 1, 1]}, "percentile": {"x": [0.40625, 4.25, 5.125, 5.75, 5.875, 5.90625, 6.0, 6.15625, 6.25, 6.28125, 6.46875, 6.5, 6.5625, 6.625, 6.65625, 6.6875, 6.8125, 6.90625, 6.9375, 6.96875, 7.0, 7.125, 7.1875, 7.25, 7.40625, 7.4375, 7.46875, 7.5, 7.53125, 7.5625, 7.59375, 7.625, 7.65625, 7.6875, 7.71875, 7.75, 7.78125, 7.84375, 7.90625, 7.9375, 7.96875, 8.0, 8.03125, 8.0625, 8.09375, 8.125, 8.15625, 8.1875, 8.21875, 8.25, 8.3125, 8.375, 8.40625, 8.4375, 8.46875, 8.5, 8.53125, 8.5625, 8.59375, 8.625, 8.65625, 8.6875, 8.71875, 8.75, 8.78125, 8.8125, 8.84375, 8.875, 8.90625, 8.9375, 8.96875, 9.0, 9.03125, 9.125, 9.15625, 9.1875, 9.21875, 9.25, 9.28125, 9.3125, 9.375, 9.40625, 9.4375, 9.46875, 9.5, 9.53125, 9.5625, 9.59375, 9.625, 9.65625, 9.6875, 9.75, 9.78125, 9.8125, 9.84375, 9.875, 9.9375, 10.0, 10.0625, 10.09375, 10.125, 10.15625, 10.1875, 10.21875, 10.25, 10.28125, 10.3125, 10.34375, 10.375, 10.4375, 10.53125, 10.5625, 10.59375, 10.625, 10.65625, 10.6875, 10.75, 10.8125, 10.875, 10.90625, 10.9375, 10.96875, 11.0, 11.15625, 11.25, 11.34375, 11.375, 11.46875, 11.5, 11.53125, 11.5625, 11.625, 11.65625, 11.71875, 11.8125, 12.40625, 13.0625], "y": [0.0, 0.2, 0.5, 0.8, 1.1, 1.4, 1.7, 2.5, 2.8, 3.4, 3.7, 4.0, 4.3, 4.8, 5.7, 6.0, 6.3, 6.6, 6.9, 7.2, 7.4, 10.0, 10.3, 10.6, 11.5, 12.3, 12.6, 13.2, 13.8, 14.1, 17.5, 18.4, 18.7, 19.0, 19.5, 20.4, 21.6, 21.9, 22.4, 23.0, 23.9, 24.4, 26.2, 27.0, 27.9, 28.8, 29.6, 29.9, 30.2, 31.4, 33.1, 34.5, 34.8, 35.4, 36.5, 37.1, 38.0, 38.9, 42.0, 42.6, 44.0, 44.6, 45.2, 46.6, 47.5, 47.8, 48.4, 49.5, 50.4, 51.0, 51.2, 51.5, 54.4, 55.9, 56.4, 57.0, 57.6, 57.9, 59.9, 60.8, 61.9, 62.2, 63.1, 63.6, 63.9, 65.4, 65.7, 70.3, 71.1, 72.0, 72.9, 73.1, 73.7, 74.3, 75.2, 75.7, 76.3, 76.9, 80.6, 80.9, 81.2, 82.1, 82.9, 84.1, 84.7, 85.8, 86.4, 86.7, 87.3, 87.8, 88.7, 89.0, 90.7, 91.3, 91.6, 91.9, 92.5, 93.0, 93.3, 93.6, 93.9, 94.2, 94.5, 95.3, 95.6, 95.9, 96.2, 96.8, 97.1, 97.4, 97.6, 98.2, 98.8, 99.1, 99.4, 99.7, 100.0]}}