{"percentile": {"y": [0.0, 0.4, 0.8, 1.2, 1.6, 2.0, 2.8, 3.2, 3.6, 4.0, 4.4, 4.8, 5.2, 5.6, 6.4, 6.8, 7.6, 8.0, 9.6, 10.4, 10.8, 11.2, 11.6, 13.7, 14.1, 14.5, 14.9, 15.7, 16.1, 17.7, 18.5, 19.3, 21.3, 21.7, 22.5, 23.7, 25.0, 25.4, 26.6, 27.0, 28.6, 30.2, 31.0, 32.2, 33.8, 34.2, 34.6, 36.2, 36.6, 37.0, 37.9, 39.9, 41.9, 42.7, 43.1, 43.5, 44.3, 45.5, 52.8, 54.4, 55.6, 56.4, 57.2, 58.0, 58.8, 59.6, 60.4, 61.6, 62.5, 65.3, 66.5, 67.3, 68.1, 68.5, 69.3, 69.7, 72.1, 72.5, 72.9, 73.3, 74.1, 74.5, 75.4, 76.6, 77.0, 80.6, 81.0, 81.8, 83.0, 83.4, 84.2, 84.6, 86.2, 87.0, 87.9, 89.5, 92.7, 93.1, 93.5, 94.3, 94.7, 95.9, 96.3, 96.7, 97.5, 97.9, 98.3, 98.7, 99.1, 100.0], "x": [4.0, 5.866666666666667, 6.066666666666666, 6.133333333333334, 6.5, 6.633333333333333, 6.866666666666667, 6.9, 7.0, 7.1, 7.133333333333334, 7.2, 7.233333333333333, 7.266666666666667, 7.4, 7.533333333333333, 7.566666666666666, 7.6, 7.633333333333333, 7.7, 7.9, 7.966666666666667, 8.0, 8.066666666666666, 8.1, 8.233333333333333, 8.266666666666667, 8.366666666666667, 8.433333333333334, 8.466666666666667, 8.533333333333333, 8.6, 8.633333333333333, 8.666666666666666, 8.7, 8.733333333333333, 8.766666666666667, 8.8, 8.833333333333334, 8.866666666666667, 8.9, 8.933333333333334, 8.966666666666667, 9.0, 9.033333333333333, 9.066666666666666, 9.1, 9.133333333333333, 9.166666666666666, 9.2, 9.266666666666667, 9.3, 9.366666666666667, 9.4, 9.433333333333334, 9.5, 9.566666666666666, 9.6, 9.633333333333333, 9.666666666666666, 9.7, 9.733333333333333, 9.766666666666667, 9.8, 9.833333333333334, 9.866666666666667, 9.933333333333334, 9.966666666666667, 10.0, 10.033333333333333, 10.066666666666666, 10.133333333333333, 10.166666666666666, 10.2, 10.233333333333333, 10.266666666666667, 10.3, 10.333333333333334, 10.366666666666667, 10.4, 10.433333333333334, 10.466666666666667, 10.533333333333333, 10.566666666666666, 10.6, 10.633333333333333, 10.666666666666666, 10.733333333333333, 10.766666666666667, 10.8, 10.833333333333334, 10.866666666666667, 10.9, 10.933333333333334, 10.966666666666667, 11.0, 11.033333333333333, 11.133333333333333, 11.2, 11.233333333333333, 11.4, 11.433333333333334, 11.5, 11.533333333333333, 11.566666666666666, 11.733333333333333, 11.9, 11.933333333333334, 12.0, 12.533333333333333]}, "histogram": {"y": [1, 1, 7, 20, 51, 75, 67, 24, 3, 0, 0], "x": [4.0, 5.0, 6.0, 7.0, 8.0, 9.0, 10.0, 11.0, 12.0, 13.0, 14.0]}}