{"histogram": {"x": [4.0, 5.0, 6.0, 7.0, 8.0, 9.0, 10.0, 11.0], "y": [1, 0, 3, 8, 19, 15, 8, 1]}, "percentile": {"x": [4.6, 6.0, 6.6, 6.733333333333333, 7.1, 7.266666666666667, 7.3, 7.533333333333333, 7.666666666666667, 7.7, 7.866666666666667, 7.9, 8.0, 8.066666666666666, 8.1, 8.266666666666667, 8.333333333333334, 8.433333333333334, 8.6, 8.633333333333333, 8.8, 8.833333333333334, 8.866666666666667, 8.933333333333334, 8.966666666666667, 9.0, 9.2, 9.266666666666667, 9.3, 9.433333333333334, 9.533333333333333, 9.6, 9.633333333333333, 9.7, 10.0, 10.6, 10.633333333333333, 10.866666666666667, 10.9, 11.266666666666667], "y": [0.0, 1.8, 3.7, 5.5, 7.4, 9.2, 11.1, 12.9, 14.8, 16.6, 18.5, 20.3, 22.2, 24.0, 25.9, 29.6, 33.3, 35.1, 37.0, 44.4, 46.2, 48.1, 50.0, 51.8, 55.5, 57.4, 59.2, 61.1, 66.6, 68.5, 70.3, 72.2, 79.6, 83.3, 85.1, 90.7, 94.4, 96.2, 98.1, 100.0]}}