{"percentile": {"y": [0.0, 0.4, 0.8, 1.2, 2.5, 3.7, 4.1, 4.6, 5.4, 6.2, 6.6, 7.9, 8.7, 9.2, 9.6, 10.0, 10.4, 10.8, 11.2, 12.1, 13.3, 13.8, 15.0, 15.8, 16.3, 18.4, 19.2, 19.6, 20.9, 21.3, 23.0, 23.4, 23.8, 24.2, 25.1, 25.5, 26.3, 26.7, 27.1, 31.3, 32.2, 33.0, 33.8, 34.3, 35.1, 36.8, 37.2, 38.9, 39.7, 41.0, 42.2, 43.0, 43.9, 44.3, 46.0, 46.8, 47.2, 47.6, 48.1, 48.5, 50.2, 51.0, 51.4, 52.3, 53.1, 53.9, 55.2, 56.9, 57.3, 57.7, 58.1, 62.3, 62.7, 64.0, 65.6, 66.5, 66.9, 67.7, 71.9, 72.8, 73.2, 73.6, 74.0, 74.8, 75.7, 76.1, 76.5, 78.2, 78.6, 79.0, 79.9, 81.1, 81.5, 82.4, 83.2, 83.6, 84.1, 84.9, 85.3, 85.7, 86.1, 87.0, 87.4, 88.2, 89.1, 89.5, 89.9, 90.7, 91.2, 91.6, 92.4, 92.8, 93.7, 94.1, 94.5, 94.9, 95.3, 95.8, 96.2, 97.0, 97.4, 97.9, 98.3, 98.7, 99.1, 99.5, 100.0], "x": [2.75, 4.8125, 5.5, 6.0, 6.0625, 6.09375, 6.25, 6.28125, 6.46875, 6.53125, 6.5625, 6.625, 6.65625, 6.8125, 6.84375, 6.90625, 7.0, 7.03125, 7.0625, 7.125, 7.1875, 7.25, 7.3125, 7.375, 7.4375, 7.5, 7.53125, 7.5625, 7.625, 7.65625, 7.71875, 7.75, 7.78125, 7.8125, 7.84375, 7.875, 7.9375, 7.96875, 8.0, 8.03125, 8.0625, 8.09375, 8.125, 8.1875, 8.25, 8.28125, 8.3125, 8.34375, 8.40625, 8.4375, 8.46875, 8.5, 8.53125, 8.5625, 8.59375, 8.625, 8.65625, 8.6875, 8.71875, 8.75, 8.8125, 8.84375, 8.875, 8.90625, 8.9375, 8.96875, 9.0, 9.125, 9.15625, 9.1875, 9.25, 9.34375, 9.375, 9.40625, 9.4375, 9.46875, 9.53125, 9.5625, 9.59375, 9.65625, 9.71875, 9.75, 9.78125, 9.8125, 9.84375, 9.90625, 10.0, 10.09375, 10.125, 10.15625, 10.25, 10.28125, 10.3125, 10.34375, 10.375, 10.40625, 10.4375, 10.46875, 10.5, 10.53125, 10.5625, 10.59375, 10.625, 10.84375, 10.875, 10.9375, 11.0, 11.0625, 11.1875, 11.28125, 11.3125, 11.34375, 11.375, 11.46875, 11.53125, 11.5625, 11.65625, 11.875, 12.0, 12.15625, 12.21875, 12.25, 12.28125, 12.3125, 12.40625, 12.59375, 13.375]}, "histogram": {"y": [1, 0, 1, 1, 22, 40, 67, 51, 32, 15, 9, 1, 0], "x": [2.0, 3.0, 4.0, 5.0, 6.0, 7.0, 8.0, 9.0, 10.0, 11.0, 12.0, 13.0, 14.0]}}