{"histogram": {"y": [9, 0, 1, 2, 1, 8, 29, 127, 235, 258, 165, 46, 6, 1, 0], "x": [0.0, 1.0, 2.0, 3.0, 4.0, 5.0, 6.0, 7.0, 8.0, 9.0, 10.0, 11.0, 12.0, 13.0, 14.0]}, "percentile": {"y": [0.0, 0.1, 0.2, 0.6, 1.0, 1.1, 1.2, 1.3, 1.4, 1.5, 1.6, 1.8, 1.9, 2.0, 2.1, 2.2, 2.3, 2.4, 2.5, 2.7, 3.0, 3.2, 3.3, 3.4, 3.7, 4.3, 4.5, 4.7, 4.9, 5.0, 5.4, 5.5, 5.6, 7.3, 7.4, 7.6, 7.8, 8.0, 8.3, 8.5, 9.1, 9.4, 10.0, 10.1, 10.5, 11.0, 11.2, 11.6, 11.7, 12.0, 13.9, 14.5, 14.7, 15.2, 15.8, 16.3, 16.9, 17.4, 18.3, 18.7, 19.6, 19.9, 21.9, 22.5, 22.7, 23.2, 23.6, 24.1, 24.5, 25.0, 26.1, 26.7, 26.9, 27.2, 28.2, 28.9, 29.7, 30.2, 30.5, 31.3, 35.6, 36.6, 37.9, 38.8, 39.9, 40.8, 41.4, 42.9, 44.0, 44.9, 45.5, 46.4, 49.8, 50.2, 50.7, 51.4, 52.3, 53.6, 54.0, 54.5, 56.9, 57.6, 58.0, 58.6, 58.9, 60.0, 60.9, 61.6, 62.5, 63.1, 65.9, 66.6, 66.9, 68.2, 69.3, 69.8, 70.5, 71.3, 72.3, 73.6, 74.7, 75.5, 78.4, 78.8, 79.1, 79.7, 80.1, 80.6, 81.1, 82.2, 83.0, 83.8, 84.6, 85.6, 86.5, 87.2, 87.8, 88.0, 88.1, 90.1, 90.8, 91.3, 92.3, 92.5, 92.7, 93.1, 93.2, 93.5, 94.0, 94.1, 94.9, 95.0, 95.1, 95.2, 95.3, 95.8, 96.1, 96.2, 96.5, 96.7, 97.0, 97.2, 97.6, 97.8, 98.3, 98.4, 98.6, 98.7, 98.9, 99.0, 99.3, 99.4, 99.5, 99.6, 99.7, 100.0], "x": [0.03333333333333333, 0.1, 0.26666666666666666, 0.43333333333333335, 2.2666666666666666, 3.0, 3.7, 4.0, 5.033333333333333, 5.066666666666666, 5.133333333333334, 5.466666666666667, 5.533333333333333, 5.6, 5.8, 5.933333333333334, 6.0, 6.166666666666667, 6.2, 6.266666666666667, 6.3, 6.366666666666666, 6.433333333333334, 6.466666666666667, 6.6, 6.633333333333333, 6.733333333333333, 6.833333333333333, 6.866666666666667, 6.9, 6.933333333333334, 6.966666666666667, 7.0, 7.033333333333333, 7.066666666666666, 7.1, 7.133333333333334, 7.166666666666667, 7.233333333333333, 7.266666666666667, 7.3, 7.333333333333333, 7.366666666666666, 7.4, 7.433333333333334, 7.466666666666667, 7.5, 7.533333333333333, 7.566666666666666, 7.6, 7.633333333333333, 7.666666666666667, 7.7, 7.733333333333333, 7.766666666666667, 7.8, 7.833333333333333, 7.866666666666667, 7.9, 7.933333333333334, 7.966666666666667, 8.0, 8.033333333333333, 8.066666666666666, 8.1, 8.133333333333333, 8.166666666666666, 8.2, 8.233333333333333, 8.266666666666667, 8.3, 8.333333333333334, 8.366666666666667, 8.4, 8.433333333333334, 8.466666666666667, 8.5, 8.533333333333333, 8.566666666666666, 8.6, 8.633333333333333, 8.666666666666666, 8.7, 8.733333333333333, 8.766666666666667, 8.8, 8.833333333333334, 8.866666666666667, 8.9, 8.933333333333334, 8.966666666666667, 9.0, 9.033333333333333, 9.066666666666666, 9.1, 9.133333333333333, 9.166666666666666, 9.2, 9.233333333333333, 9.266666666666667, 9.3, 9.333333333333334, 9.366666666666667, 9.4, 9.433333333333334, 9.466666666666667, 9.5, 9.533333333333333, 9.566666666666666, 9.6, 9.633333333333333, 9.666666666666666, 9.7, 9.733333333333333, 9.766666666666667, 9.8, 9.833333333333334, 9.866666666666667, 9.9, 9.933333333333334, 9.966666666666667, 10.0, 10.033333333333333, 10.066666666666666, 10.1, 10.133333333333333, 10.166666666666666, 10.2, 10.266666666666667, 10.3, 10.333333333333334, 10.366666666666667, 10.4, 10.433333333333334, 10.466666666666667, 10.5, 10.533333333333333, 10.566666666666666, 10.6, 10.633333333333333, 10.666666666666666, 10.7, 10.766666666666667, 10.8, 10.833333333333334, 10.866666666666667, 10.9, 10.933333333333334, 10.966666666666667, 11.0, 11.066666666666666, 11.1, 11.133333333333333, 11.233333333333333, 11.266666666666667, 11.3, 11.333333333333334, 11.366666666666667, 11.4, 11.433333333333334, 11.5, 11.533333333333333, 11.566666666666666, 11.6, 11.633333333333333, 11.666666666666666, 11.7, 11.733333333333333, 11.9, 11.933333333333334, 12.0, 12.033333333333333, 12.366666666666667, 12.4, 12.9, 13.3]}}