{"percentile": {"y": [0.0, 0.4, 0.6, 0.8, 1.2, 1.4, 1.6, 1.8, 2.0, 2.2, 2.4, 2.6, 2.8, 3.2, 4.2, 4.4, 4.6, 5.0, 6.2, 6.4, 7.0, 7.6, 7.8, 8.2, 9.2, 9.8, 10.0, 10.4, 11.4, 11.6, 11.8, 12.6, 13.2, 13.4, 13.6, 13.8, 14.2, 14.8, 15.4, 15.8, 16.7, 16.9, 17.5, 17.7, 19.5, 19.9, 20.1, 20.9, 21.9, 22.5, 23.3, 24.3, 25.1, 26.1, 26.7, 32.1, 32.5, 32.9, 34.0, 34.4, 34.8, 35.4, 35.6, 37.2, 38.4, 38.8, 39.2, 40.6, 41.2, 42.0, 42.2, 43.2, 48.8, 50.1, 51.5, 52.1, 53.1, 54.1, 54.9, 55.7, 57.5, 58.5, 58.7, 60.1, 63.3, 63.9, 64.9, 65.3, 66.1, 66.8, 67.6, 70.2, 71.4, 72.4, 73.0, 74.0, 74.4, 74.8, 75.4, 76.0, 76.2, 79.8, 81.0, 82.2, 83.2, 83.9, 84.7, 85.3, 85.5, 85.7, 86.5, 87.5, 88.1, 90.3, 90.5, 91.1, 91.5, 91.9, 92.3, 92.7, 93.3, 93.7, 93.9, 94.1, 95.3, 95.7, 96.1, 96.5, 96.7, 96.9, 97.1, 97.3, 97.5, 98.1, 98.5, 98.7, 98.9, 99.1, 99.7, 100.0], "x": [2.0, 2.6, 5.2, 5.266666666666667, 5.333333333333333, 5.433333333333334, 5.633333333333333, 5.7, 5.8, 5.866666666666667, 5.933333333333334, 6.166666666666667, 6.233333333333333, 6.266666666666667, 6.366666666666666, 6.433333333333334, 6.5, 6.6, 6.633333333333333, 6.666666666666667, 6.7, 6.733333333333333, 6.766666666666667, 6.8, 6.833333333333333, 6.866666666666667, 6.966666666666667, 7.0, 7.033333333333333, 7.1, 7.133333333333334, 7.166666666666667, 7.2, 7.233333333333333, 7.266666666666667, 7.3, 7.333333333333333, 7.4, 7.433333333333334, 7.466666666666667, 7.5, 7.533333333333333, 7.566666666666666, 7.6, 7.633333333333333, 7.7, 7.733333333333333, 7.766666666666667, 7.8, 7.833333333333333, 7.866666666666667, 7.9, 7.933333333333334, 7.966666666666667, 8.0, 8.033333333333333, 8.066666666666666, 8.1, 8.133333333333333, 8.166666666666666, 8.2, 8.233333333333333, 8.266666666666667, 8.3, 8.333333333333334, 8.4, 8.433333333333334, 8.466666666666667, 8.5, 8.533333333333333, 8.566666666666666, 8.6, 8.633333333333333, 8.666666666666666, 8.7, 8.733333333333333, 8.766666666666667, 8.8, 8.833333333333334, 8.866666666666667, 8.9, 8.933333333333334, 8.966666666666667, 9.0, 9.033333333333333, 9.1, 9.133333333333333, 9.166666666666666, 9.2, 9.233333333333333, 9.266666666666667, 9.3, 9.333333333333334, 9.366666666666667, 9.4, 9.433333333333334, 9.466666666666667, 9.5, 9.533333333333333, 9.566666666666666, 9.6, 9.633333333333333, 9.666666666666666, 9.7, 9.733333333333333, 9.766666666666667, 9.8, 9.833333333333334, 9.866666666666667, 9.9, 9.933333333333334, 9.966666666666667, 10.0, 10.1, 10.166666666666666, 10.2, 10.266666666666667, 10.3, 10.333333333333334, 10.433333333333334, 10.466666666666667, 10.5, 10.566666666666666, 10.6, 10.666666666666666, 10.7, 10.8, 10.833333333333334, 10.9, 10.966666666666667, 11.0, 11.066666666666666, 11.133333333333333, 11.166666666666666, 11.366666666666667, 11.4, 11.533333333333333, 11.6, 11.833333333333334, 12.666666666666666]}, "histogram": {"y": [3, 0, 0, 10, 39, 81, 166, 139, 45, 14, 1, 0, 0], "x": [2.0, 3.0, 4.0, 5.0, 6.0, 7.0, 8.0, 9.0, 10.0, 11.0, 12.0, 13.0, 14.0]}}