{"percentile": {"y": [0.0, 0.1, 0.2, 0.3, 0.4, 0.5, 0.8, 0.9, 1.0, 1.3, 1.4, 1.6, 1.6, 1.7, 1.8, 1.9, 2.0, 2.1, 2.1, 2.3, 2.4, 2.6, 2.6, 2.7, 3.0, 3.1, 3.2, 3.3, 3.4, 3.7, 4.1, 4.4, 4.7, 5.0, 5.1, 5.3, 5.4, 5.8, 5.9, 5.9, 6.0, 6.1, 6.2, 6.4, 6.6, 6.8, 7.0, 7.2, 7.3, 7.4, 7.6, 8.1, 8.6, 8.7, 9.4, 9.6, 10.2, 10.2, 10.4, 10.5, 10.7, 11.3, 11.7, 11.9, 12.3, 12.8, 12.9, 13.6, 13.7, 13.9, 14.0, 14.1, 14.4, 14.5, 14.9, 15.0, 15.0, 15.5, 16.5, 17.4, 18.1, 18.6, 19.2, 20.4, 20.8, 21.5, 21.6, 22.1, 22.5, 22.9, 23.6, 23.9, 24.4, 24.7, 24.8, 26.8, 27.3, 27.5, 27.9, 27.9, 28.2, 28.5, 28.7, 29.2, 29.5, 30.1, 30.1, 31.3, 31.9, 32.7, 33.3, 34.4, 36.0, 36.9, 37.8, 39.2, 39.5, 40.2, 40.8, 41.5, 42.2, 42.7, 43.4, 43.7, 44.0, 45.8, 46.1, 46.2, 46.9, 47.2, 47.5, 47.8, 48.3, 49.0, 49.7, 50.2, 51.0, 52.6, 53.5, 54.5, 55.6, 56.4, 57.2, 57.5, 58.1, 59.8, 60.7, 61.2, 62.5, 63.1, 63.9, 64.2, 64.5, 64.6, 64.8, 66.4, 66.8, 67.3, 67.7, 68.3, 68.8, 69.3, 69.7, 70.0, 70.4, 70.8, 70.9, 71.9, 72.5, 73.1, 73.5, 73.9, 74.8, 75.9, 76.4, 77.3, 77.7, 77.9, 78.0, 78.4, 78.6, 78.9, 79.2, 80.3, 80.7, 81.4, 81.7, 82.3, 82.7, 83.2, 83.8, 83.9, 84.3, 84.8, 85.1, 85.4, 85.6, 86.5, 87.0, 87.3, 88.1, 88.4, 88.7, 89.0, 89.2, 89.5, 89.7, 89.9, 90.0, 90.2, 90.3, 90.6, 90.8, 91.5, 91.7, 92.0, 92.3, 92.4, 92.7, 93.0, 93.0, 93.2, 93.4, 93.8, 94.2, 94.5, 94.6, 94.7, 95.0, 95.1, 95.2, 95.4, 95.6, 95.8, 96.0, 96.2, 96.4, 96.5, 96.8, 96.9, 97.2, 97.3, 97.3, 97.4, 97.8, 98.0, 98.1, 98.3, 98.3, 98.4, 98.6, 98.7, 98.9, 99.0, 99.1, 99.2, 99.3, 99.4, 99.5, 99.6, 99.7, 99.8, 99.9, 100.0], "x": [0.03333333333333333, 0.1, 0.13333333333333333, 0.23333333333333334, 0.26666666666666666, 0.43333333333333335, 0.5, 0.6, 1.0, 1.0333333333333334, 1.0666666666666667, 1.1, 1.1333333333333333, 1.2, 1.3666666666666667, 1.5, 1.5333333333333332, 1.8666666666666667, 2.0, 2.033333333333333, 2.1666666666666665, 2.2, 2.2666666666666666, 2.3333333333333335, 2.5, 2.6, 2.6666666666666665, 2.966666666666667, 3.0, 3.033333333333333, 3.066666666666667, 3.1, 3.1333333333333333, 3.1666666666666665, 3.2, 3.2333333333333334, 3.2666666666666666, 3.3, 3.3333333333333335, 3.3666666666666667, 3.4, 3.4333333333333336, 3.5, 3.533333333333333, 3.6, 3.7666666666666666, 3.8333333333333335, 3.9333333333333336, 3.966666666666667, 4.0, 4.033333333333333, 4.066666666666666, 4.1, 4.133333333333334, 4.166666666666667, 4.2, 4.233333333333333, 4.266666666666667, 4.3, 4.333333333333333, 4.366666666666666, 4.4, 4.433333333333334, 4.466666666666667, 4.533333333333333, 4.566666666666666, 4.6, 4.7, 4.733333333333333, 4.766666666666667, 4.8, 4.833333333333333, 4.866666666666667, 4.9, 4.933333333333334, 4.966666666666667, 5.0, 5.033333333333333, 5.066666666666666, 5.1, 5.133333333333334, 5.166666666666667, 5.2, 5.233333333333333, 5.266666666666667, 5.3, 5.333333333333333, 5.366666666666666, 5.4, 5.433333333333334, 5.466666666666667, 5.5, 5.533333333333333, 5.566666666666666, 5.6, 5.633333333333333, 5.666666666666667, 5.7, 5.733333333333333, 5.766666666666667, 5.8, 5.833333333333333, 5.866666666666667, 5.9, 5.933333333333334, 5.966666666666667, 6.0, 6.033333333333333, 6.066666666666666, 6.1, 6.133333333333334, 6.166666666666667, 6.2, 6.233333333333333, 6.266666666666667, 6.3, 6.333333333333333, 6.366666666666666, 6.4, 6.433333333333334, 6.466666666666667, 6.5, 6.533333333333333, 6.566666666666666, 6.6, 6.633333333333333, 6.666666666666667, 6.7, 6.733333333333333, 6.766666666666667, 6.8, 6.833333333333333, 6.866666666666667, 6.9, 6.933333333333334, 6.966666666666667, 7.0, 7.033333333333333, 7.066666666666666, 7.1, 7.133333333333334, 7.166666666666667, 7.2, 7.233333333333333, 7.266666666666667, 7.3, 7.333333333333333, 7.366666666666666, 7.4, 7.433333333333334, 7.466666666666667, 7.5, 7.533333333333333, 7.566666666666666, 7.6, 7.633333333333333, 7.666666666666667, 7.7, 7.733333333333333, 7.766666666666667, 7.8, 7.833333333333333, 7.866666666666667, 7.9, 7.933333333333334, 7.966666666666667, 8.0, 8.033333333333333, 8.066666666666666, 8.1, 8.133333333333333, 8.166666666666666, 8.2, 8.233333333333333, 8.266666666666667, 8.3, 8.333333333333334, 8.366666666666667, 8.4, 8.433333333333334, 8.466666666666667, 8.5, 8.533333333333333, 8.566666666666666, 8.6, 8.633333333333333, 8.666666666666666, 8.7, 8.733333333333333, 8.766666666666667, 8.8, 8.833333333333334, 8.866666666666667, 8.9, 8.933333333333334, 8.966666666666667, 9.0, 9.033333333333333, 9.066666666666666, 9.1, 9.133333333333333, 9.166666666666666, 9.2, 9.233333333333333, 9.266666666666667, 9.3, 9.333333333333334, 9.366666666666667, 9.4, 9.466666666666667, 9.5, 9.533333333333333, 9.6, 9.633333333333333, 9.666666666666666, 9.733333333333333, 9.766666666666667, 9.8, 9.866666666666667, 9.9, 9.933333333333334, 9.966666666666667, 10.0, 10.033333333333333, 10.066666666666666, 10.1, 10.133333333333333, 10.166666666666666, 10.2, 10.233333333333333, 10.266666666666667, 10.3, 10.333333333333334, 10.4, 10.433333333333334, 10.5, 10.566666666666666, 10.6, 10.633333333333333, 10.666666666666666, 10.766666666666667, 10.833333333333334, 10.933333333333334, 10.966666666666667, 11.0, 11.066666666666666, 11.166666666666666, 11.2, 11.266666666666667, 11.366666666666667, 11.466666666666667, 11.566666666666666, 11.633333333333333, 11.666666666666666, 11.766666666666667, 11.866666666666667, 11.9, 12.033333333333333, 12.066666666666666, 12.266666666666667, 12.433333333333334, 12.466666666666667, 12.6, 13.066666666666666]}, "histogram": {"y": [12, 14, 15, 47, 91, 179, 247, 237, 174, 92, 52, 20, 6, 1, 0, 0], "x": [0.0, 1.0, 2.0, 3.0, 4.0, 5.0, 6.0, 7.0, 8.0, 9.0, 10.0, 11.0, 12.0, 13.0, 14.0, 15.0]}}