{"percentile": {"y": [0.0, 1.9, 3.8, 5.7, 7.6, 9.6, 11.5, 13.4, 15.3, 17.3, 19.2, 21.1, 23.0, 25.0, 28.8, 30.7, 32.6, 34.6, 36.5, 38.4, 40.3, 44.2, 46.1, 48.0, 50.0, 51.9, 61.5, 65.3, 67.3, 69.2, 73.0, 75.0, 76.9, 80.7, 82.6, 84.6, 86.5, 88.4, 90.3, 92.3, 94.2, 96.1, 98.0, 100.0], "x": [5.03125, 5.625, 6.0, 6.28125, 6.40625, 6.71875, 6.78125, 7.03125, 7.0625, 7.4375, 7.46875, 7.59375, 7.6875, 7.71875, 7.875, 8.0, 8.03125, 8.25, 8.4375, 8.46875, 8.5625, 8.71875, 8.78125, 8.8125, 8.84375, 9.0, 9.15625, 9.34375, 9.375, 9.40625, 9.4375, 9.5, 9.5625, 9.59375, 9.6875, 10.03125, 10.15625, 10.375, 10.5, 10.53125, 10.5625, 11.5625, 11.84375, 12.25]}, "histogram": {"y": [2, 5, 9, 11, 17, 6, 2, 1, 0, 0], "x": [5.0, 6.0, 7.0, 8.0, 9.0, 10.0, 11.0, 12.0, 13.0, 14.0]}}