{"percentile": {"x": [4.875, 4.96875, 5.71875, 6.0, 6.25, 6.28125, 6.3125, 6.375, 6.40625, 6.5, 6.53125, 6.5625, 6.625, 6.65625, 6.6875, 6.75, 6.78125, 6.84375, 6.875, 6.90625, 7.0, 7.125, 7.15625, 7.21875, 7.25, 7.28125, 7.3125, 7.34375, 7.375, 7.40625, 7.4375, 7.46875, 7.5, 7.53125, 7.5625, 7.59375, 7.625, 7.65625, 7.6875, 7.71875, 7.75, 7.8125, 7.84375, 7.875, 7.90625, 7.9375, 7.96875, 8.0, 8.0625, 8.09375, 8.15625, 8.1875, 8.21875, 8.25, 8.28125, 8.3125, 8.34375, 8.375, 8.40625, 8.4375, 8.46875, 8.5, 8.5625, 8.59375, 8.625, 8.6875, 8.71875, 8.75, 8.78125, 8.8125, 8.84375, 8.875, 8.90625, 8.9375, 8.96875, 9.0, 9.03125, 9.09375, 9.125, 9.15625, 9.1875, 9.25, 9.28125, 9.3125, 9.34375, 9.375, 9.40625, 9.5, 9.5625, 9.59375, 9.625, 9.65625, 9.6875, 9.71875, 9.75, 9.78125, 9.8125, 9.84375, 9.875, 9.90625, 9.9375, 9.96875, 10.0, 10.0625, 10.09375, 10.125, 10.15625, 10.21875, 10.25, 10.28125, 10.34375, 10.375, 10.40625, 10.4375, 10.46875, 10.5, 10.53125, 10.5625, 10.59375, 10.6875, 10.71875, 10.75, 10.84375, 10.875, 10.9375, 10.96875, 11.0, 11.125, 11.25, 11.28125, 11.53125, 11.5625, 11.625, 12.0, 12.25, 12.40625], "y": [0.0, 0.2, 0.5, 0.8, 1.6, 1.9, 2.2, 2.5, 2.8, 3.0, 3.9, 4.4, 5.6, 5.8, 6.4, 7.0, 7.3, 7.5, 7.8, 8.1, 8.4, 8.7, 8.9, 9.2, 9.5, 10.6, 10.9, 11.2, 12.0, 12.3, 14.0, 14.6, 15.7, 16.2, 16.8, 18.5, 19.6, 20.2, 20.7, 21.9, 22.4, 23.5, 23.8, 24.1, 24.7, 25.0, 25.8, 26.1, 29.2, 29.4, 30.6, 31.1, 31.4, 32.3, 35.1, 35.6, 36.2, 36.7, 38.2, 39.3, 39.6, 40.7, 41.5, 45.2, 46.0, 47.1, 48.0, 48.5, 48.8, 49.1, 50.0, 51.1, 52.2, 52.5, 53.0, 53.6, 56.1, 56.4, 57.0, 57.8, 58.1, 58.7, 59.8, 60.9, 62.3, 63.2, 63.4, 64.6, 66.0, 69.3, 70.2, 71.0, 72.1, 72.4, 73.0, 74.4, 74.7, 75.2, 75.8, 77.5, 78.0, 78.3, 78.6, 81.1, 81.4, 81.7, 82.5, 82.8, 83.4, 84.8, 85.1, 85.9, 86.7, 87.6, 87.9, 88.7, 89.3, 90.4, 92.9, 93.2, 93.8, 94.1, 94.3, 94.9, 95.2, 95.5, 95.7, 96.6, 96.9, 97.1, 97.7, 98.0, 98.5, 98.8, 99.7, 100.0]}, "histogram": {"x": [4.0, 5.0, 6.0, 7.0, 8.0, 9.0, 10.0, 11.0, 12.0], "y": [2, 1, 27, 63, 98, 89, 61, 11, 5]}}