{"percentile": {"x": [5.625, 5.75, 6.0, 6.1875, 6.5625, 6.84375, 6.90625, 7.0, 7.125, 7.1875, 8.125, 8.5625, 9.25, 11.65625], "y": [0.0, 7.6, 15.3, 23.0, 30.7, 38.4, 46.1, 53.8, 61.5, 69.2, 76.9, 84.6, 92.3, 100.0]}, "histogram": {"x": [5.0, 6.0, 7.0, 8.0, 9.0, 10.0, 11.0, 12.0, 13.0], "y": [2, 5, 3, 2, 1, 0, 1, 0, 0]}}