{"histogram": {"y": [1, 0, 0, 0, 0, 4, 9, 33, 66, 52, 9, 5, 0, 0], "x": [0.0, 1.0, 2.0, 3.0, 4.0, 5.0, 6.0, 7.0, 8.0, 9.0, 10.0, 11.0, 12.0, 13.0]}, "percentile": {"y": [0.0, 0.5, 1.6, 2.2, 2.8, 3.3, 3.9, 4.4, 5.0, 5.6, 7.3, 7.8, 9.5, 10.1, 10.6, 11.2, 11.7, 12.3, 13.4, 14.0, 15.1, 16.2, 17.4, 19.1, 19.6, 21.3, 21.9, 22.4, 23.0, 23.5, 24.1, 24.7, 26.4, 30.8, 32.0, 33.7, 34.8, 35.9, 37.6, 38.2, 39.8, 42.1, 42.6, 43.8, 44.9, 45.5, 46.0, 47.1, 52.8, 54.4, 56.7, 57.3, 58.4, 58.9, 59.5, 60.6, 62.9, 63.4, 66.2, 66.8, 67.9, 69.1, 70.2, 70.7, 71.3, 71.9, 72.4, 73.0, 73.5, 80.3, 82.0, 82.5, 83.7, 84.2, 85.9, 86.5, 87.0, 88.7, 89.3, 89.8, 92.6, 93.2, 93.8, 94.3, 95.5, 96.0, 96.6, 97.1, 97.7, 98.3, 98.8, 99.4, 100.0], "x": [0.16666666666666666, 5.6, 5.733333333333333, 5.966666666666667, 6.0, 6.1, 6.133333333333334, 6.366666666666666, 6.433333333333334, 6.6, 6.666666666666667, 7.0, 7.066666666666666, 7.1, 7.133333333333334, 7.2, 7.233333333333333, 7.266666666666667, 7.4, 7.433333333333334, 7.466666666666667, 7.5, 7.533333333333333, 7.566666666666666, 7.6, 7.666666666666667, 7.7, 7.733333333333333, 7.766666666666667, 7.8, 7.866666666666667, 7.966666666666667, 8.0, 8.066666666666666, 8.1, 8.133333333333333, 8.166666666666666, 8.2, 8.233333333333333, 8.266666666666667, 8.333333333333334, 8.366666666666667, 8.4, 8.433333333333334, 8.5, 8.533333333333333, 8.566666666666666, 8.6, 8.633333333333333, 8.666666666666666, 8.7, 8.733333333333333, 8.8, 8.833333333333334, 8.9, 8.933333333333334, 8.966666666666667, 9.0, 9.066666666666666, 9.133333333333333, 9.166666666666666, 9.266666666666667, 9.366666666666667, 9.433333333333334, 9.466666666666667, 9.5, 9.533333333333333, 9.566666666666666, 9.6, 9.633333333333333, 9.666666666666666, 9.7, 9.733333333333333, 9.766666666666667, 9.8, 9.833333333333334, 9.866666666666667, 9.9, 9.933333333333334, 9.966666666666667, 10.0, 10.066666666666666, 10.133333333333333, 10.266666666666667, 10.333333333333334, 10.566666666666666, 10.633333333333333, 10.733333333333333, 11.266666666666667, 11.3, 11.566666666666666, 11.6, 11.633333333333333]}}