{"histogram": {"x": [5.0, 6.0, 7.0, 8.0, 9.0, 10.0, 11.0, 12.0], "y": [4, 10, 49, 60, 64, 35, 1, 0]}, "percentile": {"x": [5.266666666666667, 5.433333333333334, 5.7, 5.966666666666667, 6.0, 6.333333333333333, 6.4, 6.433333333333334, 6.6, 6.666666666666667, 6.7, 6.733333333333333, 6.833333333333333, 6.933333333333334, 7.0, 7.066666666666666, 7.1, 7.133333333333334, 7.166666666666667, 7.233333333333333, 7.266666666666667, 7.3, 7.433333333333334, 7.5, 7.533333333333333, 7.566666666666666, 7.6, 7.633333333333333, 7.7, 7.733333333333333, 7.766666666666667, 7.833333333333333, 7.866666666666667, 7.9, 7.933333333333334, 7.966666666666667, 8.0, 8.233333333333333, 8.266666666666667, 8.3, 8.333333333333334, 8.366666666666667, 8.433333333333334, 8.5, 8.533333333333333, 8.566666666666666, 8.6, 8.633333333333333, 8.666666666666666, 8.7, 8.733333333333333, 8.766666666666667, 8.8, 8.833333333333334, 8.866666666666667, 8.9, 8.933333333333334, 8.966666666666667, 9.0, 9.066666666666666, 9.1, 9.166666666666666, 9.2, 9.266666666666667, 9.3, 9.333333333333334, 9.4, 9.433333333333334, 9.466666666666667, 9.5, 9.6, 9.633333333333333, 9.7, 9.766666666666667, 9.8, 9.833333333333334, 9.866666666666667, 9.9, 9.966666666666667, 10.0, 10.033333333333333, 10.1, 10.133333333333333, 10.166666666666666, 10.233333333333333, 10.266666666666667, 10.333333333333334, 10.366666666666667, 10.5, 10.533333333333333, 10.6, 10.633333333333333, 10.666666666666666, 10.733333333333333, 10.766666666666667, 10.8, 10.833333333333334, 10.866666666666667, 10.9, 10.966666666666667, 11.0], "y": [0.0, 0.4, 0.9, 1.3, 1.8, 2.2, 2.7, 3.1, 3.6, 4.0, 4.5, 4.9, 5.4, 5.8, 6.3, 7.6, 8.1, 8.5, 9.0, 9.9, 10.8, 11.7, 12.1, 13.5, 15.7, 16.2, 16.6, 19.8, 20.7, 21.6, 22.9, 23.8, 24.3, 25.2, 26.5, 27.4, 28.3, 29.7, 30.1, 32.8, 33.7, 34.6, 35.1, 35.5, 36.0, 36.4, 37.3, 42.3, 45.0, 45.9, 46.8, 48.6, 49.0, 51.3, 53.1, 53.6, 54.0, 54.9, 55.4, 60.3, 61.2, 62.6, 63.9, 64.8, 66.2, 66.6, 67.5, 68.4, 70.2, 70.7, 72.5, 77.4, 78.8, 81.0, 81.5, 81.9, 82.4, 83.3, 83.7, 84.2, 86.9, 87.3, 87.8, 88.2, 89.1, 90.0, 91.4, 92.3, 93.6, 94.1, 94.5, 95.4, 95.9, 96.3, 96.8, 97.2, 97.7, 98.6, 99.0, 99.5, 100.0]}}