{"histogram": {"y": [1, 1, 12, 50, 55, 36, 12, 5, 0, 0], "x": [5.0, 6.0, 7.0, 8.0, 9.0, 10.0, 11.0, 12.0, 13.0, 14.0]}, "percentile": {"y": [0.0, 0.5, 1.1, 1.7, 2.3, 2.9, 4.0, 4.6, 5.2, 7.6, 8.1, 9.3, 9.9, 10.5, 11.1, 11.6, 12.2, 15.2, 16.3, 16.9, 18.1, 18.7, 21.0, 21.6, 22.8, 23.3, 24.5, 27.4, 28.0, 29.2, 30.4, 30.9, 33.9, 35.0, 35.6, 36.8, 37.4, 40.3, 40.9, 41.5, 45.0, 45.6, 47.9, 49.1, 49.7, 50.8, 53.8, 54.9, 55.5, 57.3, 57.8, 59.0, 60.8, 61.4, 61.9, 63.1, 64.9, 65.4, 66.6, 67.2, 68.4, 69.0, 69.5, 73.0, 73.6, 74.8, 75.4, 76.0, 77.7, 78.3, 78.9, 79.5, 81.8, 82.4, 84.7, 85.9, 86.5, 87.1, 88.3, 88.8, 89.4, 90.0, 90.6, 92.9, 93.5, 95.3, 95.9, 96.4, 97.0, 97.6, 98.2, 98.8, 99.4, 100.0], "x": [5.5, 6.90625, 7.0, 7.09375, 7.21875, 7.5625, 7.625, 7.75, 7.8125, 7.875, 8.0, 8.03125, 8.0625, 8.09375, 8.15625, 8.21875, 8.25, 8.28125, 8.3125, 8.34375, 8.375, 8.40625, 8.4375, 8.46875, 8.5, 8.53125, 8.5625, 8.59375, 8.625, 8.6875, 8.71875, 8.75, 8.78125, 8.8125, 8.84375, 8.90625, 9.0, 9.03125, 9.09375, 9.125, 9.15625, 9.21875, 9.25, 9.28125, 9.3125, 9.34375, 9.40625, 9.4375, 9.46875, 9.5, 9.53125, 9.5625, 9.59375, 9.625, 9.65625, 9.6875, 9.75, 9.78125, 9.84375, 9.90625, 9.9375, 9.96875, 10.0, 10.03125, 10.125, 10.1875, 10.25, 10.28125, 10.34375, 10.375, 10.46875, 10.5, 10.53125, 10.5625, 10.59375, 10.65625, 10.6875, 10.75, 10.78125, 10.84375, 10.90625, 10.96875, 11.0, 11.25, 11.375, 11.40625, 11.46875, 11.5625, 11.9375, 12.0, 12.1875, 12.4375, 12.46875, 12.5625]}}