{"histogram": {"y": [2, 5, 12, 13, 10, 12, 4, 0, 0], "x": [5.0, 6.0, 7.0, 8.0, 9.0, 10.0, 11.0, 12.0, 13.0]}, "percentile": {"y": [0.0, 1.7, 3.5, 5.2, 7.0, 8.7, 10.5, 12.2, 17.5, 22.8, 24.5, 26.3, 28.0, 31.5, 33.3, 35.0, 38.5, 40.3, 42.1, 43.8, 49.1, 52.6, 54.3, 56.1, 59.6, 61.4, 63.1, 64.9, 66.6, 68.4, 71.9, 73.6, 75.4, 80.7, 82.4, 84.2, 85.9, 89.4, 91.2, 92.9, 94.7, 96.4, 100.0], "x": [5.40625, 5.5625, 6.3125, 6.34375, 6.40625, 6.71875, 6.78125, 7.0, 7.25, 7.5625, 7.65625, 7.6875, 7.9375, 7.96875, 8.0, 8.25, 8.34375, 8.46875, 8.5, 8.5625, 8.65625, 8.78125, 8.875, 9.0, 9.0625, 9.25, 9.28125, 9.375, 9.46875, 9.625, 9.9375, 10.0, 10.125, 10.25, 10.4375, 10.53125, 10.5625, 10.75, 10.8125, 10.875, 11.0, 11.4375, 11.75]}}