{"percentile": {"y": [0.0, 0.4, 0.9, 1.4, 1.9, 2.4, 2.8, 3.3, 3.8, 5.2, 6.2, 8.6, 9.1, 9.6, 10.5, 12.0, 12.5, 12.9, 13.9, 15.3, 16.3, 16.8, 17.3, 18.2, 19.2, 19.7, 22.1, 22.5, 23.0, 23.5, 24.0, 25.0, 25.4, 25.9, 27.8, 28.3, 28.8, 29.8, 30.2, 30.7, 31.7, 32.2, 33.1, 33.6, 34.1, 36.5, 37.5, 38.9, 39.9, 41.3, 42.3, 46.1, 49.0, 50.0, 50.9, 52.8, 53.8, 54.8, 55.2, 56.2, 57.6, 58.1, 58.6, 59.6, 60.5, 61.0, 61.5, 62.9, 65.8, 67.3, 68.2, 70.1, 71.1, 72.1, 73.5, 74.5, 75.0, 76.4, 78.8, 79.3, 79.8, 81.2, 82.6, 83.1, 84.6, 85.5, 86.0, 87.0, 87.5, 87.9, 90.8, 91.3, 91.8, 92.7, 93.2, 94.7, 96.6, 97.5, 98.0, 99.0, 99.5, 100.0], "x": [0.23333333333333334, 5.233333333333333, 5.466666666666667, 5.733333333333333, 5.766666666666667, 6.1, 6.2, 6.233333333333333, 6.4, 6.433333333333334, 6.6, 6.633333333333333, 6.733333333333333, 6.766666666666667, 7.0, 7.033333333333333, 7.166666666666667, 7.233333333333333, 7.266666666666667, 7.3, 7.333333333333333, 7.366666666666666, 7.4, 7.433333333333334, 7.533333333333333, 7.6, 7.633333333333333, 7.666666666666667, 7.766666666666667, 7.8, 7.833333333333333, 7.866666666666667, 7.9, 7.933333333333334, 7.966666666666667, 8.0, 8.033333333333333, 8.066666666666666, 8.133333333333333, 8.2, 8.233333333333333, 8.266666666666667, 8.3, 8.333333333333334, 8.4, 8.433333333333334, 8.466666666666667, 8.5, 8.533333333333333, 8.566666666666666, 8.6, 8.633333333333333, 8.7, 8.733333333333333, 8.766666666666667, 8.833333333333334, 8.866666666666667, 8.9, 8.933333333333334, 9.0, 9.033333333333333, 9.066666666666666, 9.1, 9.133333333333333, 9.166666666666666, 9.2, 9.233333333333333, 9.266666666666667, 9.3, 9.333333333333334, 9.366666666666667, 9.4, 9.433333333333334, 9.466666666666667, 9.5, 9.533333333333333, 9.566666666666666, 9.6, 9.633333333333333, 9.666666666666666, 9.7, 9.733333333333333, 9.766666666666667, 9.8, 9.833333333333334, 9.866666666666667, 9.9, 9.933333333333334, 9.966666666666667, 10.0, 10.266666666666667, 10.3, 10.333333333333334, 10.433333333333334, 10.6, 10.633333333333333, 10.733333333333333, 10.866666666666667, 11.0, 11.333333333333334, 11.4, 11.766666666666667]}, "histogram": {"y": [1, 0, 0, 0, 0, 4, 17, 37, 58, 66, 21, 5, 0, 0], "x": [0.0, 1.0, 2.0, 3.0, 4.0, 5.0, 6.0, 7.0, 8.0, 9.0, 10.0, 11.0, 12.0, 13.0]}}