{"percentile": {"x": [0.03333333333333333, 0.06666666666666667, 0.26666666666666666, 0.43333333333333335, 1.0, 1.0333333333333334, 1.4333333333333333, 1.5, 2.0, 2.1666666666666665, 2.9333333333333336, 3.5, 3.6333333333333333, 3.7333333333333334, 4.0, 4.066666666666666, 4.166666666666667, 4.233333333333333, 4.266666666666667, 4.3, 4.333333333333333, 4.5, 4.566666666666666, 4.6, 4.7, 4.733333333333333, 4.8, 4.933333333333334, 5.0, 5.033333333333333, 5.1, 5.133333333333334, 5.2, 5.266666666666667, 5.3, 5.366666666666666, 5.433333333333334, 5.466666666666667, 5.5, 5.533333333333333, 5.566666666666666, 5.6, 5.633333333333333, 5.666666666666667, 5.733333333333333, 5.833333333333333, 5.9, 5.933333333333334, 5.966666666666667, 6.0, 6.033333333333333, 6.066666666666666, 6.133333333333334, 6.166666666666667, 6.2, 6.233333333333333, 6.266666666666667, 6.333333333333333, 6.366666666666666, 6.4, 6.433333333333334, 6.466666666666667, 6.5, 6.566666666666666, 6.6, 6.633333333333333, 6.666666666666667, 6.7, 6.733333333333333, 6.766666666666667, 6.8, 6.866666666666667, 6.9, 6.933333333333334, 6.966666666666667, 7.0, 7.033333333333333, 7.066666666666666, 7.1, 7.133333333333334, 7.166666666666667, 7.2, 7.233333333333333, 7.266666666666667, 7.3, 7.333333333333333, 7.4, 7.433333333333334, 7.466666666666667, 7.5, 7.533333333333333, 7.566666666666666, 7.6, 7.666666666666667, 7.7, 7.733333333333333, 7.766666666666667, 7.866666666666667, 7.9, 7.933333333333334, 7.966666666666667, 8.0, 8.033333333333333, 8.066666666666666, 8.1, 8.133333333333333, 8.166666666666666, 8.2, 8.266666666666667, 8.3, 8.333333333333334, 8.4, 8.433333333333334, 8.566666666666666, 8.6, 8.633333333333333, 8.666666666666666, 8.733333333333333, 8.8, 8.833333333333334, 8.866666666666667, 8.9, 8.933333333333334, 8.966666666666667, 9.0, 9.033333333333333, 9.066666666666666, 9.1, 9.166666666666666, 9.233333333333333, 9.3, 9.4, 9.433333333333334, 9.6, 9.633333333333333, 9.8, 9.833333333333334, 10.0, 10.066666666666666, 10.1, 10.133333333333333, 10.366666666666667, 10.4, 10.8, 10.866666666666667, 11.2], "y": [0.0, 0.3, 0.7, 1.4, 1.7, 2.1, 2.5, 2.8, 3.2, 3.5, 3.9, 4.2, 4.6, 5.0, 5.3, 5.7, 6.0, 6.7, 7.5, 7.8, 8.2, 8.5, 8.9, 9.2, 10.0, 10.3, 11.0, 11.4, 11.7, 13.2, 14.6, 15.7, 16.4, 17.1, 17.8, 18.5, 18.9, 19.6, 20.3, 21.4, 21.7, 22.5, 25.0, 25.3, 25.7, 26.4, 26.7, 27.1, 27.5, 28.2, 29.2, 30.0, 31.0, 31.7, 32.8, 33.5, 35.0, 36.0, 36.7, 37.5, 38.9, 39.6, 40.0, 40.7, 41.0, 43.5, 44.2, 44.6, 45.7, 46.4, 46.7, 47.5, 48.2, 48.5, 48.9, 49.6, 53.2, 54.2, 54.6, 55.3, 56.0, 56.7, 57.5, 58.9, 59.2, 60.3, 61.4, 61.7, 63.9, 64.2, 65.7, 66.4, 67.1, 67.5, 68.2, 68.5, 68.9, 69.2, 70.0, 70.7, 71.0, 72.1, 73.5, 74.6, 75.3, 76.0, 77.5, 77.8, 78.5, 79.6, 80.0, 80.7, 81.0, 81.7, 82.1, 82.8, 83.5, 83.9, 84.2, 84.6, 85.0, 85.7, 86.0, 86.4, 87.5, 88.5, 89.2, 90.0, 90.7, 92.1, 92.8, 93.9, 94.2, 94.6, 95.0, 95.7, 96.0, 96.4, 97.1, 97.5, 98.2, 98.5, 98.9, 99.2, 99.6, 100.0]}, "histogram": {"x": [0.0, 1.0, 2.0, 3.0, 4.0, 5.0, 6.0, 7.0, 8.0, 9.0, 10.0, 11.0, 12.0], "y": [5, 4, 3, 3, 18, 46, 60, 63, 43, 25, 10, 1, 0]}}