{"percentile": {"x": [4.466666666666667, 4.6, 5.433333333333334, 5.466666666666667, 5.566666666666666, 5.933333333333334, 6.0, 6.033333333333333, 6.166666666666667, 6.266666666666667, 6.466666666666667, 6.5, 6.6, 6.633333333333333, 6.733333333333333, 6.866666666666667, 6.9, 6.933333333333334, 7.0, 7.066666666666666, 7.166666666666667, 7.266666666666667, 7.366666666666666, 7.4, 7.433333333333334, 7.466666666666667, 7.5, 7.566666666666666, 7.6, 7.666666666666667, 7.733333333333333, 7.766666666666667, 7.8, 7.833333333333333, 7.9, 8.0, 8.233333333333333, 8.266666666666667, 8.3, 8.333333333333334, 8.366666666666667, 8.4, 8.433333333333334, 8.466666666666667, 8.5, 8.533333333333333, 8.566666666666666, 8.6, 8.633333333333333, 8.666666666666666, 8.733333333333333, 8.766666666666667, 8.8, 8.833333333333334, 8.866666666666667, 8.933333333333334, 8.966666666666667, 9.0, 9.066666666666666, 9.1, 9.133333333333333, 9.166666666666666, 9.2, 9.233333333333333, 9.266666666666667, 9.3, 9.333333333333334, 9.366666666666667, 9.4, 9.466666666666667, 9.533333333333333, 9.566666666666666, 9.6, 9.633333333333333, 9.666666666666666, 9.733333333333333, 9.766666666666667, 9.8, 9.9, 9.966666666666667, 10.0, 10.1, 10.166666666666666, 10.266666666666667, 10.3, 10.533333333333333, 10.566666666666666, 10.6, 10.633333333333333, 10.733333333333333, 10.766666666666667, 10.966666666666667, 11.0, 11.2, 11.6, 12.0], "y": [0.0, 0.5, 1.0, 1.5, 2.0, 2.6, 3.1, 4.7, 5.7, 6.2, 6.8, 7.3, 7.8, 8.9, 9.4, 10.4, 10.9, 11.5, 12.5, 13.6, 14.1, 14.6, 16.2, 17.2, 17.8, 19.8, 20.4, 20.9, 21.9, 24.6, 25.1, 26.7, 27.2, 27.7, 28.2, 28.7, 35.0, 36.1, 37.1, 37.6, 39.2, 40.3, 40.8, 41.3, 41.8, 43.4, 44.5, 46.0, 48.1, 49.2, 50.2, 51.8, 52.8, 53.9, 57.0, 58.1, 59.6, 61.2, 64.9, 65.4, 65.9, 67.0, 68.0, 68.5, 69.1, 70.6, 71.2, 72.7, 73.2, 73.8, 75.3, 75.9, 76.4, 80.1, 81.1, 82.7, 83.2, 84.8, 85.8, 86.9, 87.9, 88.4, 89.5, 90.0, 91.6, 92.1, 93.1, 93.7, 95.8, 96.3, 97.3, 97.9, 98.4, 98.9, 99.4, 100.0]}, "histogram": {"x": [4.0, 5.0, 6.0, 7.0, 8.0, 9.0, 10.0, 11.0, 12.0, 13.0], "y": [2, 4, 18, 31, 62, 51, 20, 3, 1, 0]}}