{"percentile": {"y": [0.0, 3.3, 6.6, 10.0, 13.3, 16.6, 20.0, 23.3, 30.0, 33.3, 36.6, 40.0, 43.3, 46.6, 53.3, 56.6, 60.0, 63.3, 66.6, 70.0, 73.3, 76.6, 80.0, 83.3, 86.6, 90.0, 93.3, 96.6, 100.0], "x": [6.333333333333333, 6.6, 7.033333333333333, 7.266666666666667, 7.333333333333333, 7.6, 7.8, 8.0, 8.1, 8.233333333333333, 8.4, 8.8, 8.866666666666667, 8.9, 9.0, 9.033333333333333, 9.2, 9.266666666666667, 9.533333333333333, 9.6, 9.666666666666666, 9.833333333333334, 9.9, 9.966666666666667, 10.166666666666666, 10.233333333333333, 10.4, 10.533333333333333, 11.9]}, "histogram": {"y": [2, 5, 9, 10, 4, 1, 0, 0], "x": [6.0, 7.0, 8.0, 9.0, 10.0, 11.0, 12.0, 13.0]}}