{"histogram": {"y": [2, 1, 0, 0, 1, 5, 42, 124, 254, 293, 185, 76, 26, 6, 3, 0, 0], "x": [0.0, 1.0, 2.0, 3.0, 4.0, 5.0, 6.0, 7.0, 8.0, 9.0, 10.0, 11.0, 12.0, 13.0, 14.0, 15.0, 16.0]}, "percentile": {"y": [0.0, 0.0, 0.1, 0.2, 0.3, 0.4, 0.5, 0.6, 0.8, 1.3, 1.4, 1.5, 1.9, 2.0, 2.4, 2.5, 2.6, 3.2, 3.5, 3.9, 4.1, 4.2, 4.4, 4.5, 4.6, 4.7, 4.8, 4.9, 5.0, 5.8, 5.9, 6.3, 6.6, 7.0, 7.1, 8.3, 8.8, 8.9, 9.4, 9.6, 9.8, 9.9, 10.2, 10.3, 10.9, 12.4, 12.6, 12.9, 13.4, 13.5, 13.8, 14.2, 14.3, 15.0, 15.3, 16.1, 16.4, 16.9, 17.2, 19.2, 19.8, 20.1, 20.7, 21.4, 21.8, 22.3, 23.4, 24.2, 25.3, 25.9, 26.6, 27.2, 27.7, 28.9, 29.4, 29.9, 32.8, 33.4, 34.1, 35.0, 35.8, 36.8, 37.2, 38.0, 38.6, 39.0, 39.4, 40.7, 41.1, 42.1, 46.4, 47.0, 47.6, 48.0, 48.7, 49.0, 49.4, 49.6, 51.8, 53.1, 53.6, 54.4, 55.1, 56.5, 57.1, 58.2, 59.1, 59.4, 63.1, 64.3, 65.1, 65.6, 66.2, 66.9, 67.5, 67.8, 68.5, 68.9, 69.7, 70.3, 70.5, 70.9, 72.6, 72.8, 73.1, 73.3, 74.3, 74.7, 75.0, 75.1, 76.8, 77.4, 78.1, 78.8, 79.3, 80.2, 81.1, 81.6, 82.1, 82.5, 84.3, 84.8, 85.6, 86.1, 86.4, 86.7, 86.9, 87.2, 87.4, 87.6, 88.1, 88.3, 88.9, 89.1, 90.4, 90.6, 90.8, 91.2, 91.5, 91.9, 92.0, 92.3, 92.8, 93.0, 93.1, 93.4, 93.6, 93.7, 93.8, 93.9, 94.1, 94.8, 95.1, 95.2, 95.4, 95.5, 95.7, 95.8, 95.9, 96.3, 96.4, 96.6, 97.0, 97.4, 97.5, 97.8, 97.9, 98.0, 98.1, 98.3, 98.5, 98.6, 98.7, 98.8, 99.1, 99.2, 99.4, 99.5, 99.6, 99.7, 99.8, 99.9, 100.0], "x": [0.25, 0.34375, 1.0, 4.21875, 5.25, 5.34375, 5.5625, 5.84375, 6.0, 6.03125, 6.0625, 6.25, 6.3125, 6.40625, 6.5, 6.53125, 6.5625, 6.59375, 6.625, 6.65625, 6.6875, 6.71875, 6.75, 6.78125, 6.875, 6.90625, 6.9375, 6.96875, 7.0, 7.03125, 7.09375, 7.125, 7.15625, 7.1875, 7.25, 7.28125, 7.3125, 7.34375, 7.375, 7.40625, 7.4375, 7.46875, 7.5, 7.53125, 7.5625, 7.59375, 7.625, 7.65625, 7.6875, 7.71875, 7.75, 7.78125, 7.8125, 7.84375, 7.875, 7.90625, 7.9375, 7.96875, 8.0, 8.03125, 8.0625, 8.09375, 8.125, 8.15625, 8.1875, 8.25, 8.28125, 8.3125, 8.34375, 8.375, 8.40625, 8.4375, 8.46875, 8.5, 8.53125, 8.5625, 8.59375, 8.625, 8.65625, 8.6875, 8.71875, 8.75, 8.78125, 8.8125, 8.84375, 8.875, 8.90625, 8.9375, 8.96875, 9.0, 9.03125, 9.0625, 9.09375, 9.125, 9.15625, 9.1875, 9.21875, 9.25, 9.28125, 9.3125, 9.34375, 9.375, 9.40625, 9.4375, 9.46875, 9.5, 9.53125, 9.5625, 9.59375, 9.625, 9.65625, 9.6875, 9.71875, 9.75, 9.78125, 9.8125, 9.84375, 9.875, 9.90625, 9.9375, 9.96875, 10.0, 10.03125, 10.0625, 10.09375, 10.125, 10.15625, 10.1875, 10.21875, 10.25, 10.28125, 10.3125, 10.34375, 10.375, 10.40625, 10.4375, 10.46875, 10.5, 10.53125, 10.5625, 10.59375, 10.625, 10.65625, 10.6875, 10.71875, 10.75, 10.78125, 10.8125, 10.84375, 10.875, 10.90625, 10.9375, 10.96875, 11.0, 11.03125, 11.0625, 11.09375, 11.125, 11.15625, 11.21875, 11.25, 11.28125, 11.3125, 11.34375, 11.375, 11.40625, 11.4375, 11.46875, 11.5, 11.53125, 11.5625, 11.59375, 11.625, 11.65625, 11.6875, 11.71875, 11.75, 11.78125, 11.90625, 11.9375, 11.96875, 12.0, 12.15625, 12.21875, 12.25, 12.3125, 12.34375, 12.375, 12.40625, 12.5, 12.53125, 12.6875, 12.8125, 12.84375, 12.9375, 13.0, 13.34375, 13.5625, 13.90625, 13.96875, 14.25, 14.28125, 14.53125]}}