{"histogram": {"y": [13, 4, 13, 23, 46, 113, 188, 253, 216, 161, 88, 35, 13, 2, 0, 0], "x": [0.0, 1.0, 2.0, 3.0, 4.0, 5.0, 6.0, 7.0, 8.0, 9.0, 10.0, 11.0, 12.0, 13.0, 14.0, 15.0]}, "percentile": {"y": [0.0, 0.0, 0.1, 0.2, 0.8, 0.9, 1.0, 1.1, 1.2, 1.3, 1.4, 1.6, 1.7, 1.8, 1.9, 2.0, 2.2, 2.3, 2.3, 2.4, 2.5, 2.9, 3.0, 3.1, 3.2, 3.3, 3.4, 3.5, 3.5, 3.6, 4.0, 4.1, 4.1, 4.4, 4.5, 4.7, 4.8, 5.0, 5.2, 5.3, 5.4, 5.7, 5.9, 6.1, 6.3, 6.4, 6.5, 6.6, 6.7, 6.9, 7.0, 7.1, 7.4, 7.6, 7.7, 7.8, 7.9, 8.2, 8.3, 8.3, 8.4, 8.9, 8.9, 9.1, 9.4, 10.1, 10.6, 10.9, 11.2, 11.8, 12.4, 12.5, 13.1, 13.2, 13.7, 14.1, 14.6, 14.7, 16.0, 16.1, 16.1, 16.4, 16.7, 17.1, 17.2, 17.3, 17.4, 17.8, 17.9, 18.0, 18.1, 19.0, 19.5, 19.8, 20.9, 21.9, 22.7, 23.3, 23.8, 25.1, 25.7, 25.9, 26.3, 26.6, 27.4, 27.5, 27.5, 27.8, 28.0, 29.8, 30.3, 30.7, 31.1, 31.2, 31.5, 31.9, 32.2, 32.6, 33.2, 33.5, 33.7, 34.0, 34.2, 36.0, 37.1, 37.9, 38.5, 39.2, 40.2, 41.3, 42.1, 43.5, 44.0, 44.4, 45.1, 45.6, 46.4, 47.1, 47.7, 48.2, 48.4, 50.3, 51.3, 51.8, 52.0, 52.3, 53.0, 53.2, 53.6, 54.1, 54.4, 54.8, 55.1, 55.6, 55.9, 57.2, 57.8, 58.6, 59.6, 60.4, 61.4, 61.9, 62.8, 63.2, 63.8, 64.3, 65.0, 65.3, 65.8, 66.6, 67.0, 67.3, 67.7, 69.5, 70.2, 70.6, 71.0, 71.3, 71.8, 72.2, 72.6, 72.9, 73.3, 73.6, 73.7, 74.1, 74.4, 75.8, 76.3, 76.8, 77.0, 77.5, 77.9, 78.8, 79.3, 80.1, 80.8, 81.0, 81.4, 81.6, 82.2, 82.6, 83.0, 83.2, 83.5, 84.5, 84.9, 85.1, 85.4, 85.8, 86.2, 86.6, 86.9, 87.0, 87.4, 87.7, 87.9, 88.1, 88.2, 88.7, 88.9, 89.2, 89.5, 90.0, 90.1, 90.4, 90.5, 90.8, 91.1, 91.3, 91.4, 91.6, 91.8, 92.2, 92.3, 92.6, 93.0, 93.3, 93.7, 93.8, 94.0, 94.2, 94.4, 94.8, 95.0, 95.2, 95.4, 95.7, 95.8, 96.0, 96.2, 96.3, 96.6, 96.7, 97.0, 97.2, 97.4, 97.6, 97.6, 97.7, 97.8, 98.0, 98.1, 98.2, 98.2, 98.4, 98.5, 98.6, 98.7, 98.8, 99.0, 99.1, 99.2, 99.4, 99.4, 99.5, 99.6, 99.7, 99.8, 99.9, 100.0], "x": [0.03125, 0.0625, 0.21875, 0.25, 0.3125, 0.4375, 0.53125, 1.0, 1.1875, 1.21875, 2.1875, 2.21875, 2.34375, 2.5, 2.59375, 2.625, 2.71875, 2.90625, 2.9375, 2.96875, 3.0, 3.125, 3.15625, 3.21875, 3.25, 3.375, 3.40625, 3.46875, 3.5, 3.5625, 3.65625, 3.6875, 3.8125, 3.875, 4.0, 4.03125, 4.0625, 4.09375, 4.125, 4.15625, 4.1875, 4.25, 4.28125, 4.3125, 4.34375, 4.375, 4.40625, 4.4375, 4.46875, 4.5, 4.53125, 4.5625, 4.71875, 4.75, 4.78125, 4.8125, 4.84375, 4.875, 4.90625, 4.9375, 5.0, 5.03125, 5.0625, 5.09375, 5.125, 5.15625, 5.1875, 5.21875, 5.25, 5.28125, 5.3125, 5.34375, 5.375, 5.40625, 5.4375, 5.5, 5.53125, 5.5625, 5.59375, 5.625, 5.65625, 5.71875, 5.75, 5.78125, 5.8125, 5.84375, 5.875, 5.90625, 5.9375, 5.96875, 6.0, 6.03125, 6.0625, 6.09375, 6.125, 6.15625, 6.1875, 6.21875, 6.25, 6.28125, 6.3125, 6.34375, 6.375, 6.40625, 6.4375, 6.46875, 6.5, 6.53125, 6.5625, 6.59375, 6.625, 6.65625, 6.6875, 6.71875, 6.75, 6.78125, 6.8125, 6.84375, 6.875, 6.90625, 6.9375, 6.96875, 7.0, 7.03125, 7.0625, 7.09375, 7.125, 7.15625, 7.1875, 7.21875, 7.25, 7.28125, 7.3125, 7.34375, 7.375, 7.40625, 7.4375, 7.46875, 7.5, 7.53125, 7.5625, 7.59375, 7.625, 7.65625, 7.6875, 7.71875, 7.75, 7.78125, 7.8125, 7.84375, 7.875, 7.90625, 7.9375, 7.96875, 8.0, 8.03125, 8.0625, 8.09375, 8.125, 8.15625, 8.1875, 8.21875, 8.25, 8.28125, 8.3125, 8.34375, 8.375, 8.40625, 8.4375, 8.46875, 8.5, 8.53125, 8.5625, 8.59375, 8.625, 8.65625, 8.6875, 8.71875, 8.75, 8.78125, 8.8125, 8.84375, 8.875, 8.90625, 8.9375, 8.96875, 9.0, 9.03125, 9.0625, 9.09375, 9.125, 9.15625, 9.1875, 9.21875, 9.25, 9.28125, 9.3125, 9.34375, 9.375, 9.40625, 9.4375, 9.46875, 9.5, 9.53125, 9.5625, 9.59375, 9.625, 9.65625, 9.6875, 9.71875, 9.75, 9.78125, 9.8125, 9.84375, 9.875, 9.90625, 9.9375, 9.96875, 10.0, 10.03125, 10.0625, 10.09375, 10.125, 10.15625, 10.1875, 10.21875, 10.25, 10.3125, 10.34375, 10.375, 10.40625, 10.4375, 10.46875, 10.5, 10.53125, 10.5625, 10.59375, 10.625, 10.65625, 10.6875, 10.71875, 10.75, 10.78125, 10.84375, 10.875, 10.90625, 10.9375, 10.96875, 11.0, 11.03125, 11.09375, 11.15625, 11.1875, 11.21875, 11.25, 11.34375, 11.375, 11.4375, 11.46875, 11.53125, 11.5625, 11.59375, 11.625, 11.65625, 11.6875, 11.78125, 11.8125, 11.84375, 11.90625, 12.0, 12.09375, 12.15625, 12.1875, 12.21875, 12.28125, 12.40625, 12.625, 12.75, 12.90625, 13.0625, 13.09375]}}