{"histogram": {"y": [2, 0, 0, 2, 5, 19, 74, 177, 170, 151, 47, 12, 2, 0, 0], "x": [1.0, 2.0, 3.0, 4.0, 5.0, 6.0, 7.0, 8.0, 9.0, 10.0, 11.0, 12.0, 13.0, 14.0, 15.0]}, "percentile": {"y": [0.0, 0.3, 0.4, 0.6, 0.7, 0.9, 1.0, 1.2, 1.3, 1.6, 1.8, 2.1, 2.2, 2.4, 2.5, 3.4, 3.6, 4.0, 4.2, 5.3, 5.6, 5.7, 5.9, 6.3, 6.6, 7.1, 7.5, 7.7, 7.8, 8.1, 8.3, 10.6, 11.0, 11.3, 11.5, 11.8, 12.5, 12.8, 13.4, 13.7, 14.0, 14.3, 15.0, 15.1, 15.4, 17.1, 17.5, 18.0, 18.1, 18.7, 18.9, 19.3, 21.2, 21.8, 22.4, 23.4, 24.6, 26.5, 26.8, 27.4, 28.3, 29.3, 33.4, 34.5, 35.9, 37.2, 38.3, 39.2, 39.8, 40.0, 40.3, 40.6, 41.3, 41.6, 42.1, 42.2, 46.2, 46.6, 47.4, 48.4, 48.7, 49.0, 49.3, 49.8, 51.9, 52.8, 54.5, 55.4, 56.2, 56.9, 57.7, 58.3, 58.9, 59.2, 62.1, 62.7, 63.3, 64.2, 64.3, 65.0, 65.6, 65.9, 66.3, 66.5, 66.6, 66.9, 67.4, 68.0, 71.0, 71.6, 72.8, 74.2, 74.5, 74.8, 75.0, 75.7, 77.2, 78.4, 79.2, 80.0, 81.0, 81.3, 81.6, 81.8, 82.4, 82.7, 85.1, 85.4, 86.2, 86.8, 87.2, 87.8, 88.3, 88.4, 88.6, 89.3, 89.6, 90.7, 90.9, 91.6, 91.8, 91.9, 92.1, 92.4, 92.7, 93.3, 93.9, 94.0, 94.3, 94.6, 95.3, 95.4, 95.6, 95.7, 96.9, 97.1, 97.4, 97.7, 98.0, 98.4, 98.6, 98.7, 98.9, 99.0, 99.2, 99.3, 99.5, 99.6, 99.8], "x": [1.0, 4.5, 4.71875, 5.21875, 5.25, 5.625, 5.71875, 5.9375, 6.0, 6.1875, 6.25, 6.40625, 6.5, 6.53125, 6.5625, 6.65625, 6.6875, 6.8125, 7.0, 7.0625, 7.09375, 7.1875, 7.21875, 7.25, 7.3125, 7.375, 7.40625, 7.4375, 7.46875, 7.53125, 7.5625, 7.59375, 7.625, 7.65625, 7.6875, 7.71875, 7.75, 7.78125, 7.8125, 7.84375, 7.875, 7.90625, 7.9375, 7.96875, 8.0, 8.03125, 8.0625, 8.09375, 8.125, 8.15625, 8.21875, 8.25, 8.28125, 8.3125, 8.34375, 8.375, 8.40625, 8.4375, 8.46875, 8.5, 8.53125, 8.5625, 8.59375, 8.625, 8.65625, 8.6875, 8.71875, 8.75, 8.78125, 8.8125, 8.84375, 8.875, 8.90625, 8.9375, 8.96875, 9.0, 9.03125, 9.0625, 9.09375, 9.125, 9.15625, 9.1875, 9.21875, 9.25, 9.28125, 9.3125, 9.34375, 9.375, 9.40625, 9.4375, 9.46875, 9.5, 9.53125, 9.5625, 9.59375, 9.625, 9.65625, 9.6875, 9.71875, 9.75, 9.78125, 9.8125, 9.84375, 9.875, 9.90625, 9.9375, 9.96875, 10.0, 10.03125, 10.0625, 10.09375, 10.125, 10.15625, 10.1875, 10.21875, 10.25, 10.28125, 10.3125, 10.34375, 10.375, 10.40625, 10.4375, 10.46875, 10.5, 10.53125, 10.5625, 10.59375, 10.625, 10.65625, 10.6875, 10.71875, 10.75, 10.78125, 10.8125, 10.84375, 10.875, 10.90625, 10.9375, 11.0, 11.03125, 11.0625, 11.125, 11.15625, 11.1875, 11.25, 11.28125, 11.3125, 11.34375, 11.375, 11.40625, 11.4375, 11.5, 11.53125, 11.5625, 11.65625, 11.6875, 11.84375, 11.9375, 12.0, 12.0625, 12.3125, 12.34375, 12.375, 12.40625, 12.46875, 12.59375, 12.8125, 12.84375, 13.0]}}