{"histogram": {"x": [1.0, 2.0, 3.0, 4.0, 5.0, 6.0, 7.0, 8.0, 9.0, 10.0, 11.0, 12.0, 13.0, 14.0], "y": [1, 0, 5, 14, 64, 144, 212, 215, 153, 108, 33, 6, 3, 0]}, "percentile": {"x": [1.9375, 3.0, 3.03125, 3.125, 3.21875, 3.4375, 4.0, 4.09375, 4.15625, 4.1875, 4.34375, 4.375, 4.4375, 4.5, 4.5625, 4.875, 4.96875, 5.0, 5.03125, 5.0625, 5.09375, 5.125, 5.15625, 5.1875, 5.21875, 5.25, 5.28125, 5.3125, 5.34375, 5.40625, 5.4375, 5.46875, 5.5, 5.53125, 5.5625, 5.59375, 5.65625, 5.6875, 5.71875, 5.75, 5.78125, 5.8125, 5.875, 5.90625, 5.9375, 5.96875, 6.0, 6.03125, 6.0625, 6.09375, 6.125, 6.15625, 6.1875, 6.21875, 6.25, 6.28125, 6.3125, 6.34375, 6.375, 6.40625, 6.4375, 6.46875, 6.53125, 6.5625, 6.59375, 6.625, 6.65625, 6.6875, 6.71875, 6.75, 6.78125, 6.8125, 6.84375, 6.875, 6.90625, 6.9375, 6.96875, 7.0, 7.03125, 7.0625, 7.09375, 7.125, 7.15625, 7.1875, 7.21875, 7.25, 7.28125, 7.3125, 7.34375, 7.375, 7.40625, 7.4375, 7.46875, 7.5, 7.53125, 7.5625, 7.59375, 7.625, 7.65625, 7.71875, 7.75, 7.78125, 7.8125, 7.84375, 7.875, 7.90625, 7.9375, 7.96875, 8.0, 8.03125, 8.0625, 8.09375, 8.125, 8.15625, 8.1875, 8.21875, 8.25, 8.28125, 8.3125, 8.34375, 8.375, 8.40625, 8.4375, 8.46875, 8.5, 8.53125, 8.5625, 8.59375, 8.625, 8.65625, 8.6875, 8.71875, 8.75, 8.78125, 8.8125, 8.875, 8.90625, 8.9375, 8.96875, 9.0, 9.03125, 9.0625, 9.09375, 9.125, 9.15625, 9.1875, 9.21875, 9.25, 9.28125, 9.3125, 9.34375, 9.375, 9.40625, 9.4375, 9.46875, 9.5, 9.53125, 9.5625, 9.59375, 9.625, 9.65625, 9.6875, 9.71875, 9.75, 9.8125, 9.84375, 9.875, 10.0, 10.03125, 10.0625, 10.09375, 10.125, 10.15625, 10.1875, 10.21875, 10.25, 10.28125, 10.3125, 10.34375, 10.375, 10.40625, 10.4375, 10.46875, 10.53125, 10.5625, 10.59375, 10.625, 10.65625, 10.6875, 10.71875, 10.78125, 10.8125, 10.84375, 10.875, 10.90625, 10.96875, 11.0, 11.03125, 11.0625, 11.09375, 11.125, 11.15625, 11.1875, 11.25, 11.34375, 11.375, 11.40625, 11.53125, 11.5625, 11.65625, 11.6875, 11.71875, 12.0, 12.03125, 12.375, 12.40625, 12.5625, 13.125, 13.3125, 13.40625], "y": [0.0, 0.1, 0.2, 0.3, 0.4, 0.5, 0.6, 1.0, 1.1, 1.2, 1.3, 1.4, 1.5, 1.6, 1.7, 1.8, 1.9, 2.0, 2.4, 2.7, 2.9, 3.0, 3.1, 3.2, 3.4, 3.7, 4.1, 4.2, 4.3, 4.7, 4.9, 5.2, 5.8, 6.1, 6.3, 6.7, 6.8, 7.1, 7.3, 7.6, 7.8, 8.0, 8.1, 8.3, 8.5, 8.6, 8.7, 10.2, 10.5, 11.1, 12.0, 12.5, 12.9, 13.7, 14.2, 14.7, 14.8, 15.4, 15.7, 16.1, 16.9, 17.1, 17.7, 18.0, 18.7, 18.9, 19.6, 19.9, 20.1, 20.6, 21.0, 21.4, 21.6, 22.1, 22.7, 22.9, 23.3, 23.8, 26.1, 26.8, 27.6, 28.2, 29.1, 30.3, 31.4, 31.9, 33.0, 34.1, 34.4, 34.9, 35.1, 36.2, 36.7, 37.6, 38.4, 38.5, 40.8, 41.6, 42.6, 42.9, 43.2, 43.5, 44.0, 44.2, 44.4, 45.0, 45.4, 45.5, 45.9, 48.1, 49.1, 50.2, 51.7, 52.5, 53.1, 54.4, 55.0, 56.5, 57.1, 57.6, 58.2, 58.7, 60.1, 60.2, 61.3, 61.5, 61.8, 63.3, 63.6, 64.2, 64.7, 65.2, 65.9, 66.3, 66.8, 67.0, 67.5, 67.7, 68.0, 68.4, 70.0, 70.5, 70.7, 71.6, 72.4, 73.0, 73.4, 74.0, 75.9, 76.8, 77.1, 77.5, 78.2, 78.7, 79.2, 79.5, 79.6, 79.8, 81.1, 81.5, 82.0, 82.3, 82.8, 83.2, 83.3, 83.8, 84.0, 84.4, 85.3, 85.6, 86.1, 86.6, 86.9, 87.3, 87.5, 87.8, 88.9, 89.2, 89.8, 90.3, 90.4, 91.0, 91.2, 91.9, 92.0, 93.4, 93.6, 93.9, 94.3, 94.5, 94.8, 94.9, 95.1, 95.4, 95.5, 95.6, 95.7, 96.0, 96.1, 96.3, 96.5, 96.9, 97.1, 97.2, 97.5, 97.7, 97.8, 98.1, 98.2, 98.6, 98.8, 99.0, 99.1, 99.3, 99.4, 99.5, 99.6, 99.7, 99.8, 100.0]}}