{"histogram": {"x": [6.0, 7.0, 8.0, 9.0, 10.0, 11.0, 12.0, 13.0], "y": [1, 4, 4, 6, 2, 0, 1, 0]}, "percentile": {"x": [6.866666666666667, 7.1, 7.6, 7.633333333333333, 7.666666666666667, 8.0, 8.1, 8.666666666666666, 9.0, 9.266666666666667, 9.733333333333333, 9.8, 10.6, 10.8, 12.266666666666667], "y": [0.0, 5.8, 11.7, 17.6, 23.5, 29.4, 41.1, 47.0, 52.9, 58.8, 64.7, 76.4, 88.2, 94.1, 100.0]}}