{"histogram": {"y": [1, 0, 0, 3, 11, 29, 83, 125, 85, 79, 34, 8, 3, 0, 0], "x": [0.0, 1.0, 2.0, 3.0, 4.0, 5.0, 6.0, 7.0, 8.0, 9.0, 10.0, 11.0, 12.0, 13.0, 14.0]}, "percentile": {"y": [0.0, 0.2, 0.4, 0.6, 0.8, 1.3, 1.5, 1.7, 2.1, 2.3, 2.6, 2.8, 3.2, 3.4, 3.6, 4.1, 4.3, 4.5, 4.7, 5.2, 5.4, 6.0, 6.3, 6.7, 7.1, 7.3, 8.0, 8.2, 8.9, 9.1, 9.3, 9.5, 11.0, 11.5, 12.1, 12.6, 13.4, 14.3, 15.4, 15.6, 15.8, 16.3, 16.7, 17.1, 17.8, 18.0, 18.6, 19.7, 20.4, 21.7, 22.1, 23.0, 23.6, 23.9, 24.3, 24.5, 25.2, 25.6, 25.8, 26.3, 26.7, 27.1, 27.6, 29.1, 30.0, 31.3, 32.1, 33.6, 35.6, 36.0, 37.1, 38.0, 39.1, 39.7, 40.4, 41.0, 42.8, 43.2, 43.4, 44.1, 44.5, 47.1, 48.6, 49.5, 50.2, 51.0, 51.5, 52.1, 52.3, 53.2, 53.6, 53.9, 54.3, 54.7, 56.3, 57.3, 58.0, 58.6, 59.3, 59.5, 60.0, 60.2, 60.8, 62.3, 63.6, 64.3, 65.0, 65.2, 65.8, 66.5, 67.3, 67.6, 68.9, 69.1, 69.3, 69.7, 70.2, 70.8, 71.0, 71.5, 72.3, 72.8, 73.0, 73.2, 74.1, 74.5, 75.6, 76.9, 77.1, 78.2, 78.9, 79.3, 80.8, 81.0, 81.5, 82.3, 82.8, 83.9, 84.5, 85.2, 85.6, 86.3, 86.9, 87.1, 87.8, 88.2, 88.6, 89.1, 89.5, 90.0, 90.2, 90.4, 91.5, 92.1, 92.6, 92.8, 93.2, 93.4, 93.9, 94.1, 94.3, 94.5, 94.7, 95.8, 96.0, 96.3, 96.5, 96.9, 97.1, 97.3, 97.6, 97.8, 98.2, 98.4, 98.6, 98.9, 99.1, 99.3, 99.5, 99.7, 100.0], "x": [0.5625, 3.0, 3.4375, 3.5625, 4.0, 4.0625, 4.1875, 4.65625, 4.71875, 4.8125, 4.84375, 4.90625, 5.0, 5.0625, 5.09375, 5.125, 5.15625, 5.21875, 5.25, 5.34375, 5.40625, 5.4375, 5.5, 5.5625, 5.59375, 5.625, 5.75, 5.78125, 5.84375, 5.90625, 5.9375, 6.0, 6.03125, 6.0625, 6.09375, 6.125, 6.15625, 6.1875, 6.21875, 6.25, 6.28125, 6.3125, 6.34375, 6.375, 6.40625, 6.4375, 6.46875, 6.53125, 6.5625, 6.59375, 6.625, 6.65625, 6.6875, 6.71875, 6.75, 6.78125, 6.8125, 6.84375, 6.875, 6.90625, 6.9375, 6.96875, 7.0, 7.03125, 7.0625, 7.09375, 7.125, 7.15625, 7.1875, 7.21875, 7.25, 7.28125, 7.3125, 7.34375, 7.375, 7.40625, 7.4375, 7.46875, 7.5, 7.53125, 7.5625, 7.59375, 7.625, 7.65625, 7.6875, 7.71875, 7.75, 7.78125, 7.8125, 7.84375, 7.875, 7.90625, 7.9375, 8.0, 8.03125, 8.0625, 8.09375, 8.125, 8.15625, 8.1875, 8.21875, 8.25, 8.28125, 8.3125, 8.34375, 8.375, 8.40625, 8.4375, 8.46875, 8.5, 8.53125, 8.5625, 8.59375, 8.625, 8.65625, 8.6875, 8.75, 8.78125, 8.84375, 8.875, 8.90625, 8.9375, 8.96875, 9.0, 9.03125, 9.0625, 9.09375, 9.125, 9.15625, 9.1875, 9.21875, 9.25, 9.28125, 9.3125, 9.375, 9.40625, 9.4375, 9.46875, 9.5, 9.53125, 9.5625, 9.59375, 9.65625, 9.6875, 9.71875, 9.75, 9.8125, 9.84375, 9.875, 9.90625, 9.96875, 10.0, 10.03125, 10.0625, 10.09375, 10.125, 10.15625, 10.21875, 10.34375, 10.4375, 10.5, 10.53125, 10.5625, 10.625, 10.65625, 10.75, 10.78125, 10.8125, 10.84375, 10.90625, 10.9375, 11.0, 11.03125, 11.15625, 11.34375, 11.53125, 11.5625, 11.59375, 12.0, 12.375, 12.8125]}}