{"histogram": {"y": [1, 2, 1, 4, 23, 58, 135, 194, 185, 143, 96, 33, 11, 3, 0], "x": [0.0, 1.0, 2.0, 3.0, 4.0, 5.0, 6.0, 7.0, 8.0, 9.0, 10.0, 11.0, 12.0, 13.0, 14.0]}, "percentile": {"y": [0.0, 0.1, 0.2, 0.3, 0.4, 0.5, 0.6, 0.7, 0.9, 1.0, 1.1, 1.2, 1.4, 1.6, 1.8, 2.0, 2.1, 2.3, 2.4, 2.5, 2.7, 3.0, 3.1, 3.2, 3.3, 3.4, 4.0, 4.2, 4.5, 4.7, 4.9, 5.1, 5.2, 5.5, 5.6, 5.8, 6.4, 6.8, 7.3, 7.5, 7.7, 7.8, 7.9, 8.2, 8.3, 8.6, 8.8, 9.0, 9.2, 9.3, 9.6, 9.9, 10.0, 11.8, 12.1, 12.8, 13.6, 14.6, 15.2, 15.6, 15.8, 16.5, 17.2, 17.7, 18.0, 18.6, 19.3, 19.4, 19.8, 20.0, 20.1, 21.6, 22.0, 22.4, 22.8, 22.9, 23.4, 23.7, 23.9, 24.2, 24.4, 24.5, 24.7, 25.0, 25.2, 26.9, 27.3, 27.8, 28.6, 29.7, 30.7, 31.3, 31.8, 32.9, 33.5, 34.4, 35.0, 35.1, 35.8, 36.2, 36.4, 36.8, 37.2, 40.2, 40.9, 41.3, 41.7, 42.2, 42.9, 43.3, 44.0, 44.3, 45.1, 46.1, 46.5, 46.6, 47.0, 48.8, 49.3, 49.7, 50.9, 51.5, 52.1, 52.7, 53.4, 54.7, 55.5, 55.8, 56.5, 57.2, 58.3, 58.7, 59.7, 60.2, 61.1, 62.5, 63.2, 64.0, 64.5, 65.2, 65.5, 65.9, 66.2, 66.6, 66.7, 67.0, 67.5, 67.9, 69.1, 69.9, 70.9, 71.5, 72.5, 72.7, 73.3, 73.6, 74.6, 74.8, 75.0, 75.4, 75.6, 76.2, 76.6, 76.9, 77.7, 78.0, 79.6, 79.7, 80.0, 80.2, 80.6, 81.0, 81.4, 81.6, 81.7, 82.2, 82.8, 83.3, 83.7, 84.0, 85.2, 86.0, 86.1, 86.2, 87.1, 87.6, 87.8, 88.2, 88.6, 89.0, 89.4, 89.8, 90.0, 90.4, 90.7, 90.8, 91.1, 91.4, 92.0, 92.1, 92.5, 93.0, 93.2, 93.5, 93.6, 93.8, 93.9, 94.5, 94.7, 94.8, 95.4, 95.8, 95.9, 96.1, 96.5, 96.6, 96.7, 96.9, 97.1, 97.2, 97.5, 97.6, 97.7, 97.9, 98.0, 98.1, 98.4, 98.5, 98.6, 98.7, 98.9, 99.0, 99.2, 99.4, 99.5, 99.6, 99.7, 100.0], "x": [0.25, 1.15625, 1.21875, 2.0, 3.15625, 3.25, 3.28125, 3.5, 4.0, 4.03125, 4.0625, 4.15625, 4.1875, 4.21875, 4.25, 4.3125, 4.375, 4.40625, 4.5, 4.53125, 4.5625, 4.6875, 4.84375, 4.875, 4.9375, 5.0, 5.03125, 5.0625, 5.09375, 5.15625, 5.1875, 5.21875, 5.25, 5.3125, 5.34375, 5.375, 5.40625, 5.4375, 5.46875, 5.5, 5.53125, 5.5625, 5.59375, 5.625, 5.65625, 5.6875, 5.75, 5.78125, 5.8125, 5.875, 5.90625, 5.9375, 6.0, 6.03125, 6.0625, 6.09375, 6.125, 6.15625, 6.1875, 6.21875, 6.25, 6.28125, 6.3125, 6.34375, 6.375, 6.40625, 6.4375, 6.46875, 6.5, 6.53125, 6.5625, 6.59375, 6.625, 6.65625, 6.6875, 6.71875, 6.75, 6.78125, 6.8125, 6.84375, 6.875, 6.90625, 6.9375, 6.96875, 7.0, 7.03125, 7.0625, 7.09375, 7.125, 7.15625, 7.1875, 7.21875, 7.25, 7.28125, 7.3125, 7.34375, 7.375, 7.40625, 7.4375, 7.46875, 7.5, 7.53125, 7.5625, 7.59375, 7.625, 7.65625, 7.6875, 7.71875, 7.75, 7.78125, 7.8125, 7.84375, 7.875, 7.90625, 7.9375, 7.96875, 8.0, 8.03125, 8.0625, 8.09375, 8.125, 8.15625, 8.1875, 8.21875, 8.25, 8.28125, 8.3125, 8.34375, 8.375, 8.40625, 8.4375, 8.46875, 8.5, 8.53125, 8.5625, 8.59375, 8.625, 8.65625, 8.6875, 8.71875, 8.75, 8.78125, 8.8125, 8.84375, 8.875, 8.90625, 8.9375, 9.0, 9.03125, 9.0625, 9.09375, 9.125, 9.15625, 9.1875, 9.21875, 9.25, 9.28125, 9.3125, 9.34375, 9.375, 9.40625, 9.4375, 9.46875, 9.5, 9.53125, 9.5625, 9.59375, 9.625, 9.65625, 9.6875, 9.71875, 9.75, 9.78125, 9.8125, 9.84375, 9.875, 9.90625, 9.9375, 9.96875, 10.0, 10.03125, 10.0625, 10.09375, 10.125, 10.15625, 10.1875, 10.21875, 10.25, 10.28125, 10.3125, 10.34375, 10.375, 10.40625, 10.4375, 10.46875, 10.5, 10.53125, 10.5625, 10.59375, 10.625, 10.65625, 10.6875, 10.71875, 10.75, 10.78125, 10.8125, 10.875, 10.90625, 10.9375, 11.0, 11.03125, 11.0625, 11.125, 11.15625, 11.1875, 11.21875, 11.25, 11.3125, 11.375, 11.40625, 11.4375, 11.5625, 11.65625, 11.8125, 11.875, 11.9375, 11.96875, 12.0, 12.03125, 12.0625, 12.09375, 12.125, 12.40625, 12.46875, 12.71875, 12.78125, 13.09375, 13.53125]}}