{"histogram": {"y": [1, 5, 15, 31, 32, 15, 4, 0, 0], "x": [5.0, 6.0, 7.0, 8.0, 9.0, 10.0, 11.0, 12.0, 13.0]}, "percentile": {"y": [0.0, 0.9, 1.9, 2.9, 4.9, 5.8, 6.8, 7.8, 8.8, 11.7, 12.7, 13.7, 14.7, 15.6, 18.6, 19.6, 20.5, 22.5, 23.5, 24.5, 26.4, 27.4, 28.4, 29.4, 34.3, 36.2, 40.1, 42.1, 45.0, 46.0, 48.0, 50.0, 50.9, 53.9, 57.8, 58.8, 59.8, 60.7, 62.7, 63.7, 64.7, 66.6, 67.6, 69.6, 72.5, 73.5, 74.5, 78.4, 79.4, 81.3, 82.3, 85.2, 86.2, 87.2, 89.2, 91.1, 92.1, 93.1, 94.1, 95.0, 97.0, 98.0, 99.0, 100.0], "x": [5.15625, 6.625, 6.65625, 6.8125, 6.875, 7.0, 7.0625, 7.21875, 7.25, 7.3125, 7.34375, 7.40625, 7.5, 7.5625, 7.78125, 7.84375, 8.0, 8.03125, 8.125, 8.25, 8.28125, 8.3125, 8.34375, 8.5625, 8.59375, 8.6875, 8.71875, 8.78125, 8.8125, 8.84375, 8.9375, 8.96875, 9.0, 9.125, 9.15625, 9.25, 9.28125, 9.3125, 9.34375, 9.375, 9.40625, 9.46875, 9.5, 9.5625, 9.65625, 9.6875, 9.75, 9.8125, 9.875, 9.90625, 10.0, 10.15625, 10.375, 10.40625, 10.5625, 10.625, 10.84375, 10.875, 10.90625, 10.9375, 11.25, 11.34375, 11.46875, 11.75]}}