{"histogram": {"y": [4, 2, 6, 4, 15, 80, 197, 363, 456, 362, 232, 98, 18, 6, 0], "x": [0.0, 1.0, 2.0, 3.0, 4.0, 5.0, 6.0, 7.0, 8.0, 9.0, 10.0, 11.0, 12.0, 13.0, 14.0]}, "percentile": {"y": [0.0, 0.0, 0.1, 0.1, 0.2, 0.2, 0.3, 0.3, 0.4, 0.4, 0.5, 0.5, 0.6, 0.7, 0.7, 0.8, 0.8, 0.9, 0.9, 1.0, 1.0, 1.1, 1.1, 1.2, 1.3, 1.4, 1.5, 1.6, 1.6, 1.9, 2.2, 2.2, 2.4, 2.6, 2.8, 2.9, 3.2, 3.3, 3.4, 3.5, 3.6, 3.7, 3.8, 4.0, 4.2, 4.3, 5.1, 5.1, 5.3, 5.3, 5.4, 5.5, 5.7, 5.7, 5.8, 5.9, 6.0, 6.7, 7.1, 7.6, 7.7, 8.3, 8.6, 9.0, 9.2, 9.7, 10.0, 10.2, 10.5, 10.9, 11.6, 11.7, 12.1, 12.3, 12.5, 13.8, 13.9, 14.3, 14.7, 14.9, 15.2, 15.3, 15.5, 15.7, 16.1, 16.4, 16.5, 16.6, 16.7, 18.0, 18.7, 19.2, 19.7, 20.5, 21.4, 22.1, 22.6, 23.9, 24.7, 25.2, 25.6, 26.0, 26.8, 27.2, 27.9, 28.1, 28.7, 30.3, 31.1, 31.4, 31.7, 32.1, 32.5, 33.1, 33.4, 33.9, 34.7, 35.1, 35.4, 35.8, 36.4, 38.3, 39.7, 40.9, 41.5, 42.8, 43.7, 44.8, 45.7, 47.2, 47.9, 48.5, 49.2, 49.7, 50.5, 51.0, 51.7, 52.3, 53.0, 55.2, 55.9, 56.2, 56.6, 57.1, 57.7, 58.1, 58.7, 59.0, 59.5, 60.0, 60.4, 60.8, 61.1, 62.6, 63.4, 64.5, 65.5, 66.3, 67.0, 67.6, 68.2, 69.7, 70.0, 70.6, 71.1, 71.7, 72.3, 72.5, 73.1, 73.5, 73.8, 76.2, 77.1, 77.4, 77.9, 78.1, 78.6, 78.9, 79.0, 79.3, 79.6, 80.0, 80.2, 80.5, 80.8, 81.9, 82.8, 83.6, 84.0, 84.4, 85.1, 85.6, 86.1, 86.9, 87.3, 87.6, 87.7, 87.8, 88.4, 88.5, 88.9, 89.1, 89.5, 90.4, 90.8, 91.0, 91.0, 91.3, 91.7, 92.0, 92.3, 92.5, 92.8, 92.9, 93.1, 93.3, 93.4, 93.9, 94.0, 94.2, 94.6, 95.0, 95.1, 95.2, 95.5, 95.7, 95.9, 96.1, 96.4, 96.7, 96.9, 96.9, 97.0, 97.2, 97.2, 97.7, 97.8, 98.0, 98.2, 98.3, 98.4, 98.5, 98.5, 98.6, 98.7, 98.9, 98.9, 99.0, 99.1, 99.1, 99.2, 99.2, 99.3, 99.4, 99.5, 99.6, 99.6, 99.7, 99.7, 99.8, 99.8, 99.9, 100.0], "x": [0.03125, 0.09375, 0.25, 0.5625, 1.0, 1.0625, 2.0, 2.0625, 2.09375, 2.125, 2.15625, 2.1875, 3.03125, 3.25, 3.46875, 3.5625, 4.0, 4.03125, 4.0625, 4.15625, 4.25, 4.3125, 4.46875, 4.53125, 4.5625, 4.71875, 4.8125, 4.84375, 5.0, 5.03125, 5.0625, 5.09375, 5.125, 5.15625, 5.1875, 5.25, 5.28125, 5.3125, 5.34375, 5.375, 5.40625, 5.4375, 5.46875, 5.5, 5.53125, 5.5625, 5.625, 5.65625, 5.6875, 5.71875, 5.75, 5.8125, 5.875, 5.90625, 5.9375, 5.96875, 6.0, 6.03125, 6.0625, 6.09375, 6.125, 6.15625, 6.1875, 6.21875, 6.25, 6.28125, 6.3125, 6.34375, 6.375, 6.40625, 6.4375, 6.46875, 6.5, 6.53125, 6.5625, 6.59375, 6.625, 6.65625, 6.6875, 6.71875, 6.75, 6.78125, 6.8125, 6.84375, 6.875, 6.90625, 6.9375, 6.96875, 7.0, 7.03125, 7.0625, 7.09375, 7.125, 7.15625, 7.1875, 7.21875, 7.25, 7.28125, 7.3125, 7.34375, 7.375, 7.40625, 7.4375, 7.46875, 7.5, 7.53125, 7.5625, 7.59375, 7.625, 7.65625, 7.6875, 7.71875, 7.75, 7.78125, 7.8125, 7.84375, 7.875, 7.90625, 7.9375, 7.96875, 8.0, 8.03125, 8.0625, 8.09375, 8.125, 8.15625, 8.1875, 8.21875, 8.25, 8.28125, 8.3125, 8.34375, 8.375, 8.40625, 8.4375, 8.46875, 8.5, 8.53125, 8.5625, 8.59375, 8.625, 8.65625, 8.6875, 8.71875, 8.75, 8.78125, 8.8125, 8.84375, 8.875, 8.90625, 8.9375, 8.96875, 9.0, 9.03125, 9.0625, 9.09375, 9.125, 9.15625, 9.1875, 9.21875, 9.25, 9.28125, 9.3125, 9.34375, 9.375, 9.40625, 9.4375, 9.46875, 9.5, 9.53125, 9.5625, 9.59375, 9.625, 9.65625, 9.6875, 9.71875, 9.75, 9.78125, 9.8125, 9.84375, 9.875, 9.90625, 9.9375, 9.96875, 10.0, 10.03125, 10.0625, 10.09375, 10.125, 10.15625, 10.1875, 10.21875, 10.25, 10.28125, 10.3125, 10.34375, 10.375, 10.40625, 10.4375, 10.46875, 10.5, 10.53125, 10.5625, 10.59375, 10.625, 10.65625, 10.6875, 10.71875, 10.75, 10.78125, 10.8125, 10.84375, 10.875, 10.90625, 10.9375, 10.96875, 11.0, 11.03125, 11.0625, 11.09375, 11.125, 11.15625, 11.1875, 11.21875, 11.25, 11.28125, 11.3125, 11.34375, 11.375, 11.40625, 11.4375, 11.46875, 11.5, 11.53125, 11.5625, 11.59375, 11.625, 11.6875, 11.75, 11.78125, 11.8125, 11.875, 11.9375, 11.96875, 12.0, 12.03125, 12.125, 12.15625, 12.1875, 12.25, 12.28125, 12.4375, 12.5, 12.53125, 12.5625, 12.625, 12.875, 13.125, 13.25, 13.3125, 13.34375, 13.78125, 13.8125]}}