{"percentile": {"y": [0.0, 0.2, 0.3, 0.6, 0.8, 0.9, 1.0, 1.3, 1.6, 1.9, 2.0, 2.0, 2.1, 2.2, 2.3, 2.4, 2.5, 2.6, 2.7, 2.9, 3.0, 3.1, 3.2, 3.4, 3.5, 3.5, 3.6, 3.6, 3.7, 3.8, 3.9, 4.0, 4.1, 4.2, 4.2, 4.3, 4.3, 4.4, 4.7, 4.8, 4.9, 5.1, 5.3, 5.4, 5.6, 5.7, 5.7, 5.8, 5.9, 6.0, 6.2, 6.4, 6.4, 6.5, 6.6, 6.7, 6.8, 6.9, 7.0, 7.6, 8.0, 8.4, 8.9, 9.2, 9.5, 9.6, 9.8, 10.4, 10.6, 10.9, 10.9, 11.2, 11.4, 11.8, 12.2, 12.6, 13.2, 13.3, 13.4, 13.7, 13.8, 13.9, 14.1, 14.2, 14.4, 14.5, 14.8, 14.9, 15.7, 16.3, 16.5, 17.4, 18.0, 18.5, 19.0, 19.6, 20.6, 20.9, 21.2, 21.7, 22.1, 23.0, 23.4, 24.1, 24.4, 24.8, 26.5, 26.8, 27.2, 27.5, 28.1, 28.4, 29.1, 29.6, 30.2, 30.6, 31.1, 31.6, 33.8, 34.7, 35.5, 36.2, 37.3, 38.1, 39.0, 39.9, 41.5, 42.1, 42.8, 43.3, 44.1, 45.1, 45.8, 46.3, 47.0, 47.5, 50.2, 50.9, 51.3, 51.8, 52.4, 52.7, 53.3, 53.9, 54.3, 55.0, 55.5, 56.0, 58.2, 59.1, 60.3, 61.2, 62.7, 63.5, 64.1, 64.8, 65.6, 66.3, 67.1, 67.7, 68.3, 69.3, 69.8, 70.6, 71.3, 71.7, 73.4, 73.9, 74.4, 75.0, 75.4, 75.8, 76.2, 76.6, 77.1, 77.7, 78.3, 78.6, 79.9, 80.5, 81.3, 81.9, 82.3, 83.1, 83.8, 84.2, 84.8, 85.3, 85.8, 86.0, 86.2, 86.5, 86.6, 86.9, 87.3, 87.5, 88.4, 88.9, 89.2, 89.5, 89.8, 90.0, 90.2, 90.6, 90.9, 91.2, 91.4, 91.7, 92.2, 92.6, 93.0, 93.2, 93.3, 93.6, 94.0, 94.3, 94.6, 94.9, 95.2, 95.3, 95.4, 95.6, 95.6, 95.8, 95.9, 96.0, 96.5, 96.7, 96.8, 96.9, 96.9, 97.1, 97.3, 97.4, 97.5, 97.5, 97.6, 97.9, 97.9, 98.1, 98.4, 98.5, 98.6, 98.7, 98.8, 98.9, 99.0, 99.1, 99.3, 99.4, 99.4, 99.5, 99.5, 99.6, 99.6, 99.7, 99.7, 99.8, 99.8, 99.9, 100.0], "x": [0.03333333333333333, 0.06666666666666667, 0.1, 0.13333333333333333, 0.16666666666666666, 0.2, 0.26666666666666666, 0.43333333333333335, 1.0, 1.0333333333333334, 1.0666666666666667, 1.1, 1.1333333333333333, 1.2, 1.2333333333333334, 1.4333333333333333, 1.4666666666666668, 1.5, 2.0, 2.033333333333333, 2.1, 2.1333333333333333, 2.1666666666666665, 2.2, 2.3, 2.3666666666666667, 2.4, 2.4333333333333336, 2.466666666666667, 2.5666666666666664, 2.6, 2.6333333333333333, 2.7, 2.7333333333333334, 2.8666666666666667, 2.9333333333333336, 2.966666666666667, 3.0, 3.033333333333333, 3.066666666666667, 3.1, 3.1333333333333333, 3.1666666666666665, 3.2, 3.2333333333333334, 3.3, 3.3333333333333335, 3.4333333333333336, 3.5, 3.533333333333333, 3.5666666666666664, 3.6, 3.6333333333333333, 3.6666666666666665, 3.7, 3.7333333333333334, 3.8333333333333335, 3.9, 4.0, 4.033333333333333, 4.066666666666666, 4.1, 4.133333333333334, 4.166666666666667, 4.2, 4.233333333333333, 4.266666666666667, 4.3, 4.333333333333333, 4.4, 4.433333333333334, 4.466666666666667, 4.5, 4.533333333333333, 4.566666666666666, 4.6, 4.633333333333333, 4.666666666666667, 4.7, 4.733333333333333, 4.766666666666667, 4.8, 4.833333333333333, 4.866666666666667, 4.9, 4.933333333333334, 4.966666666666667, 5.0, 5.033333333333333, 5.066666666666666, 5.1, 5.133333333333334, 5.166666666666667, 5.2, 5.233333333333333, 5.266666666666667, 5.3, 5.333333333333333, 5.366666666666666, 5.4, 5.433333333333334, 5.466666666666667, 5.5, 5.533333333333333, 5.566666666666666, 5.6, 5.633333333333333, 5.666666666666667, 5.7, 5.733333333333333, 5.766666666666667, 5.8, 5.833333333333333, 5.866666666666667, 5.9, 5.933333333333334, 5.966666666666667, 6.0, 6.033333333333333, 6.066666666666666, 6.1, 6.133333333333334, 6.166666666666667, 6.2, 6.233333333333333, 6.266666666666667, 6.3, 6.333333333333333, 6.366666666666666, 6.4, 6.433333333333334, 6.466666666666667, 6.5, 6.533333333333333, 6.566666666666666, 6.6, 6.633333333333333, 6.666666666666667, 6.7, 6.733333333333333, 6.766666666666667, 6.8, 6.833333333333333, 6.866666666666667, 6.9, 6.933333333333334, 6.966666666666667, 7.0, 7.033333333333333, 7.066666666666666, 7.1, 7.133333333333334, 7.166666666666667, 7.2, 7.233333333333333, 7.266666666666667, 7.3, 7.333333333333333, 7.366666666666666, 7.4, 7.433333333333334, 7.466666666666667, 7.5, 7.533333333333333, 7.566666666666666, 7.6, 7.633333333333333, 7.666666666666667, 7.7, 7.733333333333333, 7.766666666666667, 7.8, 7.833333333333333, 7.866666666666667, 7.9, 7.933333333333334, 7.966666666666667, 8.0, 8.033333333333333, 8.066666666666666, 8.1, 8.133333333333333, 8.166666666666666, 8.2, 8.233333333333333, 8.266666666666667, 8.3, 8.333333333333334, 8.366666666666667, 8.4, 8.433333333333334, 8.466666666666667, 8.5, 8.533333333333333, 8.566666666666666, 8.6, 8.633333333333333, 8.666666666666666, 8.7, 8.733333333333333, 8.766666666666667, 8.8, 8.833333333333334, 8.866666666666667, 8.9, 8.933333333333334, 8.966666666666667, 9.0, 9.033333333333333, 9.066666666666666, 9.1, 9.133333333333333, 9.166666666666666, 9.2, 9.233333333333333, 9.266666666666667, 9.3, 9.333333333333334, 9.366666666666667, 9.4, 9.433333333333334, 9.466666666666667, 9.5, 9.533333333333333, 9.566666666666666, 9.6, 9.633333333333333, 9.7, 9.733333333333333, 9.766666666666667, 9.8, 9.833333333333334, 9.866666666666667, 9.9, 9.933333333333334, 9.966666666666667, 10.0, 10.033333333333333, 10.066666666666666, 10.1, 10.133333333333333, 10.166666666666666, 10.2, 10.233333333333333, 10.266666666666667, 10.3, 10.366666666666667, 10.4, 10.5, 10.533333333333333, 10.6, 10.7, 10.766666666666667, 10.8, 10.866666666666667, 10.966666666666667, 11.0, 11.2, 11.233333333333333, 11.333333333333334, 11.766666666666667]}, "histogram": {"y": [33, 21, 35, 51, 157, 332, 484, 450, 261, 116, 43, 5, 0, 0], "x": [0.0, 1.0, 2.0, 3.0, 4.0, 5.0, 6.0, 7.0, 8.0, 9.0, 10.0, 11.0, 12.0, 13.0]}}