{"histogram": {"y": [3, 0, 0, 2, 2, 10, 35, 141, 300, 444, 289, 105, 17, 5, 0, 0], "x": [0.0, 1.0, 2.0, 3.0, 4.0, 5.0, 6.0, 7.0, 8.0, 9.0, 10.0, 11.0, 12.0, 13.0, 14.0, 15.0]}, "percentile": {"y": [0.0, 0.0, 0.2, 0.3, 0.4, 0.5, 0.5, 0.6, 0.7, 0.8, 0.9, 1.0, 1.1, 1.2, 1.4, 1.4, 1.5, 1.7, 1.7, 1.8, 1.9, 2.0, 2.2, 2.2, 2.6, 2.7, 2.8, 2.9, 3.2, 3.3, 3.4, 3.4, 3.6, 3.8, 4.5, 4.7, 4.9, 5.1, 5.3, 5.4, 5.5, 5.6, 6.1, 6.2, 6.5, 7.0, 7.2, 7.6, 7.9, 8.2, 8.3, 9.3, 9.7, 10.2, 10.8, 11.3, 11.5, 12.2, 12.4, 12.7, 13.6, 14.0, 14.2, 15.5, 15.7, 15.9, 16.0, 16.8, 17.1, 17.3, 17.6, 18.7, 19.5, 20.4, 21.0, 21.3, 22.2, 22.4, 22.8, 23.3, 23.6, 26.9, 27.8, 28.4, 29.1, 29.9, 31.2, 32.3, 33.4, 34.1, 35.2, 35.8, 36.4, 40.2, 40.6, 41.1, 42.0, 42.8, 43.7, 44.3, 44.8, 46.8, 47.7, 48.2, 49.1, 49.9, 51.1, 51.7, 52.5, 53.1, 53.8, 58.1, 59.3, 60.4, 61.3, 62.3, 63.3, 64.2, 65.5, 66.7, 67.7, 68.6, 69.3, 71.7, 72.1, 72.5, 72.9, 73.7, 74.4, 74.9, 75.2, 77.5, 78.3, 79.1, 79.8, 80.6, 81.5, 82.1, 82.8, 83.2, 83.5, 85.6, 86.0, 86.5, 86.6, 87.3, 87.8, 88.6, 89.2, 89.6, 90.0, 90.6, 90.6, 91.6, 91.9, 92.0, 92.3, 92.6, 92.8, 93.3, 93.4, 94.0, 94.1, 94.3, 94.8, 95.0, 95.3, 95.4, 95.8, 96.0, 96.1, 97.3, 97.4, 97.6, 97.7, 98.0, 98.0, 98.1, 98.2, 98.3, 98.4, 98.5, 98.6, 98.7, 98.8, 98.8, 99.0, 99.1, 99.2, 99.4, 99.4, 99.5, 99.6, 99.7, 99.7, 99.8, 99.9, 100.0], "x": [0.03333333333333333, 0.26666666666666666, 3.0, 4.233333333333333, 4.4, 5.0, 5.066666666666666, 5.1, 5.466666666666667, 5.6, 5.766666666666667, 5.933333333333334, 5.966666666666667, 6.0, 6.1, 6.166666666666667, 6.266666666666667, 6.3, 6.366666666666666, 6.4, 6.433333333333334, 6.5, 6.533333333333333, 6.6, 6.633333333333333, 6.666666666666667, 6.7, 6.733333333333333, 6.766666666666667, 6.866666666666667, 6.9, 6.933333333333334, 6.966666666666667, 7.0, 7.033333333333333, 7.066666666666666, 7.1, 7.133333333333334, 7.166666666666667, 7.2, 7.233333333333333, 7.266666666666667, 7.3, 7.333333333333333, 7.366666666666666, 7.4, 7.433333333333334, 7.466666666666667, 7.533333333333333, 7.566666666666666, 7.6, 7.633333333333333, 7.666666666666667, 7.7, 7.733333333333333, 7.766666666666667, 7.8, 7.833333333333333, 7.866666666666667, 7.9, 7.933333333333334, 7.966666666666667, 8.0, 8.033333333333333, 8.066666666666666, 8.1, 8.133333333333333, 8.166666666666666, 8.2, 8.233333333333333, 8.266666666666667, 8.3, 8.333333333333334, 8.366666666666667, 8.4, 8.433333333333334, 8.466666666666667, 8.5, 8.533333333333333, 8.566666666666666, 8.6, 8.633333333333333, 8.666666666666666, 8.7, 8.733333333333333, 8.766666666666667, 8.8, 8.833333333333334, 8.866666666666667, 8.9, 8.933333333333334, 8.966666666666667, 9.0, 9.033333333333333, 9.066666666666666, 9.1, 9.133333333333333, 9.166666666666666, 9.2, 9.233333333333333, 9.266666666666667, 9.3, 9.333333333333334, 9.366666666666667, 9.4, 9.433333333333334, 9.466666666666667, 9.5, 9.533333333333333, 9.566666666666666, 9.6, 9.633333333333333, 9.666666666666666, 9.7, 9.733333333333333, 9.766666666666667, 9.8, 9.833333333333334, 9.866666666666667, 9.9, 9.933333333333334, 9.966666666666667, 10.0, 10.033333333333333, 10.066666666666666, 10.1, 10.133333333333333, 10.166666666666666, 10.2, 10.233333333333333, 10.266666666666667, 10.3, 10.333333333333334, 10.366666666666667, 10.4, 10.433333333333334, 10.466666666666667, 10.5, 10.533333333333333, 10.566666666666666, 10.6, 10.633333333333333, 10.666666666666666, 10.7, 10.733333333333333, 10.766666666666667, 10.8, 10.833333333333334, 10.866666666666667, 10.9, 10.933333333333334, 10.966666666666667, 11.0, 11.033333333333333, 11.066666666666666, 11.1, 11.133333333333333, 11.166666666666666, 11.2, 11.233333333333333, 11.266666666666667, 11.3, 11.333333333333334, 11.366666666666667, 11.4, 11.433333333333334, 11.466666666666667, 11.5, 11.533333333333333, 11.566666666666666, 11.6, 11.633333333333333, 11.666666666666666, 11.7, 11.733333333333333, 11.8, 11.833333333333334, 11.866666666666667, 11.9, 11.966666666666667, 12.0, 12.033333333333333, 12.166666666666666, 12.233333333333333, 12.266666666666667, 12.3, 12.366666666666667, 12.4, 12.6, 12.633333333333333, 12.666666666666666, 12.8, 12.866666666666667, 13.0, 13.4, 13.633333333333333, 13.733333333333333, 13.8]}}