{"histogram": {"y": [5, 3, 6, 3, 23, 58, 96, 106, 56, 36, 6, 4, 0], "x": [0.0, 1.0, 2.0, 3.0, 4.0, 5.0, 6.0, 7.0, 8.0, 9.0, 10.0, 11.0, 12.0]}, "percentile": {"y": [0.0, 0.2, 0.4, 0.9, 1.2, 1.7, 1.9, 2.2, 2.7, 2.9, 3.2, 3.4, 3.7, 3.9, 4.2, 4.4, 4.7, 5.4, 5.9, 6.2, 6.4, 6.7, 6.9, 7.4, 7.7, 7.9, 8.2, 8.9, 9.2, 9.7, 9.9, 10.7, 11.4, 11.7, 12.4, 13.2, 13.9, 14.7, 14.9, 15.4, 15.7, 15.9, 16.2, 16.7, 16.9, 17.7, 17.9, 18.2, 19.2, 19.4, 19.9, 20.1, 21.1, 21.4, 22.4, 22.6, 23.4, 24.1, 24.4, 25.4, 26.1, 26.9, 28.4, 28.9, 29.6, 30.4, 31.9, 32.9, 33.9, 34.1, 35.4, 35.6, 36.4, 36.9, 37.9, 38.4, 38.9, 41.3, 42.6, 43.1, 43.8, 44.6, 45.8, 47.1, 47.3, 47.8, 48.3, 50.8, 51.3, 51.6, 53.3, 54.6, 55.3, 56.6, 57.3, 58.3, 59.6, 60.0, 60.5, 61.8, 64.3, 64.5, 64.8, 65.3, 66.8, 67.0, 68.3, 69.0, 69.5, 70.5, 71.3, 71.8, 72.3, 73.3, 73.5, 74.8, 76.5, 77.3, 77.5, 78.0, 78.3, 80.0, 81.2, 81.7, 82.0, 82.5, 83.0, 83.5, 83.7, 84.2, 84.5, 85.2, 86.2, 86.5, 86.7, 87.5, 87.7, 88.0, 88.7, 90.0, 91.0, 91.2, 91.5, 92.0, 92.2, 92.5, 92.7, 93.0, 93.5, 94.0, 94.7, 95.7, 96.2, 96.5, 97.0, 97.5, 97.7, 98.0, 98.2, 98.5, 98.7, 99.0, 99.2, 99.5, 99.7, 100.0], "x": [0.06666666666666667, 0.23333333333333334, 0.26666666666666666, 0.43333333333333335, 1.1, 1.1333333333333333, 2.033333333333333, 2.1, 2.1333333333333333, 2.466666666666667, 2.6, 3.066666666666667, 3.6333333333333333, 3.7333333333333334, 4.0, 4.033333333333333, 4.066666666666666, 4.133333333333334, 4.266666666666667, 4.4, 4.433333333333334, 4.466666666666667, 4.6, 4.633333333333333, 4.666666666666667, 4.7, 4.733333333333333, 4.766666666666667, 4.833333333333333, 4.866666666666667, 5.0, 5.033333333333333, 5.066666666666666, 5.1, 5.133333333333334, 5.166666666666667, 5.2, 5.233333333333333, 5.266666666666667, 5.333333333333333, 5.366666666666666, 5.4, 5.433333333333334, 5.466666666666667, 5.5, 5.533333333333333, 5.566666666666666, 5.6, 5.633333333333333, 5.666666666666667, 5.7, 5.733333333333333, 5.766666666666667, 5.8, 5.833333333333333, 5.866666666666667, 5.9, 5.933333333333334, 6.0, 6.033333333333333, 6.066666666666666, 6.1, 6.133333333333334, 6.166666666666667, 6.2, 6.233333333333333, 6.266666666666667, 6.3, 6.333333333333333, 6.366666666666666, 6.4, 6.433333333333334, 6.466666666666667, 6.5, 6.533333333333333, 6.566666666666666, 6.6, 6.633333333333333, 6.666666666666667, 6.7, 6.733333333333333, 6.766666666666667, 6.8, 6.833333333333333, 6.866666666666667, 6.933333333333334, 7.0, 7.033333333333333, 7.066666666666666, 7.1, 7.133333333333334, 7.166666666666667, 7.2, 7.233333333333333, 7.266666666666667, 7.3, 7.333333333333333, 7.366666666666666, 7.4, 7.433333333333334, 7.5, 7.533333333333333, 7.566666666666666, 7.6, 7.633333333333333, 7.666666666666667, 7.7, 7.733333333333333, 7.766666666666667, 7.8, 7.833333333333333, 7.866666666666667, 7.9, 7.933333333333334, 7.966666666666667, 8.0, 8.033333333333333, 8.066666666666666, 8.1, 8.133333333333333, 8.166666666666666, 8.2, 8.233333333333333, 8.266666666666667, 8.3, 8.333333333333334, 8.366666666666667, 8.4, 8.433333333333334, 8.466666666666667, 8.6, 8.633333333333333, 8.666666666666666, 8.733333333333333, 8.833333333333334, 8.866666666666667, 8.9, 8.966666666666667, 9.0, 9.033333333333333, 9.1, 9.133333333333333, 9.166666666666666, 9.2, 9.233333333333333, 9.3, 9.366666666666667, 9.4, 9.433333333333334, 9.5, 9.6, 9.633333333333333, 9.666666666666666, 9.733333333333333, 9.833333333333334, 9.933333333333334, 10.0, 10.033333333333333, 10.066666666666666, 10.333333333333334, 10.7, 10.966666666666667, 11.0, 11.066666666666666, 11.433333333333334, 11.733333333333333]}}