{"percentile": {"x": [0.1, 0.13333333333333333, 2.1333333333333333, 2.1666666666666665, 2.2, 3.033333333333333, 3.066666666666667, 3.2, 3.6666666666666665, 3.7, 4.1, 4.233333333333333, 4.6, 5.066666666666666, 5.133333333333334, 5.6, 5.666666666666667, 5.8, 6.0, 6.066666666666666, 6.1, 6.133333333333334, 6.233333333333333, 6.366666666666666, 6.6, 6.666666666666667, 6.766666666666667, 6.9, 6.966666666666667, 7.0, 7.033333333333333, 7.1, 7.166666666666667, 7.2, 7.3, 7.366666666666666, 7.533333333333333, 7.566666666666666, 7.6, 7.733333333333333, 7.766666666666667, 7.833333333333333, 7.866666666666667, 8.0, 8.066666666666666, 8.133333333333333, 8.166666666666666, 8.233333333333333, 8.266666666666667, 8.3, 8.366666666666667, 8.533333333333333, 8.566666666666666, 8.6, 8.7, 8.733333333333333, 8.766666666666667, 8.8, 8.833333333333334, 8.9, 9.0, 9.033333333333333, 9.1, 9.266666666666667, 9.3, 9.366666666666667, 9.5, 9.533333333333333, 9.6, 9.666666666666666, 9.8, 9.9, 9.933333333333334, 9.966666666666667, 10.0, 10.133333333333333, 10.533333333333333], "y": [0.0, 0.8, 1.7, 2.5, 3.4, 4.2, 5.1, 5.9, 6.8, 7.6, 8.5, 10.2, 11.1, 12.8, 13.6, 14.5, 15.3, 16.2, 17.0, 17.9, 18.8, 21.3, 22.2, 23.0, 23.9, 24.7, 26.4, 29.0, 29.9, 30.7, 36.7, 38.4, 39.3, 41.0, 41.8, 43.5, 44.4, 45.2, 47.8, 49.5, 52.1, 52.9, 53.8, 56.4, 58.9, 60.6, 62.3, 64.1, 64.9, 66.6, 69.2, 70.9, 71.7, 73.5, 75.2, 76.0, 76.9, 77.7, 78.6, 79.4, 80.3, 83.7, 84.6, 85.4, 86.3, 87.1, 88.0, 88.8, 89.7, 93.1, 94.0, 94.8, 95.7, 96.5, 97.4, 99.1, 100.0]}, "histogram": {"x": [0.0, 1.0, 2.0, 3.0, 4.0, 5.0, 6.0, 7.0, 8.0, 9.0, 10.0, 11.0], "y": [2, 0, 3, 5, 5, 5, 16, 30, 28, 20, 4, 0]}}