{"histogram": {"y": [34, 23, 21, 63, 136, 424, 730, 960, 951, 607, 330, 118, 55, 12, 0, 0], "x": [0.0, 1.0, 2.0, 3.0, 4.0, 5.0, 6.0, 7.0, 8.0, 9.0, 10.0, 11.0, 12.0, 13.0, 14.0, 15.0]}, "percentile": {"y": [0.0, 0.2, 0.2, 0.3, 0.3, 0.5, 0.5, 0.6, 0.6, 0.7, 0.7, 1.0, 1.0, 1.0, 1.1, 1.1, 1.2, 1.2, 1.2, 1.2, 1.3, 1.3, 1.4, 1.4, 1.5, 1.5, 1.6, 1.6, 1.6, 1.7, 1.7, 1.7, 1.7, 1.9, 2.0, 2.1, 2.3, 2.5, 2.5, 2.6, 2.7, 2.7, 2.7, 2.7, 2.8, 2.8, 2.9, 2.9, 3.0, 3.0, 3.1, 3.1, 3.1, 3.3, 3.5, 3.7, 3.8, 4.0, 4.2, 4.3, 4.4, 4.5, 4.5, 4.6, 4.7, 4.7, 4.9, 5.0, 5.1, 5.2, 5.2, 5.5, 5.6, 5.7, 5.8, 5.9, 5.9, 6.0, 6.0, 6.1, 6.1, 6.2, 6.7, 7.0, 7.6, 8.0, 8.5, 8.7, 9.0, 9.3, 9.7, 9.9, 10.1, 10.4, 10.7, 11.1, 11.4, 11.7, 12.0, 12.1, 12.8, 13.1, 13.4, 13.8, 14.1, 14.4, 14.5, 14.8, 15.0, 15.2, 15.5, 15.7, 16.6, 16.9, 17.5, 18.2, 18.7, 19.6, 20.4, 20.8, 21.7, 22.0, 22.4, 22.8, 23.0, 23.8, 24.2, 24.8, 25.2, 25.6, 27.5, 28.0, 28.5, 28.9, 29.4, 29.8, 30.1, 30.5, 31.0, 31.4, 31.8, 32.0, 33.6, 34.6, 35.4, 36.4, 37.1, 38.0, 38.7, 39.1, 40.4, 41.2, 41.9, 42.2, 42.8, 43.7, 44.4, 44.8, 45.4, 45.8, 48.0, 48.8, 49.3, 49.9, 50.3, 50.9, 51.4, 51.8, 52.2, 52.6, 53.1, 53.5, 55.1, 56.2, 57.1, 57.9, 58.7, 59.6, 60.7, 61.3, 62.5, 63.3, 64.0, 64.6, 65.1, 65.8, 66.2, 66.6, 67.2, 67.6, 69.3, 69.8, 70.4, 71.0, 71.5, 72.1, 72.5, 73.0, 73.6, 74.2, 74.4, 74.8, 75.9, 76.6, 77.1, 77.7, 78.1, 78.8, 79.4, 80.0, 80.9, 81.2, 81.6, 82.0, 82.3, 82.7, 82.9, 83.2, 83.5, 83.7, 85.3, 85.6, 86.0, 86.3, 86.5, 86.9, 87.2, 87.4, 87.7, 88.2, 88.3, 88.4, 89.1, 89.4, 89.6, 90.0, 90.3, 90.7, 91.0, 91.3, 91.7, 91.9, 92.2, 92.4, 92.6, 92.8, 93.0, 93.1, 93.3, 93.5, 94.1, 94.4, 94.6, 94.8, 94.9, 95.1, 95.3, 95.5, 95.6, 95.6, 95.7, 95.8, 96.1, 96.1, 96.2, 96.3, 96.4, 96.5, 96.6, 96.7, 96.9, 96.9, 97.0, 97.1, 97.1, 97.2, 97.3, 97.4, 97.5, 97.6, 97.8, 98.0, 98.0, 98.1, 98.2, 98.3, 98.3, 98.3, 98.4, 98.4, 98.5, 98.6, 98.6, 98.6, 98.7, 98.8, 98.9, 98.9, 99.0, 99.1, 99.2, 99.2, 99.3, 99.3, 99.4, 99.4, 99.5, 99.5, 99.5, 99.6, 99.7, 99.7, 99.7, 99.7, 99.7, 99.8, 99.8, 99.8, 99.9, 99.9, 99.9, 100.0], "x": [0.03333333333333333, 0.06666666666666667, 0.1, 0.13333333333333333, 0.16666666666666666, 0.2, 0.23333333333333334, 0.26666666666666666, 0.3, 0.43333333333333335, 1.0, 1.0333333333333334, 1.0666666666666667, 1.1, 1.1333333333333333, 1.1666666666666667, 1.2, 1.9333333333333333, 2.0, 2.033333333333333, 2.1, 2.1333333333333333, 2.1666666666666665, 2.2, 2.2333333333333334, 2.466666666666667, 2.5, 2.5666666666666664, 2.8, 2.8333333333333335, 2.9, 3.0, 3.033333333333333, 3.066666666666667, 3.1, 3.1333333333333333, 3.1666666666666665, 3.2, 3.2333333333333334, 3.2666666666666666, 3.3333333333333335, 3.3666666666666667, 3.4, 3.4333333333333336, 3.466666666666667, 3.5, 3.6, 3.6333333333333333, 3.7, 3.7333333333333334, 3.8333333333333335, 3.9333333333333336, 4.0, 4.033333333333333, 4.066666666666666, 4.1, 4.133333333333334, 4.166666666666667, 4.2, 4.233333333333333, 4.266666666666667, 4.3, 4.333333333333333, 4.366666666666666, 4.4, 4.433333333333334, 4.466666666666667, 4.5, 4.533333333333333, 4.566666666666666, 4.6, 4.633333333333333, 4.666666666666667, 4.7, 4.733333333333333, 4.766666666666667, 4.8, 4.833333333333333, 4.866666666666667, 4.9, 4.933333333333334, 5.0, 5.033333333333333, 5.066666666666666, 5.1, 5.133333333333334, 5.166666666666667, 5.2, 5.233333333333333, 5.266666666666667, 5.3, 5.333333333333333, 5.366666666666666, 5.4, 5.433333333333334, 5.466666666666667, 5.5, 5.533333333333333, 5.566666666666666, 5.6, 5.633333333333333, 5.666666666666667, 5.7, 5.733333333333333, 5.766666666666667, 5.8, 5.833333333333333, 5.866666666666667, 5.9, 5.933333333333334, 5.966666666666667, 6.0, 6.033333333333333, 6.066666666666666, 6.1, 6.133333333333334, 6.166666666666667, 6.2, 6.233333333333333, 6.266666666666667, 6.3, 6.333333333333333, 6.366666666666666, 6.4, 6.433333333333334, 6.466666666666667, 6.5, 6.533333333333333, 6.566666666666666, 6.6, 6.633333333333333, 6.666666666666667, 6.7, 6.733333333333333, 6.766666666666667, 6.8, 6.833333333333333, 6.866666666666667, 6.9, 6.933333333333334, 6.966666666666667, 7.0, 7.033333333333333, 7.066666666666666, 7.1, 7.133333333333334, 7.166666666666667, 7.2, 7.233333333333333, 7.266666666666667, 7.3, 7.333333333333333, 7.366666666666666, 7.4, 7.433333333333334, 7.466666666666667, 7.5, 7.533333333333333, 7.566666666666666, 7.6, 7.633333333333333, 7.666666666666667, 7.7, 7.733333333333333, 7.766666666666667, 7.8, 7.833333333333333, 7.866666666666667, 7.9, 7.933333333333334, 7.966666666666667, 8.0, 8.033333333333333, 8.066666666666666, 8.1, 8.133333333333333, 8.166666666666666, 8.2, 8.233333333333333, 8.266666666666667, 8.3, 8.333333333333334, 8.366666666666667, 8.4, 8.433333333333334, 8.466666666666667, 8.5, 8.533333333333333, 8.566666666666666, 8.6, 8.633333333333333, 8.666666666666666, 8.7, 8.733333333333333, 8.766666666666667, 8.8, 8.833333333333334, 8.866666666666667, 8.9, 8.933333333333334, 8.966666666666667, 9.0, 9.033333333333333, 9.066666666666666, 9.1, 9.133333333333333, 9.166666666666666, 9.2, 9.233333333333333, 9.266666666666667, 9.3, 9.333333333333334, 9.366666666666667, 9.4, 9.433333333333334, 9.466666666666667, 9.5, 9.533333333333333, 9.566666666666666, 9.6, 9.633333333333333, 9.666666666666666, 9.7, 9.733333333333333, 9.766666666666667, 9.8, 9.833333333333334, 9.866666666666667, 9.9, 9.933333333333334, 9.966666666666667, 10.0, 10.033333333333333, 10.066666666666666, 10.1, 10.133333333333333, 10.166666666666666, 10.2, 10.233333333333333, 10.266666666666667, 10.3, 10.333333333333334, 10.366666666666667, 10.4, 10.433333333333334, 10.466666666666667, 10.5, 10.533333333333333, 10.566666666666666, 10.6, 10.633333333333333, 10.666666666666666, 10.7, 10.733333333333333, 10.766666666666667, 10.8, 10.833333333333334, 10.866666666666667, 10.9, 10.933333333333334, 10.966666666666667, 11.0, 11.033333333333333, 11.066666666666666, 11.1, 11.133333333333333, 11.166666666666666, 11.2, 11.233333333333333, 11.266666666666667, 11.3, 11.333333333333334, 11.366666666666667, 11.4, 11.433333333333334, 11.466666666666667, 11.5, 11.533333333333333, 11.566666666666666, 11.6, 11.633333333333333, 11.666666666666666, 11.7, 11.733333333333333, 11.766666666666667, 11.8, 11.866666666666667, 11.9, 11.933333333333334, 11.966666666666667, 12.0, 12.033333333333333, 12.066666666666666, 12.1, 12.133333333333333, 12.166666666666666, 12.2, 12.233333333333333, 12.266666666666667, 12.3, 12.366666666666667, 12.433333333333334, 12.466666666666667, 12.533333333333333, 12.566666666666666, 12.6, 12.633333333333333, 12.7, 12.733333333333333, 12.8, 12.866666666666667, 12.9, 13.0, 13.1, 13.266666666666667, 13.333333333333334, 13.366666666666667, 13.4, 13.433333333333334, 13.633333333333333, 13.766666666666667, 13.9]}}