{"histogram": {"y": [1, 4, 6, 8, 4, 2, 1, 1, 0], "x": [5.0, 6.0, 7.0, 8.0, 9.0, 10.0, 11.0, 12.0, 13.0]}, "percentile": {"y": [0.0, 3.8, 7.6, 11.5, 15.3, 19.2, 23.0, 26.9, 34.6, 38.4, 42.3, 53.8, 57.6, 61.5, 65.3, 69.2, 73.0, 76.9, 80.7, 84.6, 88.4, 92.3, 96.1, 100.0], "x": [5.033333333333333, 6.133333333333334, 6.2, 6.666666666666667, 6.9, 7.0, 7.233333333333333, 7.633333333333333, 7.7, 7.833333333333333, 8.0, 8.133333333333333, 8.6, 8.633333333333333, 8.666666666666666, 8.966666666666667, 9.0, 9.333333333333334, 9.433333333333334, 9.8, 10.033333333333333, 10.666666666666666, 11.6, 12.266666666666667]}}