{"histogram": {"y": [44, 4, 4, 7, 23, 85, 442, 1294, 2494, 2616, 1512, 420, 75, 7, 0, 0], "x": [0.0, 1.0, 2.0, 3.0, 4.0, 5.0, 6.0, 7.0, 8.0, 9.0, 10.0, 11.0, 12.0, 13.0, 14.0, 15.0]}, "percentile": {"y": [0.0, 0.1, 0.1, 0.1, 0.1, 0.1, 0.1, 0.2, 0.3, 0.3, 0.4, 0.4, 0.5, 0.5, 0.5, 0.5, 0.5, 0.6, 0.6, 0.6, 0.6, 0.6, 0.6, 0.6, 0.7, 0.7, 0.7, 0.7, 0.7, 0.8, 0.8, 0.8, 0.8, 0.8, 0.8, 0.9, 0.9, 1.0, 1.0, 1.0, 1.0, 1.0, 1.1, 1.1, 1.1, 1.2, 1.2, 1.3, 1.3, 1.3, 1.3, 1.4, 1.5, 1.5, 1.5, 1.6, 1.6, 1.6, 1.6, 1.7, 1.7, 1.8, 2.1, 2.2, 2.3, 2.4, 2.5, 2.5, 2.6, 2.7, 2.9, 3.0, 3.1, 3.1, 3.2, 3.4, 3.5, 3.6, 3.7, 3.8, 4.4, 4.6, 4.8, 5.0, 5.2, 5.4, 5.6, 5.7, 6.0, 6.2, 6.4, 6.7, 7.7, 7.8, 7.9, 8.2, 8.4, 8.7, 8.9, 9.0, 9.9, 10.3, 10.8, 11.1, 11.4, 11.9, 12.2, 12.6, 12.8, 13.1, 14.9, 15.3, 16.0, 16.5, 17.2, 17.7, 18.3, 18.8, 19.4, 19.9, 20.5, 21.0, 23.5, 23.9, 24.2, 24.6, 25.1, 25.7, 26.0, 26.4, 28.0, 28.5, 29.2, 29.8, 30.4, 31.3, 31.8, 32.4, 33.3, 33.9, 37.5, 38.6, 39.9, 40.8, 41.9, 42.7, 43.6, 44.8, 45.9, 46.9, 47.8, 48.7, 51.8, 52.3, 52.8, 53.6, 54.4, 55.1, 55.6, 56.0, 57.9, 58.7, 59.6, 60.2, 61.0, 62.0, 62.8, 63.4, 64.0, 64.7, 68.5, 69.7, 70.6, 71.5, 72.4, 73.0, 73.8, 74.6, 75.4, 76.2, 77.0, 77.6, 80.0, 80.4, 80.6, 81.1, 81.5, 81.9, 82.4, 82.6, 83.8, 84.4, 85.0, 85.5, 86.0, 86.5, 87.0, 87.3, 87.7, 88.0, 90.0, 90.6, 91.1, 91.5, 92.0, 92.3, 92.6, 93.1, 93.4, 93.7, 94.1, 94.4, 95.2, 95.4, 95.4, 95.6, 95.7, 95.8, 95.9, 96.0, 96.3, 96.5, 96.6, 96.7, 96.9, 97.1, 97.2, 97.4, 97.5, 97.7, 98.2, 98.3, 98.3, 98.5, 98.6, 98.7, 98.7, 98.8, 98.8, 98.9, 99.0, 99.1, 99.2, 99.3, 99.3, 99.3, 99.3, 99.4, 99.4, 99.4, 99.4, 99.5, 99.5, 99.6, 99.6, 99.6, 99.7, 99.7, 99.7, 99.8, 99.8, 99.8, 99.8, 99.8, 99.9, 99.9, 99.9, 99.9, 99.9, 100.0], "x": [0.03333333333333333, 0.06666666666666667, 0.1, 0.16666666666666666, 0.2, 0.23333333333333334, 0.26666666666666666, 0.3, 0.3333333333333333, 0.43333333333333335, 0.6, 1.0, 1.9333333333333333, 2.0, 2.5, 2.5666666666666664, 3.0, 3.1, 3.2, 3.7, 3.966666666666667, 4.0, 4.2, 4.266666666666667, 4.366666666666666, 4.433333333333334, 4.466666666666667, 4.6, 4.7, 4.733333333333333, 4.766666666666667, 4.8, 4.9, 4.933333333333334, 4.966666666666667, 5.0, 5.033333333333333, 5.066666666666666, 5.133333333333334, 5.166666666666667, 5.233333333333333, 5.266666666666667, 5.3, 5.366666666666666, 5.4, 5.433333333333334, 5.466666666666667, 5.5, 5.533333333333333, 5.566666666666666, 5.6, 5.633333333333333, 5.666666666666667, 5.7, 5.733333333333333, 5.8, 5.833333333333333, 5.866666666666667, 5.9, 5.933333333333334, 5.966666666666667, 6.0, 6.033333333333333, 6.066666666666666, 6.1, 6.133333333333334, 6.166666666666667, 6.2, 6.233333333333333, 6.266666666666667, 6.3, 6.333333333333333, 6.366666666666666, 6.4, 6.433333333333334, 6.466666666666667, 6.5, 6.533333333333333, 6.566666666666666, 6.6, 6.633333333333333, 6.666666666666667, 6.7, 6.733333333333333, 6.766666666666667, 6.8, 6.833333333333333, 6.866666666666667, 6.9, 6.933333333333334, 6.966666666666667, 7.0, 7.033333333333333, 7.066666666666666, 7.1, 7.133333333333334, 7.166666666666667, 7.2, 7.233333333333333, 7.266666666666667, 7.3, 7.333333333333333, 7.366666666666666, 7.4, 7.433333333333334, 7.466666666666667, 7.5, 7.533333333333333, 7.566666666666666, 7.6, 7.633333333333333, 7.666666666666667, 7.7, 7.733333333333333, 7.766666666666667, 7.8, 7.833333333333333, 7.866666666666667, 7.9, 7.933333333333334, 7.966666666666667, 8.0, 8.033333333333333, 8.066666666666666, 8.1, 8.133333333333333, 8.166666666666666, 8.2, 8.233333333333333, 8.266666666666667, 8.3, 8.333333333333334, 8.366666666666667, 8.4, 8.433333333333334, 8.466666666666667, 8.5, 8.533333333333333, 8.566666666666666, 8.6, 8.633333333333333, 8.666666666666666, 8.7, 8.733333333333333, 8.766666666666667, 8.8, 8.833333333333334, 8.866666666666667, 8.9, 8.933333333333334, 8.966666666666667, 9.0, 9.033333333333333, 9.066666666666666, 9.1, 9.133333333333333, 9.166666666666666, 9.2, 9.233333333333333, 9.266666666666667, 9.3, 9.333333333333334, 9.366666666666667, 9.4, 9.433333333333334, 9.466666666666667, 9.5, 9.533333333333333, 9.566666666666666, 9.6, 9.633333333333333, 9.666666666666666, 9.7, 9.733333333333333, 9.766666666666667, 9.8, 9.833333333333334, 9.866666666666667, 9.9, 9.933333333333334, 9.966666666666667, 10.0, 10.033333333333333, 10.066666666666666, 10.1, 10.133333333333333, 10.166666666666666, 10.2, 10.233333333333333, 10.266666666666667, 10.3, 10.333333333333334, 10.366666666666667, 10.4, 10.433333333333334, 10.466666666666667, 10.5, 10.533333333333333, 10.566666666666666, 10.6, 10.633333333333333, 10.666666666666666, 10.7, 10.733333333333333, 10.766666666666667, 10.8, 10.833333333333334, 10.866666666666667, 10.9, 10.933333333333334, 10.966666666666667, 11.0, 11.033333333333333, 11.066666666666666, 11.1, 11.133333333333333, 11.166666666666666, 11.2, 11.233333333333333, 11.266666666666667, 11.3, 11.333333333333334, 11.366666666666667, 11.4, 11.433333333333334, 11.466666666666667, 11.5, 11.533333333333333, 11.566666666666666, 11.6, 11.633333333333333, 11.666666666666666, 11.7, 11.733333333333333, 11.766666666666667, 11.8, 11.833333333333334, 11.866666666666667, 11.9, 11.933333333333334, 11.966666666666667, 12.0, 12.033333333333333, 12.1, 12.166666666666666, 12.233333333333333, 12.266666666666667, 12.3, 12.333333333333334, 12.366666666666667, 12.4, 12.433333333333334, 12.466666666666667, 12.5, 12.533333333333333, 12.6, 12.666666666666666, 12.7, 12.733333333333333, 12.766666666666667, 12.8, 12.866666666666667, 12.9, 12.933333333333334, 12.966666666666667, 13.0, 13.1, 13.3, 13.6, 13.9]}}