{"percentile": {"x": [0.03333333333333333, 0.26666666666666666, 0.6, 4.966666666666667, 5.6, 5.633333333333333, 5.666666666666667, 5.766666666666667, 5.8, 5.933333333333334, 5.966666666666667, 6.0, 6.2, 6.266666666666667, 6.3, 6.533333333333333, 6.6, 6.633333333333333, 6.833333333333333, 6.866666666666667, 6.9, 6.966666666666667, 7.0, 7.033333333333333, 7.1, 7.233333333333333, 7.266666666666667, 7.3, 7.333333333333333, 7.366666666666666, 7.4, 7.433333333333334, 7.466666666666667, 7.5, 7.533333333333333, 7.566666666666666, 7.6, 7.633333333333333, 7.666666666666667, 7.7, 7.766666666666667, 7.8, 7.833333333333333, 7.866666666666667, 7.9, 7.933333333333334, 8.0, 8.033333333333333, 8.066666666666666, 8.133333333333333, 8.166666666666666, 8.2, 8.266666666666667, 8.3, 8.333333333333334, 8.366666666666667, 8.4, 8.433333333333334, 8.466666666666667, 8.5, 8.533333333333333, 8.566666666666666, 8.6, 8.633333333333333, 8.666666666666666, 8.733333333333333, 8.766666666666667, 8.8, 8.833333333333334, 8.866666666666667, 8.9, 8.933333333333334, 8.966666666666667, 9.0, 9.066666666666666, 9.1, 9.133333333333333, 9.166666666666666, 9.2, 9.266666666666667, 9.3, 9.333333333333334, 9.366666666666667, 9.4, 9.433333333333334, 9.466666666666667, 9.5, 9.566666666666666, 9.6, 9.633333333333333, 9.666666666666666, 9.7, 9.733333333333333, 9.766666666666667, 9.8, 9.833333333333334, 9.866666666666667, 9.9, 9.933333333333334, 10.0, 10.1, 10.133333333333333, 10.166666666666666, 10.2, 10.266666666666667, 10.333333333333334, 10.366666666666667, 10.4, 10.433333333333334, 10.5, 10.533333333333333, 10.6, 10.633333333333333, 10.7, 10.733333333333333, 10.8, 10.9, 10.966666666666667, 11.0, 11.233333333333333, 11.266666666666667, 11.466666666666667, 11.566666666666666, 11.733333333333333, 11.8, 12.433333333333334], "y": [0.0, 0.3, 0.6, 0.9, 1.2, 1.9, 2.2, 2.5, 3.2, 3.5, 3.8, 4.1, 5.4, 5.8, 6.4, 7.0, 7.4, 8.0, 8.3, 8.7, 9.0, 9.3, 9.6, 10.6, 10.9, 11.6, 12.2, 13.2, 13.5, 14.5, 15.4, 15.8, 16.4, 16.7, 17.4, 17.7, 18.0, 21.2, 21.9, 22.9, 23.5, 23.8, 25.4, 27.4, 28.3, 28.7, 29.6, 31.9, 32.2, 32.5, 33.2, 33.8, 34.8, 37.4, 39.3, 40.3, 40.9, 41.9, 42.5, 42.9, 43.2, 43.5, 44.1, 48.3, 50.0, 50.9, 51.2, 51.6, 52.5, 54.1, 54.5, 55.8, 57.4, 58.0, 60.9, 61.6, 61.9, 62.5, 62.9, 63.2, 65.8, 66.1, 67.0, 68.3, 69.3, 70.3, 70.9, 71.6, 71.9, 74.1, 75.8, 78.0, 78.3, 79.3, 80.3, 81.6, 81.9, 83.2, 84.5, 85.1, 88.7, 89.0, 89.3, 90.0, 90.9, 91.9, 92.9, 93.2, 93.5, 93.8, 94.1, 94.5, 94.8, 95.1, 95.8, 96.1, 96.4, 96.7, 97.4, 97.7, 98.0, 98.7, 99.0, 99.3, 99.6, 100.0]}, "histogram": {"x": [0.0, 1.0, 2.0, 3.0, 4.0, 5.0, 6.0, 7.0, 8.0, 9.0, 10.0, 11.0, 12.0, 13.0], "y": [3, 0, 0, 0, 1, 9, 17, 62, 88, 84, 38, 8, 1, 0]}}