{"percentile": {"y": [0.0, 0.4, 0.8, 1.2, 1.6, 2.1, 2.5, 2.9, 3.3, 4.2, 5.4, 5.8, 6.3, 7.1, 7.5, 7.9, 8.4, 8.8, 9.2, 10.0, 10.5, 11.3, 11.7, 12.1, 12.6, 13.8, 14.7, 15.5, 15.9, 16.3, 18.0, 18.4, 18.9, 19.3, 20.1, 21.0, 21.4, 22.2, 25.2, 26.0, 26.4, 26.8, 27.3, 28.1, 30.6, 31.9, 32.7, 33.6, 34.4, 34.8, 35.7, 36.1, 36.5, 39.9, 40.7, 41.5, 42.0, 42.8, 43.2, 43.6, 44.1, 44.9, 45.3, 47.8, 49.1, 49.5, 50.4, 51.2, 51.6, 52.9, 55.4, 56.7, 58.4, 59.2, 60.0, 60.9, 61.3, 61.7, 62.1, 63.4, 66.8, 67.6, 68.0, 68.4, 69.3, 70.1, 71.8, 72.2, 72.6, 73.9, 75.2, 76.4, 78.1, 78.9, 80.6, 81.5, 82.7, 83.1, 83.6, 84.0, 84.4, 84.8, 85.2, 86.1, 89.0, 89.4, 90.3, 91.1, 92.0, 92.4, 92.8, 93.2, 94.1, 95.3, 95.7, 96.2, 96.6, 97.0, 97.4, 97.8, 98.3, 98.7, 99.1, 99.5, 100.0], "x": [4.0, 5.34375, 5.625, 5.75, 5.9375, 6.0, 6.0625, 6.25, 6.34375, 6.40625, 6.4375, 6.46875, 6.5625, 6.59375, 6.65625, 6.6875, 6.71875, 6.8125, 6.875, 6.90625, 7.0, 7.0625, 7.09375, 7.1875, 7.25, 7.3125, 7.375, 7.4375, 7.5, 7.5625, 7.625, 7.65625, 7.71875, 7.75, 7.8125, 7.9375, 7.96875, 8.0, 8.03125, 8.09375, 8.125, 8.1875, 8.21875, 8.25, 8.28125, 8.3125, 8.34375, 8.375, 8.40625, 8.4375, 8.5, 8.53125, 8.5625, 8.59375, 8.625, 8.65625, 8.6875, 8.8125, 8.84375, 8.90625, 8.9375, 8.96875, 9.0, 9.03125, 9.0625, 9.09375, 9.125, 9.15625, 9.1875, 9.25, 9.28125, 9.3125, 9.34375, 9.375, 9.40625, 9.4375, 9.46875, 9.5, 9.53125, 9.5625, 9.59375, 9.625, 9.65625, 9.6875, 9.75, 9.8125, 9.90625, 9.9375, 9.96875, 10.0, 10.03125, 10.125, 10.15625, 10.1875, 10.21875, 10.25, 10.28125, 10.3125, 10.34375, 10.40625, 10.4375, 10.46875, 10.53125, 10.5625, 10.59375, 10.65625, 10.6875, 10.71875, 10.8125, 10.84375, 10.9375, 10.96875, 11.0, 11.09375, 11.15625, 11.1875, 11.3125, 11.59375, 11.6875, 11.75, 12.09375, 12.78125, 12.8125, 12.96875, 13.4375]}, "histogram": {"y": [1, 4, 20, 28, 55, 68, 48, 10, 4, 1, 0, 0], "x": [4.0, 5.0, 6.0, 7.0, 8.0, 9.0, 10.0, 11.0, 12.0, 13.0, 14.0, 15.0]}}