{"percentile": {"x": [0.03125, 0.28125, 2.0, 4.5625, 4.65625, 4.8125, 4.90625, 5.0, 5.0625, 5.15625, 5.25, 5.28125, 5.34375, 5.375, 5.40625, 5.5625, 5.59375, 5.625, 5.65625, 5.71875, 5.8125, 5.84375, 5.875, 5.96875, 6.0, 6.0625, 6.125, 6.15625, 6.25, 6.28125, 6.3125, 6.34375, 6.375, 6.40625, 6.46875, 6.53125, 6.5625, 6.59375, 6.65625, 6.6875, 6.75, 6.78125, 6.8125, 6.84375, 6.875, 6.90625, 6.96875, 7.0, 7.03125, 7.0625, 7.09375, 7.125, 7.15625, 7.1875, 7.25, 7.28125, 7.3125, 7.34375, 7.375, 7.40625, 7.4375, 7.46875, 7.5, 7.53125, 7.5625, 7.59375, 7.625, 7.65625, 7.6875, 7.71875, 7.75, 7.78125, 7.8125, 7.84375, 7.875, 7.90625, 7.9375, 7.96875, 8.0, 8.03125, 8.0625, 8.09375, 8.125, 8.15625, 8.1875, 8.21875, 8.25, 8.28125, 8.3125, 8.34375, 8.375, 8.40625, 8.4375, 8.46875, 8.5, 8.53125, 8.5625, 8.59375, 8.625, 8.65625, 8.6875, 8.71875, 8.75, 8.78125, 8.8125, 8.84375, 8.875, 8.90625, 8.9375, 8.96875, 9.0, 9.03125, 9.0625, 9.09375, 9.125, 9.15625, 9.1875, 9.21875, 9.25, 9.28125, 9.3125, 9.34375, 9.375, 9.40625, 9.4375, 9.46875, 9.5, 9.53125, 9.5625, 9.59375, 9.625, 9.65625, 9.6875, 9.71875, 9.75, 9.78125, 9.8125, 9.84375, 9.875, 9.90625, 9.9375, 9.96875, 10.0, 10.03125, 10.0625, 10.09375, 10.125, 10.15625, 10.1875, 10.21875, 10.25, 10.28125, 10.3125, 10.34375, 10.375, 10.40625, 10.4375, 10.46875, 10.5, 10.53125, 10.5625, 10.59375, 10.625, 10.65625, 10.6875, 10.71875, 10.75, 10.78125, 10.8125, 10.84375, 10.875, 10.9375, 10.96875, 11.0, 11.03125, 11.0625, 11.09375, 11.125, 11.15625, 11.1875, 11.21875, 11.25, 11.28125, 11.3125, 11.34375, 11.375, 11.40625, 11.4375, 11.46875, 11.5, 11.53125, 11.5625, 11.59375, 11.625, 11.65625, 11.71875, 11.75, 11.78125, 11.8125, 11.84375, 11.875, 11.90625, 11.9375, 11.96875, 12.0, 12.09375, 12.125, 12.1875, 12.25, 12.28125, 12.34375, 12.375, 12.4375, 12.46875, 12.5625, 12.65625, 12.84375, 12.9375, 12.96875, 13.0, 13.28125, 13.40625, 13.5625], "y": [0.0, 0.1, 0.2, 0.3, 0.3, 0.4, 0.4, 0.5, 0.6, 0.8, 0.8, 0.9, 0.9, 1.1, 1.1, 1.2, 1.3, 1.4, 1.4, 1.5, 1.5, 1.7, 1.8, 1.8, 1.9, 2.0, 2.3, 2.4, 2.5, 2.8, 3.0, 3.3, 3.5, 3.7, 3.8, 4.1, 4.2, 4.9, 5.2, 5.4, 5.6, 5.7, 6.0, 6.2, 6.3, 6.4, 6.5, 6.8, 7.4, 7.7, 7.8, 7.9, 8.2, 8.4, 8.4, 9.3, 9.6, 10.0, 10.3, 10.6, 11.4, 11.9, 12.2, 12.4, 12.5, 13.8, 14.3, 15.0, 15.4, 15.5, 15.8, 16.1, 16.6, 16.9, 17.2, 17.7, 18.1, 18.2, 18.6, 21.0, 21.2, 21.6, 21.8, 22.3, 22.9, 23.2, 23.4, 25.2, 25.9, 26.5, 27.0, 27.6, 28.3, 29.0, 29.5, 29.9, 30.8, 35.1, 35.9, 36.5, 37.2, 37.8, 38.0, 38.4, 38.8, 39.4, 40.3, 41.1, 41.3, 41.5, 42.0, 45.1, 45.5, 46.2, 46.8, 47.5, 48.0, 48.5, 48.7, 50.2, 51.0, 52.0, 52.9, 53.7, 54.6, 55.3, 55.8, 56.6, 57.2, 60.9, 61.9, 62.8, 63.3, 64.0, 64.7, 65.4, 66.4, 67.1, 67.9, 68.9, 69.4, 69.8, 70.0, 72.8, 73.0, 73.4, 74.0, 75.1, 75.7, 76.0, 76.2, 78.0, 78.7, 79.6, 80.1, 80.7, 81.7, 82.3, 82.8, 83.0, 83.0, 85.6, 86.1, 86.5, 87.0, 87.4, 87.7, 87.9, 88.3, 88.7, 89.3, 89.6, 89.8, 90.3, 91.5, 91.8, 92.2, 92.5, 92.6, 92.8, 92.9, 93.2, 93.9, 94.1, 94.3, 94.4, 95.0, 95.1, 95.6, 95.7, 95.8, 96.0, 96.5, 96.6, 96.8, 97.0, 97.0, 97.1, 97.1, 97.6, 97.6, 97.7, 97.7, 97.8, 97.9, 98.2, 98.2, 98.3, 98.3, 98.5, 98.6, 98.7, 98.8, 98.9, 99.0, 99.4, 99.4, 99.5, 99.5, 99.6, 99.8, 99.9, 100.0]}, "histogram": {"x": [0.0, 1.0, 2.0, 3.0, 4.0, 5.0, 6.0, 7.0, 8.0, 9.0, 10.0, 11.0, 12.0, 13.0, 14.0], "y": [5, 0, 2, 0, 4, 32, 106, 258, 509, 610, 441, 165, 37, 9, 0]}}