{"histogram": {"x": [2.0, 3.0, 4.0, 5.0, 6.0, 7.0], "y": [1, 0, 0, 1, 0, 0]}, "percentile": {"x": [2.1666666666666665, 5.966666666666667], "y": [0.0, 100.0]}}