{"histogram": {"y": [2, 1, 1, 9, 21, 55, 138, 253, 235, 119, 40, 17, 5, 0], "x": [0.0, 1.0, 2.0, 3.0, 4.0, 5.0, 6.0, 7.0, 8.0, 9.0, 10.0, 11.0, 12.0, 13.0]}, "percentile": {"y": [0.0, 0.2, 0.3, 0.4, 0.5, 0.6, 0.7, 0.8, 1.1, 1.3, 1.4, 1.6, 1.8, 2.0, 2.1, 2.4, 2.5, 2.6, 2.9, 3.0, 3.2, 3.4, 3.5, 3.6, 3.7, 4.3, 4.5, 4.9, 5.2, 5.3, 5.4, 5.9, 6.1, 6.2, 6.7, 6.9, 7.1, 7.3, 7.7, 8.1, 8.2, 8.3, 8.4, 8.6, 8.7, 9.1, 9.4, 9.8, 9.9, 11.3, 11.8, 12.4, 12.7, 13.0, 13.4, 13.9, 14.3, 14.7, 15.0, 15.7, 16.3, 16.7, 17.5, 17.7, 17.8, 18.3, 18.5, 20.3, 20.8, 21.6, 22.1, 22.7, 23.2, 24.2, 24.4, 24.6, 25.0, 25.3, 28.4, 29.3, 30.8, 31.9, 33.2, 34.0, 34.9, 35.6, 37.5, 38.2, 38.8, 39.7, 40.5, 41.3, 41.7, 42.5, 43.5, 44.1, 46.7, 47.5, 49.1, 49.6, 50.1, 50.6, 51.3, 51.9, 52.1, 52.4, 52.7, 52.9, 53.0, 53.6, 56.0, 57.3, 58.1, 59.2, 60.5, 61.5, 62.1, 62.2, 64.2, 64.8, 65.5, 66.0, 66.9, 68.2, 69.1, 69.7, 70.0, 70.7, 72.9, 74.0, 74.9, 75.4, 76.0, 77.0, 77.7, 78.4, 78.9, 79.3, 79.6, 79.7, 79.8, 81.6, 82.6, 83.3, 84.1, 84.2, 84.9, 85.1, 85.5, 86.9, 87.1, 87.4, 87.9, 88.4, 88.8, 88.9, 89.6, 90.8, 91.2, 91.3, 91.6, 91.9, 92.1, 92.2, 92.5, 92.7, 92.8, 93.1, 93.9, 94.1, 94.5, 94.6, 94.8, 95.0, 95.3, 95.7, 95.9, 96.2, 96.3, 96.4, 96.7, 96.8, 96.9, 97.2, 97.3, 97.4, 97.5, 97.6, 97.8, 97.9, 98.3, 98.4, 98.5, 98.6, 99.3, 99.4, 99.5, 99.7, 99.8, 100.0], "x": [0.03125, 1.15625, 2.46875, 3.0625, 3.09375, 3.46875, 3.5625, 3.65625, 3.71875, 3.90625, 4.0, 4.03125, 4.0625, 4.09375, 4.15625, 4.1875, 4.21875, 4.28125, 4.375, 4.40625, 4.5, 4.5625, 4.65625, 4.6875, 5.0, 5.03125, 5.125, 5.15625, 5.1875, 5.21875, 5.25, 5.28125, 5.3125, 5.375, 5.40625, 5.4375, 5.46875, 5.53125, 5.5625, 5.59375, 5.625, 5.6875, 5.71875, 5.75, 5.78125, 5.8125, 5.84375, 5.96875, 6.0, 6.03125, 6.0625, 6.09375, 6.125, 6.15625, 6.1875, 6.21875, 6.25, 6.28125, 6.3125, 6.34375, 6.375, 6.40625, 6.4375, 6.46875, 6.5, 6.53125, 6.5625, 6.59375, 6.625, 6.65625, 6.6875, 6.71875, 6.75, 6.8125, 6.875, 6.90625, 6.9375, 7.0, 7.03125, 7.0625, 7.09375, 7.125, 7.15625, 7.1875, 7.21875, 7.25, 7.28125, 7.3125, 7.34375, 7.375, 7.40625, 7.4375, 7.46875, 7.5, 7.53125, 7.5625, 7.59375, 7.625, 7.65625, 7.6875, 7.71875, 7.75, 7.78125, 7.8125, 7.84375, 7.875, 7.90625, 7.9375, 7.96875, 8.0, 8.03125, 8.0625, 8.09375, 8.125, 8.15625, 8.1875, 8.21875, 8.25, 8.28125, 8.3125, 8.34375, 8.375, 8.40625, 8.4375, 8.46875, 8.5, 8.53125, 8.5625, 8.59375, 8.625, 8.65625, 8.6875, 8.71875, 8.78125, 8.8125, 8.84375, 8.875, 8.90625, 8.9375, 8.96875, 9.0, 9.03125, 9.0625, 9.09375, 9.125, 9.15625, 9.1875, 9.21875, 9.25, 9.28125, 9.3125, 9.375, 9.40625, 9.46875, 9.5, 9.53125, 9.5625, 9.59375, 9.625, 9.65625, 9.71875, 9.78125, 9.84375, 9.875, 9.90625, 9.9375, 9.96875, 10.0, 10.03125, 10.0625, 10.09375, 10.125, 10.15625, 10.1875, 10.25, 10.375, 10.40625, 10.4375, 10.5, 10.5625, 10.625, 10.65625, 10.71875, 10.75, 10.8125, 10.875, 10.90625, 11.0, 11.03125, 11.0625, 11.21875, 11.25, 11.3125, 11.5625, 11.65625, 11.9375, 12.0, 12.1875, 12.375, 12.8125]}}