{"histogram": {"y": [1, 0, 1, 0, 0, 0, 7, 19, 33, 38, 34, 13, 0, 1], "x": [0.0, 1.0, 2.0, 3.0, 4.0, 5.0, 6.0, 7.0, 8.0, 9.0, 10.0, 11.0, 12.0, 13.0]}, "percentile": {"y": [0.0, 0.6, 1.3, 2.0, 2.7, 3.4, 4.7, 5.4, 6.1, 6.8, 7.5, 8.2, 8.9, 9.5, 10.2, 14.3, 15.7, 17.1, 17.8, 18.4, 19.1, 21.9, 22.6, 23.2, 25.3, 26.7, 28.0, 30.8, 32.1, 34.2, 35.6, 36.9, 39.0, 39.7, 41.0, 41.7, 45.2, 45.8, 46.5, 47.9, 50.0, 50.6, 52.0, 54.1, 54.7, 59.5, 60.2, 61.6, 62.3, 63.0, 65.7, 66.4, 67.8, 69.1, 70.5, 73.2, 76.0, 76.7, 77.3, 78.0, 82.1, 82.8, 83.5, 84.9, 85.6, 86.9, 88.3, 89.0, 91.0, 91.7, 92.4, 93.1, 93.8, 94.5, 95.2, 96.5, 97.2, 97.9, 99.3, 100.0], "x": [0.26666666666666666, 2.6, 6.0, 6.533333333333333, 6.566666666666666, 6.633333333333333, 6.7, 6.9, 7.0, 7.2, 7.266666666666667, 7.366666666666666, 7.4, 7.566666666666666, 7.6, 7.733333333333333, 7.8, 7.866666666666667, 7.933333333333334, 7.966666666666667, 8.0, 8.066666666666666, 8.2, 8.233333333333333, 8.266666666666667, 8.3, 8.6, 8.633333333333333, 8.733333333333333, 8.766666666666667, 8.8, 8.833333333333334, 8.866666666666667, 8.9, 8.966666666666667, 9.0, 9.033333333333333, 9.066666666666666, 9.1, 9.133333333333333, 9.266666666666667, 9.333333333333334, 9.466666666666667, 9.5, 9.6, 9.633333333333333, 9.666666666666666, 9.7, 9.766666666666667, 9.8, 9.833333333333334, 9.866666666666667, 10.0, 10.166666666666666, 10.2, 10.266666666666667, 10.3, 10.333333333333334, 10.466666666666667, 10.6, 10.666666666666666, 10.7, 10.766666666666667, 10.8, 10.833333333333334, 10.866666666666667, 10.933333333333334, 10.966666666666667, 11.0, 11.133333333333333, 11.2, 11.266666666666667, 11.366666666666667, 11.4, 11.6, 11.633333333333333, 11.733333333333333, 11.833333333333334, 11.9, 13.0]}}