{"percentile": {"x": [2.2333333333333334, 3.2, 4.666666666666667, 5.133333333333334, 5.333333333333333, 5.6, 6.0, 6.266666666666667, 6.433333333333334, 6.833333333333333, 7.0, 7.066666666666666, 7.1, 7.466666666666667, 7.6, 7.733333333333333, 7.766666666666667, 8.033333333333333, 8.2, 8.333333333333334, 8.366666666666667, 8.633333333333333, 9.0, 9.066666666666666, 10.0, 10.233333333333333], "y": [0.0, 3.7, 7.4, 11.1, 14.8, 18.5, 22.2, 25.9, 29.6, 33.3, 37.0, 40.7, 44.4, 48.1, 51.8, 59.2, 62.9, 66.6, 74.0, 77.7, 81.4, 85.1, 88.8, 92.5, 96.2, 100.0]}, "histogram": {"x": [2.0, 3.0, 4.0, 5.0, 6.0, 7.0, 8.0, 9.0, 10.0, 11.0], "y": [1, 1, 1, 3, 4, 8, 6, 2, 2, 0]}}