{"histogram": {"x": [2.0, 3.0, 4.0, 5.0, 6.0, 7.0, 8.0, 9.0, 10.0, 11.0, 12.0, 13.0, 14.0, 15.0], "y": [1, 0, 2, 9, 42, 124, 229, 253, 128, 21, 5, 4, 0, 0]}, "percentile": {"x": [2.0, 4.2, 4.633333333333333, 5.0, 5.1, 5.2, 5.5, 5.633333333333333, 5.8, 5.866666666666667, 6.0, 6.066666666666666, 6.1, 6.166666666666667, 6.266666666666667, 6.333333333333333, 6.366666666666666, 6.4, 6.433333333333334, 6.5, 6.566666666666666, 6.6, 6.633333333333333, 6.666666666666667, 6.7, 6.733333333333333, 6.833333333333333, 6.9, 6.933333333333334, 6.966666666666667, 7.0, 7.033333333333333, 7.066666666666666, 7.1, 7.133333333333334, 7.166666666666667, 7.233333333333333, 7.266666666666667, 7.3, 7.333333333333333, 7.366666666666666, 7.4, 7.433333333333334, 7.466666666666667, 7.5, 7.533333333333333, 7.566666666666666, 7.6, 7.633333333333333, 7.666666666666667, 7.7, 7.733333333333333, 7.766666666666667, 7.8, 7.833333333333333, 7.866666666666667, 7.9, 7.933333333333334, 7.966666666666667, 8.0, 8.033333333333333, 8.1, 8.133333333333333, 8.166666666666666, 8.233333333333333, 8.266666666666667, 8.3, 8.333333333333334, 8.366666666666667, 8.4, 8.433333333333334, 8.466666666666667, 8.533333333333333, 8.566666666666666, 8.6, 8.633333333333333, 8.666666666666666, 8.7, 8.733333333333333, 8.766666666666667, 8.8, 8.833333333333334, 8.866666666666667, 8.9, 8.933333333333334, 8.966666666666667, 9.0, 9.033333333333333, 9.066666666666666, 9.1, 9.133333333333333, 9.166666666666666, 9.2, 9.233333333333333, 9.266666666666667, 9.3, 9.333333333333334, 9.366666666666667, 9.4, 9.433333333333334, 9.466666666666667, 9.5, 9.533333333333333, 9.566666666666666, 9.6, 9.633333333333333, 9.666666666666666, 9.7, 9.733333333333333, 9.766666666666667, 9.8, 9.833333333333334, 9.866666666666667, 9.9, 9.933333333333334, 9.966666666666667, 10.0, 10.033333333333333, 10.066666666666666, 10.1, 10.133333333333333, 10.166666666666666, 10.2, 10.233333333333333, 10.266666666666667, 10.3, 10.333333333333334, 10.366666666666667, 10.4, 10.433333333333334, 10.466666666666667, 10.5, 10.533333333333333, 10.566666666666666, 10.6, 10.633333333333333, 10.666666666666666, 10.7, 10.733333333333333, 10.766666666666667, 10.8, 10.833333333333334, 10.866666666666667, 10.9, 10.933333333333334, 10.966666666666667, 11.0, 11.1, 11.266666666666667, 11.3, 11.333333333333334, 11.433333333333334, 11.466666666666667, 11.533333333333333, 11.566666666666666, 11.6, 11.766666666666667, 11.833333333333334, 11.866666666666667, 11.933333333333334, 12.0, 12.333333333333334, 12.366666666666667, 12.6, 13.2, 13.5, 13.633333333333333, 13.966666666666667], "y": [0.0, 0.1, 0.2, 0.3, 0.4, 0.6, 0.7, 0.8, 0.9, 1.2, 1.4, 1.8, 1.9, 2.3, 2.5, 2.9, 3.3, 3.4, 3.5, 3.7, 4.2, 4.4, 5.1, 5.3, 5.5, 5.6, 5.8, 6.2, 6.3, 6.4, 6.6, 7.7, 7.8, 8.0, 8.4, 8.5, 9.0, 9.1, 9.9, 10.0, 10.7, 11.5, 11.8, 12.4, 12.7, 13.0, 13.2, 13.3, 15.6, 15.9, 17.1, 17.8, 18.8, 19.5, 19.8, 20.0, 20.6, 20.9, 21.2, 21.7, 24.3, 24.4, 25.3, 25.7, 26.3, 27.4, 29.4, 30.1, 30.9, 31.3, 31.7, 32.8, 33.4, 34.3, 35.2, 39.4, 40.2, 41.4, 42.5, 43.8, 44.5, 45.4, 46.0, 46.6, 47.7, 48.9, 49.8, 53.6, 54.1, 54.9, 55.5, 56.7, 57.6, 58.2, 59.2, 62.1, 63.1, 63.7, 64.7, 65.9, 67.1, 68.0, 68.5, 68.9, 69.5, 72.7, 73.9, 75.0, 75.7, 76.3, 76.6, 77.1, 77.9, 78.5, 79.3, 80.0, 80.7, 82.6, 82.9, 83.2, 83.3, 83.4, 83.9, 84.3, 84.5, 85.8, 86.6, 87.8, 88.3, 88.6, 89.1, 89.4, 89.9, 90.6, 90.8, 92.6, 92.7, 93.3, 93.6, 94.0, 94.1, 94.3, 95.1, 95.4, 95.5, 96.0, 96.4, 96.6, 96.9, 97.0, 97.1, 97.5, 97.7, 98.0, 98.1, 98.2, 98.5, 98.6, 98.7, 98.8, 99.0, 99.1, 99.2, 99.5, 99.6, 99.7, 99.8, 100.0]}}