{"percentile": {"x": [3.1333333333333333, 5.033333333333333, 5.066666666666666, 5.266666666666667, 5.966666666666667, 6.133333333333334, 6.733333333333333, 6.766666666666667, 7.133333333333334, 7.8, 8.0, 9.933333333333334, 10.5], "y": [0.0, 7.6, 15.3, 23.0, 38.4, 46.1, 53.8, 61.5, 69.2, 76.9, 84.6, 92.3, 100.0]}, "histogram": {"x": [3.0, 4.0, 5.0, 6.0, 7.0, 8.0, 9.0, 10.0, 11.0, 12.0], "y": [1, 0, 5, 3, 2, 1, 1, 1, 0, 0]}}