{"percentile": {"y": [0.0, 1.5, 3.0, 4.6, 6.1, 9.2, 10.7, 13.8, 15.3, 16.9, 18.4, 20.0, 21.5, 24.6, 26.1, 27.6, 29.2, 30.7, 32.3, 33.8, 35.3, 38.4, 40.0, 41.5, 43.0, 44.6, 49.2, 50.7, 55.3, 58.4, 60.0, 61.5, 63.0, 67.6, 70.7, 72.3, 73.8, 76.9, 78.4, 81.5, 83.0, 84.6, 86.1, 87.6, 89.2, 90.7, 92.3, 93.8, 95.3, 96.9, 98.4, 100.0], "x": [5.40625, 5.75, 5.84375, 5.875, 6.0, 6.09375, 6.25, 6.40625, 6.59375, 6.84375, 6.9375, 6.96875, 7.0, 7.09375, 7.15625, 7.25, 7.28125, 7.375, 7.40625, 7.46875, 7.5625, 7.59375, 7.75, 7.78125, 7.8125, 8.0, 8.0625, 8.25, 8.34375, 8.375, 8.40625, 8.53125, 8.5625, 8.71875, 8.75, 8.96875, 9.0, 9.25, 9.40625, 9.5625, 9.625, 9.84375, 9.90625, 9.9375, 10.0, 10.21875, 10.25, 10.28125, 10.40625, 11.125, 11.8125, 14.28125]}, "histogram": {"y": [4, 10, 15, 19, 10, 5, 2, 0, 0, 1], "x": [5.0, 6.0, 7.0, 8.0, 9.0, 10.0, 11.0, 12.0, 13.0, 14.0]}}