{"percentile": {"y": [0.0, 0.6, 1.2, 1.8, 2.4, 3.0, 3.6, 4.2, 4.8, 5.4, 6.0, 6.7, 7.3, 7.9, 8.5, 9.1, 9.7, 11.5, 12.1, 13.4, 14.0, 15.2, 15.8, 17.6, 18.2, 19.5, 20.1, 20.7, 21.3, 22.5, 24.3, 25.0, 26.2, 26.8, 28.0, 29.2, 29.8, 31.0, 32.3, 32.9, 33.5, 35.3, 35.9, 39.6, 40.2, 41.4, 42.6, 43.2, 43.9, 44.5, 46.3, 46.9, 47.5, 48.7, 49.3, 51.2, 53.0, 54.2, 54.8, 56.7, 59.1, 59.7, 60.9, 61.5, 64.0, 65.2, 66.4, 67.6, 68.2, 69.5, 70.1, 70.7, 71.9, 72.5, 73.7, 75.0, 76.2, 76.8, 77.4, 79.2, 80.4, 81.0, 84.7, 85.9, 87.1, 87.8, 88.4, 91.4, 92.0, 92.6, 93.2, 93.9, 95.1, 95.7, 96.9, 97.5, 98.1, 98.7, 99.3, 100.0], "x": [1.0333333333333334, 2.0, 2.3666666666666667, 3.0, 3.1, 3.4333333333333336, 3.7, 3.8, 4.0, 4.033333333333333, 4.133333333333334, 4.333333333333333, 4.4, 4.433333333333334, 4.633333333333333, 5.033333333333333, 5.1, 5.133333333333334, 5.166666666666667, 5.2, 5.233333333333333, 5.3, 5.5, 5.566666666666666, 5.6, 5.733333333333333, 5.766666666666667, 5.866666666666667, 5.966666666666667, 6.0, 6.033333333333333, 6.066666666666666, 6.1, 6.166666666666667, 6.233333333333333, 6.266666666666667, 6.3, 6.366666666666666, 6.433333333333334, 6.466666666666667, 6.533333333333333, 6.566666666666666, 6.6, 6.666666666666667, 6.7, 6.733333333333333, 6.8, 6.833333333333333, 6.866666666666667, 6.933333333333334, 6.966666666666667, 7.0, 7.033333333333333, 7.066666666666666, 7.1, 7.2, 7.3, 7.333333333333333, 7.4, 7.433333333333334, 7.466666666666667, 7.533333333333333, 7.566666666666666, 7.6, 7.633333333333333, 7.666666666666667, 7.7, 7.766666666666667, 7.933333333333334, 8.0, 8.033333333333333, 8.066666666666666, 8.1, 8.133333333333333, 8.166666666666666, 8.233333333333333, 8.3, 8.333333333333334, 8.433333333333334, 8.533333333333333, 8.566666666666666, 8.6, 8.7, 8.866666666666667, 8.9, 8.933333333333334, 9.0, 9.066666666666666, 9.133333333333333, 9.166666666666666, 9.2, 9.266666666666667, 9.666666666666666, 9.7, 10.0, 10.133333333333333, 10.233333333333333, 10.666666666666666, 10.833333333333334, 11.866666666666667]}, "histogram": {"y": [1, 2, 5, 7, 22, 40, 37, 31, 14, 5, 1, 0, 0], "x": [1.0, 2.0, 3.0, 4.0, 5.0, 6.0, 7.0, 8.0, 9.0, 10.0, 11.0, 12.0, 13.0]}}