{"histogram": {"x": [0.0, 1.0, 2.0, 3.0, 4.0, 5.0, 6.0, 7.0, 8.0, 9.0, 10.0, 11.0, 12.0], "y": [2, 0, 0, 1, 0, 9, 15, 21, 14, 5, 7, 0, 0]}, "percentile": {"x": [0.03125, 0.09375, 3.46875, 5.0, 5.0625, 5.5625, 5.625, 5.8125, 5.875, 6.0, 6.03125, 6.09375, 6.125, 6.34375, 6.46875, 6.75, 6.8125, 6.84375, 6.90625, 6.96875, 7.0, 7.03125, 7.1875, 7.25, 7.28125, 7.3125, 7.40625, 7.46875, 7.5, 7.59375, 7.65625, 7.8125, 7.875, 7.90625, 7.9375, 8.0, 8.03125, 8.0625, 8.125, 8.1875, 8.25, 8.40625, 8.53125, 8.5625, 8.6875, 9.0, 9.03125, 9.40625, 9.46875, 9.84375, 10.03125, 10.15625, 10.25, 10.5625, 10.75, 10.875, 10.96875], "y": [0.0, 1.3, 2.7, 4.1, 5.4, 8.2, 12.3, 13.6, 15.0, 16.4, 20.5, 21.9, 23.2, 26.0, 28.7, 30.1, 31.5, 32.8, 34.2, 35.6, 36.9, 38.3, 39.7, 42.4, 46.5, 47.9, 49.3, 50.6, 53.4, 56.1, 57.5, 60.2, 61.6, 63.0, 64.3, 65.7, 68.4, 69.8, 71.2, 72.6, 75.3, 76.7, 78.0, 79.4, 80.8, 84.9, 86.3, 87.6, 89.0, 90.4, 91.7, 93.1, 94.5, 95.8, 97.2, 98.6, 100.0]}}