{"histogram": {"y": [2, 0, 0, 0, 3, 11, 42, 142, 231, 223, 132, 63, 8, 4, 0, 0], "x": [0.0, 1.0, 2.0, 3.0, 4.0, 5.0, 6.0, 7.0, 8.0, 9.0, 10.0, 11.0, 12.0, 13.0, 14.0, 15.0]}, "percentile": {"y": [0.0, 0.1, 0.2, 0.3, 0.4, 0.5, 0.6, 0.8, 0.9, 1.0, 1.2, 1.3, 1.5, 1.7, 1.8, 2.3, 2.5, 2.6, 3.1, 3.2, 3.3, 3.6, 3.7, 3.8, 4.7, 5.2, 5.3, 5.5, 5.8, 6.1, 6.2, 6.3, 6.6, 6.7, 7.6, 8.0, 8.3, 8.6, 9.3, 9.8, 10.1, 11.2, 11.3, 12.0, 12.4, 13.0, 13.2, 13.6, 14.0, 14.5, 15.1, 16.8, 17.3, 17.4, 18.1, 18.6, 19.3, 19.7, 20.9, 21.2, 21.3, 22.0, 22.3, 22.7, 23.2, 25.5, 26.2, 26.9, 27.6, 28.4, 28.8, 29.6, 29.8, 31.2, 32.0, 32.6, 33.6, 34.3, 34.7, 35.2, 35.9, 36.6, 37.0, 39.7, 40.6, 41.5, 42.3, 43.6, 44.1, 44.8, 45.3, 46.0, 46.5, 46.8, 47.6, 49.1, 50.1, 52.6, 53.3, 54.1, 54.5, 55.2, 55.6, 56.3, 56.5, 58.3, 59.3, 60.0, 61.1, 61.5, 62.4, 62.6, 63.6, 63.9, 64.0, 67.3, 68.0, 68.8, 69.6, 71.0, 71.5, 72.2, 72.9, 73.3, 73.9, 74.6, 75.1, 75.5, 76.0, 78.7, 78.9, 79.0, 79.6, 79.8, 80.2, 80.4, 80.8, 82.5, 83.3, 84.1, 84.6, 85.2, 85.9, 86.1, 86.5, 86.7, 87.2, 88.2, 88.6, 89.0, 89.4, 89.6, 89.7, 90.0, 90.5, 90.6, 91.0, 91.1, 91.3, 92.6, 92.7, 93.0, 93.1, 93.3, 94.4, 94.7, 95.2, 95.5, 95.8, 96.1, 96.5, 96.7, 97.0, 97.3, 97.6, 97.7, 97.9, 98.2, 98.4, 98.7, 99.1, 99.3, 99.4, 99.5, 99.6, 100.0], "x": [0.15625, 0.40625, 4.25, 4.59375, 4.71875, 5.0, 5.46875, 5.5625, 5.625, 5.6875, 5.71875, 5.75, 5.8125, 5.875, 6.0, 6.03125, 6.125, 6.25, 6.28125, 6.3125, 6.40625, 6.4375, 6.5, 6.5625, 6.59375, 6.625, 6.6875, 6.75, 6.84375, 6.875, 6.90625, 6.9375, 6.96875, 7.0, 7.0625, 7.09375, 7.125, 7.15625, 7.1875, 7.21875, 7.25, 7.28125, 7.3125, 7.34375, 7.375, 7.40625, 7.4375, 7.46875, 7.5, 7.53125, 7.5625, 7.59375, 7.625, 7.65625, 7.6875, 7.71875, 7.75, 7.78125, 7.8125, 7.84375, 7.875, 7.90625, 7.9375, 7.96875, 8.0, 8.03125, 8.0625, 8.09375, 8.125, 8.15625, 8.1875, 8.21875, 8.25, 8.28125, 8.3125, 8.34375, 8.375, 8.40625, 8.4375, 8.46875, 8.5, 8.53125, 8.5625, 8.59375, 8.625, 8.65625, 8.6875, 8.71875, 8.75, 8.78125, 8.8125, 8.84375, 8.875, 8.90625, 8.9375, 8.96875, 9.0, 9.03125, 9.0625, 9.09375, 9.125, 9.15625, 9.1875, 9.21875, 9.25, 9.28125, 9.3125, 9.34375, 9.375, 9.40625, 9.4375, 9.46875, 9.5, 9.53125, 9.5625, 9.59375, 9.625, 9.65625, 9.6875, 9.71875, 9.75, 9.78125, 9.8125, 9.84375, 9.875, 9.90625, 9.9375, 9.96875, 10.0, 10.03125, 10.0625, 10.09375, 10.125, 10.15625, 10.1875, 10.21875, 10.25, 10.28125, 10.3125, 10.34375, 10.375, 10.40625, 10.4375, 10.46875, 10.5, 10.53125, 10.5625, 10.59375, 10.625, 10.65625, 10.6875, 10.71875, 10.75, 10.78125, 10.8125, 10.875, 10.90625, 10.96875, 11.0, 11.03125, 11.0625, 11.15625, 11.1875, 11.25, 11.28125, 11.34375, 11.375, 11.40625, 11.4375, 11.46875, 11.53125, 11.5625, 11.59375, 11.625, 11.65625, 11.6875, 11.71875, 11.75, 11.8125, 12.0, 12.03125, 12.0625, 12.65625, 12.9375, 13.28125, 13.96875]}}