{"percentile": {"y": [0.0, 0.5, 0.6, 0.7, 0.9, 1.0, 1.1, 1.3, 1.4, 1.5, 1.7, 1.8, 1.9, 2.3, 2.5, 2.6, 2.7, 3.4, 3.5, 3.7, 3.9, 4.1, 4.2, 4.5, 5.8, 5.9, 6.0, 6.4, 6.7, 7.4, 7.8, 8.2, 8.4, 8.6, 8.8, 10.5, 10.7, 10.8, 10.9, 11.1, 11.2, 12.0, 12.1, 13.1, 13.7, 14.0, 14.7, 15.3, 15.8, 16.2, 16.4, 18.0, 18.6, 19.3, 20.1, 20.9, 21.5, 22.1, 22.7, 23.3, 23.8, 24.5, 25.0, 27.2, 27.6, 27.8, 28.4, 29.2, 29.5, 29.9, 30.3, 32.1, 33.2, 33.6, 34.8, 35.8, 36.4, 37.3, 38.1, 39.0, 39.4, 43.4, 44.2, 44.7, 45.6, 46.6, 47.5, 48.2, 48.7, 49.6, 50.9, 52.8, 53.9, 57.3, 57.8, 58.1, 58.8, 59.3, 59.7, 60.1, 60.5, 62.1, 62.6, 63.1, 64.2, 64.6, 65.4, 65.8, 66.6, 67.1, 67.4, 71.1, 72.8, 73.2, 74.0, 74.8, 75.6, 75.8, 76.4, 77.3, 77.7, 79.2, 79.3, 81.5, 81.8, 82.2, 82.9, 83.1, 83.7, 83.9, 84.6, 85.9, 86.2, 86.3, 87.0, 87.5, 87.9, 88.0, 88.4, 89.2, 89.5, 90.8, 91.2, 91.3, 91.7, 92.0, 92.1, 92.7, 93.2, 93.9, 94.1, 94.4, 95.3, 95.6, 95.7, 96.2, 96.4, 96.5, 97.0, 97.2, 97.3, 97.4, 97.7, 98.0, 98.1, 98.2, 98.6, 98.9, 99.0, 99.2, 99.4, 99.6, 99.7, 99.8, 100.0], "x": [0.26666666666666666, 0.43333333333333335, 3.0, 4.833333333333333, 5.0, 5.5, 5.566666666666666, 5.6, 5.633333333333333, 5.8, 5.833333333333333, 5.9, 6.0, 6.1, 6.133333333333334, 6.2, 6.266666666666667, 6.3, 6.333333333333333, 6.366666666666666, 6.433333333333334, 6.466666666666667, 6.5, 6.6, 6.633333333333333, 6.666666666666667, 6.7, 6.766666666666667, 6.8, 6.833333333333333, 6.866666666666667, 6.9, 6.933333333333334, 6.966666666666667, 7.0, 7.033333333333333, 7.066666666666666, 7.1, 7.166666666666667, 7.2, 7.266666666666667, 7.3, 7.333333333333333, 7.366666666666666, 7.4, 7.433333333333334, 7.466666666666667, 7.5, 7.533333333333333, 7.566666666666666, 7.6, 7.633333333333333, 7.666666666666667, 7.7, 7.733333333333333, 7.766666666666667, 7.8, 7.833333333333333, 7.866666666666667, 7.9, 7.933333333333334, 7.966666666666667, 8.0, 8.033333333333333, 8.066666666666666, 8.1, 8.133333333333333, 8.166666666666666, 8.2, 8.233333333333333, 8.266666666666667, 8.3, 8.333333333333334, 8.366666666666667, 8.4, 8.433333333333334, 8.466666666666667, 8.5, 8.533333333333333, 8.566666666666666, 8.6, 8.633333333333333, 8.666666666666666, 8.7, 8.733333333333333, 8.766666666666667, 8.8, 8.833333333333334, 8.866666666666667, 8.9, 8.933333333333334, 8.966666666666667, 9.0, 9.033333333333333, 9.066666666666666, 9.1, 9.133333333333333, 9.166666666666666, 9.2, 9.233333333333333, 9.266666666666667, 9.3, 9.333333333333334, 9.366666666666667, 9.4, 9.433333333333334, 9.466666666666667, 9.5, 9.533333333333333, 9.566666666666666, 9.6, 9.633333333333333, 9.666666666666666, 9.7, 9.733333333333333, 9.766666666666667, 9.8, 9.833333333333334, 9.866666666666667, 9.9, 9.933333333333334, 9.966666666666667, 10.0, 10.033333333333333, 10.066666666666666, 10.1, 10.133333333333333, 10.166666666666666, 10.2, 10.233333333333333, 10.266666666666667, 10.3, 10.333333333333334, 10.366666666666667, 10.4, 10.433333333333334, 10.466666666666667, 10.5, 10.533333333333333, 10.566666666666666, 10.6, 10.666666666666666, 10.7, 10.733333333333333, 10.766666666666667, 10.8, 10.833333333333334, 10.866666666666667, 10.9, 10.933333333333334, 10.966666666666667, 11.0, 11.1, 11.133333333333333, 11.266666666666667, 11.3, 11.333333333333334, 11.366666666666667, 11.433333333333334, 11.466666666666667, 11.533333333333333, 11.566666666666666, 11.6, 11.633333333333333, 11.7, 11.8, 11.833333333333334, 11.9, 11.933333333333334, 12.0, 12.333333333333334, 12.433333333333334, 12.6, 12.733333333333333, 14.4]}, "histogram": {"y": [5, 0, 0, 1, 1, 8, 52, 122, 218, 192, 114, 36, 6, 0, 1, 0, 0], "x": [0.0, 1.0, 2.0, 3.0, 4.0, 5.0, 6.0, 7.0, 8.0, 9.0, 10.0, 11.0, 12.0, 13.0, 14.0, 15.0, 16.0]}}