{"histogram": {"x": [5.0, 6.0, 7.0, 8.0, 9.0, 10.0, 11.0, 12.0, 13.0, 14.0], "y": [2, 3, 12, 22, 16, 12, 2, 1, 1, 0]}, "percentile": {"x": [5.1875, 5.84375, 6.03125, 6.5, 6.5625, 7.0, 7.03125, 7.25, 7.3125, 7.4375, 7.53125, 7.625, 7.71875, 7.78125, 7.9375, 8.0, 8.125, 8.25, 8.3125, 8.375, 8.4375, 8.46875, 8.53125, 8.5625, 8.59375, 8.625, 8.6875, 8.75, 8.78125, 8.84375, 9.0, 9.15625, 9.25, 9.3125, 9.34375, 9.4375, 9.5625, 9.625, 9.6875, 9.8125, 9.90625, 10.0, 10.09375, 10.15625, 10.25, 10.28125, 10.5625, 10.65625, 10.71875, 10.75, 10.8125, 10.9375, 11.09375, 11.5625, 12.3125, 13.0], "y": [0.0, 1.4, 2.8, 4.2, 5.7, 7.1, 10.0, 11.4, 12.8, 14.2, 15.7, 17.1, 18.5, 20.0, 22.8, 24.2, 30.0, 31.4, 32.8, 34.2, 35.7, 37.1, 38.5, 42.8, 44.2, 45.7, 48.5, 50.0, 51.4, 52.8, 55.7, 61.4, 62.8, 65.7, 67.1, 68.5, 71.4, 72.8, 74.2, 75.7, 77.1, 78.5, 80.0, 81.4, 82.8, 84.2, 87.1, 88.5, 90.0, 91.4, 92.8, 94.2, 95.7, 97.1, 98.5, 100.0]}}