{"percentile": {"x": [4.6, 6.033333333333333, 6.833333333333333, 7.6, 7.8, 7.833333333333333, 8.1, 8.4, 8.6, 9.7], "y": [0.0, 11.1, 22.2, 33.3, 44.4, 55.5, 66.6, 77.7, 88.8, 100.0]}, "histogram": {"x": [4.0, 5.0, 6.0, 7.0, 8.0, 9.0, 10.0, 11.0], "y": [1, 0, 2, 3, 3, 1, 0, 0]}}