{"histogram": {"y": [1, 8, 15, 15, 15, 9, 1, 0], "x": [4.0, 5.0, 6.0, 7.0, 8.0, 9.0, 10.0, 11.0]}, "percentile": {"y": [0.0, 1.5, 3.1, 4.7, 6.3, 7.9, 9.5, 11.1, 12.6, 14.2, 15.8, 17.4, 19.0, 22.2, 23.8, 25.3, 26.9, 28.5, 30.1, 31.7, 34.9, 36.5, 38.0, 41.2, 46.0, 47.6, 49.2, 50.7, 52.3, 53.9, 57.1, 58.7, 60.3, 61.9, 63.4, 65.0, 69.8, 73.0, 74.6, 76.1, 77.7, 79.3, 80.9, 82.5, 84.1, 85.7, 90.4, 92.0, 93.6, 95.2, 96.8, 98.4, 100.0], "x": [4.5625, 5.09375, 5.5625, 5.6875, 5.71875, 5.8125, 5.84375, 5.875, 5.90625, 6.0, 6.09375, 6.125, 6.1875, 6.3125, 6.4375, 6.46875, 6.5, 6.5625, 6.71875, 6.75, 6.8125, 6.875, 7.03125, 7.09375, 7.125, 7.15625, 7.1875, 7.25, 7.3125, 7.34375, 7.46875, 7.71875, 7.9375, 8.0, 8.03125, 8.09375, 8.21875, 8.3125, 8.5, 8.5625, 8.625, 8.65625, 8.6875, 8.78125, 8.84375, 9.0, 9.15625, 9.375, 9.4375, 9.5, 9.59375, 9.625, 10.1875]}}