{"percentile": {"x": [0.03333333333333333, 0.23333333333333334, 4.9, 5.1, 6.2, 6.7, 6.9, 6.933333333333334, 7.0, 7.166666666666667, 7.266666666666667, 7.4, 7.5, 7.7, 7.8, 7.866666666666667, 7.966666666666667, 8.0, 8.066666666666666, 8.133333333333333, 8.2, 8.3, 8.333333333333334, 8.366666666666667, 8.466666666666667, 8.566666666666666, 8.6, 8.666666666666666, 8.7, 8.733333333333333, 8.766666666666667, 8.8, 8.833333333333334, 8.866666666666667, 8.9, 8.933333333333334, 8.966666666666667, 9.0, 9.1, 9.133333333333333, 9.166666666666666, 9.233333333333333, 9.266666666666667, 9.366666666666667, 9.4, 9.433333333333334, 9.466666666666667, 9.5, 9.533333333333333, 9.6, 9.633333333333333, 9.7, 9.733333333333333, 9.766666666666667, 9.8, 9.866666666666667, 9.9, 9.933333333333334, 9.966666666666667, 10.0, 10.1, 10.133333333333333, 10.233333333333333, 10.266666666666667, 10.3, 10.333333333333334, 10.366666666666667, 10.433333333333334, 10.466666666666667, 10.533333333333333, 10.566666666666666, 10.633333333333333, 10.7, 10.733333333333333, 10.8, 11.066666666666666, 11.166666666666666, 11.2, 11.266666666666667, 11.4, 11.433333333333334, 11.633333333333333, 11.8, 11.866666666666667, 13.1], "y": [0.0, 0.7, 1.5, 2.2, 3.0, 3.7, 4.5, 5.3, 6.0, 7.5, 8.3, 9.8, 10.6, 12.1, 12.8, 14.3, 15.1, 15.9, 19.6, 20.4, 21.2, 21.9, 22.7, 23.4, 25.0, 26.5, 27.2, 28.7, 29.5, 31.8, 33.3, 34.0, 34.8, 36.3, 37.1, 37.8, 38.6, 40.1, 40.9, 42.4, 43.9, 44.6, 46.2, 47.7, 48.4, 49.2, 50.0, 51.5, 52.2, 54.5, 58.3, 61.3, 63.6, 64.3, 67.4, 68.1, 68.9, 69.6, 70.4, 71.2, 73.4, 74.2, 75.0, 76.5, 78.0, 78.7, 79.5, 81.8, 83.3, 84.8, 86.3, 87.8, 90.1, 90.9, 91.6, 92.4, 93.1, 93.9, 95.4, 96.2, 96.9, 97.7, 98.4, 99.2, 100.0]}, "histogram": {"x": [0.0, 1.0, 2.0, 3.0, 4.0, 5.0, 6.0, 7.0, 8.0, 9.0, 10.0, 11.0, 12.0, 13.0, 14.0, 15.0], "y": [2, 0, 0, 0, 1, 1, 4, 13, 32, 41, 28, 10, 0, 1, 0, 0]}}