{"percentile": {"y": [0.0, 0.7, 1.0, 1.4, 1.8, 2.1, 2.5, 2.8, 3.2, 3.6, 4.3, 4.7, 5.0, 5.4, 6.1, 6.5, 6.8, 7.2, 8.3, 9.0, 10.5, 11.2, 11.9, 13.7, 14.1, 14.8, 15.2, 15.5, 16.3, 17.0, 17.7, 18.4, 19.2, 19.9, 21.0, 22.1, 24.6, 26.4, 27.1, 27.5, 28.6, 28.9, 30.0, 31.5, 32.6, 33.6, 34.0, 34.4, 38.7, 39.1, 39.4, 39.8, 40.5, 42.0, 42.3, 42.7, 43.1, 43.4, 44.9, 45.6, 47.1, 47.4, 52.5, 54.3, 55.4, 56.1, 57.6, 59.0, 60.8, 62.3, 63.0, 63.7, 64.8, 66.6, 69.9, 70.2, 70.6, 71.0, 71.3, 72.1, 72.4, 73.1, 73.5, 74.6, 76.0, 76.8, 77.5, 78.2, 80.7, 81.8, 82.2, 82.9, 83.3, 84.0, 84.7, 85.8, 86.5, 87.6, 88.0, 88.4, 89.8, 90.2, 90.9, 91.3, 91.6, 92.7, 93.1, 93.4, 96.0, 96.3, 96.7, 97.1, 97.4, 97.8, 98.1, 98.5, 98.9, 99.2, 99.6, 100.0], "x": [0.2, 4.033333333333333, 4.4, 5.466666666666667, 5.533333333333333, 5.566666666666666, 5.633333333333333, 5.833333333333333, 5.866666666666667, 6.0, 6.066666666666666, 6.133333333333334, 6.266666666666667, 6.333333333333333, 6.4, 6.466666666666667, 6.6, 6.666666666666667, 6.7, 6.733333333333333, 6.8, 6.933333333333334, 7.0, 7.033333333333333, 7.066666666666666, 7.1, 7.133333333333334, 7.166666666666667, 7.233333333333333, 7.266666666666667, 7.3, 7.4, 7.433333333333334, 7.5, 7.533333333333333, 7.6, 7.633333333333333, 7.666666666666667, 7.7, 7.733333333333333, 7.766666666666667, 7.8, 7.833333333333333, 7.866666666666667, 7.9, 7.933333333333334, 7.966666666666667, 8.0, 8.033333333333333, 8.133333333333333, 8.166666666666666, 8.2, 8.266666666666667, 8.3, 8.333333333333334, 8.366666666666667, 8.4, 8.433333333333334, 8.466666666666667, 8.5, 8.566666666666666, 8.6, 8.633333333333333, 8.666666666666666, 8.7, 8.733333333333333, 8.766666666666667, 8.8, 8.833333333333334, 8.866666666666667, 8.9, 8.933333333333334, 8.966666666666667, 9.0, 9.033333333333333, 9.066666666666666, 9.1, 9.133333333333333, 9.166666666666666, 9.2, 9.266666666666667, 9.333333333333334, 9.4, 9.433333333333334, 9.5, 9.533333333333333, 9.566666666666666, 9.6, 9.633333333333333, 9.666666666666666, 9.7, 9.733333333333333, 9.766666666666667, 9.8, 9.833333333333334, 9.866666666666667, 9.9, 9.933333333333334, 10.233333333333333, 10.266666666666667, 10.3, 10.333333333333334, 10.366666666666667, 10.4, 10.433333333333334, 10.5, 10.566666666666666, 10.6, 10.633333333333333, 10.666666666666666, 10.7, 10.766666666666667, 10.866666666666667, 10.9, 10.933333333333334, 11.066666666666666, 11.266666666666667, 11.466666666666667, 11.566666666666666, 11.966666666666667]}, "histogram": {"y": [2, 0, 0, 0, 2, 6, 23, 62, 89, 59, 29, 5, 0, 0], "x": [0.0, 1.0, 2.0, 3.0, 4.0, 5.0, 6.0, 7.0, 8.0, 9.0, 10.0, 11.0, 12.0, 13.0]}}