{"percentile": {"y": [0.0, 0.3, 0.7, 1.0, 1.4, 2.1, 2.5, 3.2, 3.6, 4.0, 4.3, 4.7, 5.1, 5.4, 5.8, 6.2, 6.5, 7.3, 7.6, 8.0, 8.4, 8.7, 9.5, 9.8, 10.2, 10.6, 10.9, 11.3, 11.7, 13.5, 14.6, 15.0, 15.3, 15.7, 16.8, 17.2, 19.0, 20.1, 20.5, 21.2, 21.6, 22.3, 22.7, 23.4, 23.8, 24.5, 24.9, 25.2, 25.6, 26.3, 26.7, 27.1, 27.4, 28.2, 28.9, 29.3, 30.0, 31.8, 33.3, 34.0, 36.2, 37.3, 37.7, 38.0, 38.8, 39.5, 39.9, 40.6, 41.0, 42.4, 43.2, 43.5, 44.3, 45.0, 46.5, 46.8, 47.2, 47.6, 47.9, 48.3, 49.0, 50.5, 52.0, 53.1, 54.2, 54.9, 56.4, 57.1, 57.8, 58.9, 59.7, 60.8, 61.5, 61.9, 62.2, 62.6, 63.0, 66.3, 66.6, 67.7, 68.4, 69.5, 70.3, 70.6, 71.0, 71.7, 72.8, 74.3, 74.7, 75.8, 76.9, 78.7, 79.8, 80.2, 80.5, 81.6, 82.4, 82.7, 83.1, 83.5, 84.2, 85.3, 85.7, 86.0, 86.8, 87.1, 87.5, 88.6, 90.1, 90.4, 90.8, 91.2, 91.5, 91.9, 92.3, 92.6, 93.0, 93.4, 93.7, 94.1, 94.5, 95.2, 96.3, 96.7, 97.0, 97.4, 98.1, 98.5, 98.9, 99.2, 100.0], "x": [0.13333333333333333, 0.26666666666666666, 0.5, 1.1666666666666667, 2.0, 2.033333333333333, 2.1666666666666665, 2.3333333333333335, 2.4, 2.4333333333333336, 2.5, 2.8, 2.8666666666666667, 3.1, 3.3666666666666667, 3.4333333333333336, 3.533333333333333, 3.5666666666666664, 3.6333333333333333, 3.9, 3.966666666666667, 4.066666666666666, 4.133333333333334, 4.2, 4.4, 4.433333333333334, 4.466666666666667, 4.533333333333333, 4.6, 4.633333333333333, 4.7, 4.9, 4.966666666666667, 5.0, 5.033333333333333, 5.1, 5.133333333333334, 5.166666666666667, 5.233333333333333, 5.266666666666667, 5.333333333333333, 5.4, 5.433333333333334, 5.566666666666666, 5.6, 5.666666666666667, 5.733333333333333, 5.833333333333333, 5.9, 5.933333333333334, 5.966666666666667, 6.0, 6.033333333333333, 6.066666666666666, 6.1, 6.133333333333334, 6.166666666666667, 6.2, 6.233333333333333, 6.266666666666667, 6.333333333333333, 6.366666666666666, 6.4, 6.433333333333334, 6.466666666666667, 6.5, 6.533333333333333, 6.566666666666666, 6.6, 6.633333333333333, 6.666666666666667, 6.7, 6.733333333333333, 6.766666666666667, 6.8, 6.833333333333333, 6.866666666666667, 6.9, 6.933333333333334, 6.966666666666667, 7.0, 7.033333333333333, 7.066666666666666, 7.1, 7.133333333333334, 7.166666666666667, 7.2, 7.233333333333333, 7.266666666666667, 7.333333333333333, 7.366666666666666, 7.433333333333334, 7.466666666666667, 7.5, 7.533333333333333, 7.566666666666666, 7.6, 7.633333333333333, 7.666666666666667, 7.733333333333333, 7.766666666666667, 7.833333333333333, 7.866666666666667, 7.9, 7.966666666666667, 8.0, 8.033333333333333, 8.066666666666666, 8.1, 8.133333333333333, 8.166666666666666, 8.2, 8.233333333333333, 8.266666666666667, 8.3, 8.366666666666667, 8.433333333333334, 8.466666666666667, 8.533333333333333, 8.6, 8.633333333333333, 8.666666666666666, 8.833333333333334, 8.866666666666667, 8.9, 8.933333333333334, 9.0, 9.033333333333333, 9.066666666666666, 9.1, 9.233333333333333, 9.266666666666667, 9.3, 9.366666666666667, 9.433333333333334, 9.533333333333333, 9.633333333333333, 9.666666666666666, 9.766666666666667, 9.8, 9.933333333333334, 10.0, 10.133333333333333, 10.233333333333333, 10.266666666666667, 10.5, 10.666666666666666, 10.833333333333334, 11.0, 11.033333333333333, 11.2]}, "histogram": {"y": [3, 1, 11, 9, 19, 31, 60, 62, 43, 21, 10, 4, 0, 0], "x": [0.0, 1.0, 2.0, 3.0, 4.0, 5.0, 6.0, 7.0, 8.0, 9.0, 10.0, 11.0, 12.0, 13.0]}}