{"percentile": {"y": [0.0, 1.2, 2.5, 5.0, 7.5, 8.8, 10.1, 11.3, 12.6, 13.9, 15.1, 16.4, 17.7, 18.9, 20.2, 21.5, 22.7, 26.5, 27.8, 29.1, 30.3, 31.6, 32.9, 40.5, 41.7, 43.0, 44.3, 46.8, 48.1, 49.3, 51.8, 54.4, 56.9, 58.2, 62.0, 63.2, 65.8, 67.0, 69.6, 70.8, 72.1, 73.4, 74.6, 75.9, 81.0, 82.2, 83.5, 87.3, 88.6, 89.8, 91.1, 92.4, 93.6, 94.9, 96.2, 97.4, 98.7, 100.0], "x": [6.25, 6.53125, 6.5625, 6.59375, 6.625, 6.8125, 6.90625, 6.96875, 7.0, 7.0625, 7.15625, 7.21875, 7.46875, 7.53125, 7.5625, 7.59375, 7.65625, 7.78125, 7.875, 8.0, 8.0625, 8.09375, 8.25, 8.28125, 8.4375, 8.53125, 8.5625, 8.59375, 8.625, 8.75, 8.78125, 8.84375, 8.90625, 9.0, 9.03125, 9.09375, 9.125, 9.15625, 9.1875, 9.21875, 9.34375, 9.375, 9.40625, 9.5625, 9.65625, 9.84375, 10.0, 10.25, 10.28125, 10.375, 10.5625, 10.84375, 10.875, 11.125, 11.5625, 11.78125, 12.0, 12.40625]}, "histogram": {"y": [10, 13, 23, 20, 9, 3, 2, 0, 0], "x": [6.0, 7.0, 8.0, 9.0, 10.0, 11.0, 12.0, 13.0, 14.0]}}