{"percentile": {"x": [0.03125, 0.28125, 0.3125, 0.34375, 0.46875, 0.5625, 3.0, 4.46875, 4.8125, 4.9375, 5.0, 5.8125, 5.84375, 6.0, 6.25, 6.34375, 6.53125, 6.5625, 6.875, 6.90625, 6.9375, 7.0, 7.0625, 7.15625, 7.21875, 7.25, 7.28125, 7.34375, 7.375, 7.40625, 7.4375, 7.5, 7.53125, 7.5625, 7.59375, 7.625, 7.65625, 7.71875, 7.75, 7.78125, 7.8125, 7.84375, 7.875, 7.90625, 7.9375, 7.96875, 8.0, 8.03125, 8.0625, 8.09375, 8.125, 8.15625, 8.1875, 8.21875, 8.25, 8.28125, 8.3125, 8.34375, 8.375, 8.40625, 8.4375, 8.46875, 8.5, 8.53125, 8.5625, 8.59375, 8.625, 8.65625, 8.6875, 8.71875, 8.75, 8.78125, 8.8125, 8.84375, 8.875, 8.90625, 8.9375, 8.96875, 9.0, 9.03125, 9.0625, 9.09375, 9.125, 9.15625, 9.1875, 9.21875, 9.25, 9.28125, 9.3125, 9.34375, 9.375, 9.40625, 9.4375, 9.46875, 9.5, 9.53125, 9.5625, 9.59375, 9.625, 9.65625, 9.6875, 9.71875, 9.75, 9.78125, 9.8125, 9.84375, 9.875, 9.90625, 9.9375, 9.96875, 10.0, 10.03125, 10.0625, 10.09375, 10.125, 10.15625, 10.1875, 10.21875, 10.25, 10.28125, 10.3125, 10.34375, 10.375, 10.40625, 10.4375, 10.46875, 10.5, 10.53125, 10.5625, 10.59375, 10.625, 10.65625, 10.6875, 10.71875, 10.75, 10.78125, 10.8125, 10.84375, 10.875, 10.90625, 10.9375, 10.96875, 11.0, 11.03125, 11.0625, 11.09375, 11.15625, 11.1875, 11.21875, 11.25, 11.28125, 11.3125, 11.34375, 11.375, 11.40625, 11.4375, 11.46875, 11.5, 11.53125, 11.5625, 11.59375, 11.625, 11.65625, 11.6875, 11.71875, 11.75, 11.78125, 11.8125, 11.84375, 11.875, 11.9375, 11.96875, 12.0, 12.0625, 12.09375, 12.125, 12.1875, 12.25, 12.3125, 12.34375, 12.375, 12.40625, 12.4375, 12.46875, 12.5, 12.53125, 12.5625, 12.59375, 12.65625, 12.6875, 12.71875, 12.75, 12.78125, 12.8125, 12.84375, 12.875, 12.90625, 12.9375, 12.96875, 13.0, 13.03125, 13.125, 13.25, 13.3125, 13.375, 13.40625, 13.4375, 13.5, 13.5625, 13.625, 13.8125, 13.84375, 13.9375, 14.03125, 14.5625, 14.84375], "y": [0.0, 0.2, 0.3, 0.4, 0.5, 0.6, 0.7, 0.8, 0.9, 1.0, 1.1, 1.1, 1.2, 1.3, 1.6, 1.6, 1.7, 1.8, 1.9, 2.1, 2.2, 2.3, 2.6, 2.7, 2.7, 2.9, 3.0, 3.2, 3.3, 3.4, 3.8, 4.1, 4.2, 4.3, 4.7, 4.8, 5.0, 5.2, 5.4, 5.5, 5.5, 5.8, 5.9, 6.0, 6.1, 6.2, 6.3, 7.7, 7.8, 8.3, 8.6, 9.1, 9.3, 9.4, 9.5, 10.5, 11.0, 11.3, 11.8, 12.1, 12.8, 13.2, 13.4, 13.5, 13.9, 16.2, 16.7, 17.7, 18.1, 18.7, 19.0, 19.3, 20.0, 20.3, 20.9, 21.8, 22.1, 23.0, 23.3, 26.4, 26.8, 27.2, 27.5, 27.8, 28.2, 28.4, 29.0, 30.8, 31.9, 33.0, 33.6, 34.0, 34.6, 35.1, 35.9, 36.6, 36.9, 41.8, 42.6, 43.1, 43.8, 44.7, 45.4, 45.9, 46.2, 46.6, 47.4, 48.3, 49.0, 49.9, 50.5, 54.0, 54.6, 54.9, 55.3, 55.8, 56.4, 57.2, 57.5, 60.3, 61.2, 62.2, 62.7, 63.3, 64.7, 65.2, 65.9, 66.7, 67.0, 69.8, 70.9, 71.4, 71.8, 72.4, 72.7, 73.1, 73.5, 74.3, 74.8, 75.4, 75.9, 76.5, 77.0, 79.6, 79.7, 79.9, 80.3, 80.6, 80.8, 81.2, 82.2, 82.9, 83.6, 84.0, 84.5, 84.8, 85.3, 85.9, 86.1, 86.5, 88.2, 88.4, 88.5, 88.9, 89.3, 89.8, 90.4, 90.7, 91.0, 91.6, 91.7, 92.1, 92.1, 92.9, 93.1, 93.3, 93.5, 93.6, 94.2, 94.5, 94.9, 95.0, 95.3, 95.5, 95.5, 95.7, 96.0, 96.4, 96.6, 96.7, 96.9, 97.1, 97.2, 97.4, 97.5, 97.6, 97.7, 97.8, 97.9, 98.0, 98.4, 98.5, 98.6, 98.8, 98.9, 99.0, 99.1, 99.2, 99.3, 99.4, 99.4, 99.5, 99.6, 99.7, 99.9, 100.0]}, "histogram": {"x": [0.0, 1.0, 2.0, 3.0, 4.0, 5.0, 6.0, 7.0, 8.0, 9.0, 10.0, 11.0, 12.0, 13.0, 14.0, 15.0, 16.0], "y": [9, 0, 0, 1, 3, 3, 12, 47, 200, 321, 313, 178, 69, 20, 4, 0, 0]}}