{"percentile": {"y": [0.0, 1.0, 2.1, 3.1, 4.2, 5.2, 6.3, 7.3, 8.4, 9.4, 10.5, 11.5, 12.6, 13.6, 14.7, 16.8, 17.8, 18.9, 20.0, 21.0, 24.2, 25.2, 27.3, 29.4, 30.5, 31.5, 32.6, 33.6, 35.7, 37.8, 38.9, 41.0, 43.1, 44.2, 45.2, 46.3, 47.3, 51.5, 52.6, 53.6, 55.7, 56.8, 57.8, 58.9, 62.1, 63.1, 64.2, 65.2, 66.3, 67.3, 68.4, 70.5, 71.5, 72.6, 73.6, 74.7, 75.7, 76.8, 77.8, 78.9, 80.0, 82.1, 84.2, 86.3, 88.4, 89.4, 90.5, 91.5, 92.6, 93.6, 94.7, 95.7, 96.8, 97.8, 98.9, 100.0], "x": [0.03333333333333333, 0.06666666666666667, 0.23333333333333334, 1.9666666666666668, 2.0, 3.0, 3.1666666666666665, 3.2333333333333334, 3.7666666666666666, 4.033333333333333, 4.266666666666667, 4.8, 4.933333333333334, 5.0, 5.233333333333333, 5.266666666666667, 5.666666666666667, 5.9, 5.933333333333334, 6.0, 6.1, 6.133333333333334, 6.233333333333333, 6.366666666666666, 6.4, 6.433333333333334, 6.466666666666667, 6.6, 6.666666666666667, 6.833333333333333, 6.866666666666667, 6.9, 6.933333333333334, 7.0, 7.066666666666666, 7.1, 7.133333333333334, 7.166666666666667, 7.3, 7.333333333333333, 7.466666666666667, 7.5, 7.533333333333333, 7.6, 7.633333333333333, 7.7, 8.0, 8.066666666666666, 8.133333333333333, 8.166666666666666, 8.2, 8.266666666666667, 8.4, 8.566666666666666, 8.6, 8.633333333333333, 8.666666666666666, 8.766666666666667, 8.8, 8.9, 9.0, 9.033333333333333, 9.1, 9.133333333333333, 9.166666666666666, 9.266666666666667, 9.5, 9.6, 9.633333333333333, 10.1, 10.166666666666666, 10.2, 10.433333333333334, 10.5, 10.9, 11.766666666666667]}, "histogram": {"y": [3, 1, 1, 4, 4, 7, 22, 19, 15, 13, 6, 1, 0, 0], "x": [0.0, 1.0, 2.0, 3.0, 4.0, 5.0, 6.0, 7.0, 8.0, 9.0, 10.0, 11.0, 12.0, 13.0]}}