{"percentile": {"y": [0.0, 0.0, 0.1, 0.2, 0.4, 0.7, 0.7, 0.8, 0.9, 1.0, 1.0, 1.1, 1.2, 1.2, 1.3, 1.4, 1.5, 1.7, 1.7, 1.8, 1.9, 2.0, 2.0, 2.1, 2.2, 2.4, 2.5, 2.6, 2.7, 2.7, 2.8, 2.9, 3.1, 3.2, 3.2, 3.4, 3.5, 3.7, 3.7, 3.9, 4.5, 4.9, 5.0, 5.2, 5.4, 5.5, 5.7, 6.0, 6.2, 7.3, 7.3, 7.4, 7.5, 7.9, 8.0, 8.3, 9.3, 9.5, 10.1, 10.2, 10.6, 11.0, 11.4, 11.5, 11.9, 13.5, 14.0, 14.7, 15.3, 15.7, 16.2, 16.8, 17.1, 17.3, 17.8, 18.4, 18.6, 20.4, 20.7, 21.3, 21.6, 22.1, 22.7, 23.3, 23.6, 25.0, 25.2, 25.9, 26.6, 27.4, 28.0, 28.4, 29.0, 30.1, 30.3, 33.8, 35.4, 36.3, 37.2, 38.2, 38.6, 39.5, 40.2, 40.8, 41.6, 42.2, 43.0, 47.0, 47.8, 48.3, 48.9, 49.5, 50.3, 50.8, 51.3, 52.8, 53.6, 54.6, 55.2, 55.9, 57.4, 58.5, 59.6, 60.2, 60.7, 64.6, 66.4, 67.2, 68.0, 69.2, 70.0, 70.7, 71.4, 72.4, 73.0, 74.1, 74.8, 77.1, 77.5, 77.8, 78.0, 78.5, 78.9, 79.3, 79.5, 80.6, 80.9, 81.6, 82.3, 82.7, 83.5, 83.9, 84.3, 84.6, 85.1, 87.4, 87.8, 88.1, 88.7, 89.0, 89.6, 89.8, 90.3, 90.6, 91.1, 91.7, 92.1, 93.1, 93.2, 93.3, 93.4, 93.7, 93.7, 94.0, 94.4, 94.7, 94.9, 95.0, 95.2, 95.3, 95.6, 95.9, 96.4, 96.4, 96.7, 96.8, 97.1, 97.3, 97.6, 97.7, 97.9, 97.9, 98.0, 98.1, 98.2, 98.2, 98.5, 98.7, 98.7, 98.8, 98.9, 98.9, 99.1, 99.2, 99.2, 99.3, 99.5, 99.7, 99.7, 99.8, 99.9, 100.0], "x": [0.03333333333333333, 0.06666666666666667, 0.23333333333333334, 0.26666666666666666, 0.3, 0.3333333333333333, 4.0, 4.233333333333333, 4.7, 4.833333333333333, 5.066666666666666, 5.166666666666667, 5.2, 5.233333333333333, 5.266666666666667, 5.366666666666666, 5.433333333333334, 5.5, 5.6, 5.666666666666667, 5.7, 5.8, 5.866666666666667, 5.9, 5.933333333333334, 6.0, 6.033333333333333, 6.1, 6.166666666666667, 6.2, 6.233333333333333, 6.266666666666667, 6.3, 6.333333333333333, 6.366666666666666, 6.433333333333334, 6.5, 6.533333333333333, 6.566666666666666, 6.6, 6.666666666666667, 6.7, 6.733333333333333, 6.833333333333333, 6.866666666666667, 6.9, 6.933333333333334, 6.966666666666667, 7.0, 7.033333333333333, 7.066666666666666, 7.1, 7.133333333333334, 7.166666666666667, 7.233333333333333, 7.266666666666667, 7.3, 7.333333333333333, 7.366666666666666, 7.4, 7.433333333333334, 7.466666666666667, 7.533333333333333, 7.566666666666666, 7.6, 7.633333333333333, 7.666666666666667, 7.7, 7.733333333333333, 7.766666666666667, 7.8, 7.833333333333333, 7.866666666666667, 7.9, 7.933333333333334, 7.966666666666667, 8.0, 8.033333333333333, 8.066666666666666, 8.1, 8.133333333333333, 8.166666666666666, 8.2, 8.233333333333333, 8.266666666666667, 8.3, 8.333333333333334, 8.366666666666667, 8.4, 8.433333333333334, 8.466666666666667, 8.5, 8.533333333333333, 8.566666666666666, 8.6, 8.633333333333333, 8.666666666666666, 8.7, 8.733333333333333, 8.766666666666667, 8.8, 8.833333333333334, 8.866666666666667, 8.9, 8.933333333333334, 8.966666666666667, 9.0, 9.033333333333333, 9.066666666666666, 9.1, 9.133333333333333, 9.166666666666666, 9.2, 9.233333333333333, 9.266666666666667, 9.3, 9.333333333333334, 9.366666666666667, 9.4, 9.433333333333334, 9.466666666666667, 9.5, 9.533333333333333, 9.566666666666666, 9.6, 9.633333333333333, 9.666666666666666, 9.7, 9.733333333333333, 9.766666666666667, 9.8, 9.833333333333334, 9.866666666666667, 9.9, 9.933333333333334, 9.966666666666667, 10.0, 10.033333333333333, 10.066666666666666, 10.1, 10.133333333333333, 10.166666666666666, 10.2, 10.233333333333333, 10.266666666666667, 10.3, 10.333333333333334, 10.366666666666667, 10.4, 10.433333333333334, 10.466666666666667, 10.5, 10.533333333333333, 10.566666666666666, 10.6, 10.633333333333333, 10.666666666666666, 10.7, 10.733333333333333, 10.766666666666667, 10.8, 10.833333333333334, 10.866666666666667, 10.9, 10.933333333333334, 10.966666666666667, 11.0, 11.1, 11.133333333333333, 11.166666666666666, 11.2, 11.233333333333333, 11.266666666666667, 11.3, 11.333333333333334, 11.366666666666667, 11.4, 11.433333333333334, 11.5, 11.533333333333333, 11.566666666666666, 11.6, 11.633333333333333, 11.666666666666666, 11.7, 11.733333333333333, 11.766666666666667, 11.8, 11.833333333333334, 11.9, 11.966666666666667, 12.0, 12.066666666666666, 12.266666666666667, 12.3, 12.333333333333334, 12.366666666666667, 12.4, 12.466666666666667, 12.533333333333333, 12.566666666666666, 12.6, 12.633333333333333, 12.733333333333333, 12.8, 12.833333333333334, 12.9, 13.0, 13.333333333333334, 13.533333333333333, 13.6, 15.266666666666667]}, "histogram": {"y": [11, 0, 0, 0, 4, 19, 53, 173, 342, 443, 243, 81, 24, 4, 0, 1, 0, 0], "x": [0.0, 1.0, 2.0, 3.0, 4.0, 5.0, 6.0, 7.0, 8.0, 9.0, 10.0, 11.0, 12.0, 13.0, 14.0, 15.0, 16.0, 17.0]}}