{"percentile": {"y": [0.0, 0.3, 0.7, 1.1, 1.5, 1.9, 2.3, 2.7, 3.1, 3.5, 3.9, 4.3, 4.7, 5.1, 5.5, 5.9, 6.3, 6.7, 7.1, 7.5, 8.3, 8.7, 9.1, 9.5, 10.7, 11.1, 12.7, 13.9, 15.1, 15.5, 16.3, 16.7, 17.5, 18.7, 20.7, 21.5, 23.1, 23.9, 24.3, 25.0, 25.4, 25.8, 27.8, 29.4, 32.2, 32.6, 33.8, 35.4, 36.6, 37.8, 39.4, 40.2, 40.6, 41.0, 41.8, 42.2, 47.8, 48.6, 49.4, 49.8, 50.5, 50.9, 51.7, 52.5, 52.9, 54.1, 56.5, 56.9, 57.3, 57.7, 58.9, 59.3, 60.5, 63.3, 65.3, 65.7, 66.5, 66.9, 68.1, 68.5, 68.9, 70.1, 71.3, 73.3, 74.1, 74.5, 75.2, 76.0, 77.2, 78.0, 80.0, 80.8, 81.2, 81.6, 83.2, 83.6, 84.0, 85.6, 86.0, 87.6, 88.0, 89.6, 90.4, 91.2, 92.0, 92.4, 93.2, 94.0, 94.4, 94.8, 96.0, 96.4, 96.8, 97.2, 97.6, 98.0, 98.4, 98.8, 99.2, 99.6, 100.0], "x": [0.26666666666666666, 4.0, 4.2, 4.266666666666667, 5.033333333333333, 5.533333333333333, 5.7, 5.8, 5.833333333333333, 5.933333333333334, 5.966666666666667, 6.0, 6.133333333333334, 6.5, 6.6, 6.666666666666667, 6.733333333333333, 6.766666666666667, 6.866666666666667, 7.0, 7.033333333333333, 7.066666666666666, 7.133333333333334, 7.166666666666667, 7.2, 7.266666666666667, 7.333333333333333, 7.366666666666666, 7.4, 7.433333333333334, 7.466666666666667, 7.533333333333333, 7.566666666666666, 7.6, 7.633333333333333, 7.666666666666667, 7.733333333333333, 7.766666666666667, 7.8, 7.833333333333333, 7.9, 7.933333333333334, 7.966666666666667, 8.0, 8.1, 8.133333333333333, 8.266666666666667, 8.3, 8.333333333333334, 8.366666666666667, 8.4, 8.433333333333334, 8.466666666666667, 8.5, 8.533333333333333, 8.6, 8.633333333333333, 8.666666666666666, 8.7, 8.766666666666667, 8.833333333333334, 8.866666666666667, 8.9, 8.933333333333334, 8.966666666666667, 9.0, 9.033333333333333, 9.066666666666666, 9.1, 9.133333333333333, 9.2, 9.233333333333333, 9.266666666666667, 9.3, 9.333333333333334, 9.366666666666667, 9.4, 9.433333333333334, 9.466666666666667, 9.5, 9.533333333333333, 9.566666666666666, 9.6, 9.633333333333333, 9.666666666666666, 9.7, 9.733333333333333, 9.766666666666667, 9.8, 9.833333333333334, 9.866666666666667, 9.9, 9.933333333333334, 10.0, 10.033333333333333, 10.133333333333333, 10.2, 10.233333333333333, 10.266666666666667, 10.3, 10.333333333333334, 10.366666666666667, 10.433333333333334, 10.6, 10.633333333333333, 10.666666666666666, 10.733333333333333, 10.8, 10.866666666666667, 10.933333333333334, 10.966666666666667, 11.0, 11.366666666666667, 11.433333333333334, 11.533333333333333, 11.566666666666666, 11.6, 11.766666666666667, 11.9, 12.0, 12.633333333333333]}, "histogram": {"y": [1, 0, 0, 0, 3, 7, 8, 55, 62, 69, 37, 8, 2, 0], "x": [0.0, 1.0, 2.0, 3.0, 4.0, 5.0, 6.0, 7.0, 8.0, 9.0, 10.0, 11.0, 12.0, 13.0]}}