{"percentile": {"x": [5.375, 5.5, 5.5625, 5.625, 5.71875, 5.75, 5.875, 6.0, 6.03125, 6.21875, 6.25, 6.28125, 6.3125, 6.375, 6.46875, 6.5625, 6.65625, 6.75, 6.8125, 6.84375, 6.875, 6.90625, 6.9375, 7.0, 7.09375, 7.125, 7.21875, 7.25, 7.3125, 7.34375, 7.375, 7.40625, 7.4375, 7.46875, 7.5, 7.53125, 7.5625, 7.59375, 7.625, 7.65625, 7.6875, 7.71875, 7.75, 7.78125, 7.8125, 7.875, 7.9375, 7.96875, 8.0, 8.0625, 8.125, 8.15625, 8.1875, 8.21875, 8.25, 8.28125, 8.3125, 8.34375, 8.375, 8.40625, 8.4375, 8.46875, 8.5, 8.53125, 8.5625, 8.59375, 8.625, 8.65625, 8.6875, 8.71875, 8.75, 8.78125, 8.8125, 8.84375, 8.875, 8.90625, 8.9375, 8.96875, 9.0, 9.03125, 9.0625, 9.09375, 9.125, 9.15625, 9.1875, 9.21875, 9.25, 9.28125, 9.3125, 9.34375, 9.375, 9.40625, 9.4375, 9.46875, 9.5, 9.53125, 9.5625, 9.59375, 9.625, 9.6875, 9.71875, 9.75, 9.84375, 9.875, 9.90625, 9.9375, 9.96875, 10.0, 10.0625, 10.09375, 10.125, 10.15625, 10.1875, 10.21875, 10.25, 10.28125, 10.3125, 10.34375, 10.40625, 10.4375, 10.5, 10.5625, 10.59375, 10.625, 10.65625, 10.6875, 10.75, 10.78125, 10.8125, 10.84375, 10.875, 10.90625, 10.9375, 11.0, 11.03125, 11.15625, 11.1875, 11.21875, 11.25, 11.3125, 11.4375, 11.46875, 11.5625, 11.625, 11.65625, 11.84375, 12.0, 12.25, 12.28125, 12.40625, 12.5, 12.5625, 13.9375], "y": [0.0, 0.2, 0.4, 0.7, 0.9, 1.1, 1.4, 1.6, 2.5, 2.8, 3.0, 3.7, 3.9, 4.2, 4.6, 4.9, 6.0, 6.3, 6.7, 7.0, 7.4, 7.7, 8.1, 8.4, 9.1, 9.6, 10.0, 10.7, 12.1, 12.6, 13.1, 14.0, 14.5, 14.9, 15.2, 15.4, 15.9, 17.7, 18.5, 18.9, 19.4, 19.6, 19.9, 20.1, 21.3, 21.5, 22.2, 23.1, 23.4, 26.2, 26.9, 27.8, 28.3, 28.8, 29.0, 31.3, 31.6, 32.0, 32.5, 32.7, 34.6, 34.8, 35.3, 36.0, 36.5, 40.7, 41.6, 42.1, 43.3, 43.7, 44.2, 44.9, 45.9, 46.3, 47.3, 48.0, 49.4, 49.8, 50.3, 51.9, 52.6, 53.1, 53.6, 54.3, 54.8, 55.5, 55.7, 56.9, 57.3, 58.7, 59.7, 59.9, 61.8, 62.7, 63.7, 64.1, 64.6, 68.1, 68.6, 69.3, 69.5, 70.2, 70.7, 71.8, 72.1, 72.8, 73.3, 73.5, 75.8, 76.1, 76.8, 77.2, 77.7, 78.2, 78.6, 81.4, 82.4, 83.3, 84.0, 84.3, 84.7, 85.0, 87.3, 87.5, 88.2, 88.7, 88.9, 89.4, 90.3, 90.8, 91.3, 91.8, 92.0, 92.2, 93.6, 93.9, 94.1, 94.3, 94.8, 95.0, 95.3, 95.5, 95.7, 96.9, 97.1, 97.6, 97.8, 98.1, 98.8, 99.0, 99.2, 99.5, 100.0]}, "histogram": {"x": [5.0, 6.0, 7.0, 8.0, 9.0, 10.0, 11.0, 12.0, 13.0, 14.0, 15.0], "y": [7, 29, 64, 115, 99, 80, 24, 9, 1, 0, 0]}}