{"percentile": {"x": [0.03125, 0.1875, 0.25, 0.40625, 0.96875, 3.84375, 4.0, 4.84375, 4.90625, 5.0, 5.15625, 5.1875, 5.25, 5.5625, 5.59375, 5.65625, 5.6875, 5.84375, 5.9375, 6.0, 6.0625, 6.09375, 6.15625, 6.1875, 6.25, 6.28125, 6.3125, 6.34375, 6.375, 6.40625, 6.4375, 6.53125, 6.5625, 6.59375, 6.625, 6.65625, 6.6875, 6.71875, 6.78125, 6.8125, 6.875, 6.90625, 7.0, 7.03125, 7.0625, 7.09375, 7.125, 7.15625, 7.1875, 7.21875, 7.25, 7.28125, 7.3125, 7.34375, 7.375, 7.40625, 7.4375, 7.46875, 7.5, 7.53125, 7.5625, 7.59375, 7.625, 7.65625, 7.6875, 7.71875, 7.75, 7.78125, 7.8125, 7.84375, 7.875, 7.90625, 7.9375, 7.96875, 8.0, 8.0625, 8.09375, 8.125, 8.15625, 8.1875, 8.21875, 8.25, 8.28125, 8.3125, 8.34375, 8.375, 8.40625, 8.4375, 8.46875, 8.5, 8.53125, 8.5625, 8.59375, 8.625, 8.65625, 8.6875, 8.71875, 8.75, 8.78125, 8.8125, 8.84375, 8.875, 8.90625, 8.9375, 8.96875, 9.0, 9.03125, 9.0625, 9.09375, 9.125, 9.15625, 9.1875, 9.21875, 9.25, 9.28125, 9.3125, 9.34375, 9.375, 9.40625, 9.4375, 9.46875, 9.5, 9.53125, 9.5625, 9.59375, 9.625, 9.65625, 9.6875, 9.71875, 9.75, 9.78125, 9.8125, 9.84375, 9.875, 9.90625, 9.9375, 9.96875, 10.0, 10.03125, 10.0625, 10.09375, 10.125, 10.15625, 10.1875, 10.21875, 10.25, 10.28125, 10.3125, 10.34375, 10.375, 10.40625, 10.4375, 10.46875, 10.5, 10.53125, 10.5625, 10.59375, 10.625, 10.65625, 10.6875, 10.71875, 10.75, 10.78125, 10.8125, 10.84375, 10.875, 10.90625, 10.9375, 10.96875, 11.0, 11.03125, 11.0625, 11.09375, 11.125, 11.15625, 11.1875, 11.21875, 11.25, 11.28125, 11.3125, 11.34375, 11.375, 11.40625, 11.4375, 11.46875, 11.5, 11.53125, 11.5625, 11.59375, 11.625, 11.65625, 11.6875, 11.71875, 11.78125, 11.8125, 11.84375, 11.875, 11.90625, 11.9375, 11.96875, 12.0, 12.03125, 12.125, 12.15625, 12.1875, 12.21875, 12.25, 12.28125, 12.3125, 12.34375, 12.375, 12.40625, 12.46875, 12.5, 12.5625, 12.59375, 12.625, 12.65625, 12.71875, 12.8125, 12.9375, 13.0, 13.03125, 13.09375, 13.125, 13.25, 13.28125, 13.375, 13.40625, 13.5625, 13.59375, 16.15625], "y": [0.0, 0.0, 0.1, 0.2, 0.3, 0.4, 0.5, 0.5, 0.6, 0.6, 0.7, 0.8, 0.8, 0.9, 1.0, 1.1, 1.2, 1.2, 1.3, 1.3, 1.6, 1.6, 1.7, 1.8, 1.8, 1.9, 2.0, 2.1, 2.1, 2.2, 2.3, 2.4, 2.5, 2.6, 2.9, 3.0, 3.1, 3.3, 3.4, 3.5, 3.7, 3.8, 3.9, 4.4, 4.4, 4.8, 4.8, 5.0, 5.1, 5.3, 5.4, 5.8, 6.0, 6.1, 6.3, 6.5, 6.9, 7.1, 7.3, 7.5, 7.6, 8.4, 8.7, 8.9, 9.1, 9.3, 9.4, 9.7, 10.0, 10.2, 10.3, 10.4, 10.8, 11.0, 11.3, 12.4, 12.7, 13.0, 13.6, 13.8, 14.4, 14.7, 16.3, 16.4, 16.9, 17.3, 18.0, 18.6, 19.0, 19.7, 20.1, 20.7, 22.8, 23.5, 23.7, 24.4, 24.8, 25.3, 25.8, 26.2, 26.9, 27.3, 27.6, 28.2, 28.6, 29.2, 32.2, 32.5, 32.9, 33.5, 34.2, 34.6, 35.0, 35.3, 37.0, 37.4, 38.2, 38.9, 39.7, 40.6, 41.7, 42.4, 43.2, 43.9, 47.1, 48.1, 48.6, 49.0, 49.9, 50.4, 51.4, 52.4, 53.1, 53.8, 54.7, 55.4, 55.9, 57.1, 60.5, 60.9, 61.3, 62.1, 63.4, 64.2, 64.4, 64.9, 66.7, 67.1, 67.6, 68.8, 69.4, 70.9, 71.2, 72.0, 73.0, 73.3, 75.5, 76.5, 76.7, 77.1, 77.5, 78.2, 78.6, 79.6, 80.3, 80.5, 81.0, 81.3, 82.2, 82.7, 84.9, 85.2, 85.5, 86.0, 86.2, 86.3, 86.5, 86.8, 88.0, 88.2, 88.4, 88.7, 89.7, 89.9, 90.6, 90.9, 91.1, 91.3, 92.9, 93.0, 93.1, 93.2, 93.8, 93.9, 94.1, 94.5, 94.6, 94.7, 95.0, 95.3, 95.5, 96.4, 96.5, 96.6, 96.7, 96.8, 96.8, 97.1, 97.2, 97.5, 97.7, 97.8, 98.0, 98.1, 98.2, 98.6, 98.7, 98.7, 98.8, 98.9, 98.9, 99.0, 99.1, 99.2, 99.3, 99.3, 99.5, 99.6, 99.7, 99.8, 99.9, 99.9]}, "histogram": {"x": [0.0, 1.0, 2.0, 3.0, 4.0, 5.0, 6.0, 7.0, 8.0, 9.0, 10.0, 11.0, 12.0, 13.0, 14.0, 15.0, 16.0, 17.0], "y": [10, 0, 0, 1, 3, 14, 51, 148, 358, 559, 513, 255, 71, 18, 0, 0, 2, 0]}}