{"percentile": {"y": [0.0, 3.1, 4.7, 6.3, 7.9, 9.5, 11.1, 12.6, 15.8, 17.4, 25.3, 26.9, 31.7, 33.3, 34.9, 36.5, 39.6, 41.2, 44.4, 46.0, 47.6, 49.2, 50.7, 52.3, 57.1, 58.7, 60.3, 61.9, 63.4, 65.0, 66.6, 69.8, 74.6, 76.1, 77.7, 79.3, 80.9, 82.5, 85.7, 87.3, 88.8, 90.4, 92.0, 93.6, 95.2, 96.8, 100.0], "x": [5.5625, 6.34375, 6.375, 6.5625, 6.75, 6.8125, 6.90625, 7.0, 7.125, 7.25, 7.34375, 7.5625, 7.65625, 7.78125, 7.96875, 8.0, 8.125, 8.3125, 8.375, 8.40625, 8.4375, 8.5, 8.53125, 8.5625, 8.59375, 8.6875, 8.71875, 8.75, 8.78125, 8.875, 8.9375, 9.0, 9.03125, 9.28125, 9.3125, 9.375, 9.40625, 9.5625, 9.625, 9.71875, 9.78125, 9.9375, 10.0, 10.25, 10.3125, 11.0, 12.3125]}, "histogram": {"y": [2, 6, 15, 21, 14, 3, 2, 1, 0], "x": [5.0, 6.0, 7.0, 8.0, 9.0, 10.0, 11.0, 12.0, 13.0]}}