{"percentile": {"y": [0.0, 8.3, 16.6, 25.0, 33.3, 41.6, 50.0, 58.3, 66.6, 75.0, 83.3, 91.6, 100.0], "x": [5.6875, 5.71875, 6.5, 6.53125, 7.0, 7.96875, 8.25, 8.40625, 8.5625, 9.25, 9.71875, 10.0, 10.125]}, "histogram": {"y": [2, 2, 2, 3, 2, 2], "x": [5.0, 6.0, 7.0, 8.0, 9.0, 10.0]}}