{"percentile": {"y": [0.0, 3.5, 5.3, 7.1, 8.9, 10.7, 12.5, 14.2, 16.0, 17.8, 19.6, 21.4, 23.2, 26.7, 30.3, 35.7, 37.5, 39.2, 42.8, 44.6, 46.4, 50.0, 57.1, 60.7, 62.5, 64.2, 67.8, 69.6, 71.4, 73.2, 75.0, 76.7, 80.3, 82.1, 83.9, 85.7, 87.5, 89.2, 94.6, 96.4, 98.2, 100.0], "x": [0.03333333333333333, 0.26666666666666666, 5.933333333333334, 6.0, 6.266666666666667, 6.733333333333333, 6.866666666666667, 7.0, 7.466666666666667, 7.633333333333333, 7.733333333333333, 7.833333333333333, 7.933333333333334, 7.966666666666667, 8.0, 8.033333333333333, 8.1, 8.2, 8.266666666666667, 8.4, 8.5, 8.6, 8.633333333333333, 8.666666666666666, 8.766666666666667, 8.866666666666667, 8.9, 9.0, 9.166666666666666, 9.333333333333334, 9.566666666666666, 9.6, 9.8, 10.0, 10.033333333333333, 10.266666666666667, 10.5, 10.6, 10.633333333333333, 11.0, 11.2, 11.533333333333333]}, "histogram": {"y": [3, 0, 0, 0, 0, 1, 4, 9, 22, 7, 8, 3, 0], "x": [0.0, 1.0, 2.0, 3.0, 4.0, 5.0, 6.0, 7.0, 8.0, 9.0, 10.0, 11.0, 12.0]}}