{"histogram": {"x": [0.0, 1.0, 2.0, 3.0, 4.0, 5.0, 6.0, 7.0, 8.0, 9.0, 10.0, 11.0, 12.0, 13.0], "y": [3, 3, 3, 9, 9, 28, 63, 101, 72, 58, 31, 4, 3, 0]}, "percentile": {"x": [0.03333333333333333, 0.16666666666666666, 1.0, 1.0333333333333334, 1.4666666666666668, 2.033333333333333, 2.066666666666667, 2.2333333333333334, 3.0, 3.033333333333333, 3.066666666666667, 3.2333333333333334, 3.7666666666666666, 3.8333333333333335, 4.066666666666666, 4.166666666666667, 4.2, 4.6, 4.633333333333333, 4.8, 4.833333333333333, 5.066666666666666, 5.1, 5.133333333333334, 5.166666666666667, 5.233333333333333, 5.266666666666667, 5.366666666666666, 5.4, 5.5, 5.533333333333333, 5.6, 5.666666666666667, 5.7, 5.733333333333333, 5.8, 5.866666666666667, 5.9, 5.933333333333334, 5.966666666666667, 6.0, 6.033333333333333, 6.066666666666666, 6.1, 6.133333333333334, 6.166666666666667, 6.2, 6.233333333333333, 6.266666666666667, 6.3, 6.4, 6.433333333333334, 6.466666666666667, 6.5, 6.533333333333333, 6.6, 6.633333333333333, 6.666666666666667, 6.7, 6.733333333333333, 6.833333333333333, 6.866666666666667, 6.9, 6.933333333333334, 7.0, 7.033333333333333, 7.066666666666666, 7.1, 7.133333333333334, 7.166666666666667, 7.2, 7.233333333333333, 7.266666666666667, 7.333333333333333, 7.366666666666666, 7.4, 7.433333333333334, 7.466666666666667, 7.5, 7.533333333333333, 7.566666666666666, 7.6, 7.633333333333333, 7.7, 7.733333333333333, 7.766666666666667, 7.8, 7.833333333333333, 7.866666666666667, 7.9, 7.933333333333334, 7.966666666666667, 8.0, 8.033333333333333, 8.066666666666666, 8.1, 8.133333333333333, 8.166666666666666, 8.2, 8.233333333333333, 8.266666666666667, 8.3, 8.333333333333334, 8.366666666666667, 8.4, 8.466666666666667, 8.5, 8.566666666666666, 8.6, 8.633333333333333, 8.666666666666666, 8.7, 8.733333333333333, 8.8, 8.833333333333334, 8.866666666666667, 8.933333333333334, 9.0, 9.033333333333333, 9.066666666666666, 9.1, 9.133333333333333, 9.166666666666666, 9.2, 9.233333333333333, 9.3, 9.333333333333334, 9.366666666666667, 9.433333333333334, 9.5, 9.566666666666666, 9.6, 9.633333333333333, 9.666666666666666, 9.7, 9.733333333333333, 9.766666666666667, 9.833333333333334, 9.866666666666667, 9.933333333333334, 9.966666666666667, 10.0, 10.033333333333333, 10.1, 10.133333333333333, 10.166666666666666, 10.2, 10.233333333333333, 10.266666666666667, 10.3, 10.4, 10.5, 10.533333333333333, 10.6, 10.633333333333333, 10.666666666666666, 10.833333333333334, 10.866666666666667, 11.0, 11.4, 11.6, 11.633333333333333, 12.0, 12.133333333333333, 12.3], "y": [0.0, 0.5, 0.7, 1.0, 1.2, 1.5, 1.8, 2.0, 2.3, 2.8, 3.3, 3.8, 4.1, 4.4, 4.6, 4.9, 5.4, 5.6, 6.2, 6.4, 6.7, 6.9, 7.2, 7.5, 8.0, 8.5, 9.0, 9.3, 9.5, 9.8, 10.1, 10.3, 10.8, 11.3, 12.1, 12.4, 12.9, 13.4, 13.7, 13.9, 14.2, 15.0, 15.2, 16.0, 16.5, 18.1, 18.9, 19.4, 20.9, 21.5, 22.2, 23.0, 24.0, 24.6, 25.3, 26.1, 27.7, 27.9, 28.4, 28.7, 29.0, 29.5, 29.7, 30.3, 30.5, 33.4, 34.7, 35.4, 36.7, 38.3, 39.3, 41.4, 43.2, 44.3, 44.8, 45.3, 46.3, 47.6, 47.9, 48.1, 48.9, 49.4, 51.0, 51.2, 51.5, 52.3, 53.1, 54.4, 54.6, 55.4, 55.6, 55.9, 56.7, 59.3, 59.5, 60.3, 60.6, 61.1, 62.1, 62.4, 63.2, 65.2, 65.8, 66.0, 66.5, 66.8, 67.3, 67.8, 68.9, 70.7, 70.9, 71.2, 72.0, 72.7, 73.0, 74.0, 74.6, 75.3, 77.7, 77.9, 78.7, 80.0, 81.3, 82.1, 82.3, 82.9, 83.6, 83.9, 84.1, 84.7, 85.2, 85.4, 86.0, 86.7, 87.5, 88.0, 88.3, 88.6, 89.3, 89.6, 89.8, 90.4, 90.9, 91.9, 92.4, 93.5, 93.7, 94.0, 94.8, 95.5, 95.8, 96.1, 96.3, 96.6, 97.1, 97.6, 97.9, 98.1, 98.4, 98.7, 98.9, 99.2, 99.4, 99.7, 100.0]}}