{"histogram": {"y": [10, 0, 3, 7, 31, 149, 412, 959, 1442, 1138, 472, 139, 27, 6, 0, 0], "x": [0.0, 1.0, 2.0, 3.0, 4.0, 5.0, 6.0, 7.0, 8.0, 9.0, 10.0, 11.0, 12.0, 13.0, 14.0, 15.0]}, "percentile": {"y": [0.0, 0.0, 0.1, 0.1, 0.2, 0.2, 0.2, 0.2, 0.3, 0.3, 0.3, 0.3, 0.4, 0.4, 0.4, 0.5, 0.5, 0.5, 0.5, 0.6, 0.6, 0.7, 0.7, 0.7, 0.8, 0.8, 0.8, 0.9, 0.9, 1.0, 1.0, 1.0, 1.1, 1.2, 1.2, 1.2, 1.3, 1.4, 1.4, 1.6, 1.6, 1.6, 1.7, 1.8, 2.0, 2.1, 2.2, 2.3, 2.4, 2.7, 2.9, 3.0, 3.2, 3.3, 3.4, 3.4, 3.6, 3.7, 3.8, 4.0, 4.1, 4.8, 4.8, 5.0, 5.1, 5.2, 5.4, 5.5, 5.6, 6.1, 6.1, 6.4, 6.6, 6.7, 7.1, 7.2, 7.4, 7.6, 7.6, 8.8, 9.2, 9.5, 9.9, 10.1, 10.5, 10.9, 11.2, 11.7, 12.1, 12.4, 12.7, 14.6, 14.9, 15.0, 15.3, 15.5, 15.9, 16.1, 16.2, 17.2, 17.6, 18.2, 18.7, 19.2, 20.3, 20.7, 21.0, 21.4, 22.0, 24.5, 25.4, 26.3, 27.0, 27.7, 28.5, 29.3, 30.0, 30.6, 31.4, 32.1, 32.7, 36.6, 36.9, 37.3, 37.8, 38.3, 38.7, 39.3, 39.8, 41.7, 42.5, 43.3, 44.1, 45.0, 46.0, 46.5, 47.3, 48.0, 48.4, 52.2, 53.5, 54.6, 55.3, 56.4, 57.4, 58.2, 59.0, 60.0, 60.9, 61.8, 62.8, 66.2, 66.4, 66.7, 67.2, 67.8, 68.1, 68.4, 68.7, 70.4, 71.1, 71.9, 72.6, 73.2, 74.2, 74.8, 75.3, 75.9, 76.5, 79.5, 80.4, 81.0, 81.8, 82.6, 83.1, 83.8, 84.5, 84.9, 85.4, 86.1, 86.5, 88.3, 88.5, 88.7, 88.9, 89.2, 89.4, 89.6, 89.8, 90.5, 90.8, 91.1, 91.4, 91.6, 92.0, 92.1, 92.4, 92.7, 92.9, 94.0, 94.3, 94.7, 94.9, 95.0, 95.2, 95.4, 95.6, 95.9, 96.1, 96.3, 96.4, 96.9, 97.0, 97.1, 97.2, 97.3, 97.3, 97.4, 97.4, 97.7, 97.8, 97.9, 97.9, 97.9, 98.1, 98.2, 98.2, 98.2, 98.3, 98.6, 98.7, 98.8, 98.9, 98.9, 99.0, 99.0, 99.1, 99.2, 99.2, 99.2, 99.3, 99.3, 99.4, 99.4, 99.5, 99.5, 99.6, 99.6, 99.7, 99.7, 99.7, 99.8, 99.8, 99.8, 99.8, 99.8, 99.9, 99.9, 99.9, 99.9, 100.0], "x": [0.03333333333333333, 0.23333333333333334, 0.26666666666666666, 0.3, 2.3666666666666667, 2.8, 2.9333333333333336, 3.4, 3.5, 3.5666666666666664, 3.6666666666666665, 3.8, 4.0, 4.033333333333333, 4.1, 4.2, 4.266666666666667, 4.333333333333333, 4.366666666666666, 4.433333333333334, 4.466666666666667, 4.533333333333333, 4.566666666666666, 4.6, 4.633333333333333, 4.733333333333333, 4.766666666666667, 4.8, 4.866666666666667, 4.9, 4.933333333333334, 5.0, 5.033333333333333, 5.1, 5.133333333333334, 5.166666666666667, 5.2, 5.233333333333333, 5.266666666666667, 5.3, 5.333333333333333, 5.366666666666666, 5.4, 5.433333333333334, 5.466666666666667, 5.5, 5.533333333333333, 5.566666666666666, 5.6, 5.633333333333333, 5.666666666666667, 5.7, 5.733333333333333, 5.766666666666667, 5.8, 5.833333333333333, 5.866666666666667, 5.9, 5.933333333333334, 5.966666666666667, 6.0, 6.033333333333333, 6.066666666666666, 6.1, 6.133333333333334, 6.166666666666667, 6.2, 6.233333333333333, 6.266666666666667, 6.3, 6.333333333333333, 6.366666666666666, 6.4, 6.433333333333334, 6.466666666666667, 6.5, 6.533333333333333, 6.566666666666666, 6.6, 6.633333333333333, 6.666666666666667, 6.7, 6.733333333333333, 6.766666666666667, 6.8, 6.833333333333333, 6.866666666666667, 6.9, 6.933333333333334, 6.966666666666667, 7.0, 7.033333333333333, 7.066666666666666, 7.1, 7.133333333333334, 7.166666666666667, 7.2, 7.233333333333333, 7.266666666666667, 7.3, 7.333333333333333, 7.366666666666666, 7.4, 7.433333333333334, 7.466666666666667, 7.5, 7.533333333333333, 7.566666666666666, 7.6, 7.633333333333333, 7.666666666666667, 7.7, 7.733333333333333, 7.766666666666667, 7.8, 7.833333333333333, 7.866666666666667, 7.9, 7.933333333333334, 7.966666666666667, 8.0, 8.033333333333333, 8.066666666666666, 8.1, 8.133333333333333, 8.166666666666666, 8.2, 8.233333333333333, 8.266666666666667, 8.3, 8.333333333333334, 8.366666666666667, 8.4, 8.433333333333334, 8.466666666666667, 8.5, 8.533333333333333, 8.566666666666666, 8.6, 8.633333333333333, 8.666666666666666, 8.7, 8.733333333333333, 8.766666666666667, 8.8, 8.833333333333334, 8.866666666666667, 8.9, 8.933333333333334, 8.966666666666667, 9.0, 9.033333333333333, 9.066666666666666, 9.1, 9.133333333333333, 9.166666666666666, 9.2, 9.233333333333333, 9.266666666666667, 9.3, 9.333333333333334, 9.366666666666667, 9.4, 9.433333333333334, 9.466666666666667, 9.5, 9.533333333333333, 9.566666666666666, 9.6, 9.633333333333333, 9.666666666666666, 9.7, 9.733333333333333, 9.766666666666667, 9.8, 9.833333333333334, 9.866666666666667, 9.9, 9.933333333333334, 9.966666666666667, 10.0, 10.033333333333333, 10.066666666666666, 10.1, 10.133333333333333, 10.166666666666666, 10.2, 10.233333333333333, 10.266666666666667, 10.3, 10.333333333333334, 10.366666666666667, 10.4, 10.433333333333334, 10.466666666666667, 10.5, 10.533333333333333, 10.566666666666666, 10.6, 10.633333333333333, 10.666666666666666, 10.7, 10.733333333333333, 10.766666666666667, 10.8, 10.833333333333334, 10.866666666666667, 10.9, 10.933333333333334, 10.966666666666667, 11.0, 11.033333333333333, 11.066666666666666, 11.1, 11.133333333333333, 11.166666666666666, 11.2, 11.233333333333333, 11.266666666666667, 11.3, 11.333333333333334, 11.366666666666667, 11.4, 11.433333333333334, 11.466666666666667, 11.5, 11.533333333333333, 11.566666666666666, 11.6, 11.633333333333333, 11.666666666666666, 11.7, 11.733333333333333, 11.766666666666667, 11.8, 11.833333333333334, 11.866666666666667, 11.9, 11.933333333333334, 11.966666666666667, 12.0, 12.1, 12.133333333333333, 12.166666666666666, 12.2, 12.266666666666667, 12.3, 12.333333333333334, 12.6, 12.633333333333333, 12.666666666666666, 12.733333333333333, 12.8, 12.866666666666667, 12.933333333333334, 13.333333333333334, 13.566666666666666, 13.6, 13.666666666666666, 13.733333333333333, 13.9]}}