{"histogram": {"y": [3, 0, 0, 0, 0, 3, 19, 52, 86, 79, 61, 27, 5, 1, 0], "x": [0.0, 1.0, 2.0, 3.0, 4.0, 5.0, 6.0, 7.0, 8.0, 9.0, 10.0, 11.0, 12.0, 13.0, 14.0]}, "percentile": {"y": [0.0, 0.2, 0.8, 1.1, 1.4, 1.7, 2.6, 2.9, 3.2, 4.1, 4.4, 4.7, 5.0, 5.3, 6.2, 6.5, 6.8, 7.1, 7.4, 9.2, 9.5, 9.8, 10.1, 10.4, 11.0, 11.3, 11.6, 12.2, 12.5, 12.8, 13.1, 14.9, 15.2, 15.8, 17.6, 19.1, 19.4, 19.7, 20.2, 21.1, 21.4, 21.7, 22.0, 22.9, 26.2, 26.5, 27.1, 27.7, 28.6, 29.8, 30.4, 32.2, 32.8, 33.1, 33.4, 34.0, 36.1, 36.4, 38.2, 38.8, 39.1, 42.3, 42.6, 43.8, 44.4, 45.0, 45.6, 46.2, 47.1, 47.4, 47.7, 48.3, 48.6, 50.7, 51.3, 51.9, 52.2, 52.5, 53.1, 53.4, 55.2, 55.8, 56.4, 56.7, 57.9, 59.4, 60.0, 60.8, 61.1, 63.8, 64.4, 65.0, 65.6, 67.1, 67.7, 68.6, 68.9, 69.8, 70.1, 71.3, 72.2, 74.0, 74.6, 75.2, 75.8, 76.1, 76.7, 77.6, 80.5, 82.0, 82.3, 82.9, 83.5, 84.4, 85.0, 85.6, 85.9, 87.1, 88.0, 88.6, 88.9, 89.2, 89.5, 90.4, 91.0, 91.3, 91.6, 92.2, 92.5, 93.1, 93.7, 94.3, 94.9, 95.2, 95.8, 96.4, 97.0, 97.3, 97.6, 97.9, 98.5, 98.8, 99.1, 99.4, 99.7, 100.0], "x": [0.03125, 0.40625, 5.375, 5.40625, 5.875, 6.0, 6.03125, 6.15625, 6.25, 6.28125, 6.34375, 6.40625, 6.53125, 6.5625, 6.625, 6.65625, 6.71875, 6.90625, 7.0, 7.03125, 7.0625, 7.125, 7.15625, 7.25, 7.3125, 7.375, 7.40625, 7.4375, 7.46875, 7.53125, 7.5625, 7.59375, 7.625, 7.65625, 7.6875, 7.71875, 7.75, 7.78125, 7.84375, 7.875, 7.90625, 7.9375, 7.96875, 8.0, 8.03125, 8.0625, 8.09375, 8.15625, 8.1875, 8.21875, 8.25, 8.28125, 8.3125, 8.34375, 8.375, 8.40625, 8.4375, 8.46875, 8.5, 8.53125, 8.5625, 8.59375, 8.625, 8.65625, 8.6875, 8.75, 8.8125, 8.84375, 8.875, 8.90625, 8.9375, 8.96875, 9.0, 9.03125, 9.0625, 9.09375, 9.125, 9.15625, 9.21875, 9.25, 9.3125, 9.34375, 9.375, 9.40625, 9.4375, 9.46875, 9.5, 9.53125, 9.5625, 9.59375, 9.625, 9.65625, 9.6875, 9.71875, 9.78125, 9.8125, 9.84375, 9.875, 9.90625, 9.9375, 10.0, 10.0625, 10.09375, 10.125, 10.15625, 10.1875, 10.21875, 10.25, 10.28125, 10.34375, 10.375, 10.40625, 10.4375, 10.46875, 10.5, 10.53125, 10.5625, 10.59375, 10.65625, 10.75, 10.875, 10.90625, 10.9375, 11.0, 11.0625, 11.15625, 11.1875, 11.21875, 11.25, 11.28125, 11.3125, 11.375, 11.5, 11.5625, 11.59375, 11.625, 11.6875, 11.71875, 11.84375, 11.9375, 12.15625, 12.25, 12.5625, 12.65625, 12.8125, 13.1875]}}