{"histogram": {"y": [4, 2, 17, 32, 38, 31, 17, 5, 2, 0, 0], "x": [3.0, 4.0, 5.0, 6.0, 7.0, 8.0, 9.0, 10.0, 11.0, 12.0, 13.0]}, "percentile": {"y": [0.0, 0.6, 1.3, 2.0, 2.7, 3.4, 4.0, 4.7, 5.4, 6.1, 6.8, 7.4, 9.5, 10.2, 11.5, 12.2, 14.2, 15.6, 17.6, 19.0, 19.7, 20.4, 22.4, 23.1, 23.8, 24.4, 25.1, 25.8, 26.5, 29.2, 29.9, 30.6, 31.2, 31.9, 32.6, 33.3, 35.3, 36.0, 36.7, 37.4, 41.4, 42.1, 42.8, 44.8, 46.2, 46.9, 48.2, 48.9, 49.6, 52.3, 53.0, 55.7, 57.1, 57.8, 59.1, 60.5, 61.9, 63.2, 64.6, 65.9, 67.3, 70.0, 70.7, 71.4, 72.7, 74.1, 76.1, 76.8, 77.5, 78.2, 79.5, 80.2, 80.9, 82.3, 82.9, 84.3, 85.0, 87.7, 88.4, 90.4, 91.1, 91.8, 93.1, 93.8, 94.5, 95.2, 95.9, 96.5, 97.9, 98.6, 99.3, 100.0], "x": [3.1875, 3.34375, 3.46875, 3.625, 4.78125, 4.90625, 5.0, 5.0625, 5.09375, 5.34375, 5.4375, 5.5, 5.53125, 5.6875, 5.78125, 5.8125, 5.875, 6.0, 6.03125, 6.0625, 6.09375, 6.125, 6.15625, 6.1875, 6.25, 6.3125, 6.375, 6.5, 6.5625, 6.59375, 6.625, 6.65625, 6.6875, 6.71875, 6.75, 6.78125, 6.8125, 6.875, 6.90625, 7.0, 7.03125, 7.1875, 7.21875, 7.25, 7.28125, 7.3125, 7.34375, 7.375, 7.40625, 7.46875, 7.5625, 7.59375, 7.625, 7.78125, 7.84375, 7.9375, 7.96875, 8.0, 8.03125, 8.0625, 8.09375, 8.125, 8.15625, 8.1875, 8.21875, 8.25, 8.40625, 8.4375, 8.46875, 8.5625, 8.625, 8.65625, 8.6875, 8.9375, 8.96875, 9.0, 9.03125, 9.125, 9.1875, 9.28125, 9.3125, 9.40625, 9.46875, 9.5, 9.53125, 9.96875, 10.25, 10.3125, 10.375, 10.5625, 11.15625, 11.5625]}}