{"histogram": {"y": [3, 0, 0, 1, 0, 1, 20, 31, 38, 58, 16, 9, 2, 0], "x": [0.0, 1.0, 2.0, 3.0, 4.0, 5.0, 6.0, 7.0, 8.0, 9.0, 10.0, 11.0, 12.0, 13.0]}, "percentile": {"y": [0.0, 0.5, 1.6, 2.2, 2.8, 4.4, 5.0, 5.6, 7.3, 7.8, 8.4, 11.2, 11.7, 12.9, 13.4, 14.0, 16.2, 16.8, 17.4, 20.7, 21.3, 21.9, 22.4, 23.0, 23.5, 24.7, 25.8, 27.5, 28.0, 28.6, 29.2, 30.3, 30.8, 31.4, 33.7, 34.2, 34.8, 35.3, 36.5, 38.7, 39.3, 40.4, 41.0, 41.5, 45.5, 46.6, 47.1, 48.3, 48.8, 49.4, 50.5, 51.1, 51.6, 52.2, 52.8, 56.1, 56.7, 57.8, 58.4, 58.9, 60.1, 60.6, 61.7, 62.9, 64.0, 64.6, 65.7, 66.8, 67.9, 68.5, 70.2, 70.7, 74.1, 75.8, 76.4, 77.5, 78.0, 79.2, 80.3, 80.8, 81.4, 82.0, 83.1, 83.7, 85.3, 85.9, 86.5, 87.0, 88.2, 89.3, 90.4, 91.0, 91.5, 92.1, 92.6, 93.2, 93.8, 94.3, 95.5, 96.0, 96.6, 97.7, 98.3, 98.8, 99.4, 100.0], "x": [0.03125, 0.3125, 3.125, 5.0, 6.0, 6.125, 6.21875, 6.25, 6.34375, 6.40625, 6.5625, 6.625, 6.71875, 6.75, 6.90625, 7.0, 7.0625, 7.125, 7.25, 7.28125, 7.34375, 7.375, 7.40625, 7.4375, 7.5625, 7.625, 7.71875, 7.75, 7.78125, 7.8125, 7.875, 7.9375, 7.96875, 8.0, 8.03125, 8.09375, 8.15625, 8.1875, 8.25, 8.375, 8.40625, 8.46875, 8.5, 8.5625, 8.59375, 8.625, 8.65625, 8.6875, 8.71875, 8.75, 8.78125, 8.8125, 8.84375, 8.90625, 9.0, 9.03125, 9.0625, 9.09375, 9.125, 9.15625, 9.21875, 9.25, 9.28125, 9.3125, 9.34375, 9.375, 9.40625, 9.4375, 9.46875, 9.5, 9.53125, 9.5625, 9.59375, 9.625, 9.65625, 9.6875, 9.71875, 9.75, 9.78125, 9.8125, 9.84375, 9.875, 9.9375, 9.96875, 10.0, 10.0625, 10.15625, 10.25, 10.34375, 10.375, 10.4375, 10.5625, 10.59375, 10.65625, 10.78125, 10.9375, 10.96875, 11.0, 11.0625, 11.09375, 11.21875, 11.34375, 11.75, 11.9375, 12.1875, 12.40625]}}