{"percentile": {"x": [5.0, 6.0, 6.2, 6.266666666666667, 6.5, 6.533333333333333, 6.7, 6.966666666666667, 7.0, 7.033333333333333, 7.1, 7.166666666666667, 7.233333333333333, 7.266666666666667, 7.333333333333333, 7.4, 7.466666666666667, 7.566666666666666, 7.633333333333333, 7.666666666666667, 7.733333333333333, 7.766666666666667, 7.8, 7.833333333333333, 7.933333333333334, 7.966666666666667, 8.0, 8.1, 8.133333333333333, 8.2, 8.266666666666667, 8.3, 8.333333333333334, 8.433333333333334, 8.466666666666667, 8.5, 8.6, 8.633333333333333, 8.666666666666666, 8.7, 8.766666666666667, 8.833333333333334, 8.9, 8.933333333333334, 8.966666666666667, 9.0, 9.1, 9.133333333333333, 9.166666666666666, 9.266666666666667, 9.366666666666667, 9.433333333333334, 9.466666666666667, 9.5, 9.566666666666666, 9.6, 9.633333333333333, 9.666666666666666, 9.7, 9.733333333333333, 9.8, 9.9, 9.933333333333334, 9.966666666666667, 10.0, 10.1, 10.166666666666666, 10.266666666666667, 10.333333333333334, 10.366666666666667, 10.433333333333334, 10.466666666666667, 10.566666666666666, 10.866666666666667, 10.933333333333334, 11.0, 11.266666666666667], "y": [0.0, 0.7, 2.1, 2.9, 4.3, 5.1, 5.8, 6.5, 8.7, 11.6, 12.4, 13.8, 14.5, 15.3, 16.7, 17.5, 18.2, 18.9, 19.7, 21.8, 22.6, 24.8, 25.5, 27.0, 28.4, 29.1, 29.9, 33.5, 35.0, 35.7, 36.4, 37.9, 38.6, 39.4, 40.1, 40.8, 41.6, 46.7, 48.1, 48.9, 49.6, 50.3, 52.5, 55.4, 57.6, 58.3, 63.5, 64.9, 65.6, 66.4, 67.1, 69.3, 70.0, 70.8, 71.5, 72.2, 75.1, 77.3, 79.5, 80.2, 81.7, 82.4, 83.9, 87.5, 88.3, 89.7, 91.2, 91.9, 92.7, 93.4, 94.1, 94.8, 95.6, 97.8, 98.5, 99.2, 100.0]}, "histogram": {"x": [5.0, 6.0, 7.0, 8.0, 9.0, 10.0, 11.0, 12.0, 13.0], "y": [1, 11, 29, 39, 41, 15, 2, 0, 0]}}