{"histogram": {"x": [6.0, 7.0, 8.0, 9.0, 10.0, 11.0], "y": [3, 6, 14, 9, 3, 2]}, "percentile": {"x": [6.28125, 6.4375, 6.59375, 7.0, 7.3125, 7.40625, 7.46875, 7.5625, 7.90625, 8.0, 8.09375, 8.40625, 8.4375, 8.5625, 8.8125, 8.84375, 8.9375, 8.96875, 9.0, 9.0625, 9.09375, 9.28125, 9.40625, 9.59375, 9.625, 9.75, 10.15625, 10.53125, 10.84375, 11.1875, 11.25], "y": [0.0, 2.7, 5.5, 8.3, 11.1, 13.8, 16.6, 19.4, 22.2, 25.0, 33.3, 36.1, 41.6, 44.4, 47.2, 50.0, 55.5, 61.1, 63.8, 69.4, 72.2, 75.0, 77.7, 80.5, 83.3, 86.1, 88.8, 91.6, 94.4, 97.2, 100.0]}}