{"histogram": {"x": [0.0, 1.0, 2.0, 3.0, 4.0, 5.0, 6.0, 7.0, 8.0, 9.0, 10.0, 11.0, 12.0, 13.0, 14.0], "y": [3, 1, 2, 4, 12, 51, 120, 196, 152, 81, 40, 5, 2, 0, 0]}, "percentile": {"x": [0.0625, 0.3125, 0.46875, 1.15625, 2.0, 2.34375, 3.125, 3.75, 3.875, 3.96875, 4.125, 4.25, 4.3125, 4.34375, 4.4375, 4.53125, 4.5625, 4.71875, 4.75, 4.96875, 5.0, 5.03125, 5.0625, 5.09375, 5.125, 5.15625, 5.1875, 5.25, 5.28125, 5.34375, 5.375, 5.40625, 5.46875, 5.5, 5.53125, 5.5625, 5.625, 5.71875, 5.75, 5.78125, 5.8125, 5.84375, 5.875, 5.90625, 5.9375, 5.96875, 6.0, 6.03125, 6.0625, 6.09375, 6.125, 6.15625, 6.1875, 6.21875, 6.25, 6.28125, 6.3125, 6.34375, 6.375, 6.40625, 6.4375, 6.46875, 6.5, 6.53125, 6.5625, 6.59375, 6.625, 6.6875, 6.71875, 6.75, 6.78125, 6.8125, 6.84375, 6.875, 6.90625, 6.9375, 6.96875, 7.0, 7.03125, 7.0625, 7.09375, 7.125, 7.15625, 7.1875, 7.21875, 7.25, 7.28125, 7.3125, 7.34375, 7.375, 7.40625, 7.4375, 7.46875, 7.5, 7.53125, 7.5625, 7.59375, 7.625, 7.65625, 7.6875, 7.71875, 7.78125, 7.8125, 7.84375, 7.875, 7.90625, 7.9375, 7.96875, 8.0, 8.03125, 8.0625, 8.09375, 8.125, 8.15625, 8.1875, 8.21875, 8.25, 8.28125, 8.34375, 8.375, 8.40625, 8.4375, 8.46875, 8.5, 8.53125, 8.5625, 8.59375, 8.625, 8.65625, 8.6875, 8.71875, 8.75, 8.78125, 8.8125, 8.84375, 8.90625, 8.9375, 8.96875, 9.0, 9.03125, 9.0625, 9.09375, 9.125, 9.15625, 9.1875, 9.21875, 9.25, 9.28125, 9.3125, 9.34375, 9.375, 9.40625, 9.4375, 9.46875, 9.5, 9.53125, 9.5625, 9.59375, 9.6875, 9.71875, 9.78125, 9.8125, 9.84375, 9.875, 9.90625, 9.9375, 9.96875, 10.0, 10.03125, 10.09375, 10.125, 10.15625, 10.1875, 10.21875, 10.25, 10.375, 10.40625, 10.4375, 10.46875, 10.53125, 10.5625, 10.59375, 10.625, 10.65625, 10.6875, 10.71875, 10.78125, 10.8125, 10.90625, 11.0, 11.125, 11.53125, 11.75, 11.90625, 12.15625, 12.1875], "y": [0.0, 0.1, 0.2, 0.4, 0.5, 0.7, 0.8, 1.0, 1.1, 1.3, 1.4, 1.6, 1.7, 1.9, 2.0, 2.2, 2.3, 2.8, 2.9, 3.1, 3.2, 3.5, 3.8, 4.0, 4.1, 4.3, 4.7, 5.2, 5.3, 5.9, 6.1, 6.4, 6.5, 7.1, 7.3, 7.4, 8.5, 8.8, 8.9, 9.1, 9.4, 9.5, 10.0, 10.4, 10.6, 10.7, 10.9, 13.1, 13.7, 14.8, 15.4, 15.5, 15.8, 16.0, 16.6, 17.3, 17.6, 18.4, 19.3, 19.6, 20.2, 20.3, 21.2, 22.1, 22.3, 24.4, 25.1, 25.5, 26.0, 26.7, 26.9, 27.5, 27.6, 27.9, 28.4, 28.5, 28.7, 28.8, 31.7, 32.7, 33.6, 35.6, 36.3, 37.2, 38.3, 39.5, 40.2, 42.2, 43.1, 44.0, 44.6, 46.1, 46.7, 47.4, 48.5, 48.9, 51.4, 52.2, 52.9, 53.7, 54.3, 54.7, 55.3, 56.1, 56.7, 57.4, 57.7, 57.9, 58.2, 59.5, 60.1, 60.7, 62.2, 63.3, 64.5, 65.2, 66.1, 68.2, 69.1, 69.6, 70.3, 71.2, 71.7, 72.0, 72.6, 73.0, 75.1, 75.5, 76.6, 77.0, 77.6, 77.9, 78.7, 79.0, 79.1, 79.3, 80.2, 80.5, 80.9, 81.7, 82.3, 82.6, 83.0, 83.5, 83.9, 84.4, 84.5, 85.9, 86.5, 86.6, 86.8, 87.4, 87.8, 88.1, 88.3, 88.6, 89.0, 89.5, 89.8, 90.4, 90.7, 91.0, 91.1, 91.6, 91.9, 92.0, 92.3, 93.1, 94.1, 94.3, 94.4, 94.6, 94.7, 95.0, 95.5, 95.8, 95.9, 96.1, 96.2, 96.7, 96.8, 97.7, 97.9, 98.0, 98.2, 98.3, 98.5, 98.6, 98.8, 99.1, 99.2, 99.4, 99.5, 99.7, 99.8, 100.0]}}