{"histogram": {"y": [1, 0, 1, 3, 5, 22, 70, 161, 241, 237, 131, 34, 6, 1, 0, 0], "x": [0.0, 1.0, 2.0, 3.0, 4.0, 5.0, 6.0, 7.0, 8.0, 9.0, 10.0, 11.0, 12.0, 13.0, 14.0, 15.0]}, "percentile": {"y": [0.0, 0.1, 0.2, 0.3, 0.4, 0.5, 0.6, 0.7, 0.8, 0.9, 1.0, 1.3, 1.4, 1.5, 1.6, 1.8, 2.0, 2.4, 2.5, 2.7, 2.9, 3.0, 3.1, 3.2, 3.3, 3.5, 4.1, 4.3, 4.6, 4.7, 4.8, 4.9, 5.2, 5.4, 5.7, 5.8, 6.0, 6.2, 6.4, 7.1, 7.7, 8.2, 8.4, 8.8, 9.4, 9.6, 9.7, 10.4, 10.6, 11.0, 11.1, 12.8, 12.9, 13.2, 13.8, 14.2, 14.3, 14.5, 15.5, 16.6, 17.5, 17.7, 18.7, 19.1, 19.6, 20.0, 20.5, 22.5, 23.2, 24.0, 24.8, 25.5, 26.0, 26.3, 26.7, 27.1, 27.4, 28.1, 28.8, 31.5, 32.0, 32.1, 32.6, 32.8, 33.6, 34.4, 34.8, 35.9, 36.2, 36.7, 37.6, 38.1, 39.2, 39.9, 40.3, 40.7, 41.3, 45.1, 45.8, 46.7, 48.2, 49.2, 50.2, 50.8, 52.1, 52.7, 53.5, 54.2, 55.2, 58.8, 59.2, 59.3, 59.5, 60.0, 60.6, 61.0, 61.4, 63.4, 64.0, 65.0, 65.7, 66.2, 67.8, 68.2, 68.5, 68.7, 69.6, 72.5, 73.4, 74.1, 75.0, 75.7, 76.6, 77.8, 78.6, 79.4, 79.8, 80.3, 81.2, 82.7, 83.0, 83.2, 83.4, 83.7, 84.1, 84.3, 84.5, 85.5, 86.0, 86.4, 86.9, 87.6, 88.0, 88.4, 88.9, 89.3, 89.6, 91.6, 92.1, 92.2, 92.6, 93.4, 94.0, 94.4, 94.7, 94.8, 95.1, 95.5, 95.6, 96.0, 96.1, 96.2, 96.3, 96.7, 97.0, 97.1, 97.4, 97.6, 98.3, 98.5, 98.7, 98.9, 99.1, 99.3, 99.5, 99.7, 99.8, 100.0], "x": [0.26666666666666666, 2.2, 3.3666666666666667, 3.4333333333333336, 3.6333333333333333, 4.366666666666666, 4.533333333333333, 4.633333333333333, 4.866666666666667, 4.933333333333334, 5.0, 5.266666666666667, 5.333333333333333, 5.366666666666666, 5.533333333333333, 5.566666666666666, 5.6, 5.666666666666667, 5.733333333333333, 5.766666666666667, 5.8, 5.833333333333333, 5.866666666666667, 5.933333333333334, 5.966666666666667, 6.0, 6.033333333333333, 6.1, 6.166666666666667, 6.266666666666667, 6.3, 6.333333333333333, 6.366666666666666, 6.433333333333334, 6.466666666666667, 6.5, 6.533333333333333, 6.566666666666666, 6.6, 6.633333333333333, 6.666666666666667, 6.7, 6.733333333333333, 6.766666666666667, 6.8, 6.833333333333333, 6.866666666666667, 6.9, 6.933333333333334, 6.966666666666667, 7.0, 7.033333333333333, 7.066666666666666, 7.1, 7.133333333333334, 7.166666666666667, 7.233333333333333, 7.266666666666667, 7.333333333333333, 7.366666666666666, 7.4, 7.433333333333334, 7.466666666666667, 7.5, 7.533333333333333, 7.566666666666666, 7.6, 7.633333333333333, 7.666666666666667, 7.7, 7.733333333333333, 7.766666666666667, 7.8, 7.833333333333333, 7.866666666666667, 7.9, 7.933333333333334, 7.966666666666667, 8.0, 8.033333333333333, 8.066666666666666, 8.1, 8.133333333333333, 8.166666666666666, 8.2, 8.233333333333333, 8.266666666666667, 8.3, 8.333333333333334, 8.366666666666667, 8.4, 8.433333333333334, 8.466666666666667, 8.5, 8.533333333333333, 8.566666666666666, 8.6, 8.633333333333333, 8.666666666666666, 8.7, 8.733333333333333, 8.766666666666667, 8.8, 8.833333333333334, 8.866666666666667, 8.9, 8.933333333333334, 8.966666666666667, 9.0, 9.033333333333333, 9.066666666666666, 9.1, 9.133333333333333, 9.166666666666666, 9.2, 9.233333333333333, 9.266666666666667, 9.3, 9.333333333333334, 9.366666666666667, 9.4, 9.433333333333334, 9.466666666666667, 9.5, 9.533333333333333, 9.566666666666666, 9.6, 9.633333333333333, 9.666666666666666, 9.7, 9.733333333333333, 9.766666666666667, 9.8, 9.833333333333334, 9.866666666666667, 9.9, 9.933333333333334, 9.966666666666667, 10.0, 10.033333333333333, 10.066666666666666, 10.1, 10.133333333333333, 10.166666666666666, 10.2, 10.233333333333333, 10.266666666666667, 10.3, 10.333333333333334, 10.366666666666667, 10.4, 10.433333333333334, 10.466666666666667, 10.5, 10.533333333333333, 10.566666666666666, 10.6, 10.633333333333333, 10.666666666666666, 10.7, 10.733333333333333, 10.766666666666667, 10.8, 10.833333333333334, 10.866666666666667, 10.9, 10.933333333333334, 10.966666666666667, 11.0, 11.033333333333333, 11.066666666666666, 11.133333333333333, 11.266666666666667, 11.333333333333334, 11.366666666666667, 11.466666666666667, 11.5, 11.6, 11.633333333333333, 11.666666666666666, 11.766666666666667, 11.8, 11.933333333333334, 12.0, 12.166666666666666, 12.2, 12.366666666666667, 13.333333333333334]}}