{"histogram": {"y": [1, 0, 0, 2, 5, 16, 20, 11, 3, 0, 0, 1], "x": [3.0, 4.0, 5.0, 6.0, 7.0, 8.0, 9.0, 10.0, 11.0, 12.0, 13.0, 14.0]}, "percentile": {"y": [0.0, 1.7, 3.4, 5.1, 6.8, 8.6, 10.3, 12.0, 13.7, 15.5, 17.2, 18.9, 20.6, 22.4, 24.1, 25.8, 27.5, 29.3, 31.0, 32.7, 36.2, 37.9, 39.6, 41.3, 50.0, 53.4, 55.1, 56.8, 60.3, 62.0, 63.7, 68.9, 70.6, 72.4, 75.8, 81.0, 82.7, 84.4, 86.2, 87.9, 89.6, 91.3, 93.1, 94.8, 96.5, 98.2, 100.0], "x": [3.5, 6.266666666666667, 6.733333333333333, 7.566666666666666, 7.7, 7.8, 7.933333333333334, 7.966666666666667, 8.0, 8.133333333333333, 8.266666666666667, 8.3, 8.366666666666667, 8.4, 8.533333333333333, 8.6, 8.666666666666666, 8.733333333333333, 8.766666666666667, 8.8, 8.833333333333334, 8.866666666666667, 8.966666666666667, 9.0, 9.033333333333333, 9.266666666666667, 9.366666666666667, 9.5, 9.566666666666666, 9.6, 9.7, 9.8, 9.866666666666667, 9.933333333333334, 10.0, 10.1, 10.166666666666666, 10.233333333333333, 10.3, 10.6, 10.666666666666666, 10.733333333333333, 10.8, 11.0, 11.166666666666666, 11.366666666666667, 14.433333333333334]}}