{"percentile": {"x": [0.23333333333333334, 5.933333333333334, 6.3, 6.866666666666667, 6.9, 7.3, 7.366666666666666, 8.0, 8.1, 8.433333333333334, 8.466666666666667, 8.6, 8.833333333333334, 8.866666666666667, 9.0, 9.066666666666666, 9.1, 9.133333333333333, 9.233333333333333, 9.266666666666667, 9.733333333333333, 10.6], "y": [0.0, 3.8, 7.6, 11.5, 19.2, 23.0, 26.9, 30.7, 46.1, 50.0, 53.8, 57.6, 65.3, 69.2, 73.0, 76.9, 80.7, 84.6, 88.4, 92.3, 96.1, 100.0]}, "histogram": {"x": [0.0, 1.0, 2.0, 3.0, 4.0, 5.0, 6.0, 7.0, 8.0, 9.0, 10.0, 11.0, 12.0], "y": [1, 0, 0, 0, 0, 1, 4, 2, 11, 7, 1, 0, 0]}}