{"percentile": {"y": [0.0, 0.8, 1.7, 2.5, 4.3, 6.0, 6.8, 7.7, 9.4, 10.3, 11.2, 12.0, 12.9, 16.3, 17.2, 19.8, 21.5, 22.4, 23.2, 24.1, 25.8, 26.7, 27.5, 29.3, 31.8, 32.7, 34.4, 36.2, 38.7, 41.3, 43.1, 43.9, 44.8, 50.8, 51.7, 53.4, 54.3, 55.1, 57.7, 59.4, 61.2, 62.0, 64.6, 66.3, 68.9, 69.8, 70.6, 71.5, 73.2, 74.1, 75.0, 75.8, 77.5, 79.3, 80.1, 81.0, 85.3, 87.0, 87.9, 89.6, 90.5, 93.9, 94.8, 95.6, 96.5, 97.4, 98.2, 99.1, 100.0], "x": [4.633333333333333, 4.733333333333333, 5.766666666666667, 6.6, 6.666666666666667, 6.7, 6.733333333333333, 6.8, 6.9, 6.966666666666667, 7.0, 7.233333333333333, 7.266666666666667, 7.333333333333333, 7.6, 7.633333333333333, 7.666666666666667, 7.7, 7.733333333333333, 7.766666666666667, 7.8, 7.9, 7.933333333333334, 8.0, 8.066666666666666, 8.166666666666666, 8.266666666666667, 8.3, 8.333333333333334, 8.366666666666667, 8.533333333333333, 8.566666666666666, 8.6, 8.633333333333333, 8.666666666666666, 8.7, 8.733333333333333, 8.766666666666667, 8.8, 8.833333333333334, 8.866666666666667, 8.9, 8.966666666666667, 9.0, 9.066666666666666, 9.1, 9.166666666666666, 9.2, 9.266666666666667, 9.3, 9.333333333333334, 9.4, 9.433333333333334, 9.5, 9.533333333333333, 9.6, 9.633333333333333, 9.666666666666666, 9.8, 9.833333333333334, 10.0, 10.1, 10.366666666666667, 10.466666666666667, 10.5, 10.6, 11.0, 11.133333333333333, 11.466666666666667]}, "histogram": {"y": [2, 1, 10, 21, 43, 28, 9, 3, 0], "x": [4.0, 5.0, 6.0, 7.0, 8.0, 9.0, 10.0, 11.0, 12.0]}}