{"percentile": {"x": [0.0625, 2.125, 2.15625, 2.1875, 4.03125, 4.1875, 4.25, 4.3125, 4.34375, 4.59375, 5.0, 5.03125, 5.125, 5.15625, 5.34375, 5.53125, 5.5625, 5.65625, 5.6875, 5.875, 5.90625, 6.0, 6.03125, 6.0625, 6.09375, 6.1875, 6.21875, 6.25, 6.28125, 6.3125, 6.40625, 6.46875, 6.5, 6.5625, 6.59375, 6.8125, 6.84375, 6.875, 6.90625, 6.96875, 7.0, 7.03125, 7.0625, 7.125, 7.1875, 7.21875, 7.34375, 7.4375, 7.46875, 7.5, 7.5625, 7.65625, 7.71875, 7.78125, 7.8125, 7.90625, 8.0, 8.03125, 8.09375, 8.125, 8.1875, 8.21875, 8.25, 8.3125, 8.375, 8.40625, 8.4375, 8.5625, 8.8125, 8.84375, 8.875, 8.9375, 9.0, 9.03125, 9.0625, 9.09375, 9.125, 9.15625, 9.28125, 9.59375, 9.65625, 9.6875, 9.84375, 9.96875, 10.0, 10.09375, 10.1875, 10.25], "y": [0.0, 0.6, 1.3, 2.0, 2.7, 3.4, 4.1, 4.8, 5.5, 6.2, 6.9, 7.6, 8.3, 9.0, 11.1, 11.8, 12.5, 14.5, 15.2, 15.9, 16.6, 17.3, 19.4, 20.8, 22.9, 25.0, 26.3, 27.0, 28.4, 30.5, 31.2, 32.6, 33.3, 34.7, 35.4, 36.1, 36.8, 38.1, 39.5, 40.9, 41.6, 45.8, 46.5, 47.2, 48.6, 50.6, 51.3, 52.7, 54.1, 54.8, 55.5, 59.7, 60.4, 61.1, 61.8, 62.5, 63.1, 64.5, 65.2, 66.6, 67.3, 69.4, 70.8, 71.5, 72.2, 72.9, 75.6, 77.0, 78.4, 79.1, 80.5, 81.2, 81.9, 85.4, 86.1, 86.8, 88.1, 89.5, 90.9, 91.6, 93.0, 94.4, 95.8, 96.5, 97.9, 98.6, 99.3, 100.0]}, "histogram": {"x": [0.0, 1.0, 2.0, 3.0, 4.0, 5.0, 6.0, 7.0, 8.0, 9.0, 10.0, 11.0], "y": [1, 0, 3, 0, 6, 15, 35, 31, 27, 23, 4, 0]}}