{"percentile": {"x": [0.03333333333333333, 1.0, 2.0, 3.0, 3.2, 3.2333333333333334, 4.066666666666666, 4.566666666666666, 4.6, 5.0, 5.066666666666666, 5.1, 5.333333333333333, 5.433333333333334, 5.533333333333333, 5.6, 5.666666666666667, 5.766666666666667, 6.0, 6.066666666666666, 6.133333333333334, 6.233333333333333, 6.333333333333333, 6.433333333333334, 6.533333333333333, 6.6, 6.7, 6.833333333333333, 6.866666666666667, 6.9, 7.0, 7.033333333333333, 7.1, 7.166666666666667, 7.233333333333333, 7.266666666666667, 7.3, 7.333333333333333, 7.366666666666666, 7.4, 7.433333333333334, 7.466666666666667, 7.533333333333333, 7.566666666666666, 7.6, 7.7, 7.733333333333333, 7.866666666666667, 7.933333333333334, 8.166666666666666, 8.2, 8.333333333333334, 8.466666666666667, 8.5, 8.6, 8.666666666666666, 8.766666666666667, 8.8, 8.966666666666667, 9.0, 9.033333333333333, 9.233333333333333, 9.266666666666667, 9.333333333333334, 9.4, 9.6, 9.633333333333333, 9.666666666666666, 9.733333333333333, 9.8, 9.933333333333334, 10.166666666666666, 10.3, 10.966666666666667, 12.033333333333333], "y": [0.0, 1.1, 3.3, 4.4, 5.5, 6.6, 7.7, 8.8, 10.0, 11.1, 12.2, 13.3, 14.4, 15.5, 17.7, 18.8, 22.2, 23.3, 25.5, 26.6, 28.8, 30.0, 31.1, 32.2, 33.3, 34.4, 35.5, 37.7, 38.8, 40.0, 41.1, 42.2, 44.4, 45.5, 46.6, 50.0, 51.1, 52.2, 53.3, 54.4, 55.5, 56.6, 57.7, 58.8, 60.0, 61.1, 62.2, 63.3, 64.4, 65.5, 67.7, 70.0, 71.1, 72.2, 73.3, 74.4, 76.6, 77.7, 78.8, 81.1, 82.2, 83.3, 84.4, 85.5, 86.6, 87.7, 90.0, 91.1, 92.2, 93.3, 94.4, 95.5, 96.6, 98.8, 100.0]}, "histogram": {"x": [0.0, 1.0, 2.0, 3.0, 4.0, 5.0, 6.0, 7.0, 8.0, 9.0, 10.0, 11.0, 12.0, 13.0, 14.0], "y": [1, 2, 1, 3, 3, 13, 14, 22, 14, 13, 4, 0, 1, 0, 0]}}