{"histogram": {"x": [0.0, 1.0, 2.0, 3.0, 4.0, 5.0, 6.0, 7.0, 8.0, 9.0, 10.0, 11.0, 12.0, 13.0], "y": [1, 0, 0, 2, 4, 8, 12, 16, 12, 9, 6, 3, 1, 0]}, "percentile": {"x": [0.15625, 3.0, 3.46875, 4.40625, 4.5625, 4.625, 4.75, 5.03125, 5.0625, 5.25, 5.3125, 5.34375, 5.5, 5.71875, 5.84375, 6.0, 6.21875, 6.3125, 6.34375, 6.40625, 6.5625, 6.71875, 6.78125, 6.8125, 6.875, 6.9375, 7.0, 7.03125, 7.09375, 7.1875, 7.25, 7.3125, 7.375, 7.4375, 7.5625, 7.71875, 7.8125, 7.84375, 8.0, 8.25, 8.40625, 8.46875, 8.5, 8.625, 8.6875, 8.84375, 9.0, 9.03125, 9.25, 9.5, 9.5625, 9.59375, 9.71875, 10.15625, 10.21875, 10.4375, 10.5625, 10.9375, 11.21875, 11.53125, 11.9375, 12.5625], "y": [0.0, 1.3, 2.7, 4.1, 5.4, 6.8, 8.2, 9.5, 10.9, 12.3, 13.6, 15.0, 16.4, 17.8, 19.1, 20.5, 21.9, 23.2, 24.6, 26.0, 27.3, 30.1, 31.5, 32.8, 34.2, 35.6, 36.9, 39.7, 41.0, 42.4, 43.8, 45.2, 46.5, 47.9, 49.3, 54.7, 56.1, 57.5, 58.9, 60.2, 63.0, 68.4, 69.8, 71.2, 72.6, 73.9, 75.3, 76.7, 78.0, 80.8, 82.1, 84.9, 86.3, 87.6, 89.0, 90.4, 91.7, 94.5, 95.8, 97.2, 98.6, 100.0]}}