{"histogram": {"x": [0.0, 1.0, 2.0, 3.0, 4.0, 5.0, 6.0, 7.0, 8.0, 9.0, 10.0, 11.0, 12.0, 13.0], "y": [3, 2, 1, 0, 3, 9, 38, 62, 79, 48, 21, 3, 0, 0]}, "percentile": {"x": [0.03125, 0.21875, 1.0, 1.875, 2.875, 4.25, 4.78125, 4.8125, 5.15625, 5.1875, 5.21875, 5.25, 5.46875, 5.65625, 5.71875, 5.96875, 6.0, 6.03125, 6.0625, 6.09375, 6.15625, 6.1875, 6.21875, 6.25, 6.3125, 6.375, 6.46875, 6.5625, 6.59375, 6.65625, 6.75, 6.78125, 6.875, 6.90625, 6.9375, 7.0, 7.0625, 7.09375, 7.125, 7.15625, 7.1875, 7.21875, 7.25, 7.28125, 7.3125, 7.34375, 7.375, 7.4375, 7.46875, 7.5, 7.53125, 7.5625, 7.625, 7.65625, 7.6875, 7.71875, 7.78125, 7.8125, 7.84375, 7.9375, 7.96875, 8.0, 8.0625, 8.09375, 8.125, 8.15625, 8.1875, 8.21875, 8.25, 8.28125, 8.3125, 8.34375, 8.375, 8.4375, 8.46875, 8.5, 8.53125, 8.5625, 8.59375, 8.625, 8.65625, 8.71875, 8.75, 8.78125, 8.8125, 8.84375, 8.875, 8.90625, 8.9375, 8.96875, 9.0, 9.03125, 9.0625, 9.09375, 9.125, 9.15625, 9.1875, 9.21875, 9.25, 9.28125, 9.3125, 9.34375, 9.4375, 9.5, 9.53125, 9.5625, 9.625, 9.65625, 9.6875, 9.71875, 9.78125, 9.8125, 9.875, 10.0, 10.09375, 10.125, 10.25, 10.28125, 10.3125, 10.375, 10.40625, 10.46875, 10.5, 10.5625, 10.59375, 10.78125, 10.84375, 11.28125, 11.375, 11.625], "y": [0.0, 0.3, 1.1, 1.4, 1.8, 2.2, 2.6, 2.9, 3.3, 3.7, 4.1, 4.4, 5.2, 5.5, 5.9, 6.3, 6.7, 7.4, 8.2, 8.9, 9.3, 10.8, 11.5, 11.9, 13.0, 13.8, 14.1, 14.5, 16.0, 16.4, 17.9, 18.2, 19.4, 20.1, 20.5, 20.8, 23.5, 24.2, 25.3, 26.1, 27.9, 28.7, 29.4, 30.2, 30.5, 30.9, 31.7, 32.8, 33.2, 33.9, 34.3, 34.7, 36.9, 38.4, 39.1, 40.2, 40.6, 41.0, 42.1, 42.9, 43.6, 44.0, 46.2, 47.3, 50.0, 50.7, 51.4, 52.2, 53.3, 54.8, 55.2, 55.9, 56.3, 58.2, 58.9, 60.8, 61.1, 61.5, 66.4, 67.1, 68.2, 69.0, 69.4, 70.1, 70.8, 71.2, 71.6, 72.0, 72.3, 73.1, 73.5, 76.8, 77.6, 79.4, 80.2, 80.5, 81.3, 82.0, 82.8, 83.5, 83.9, 84.3, 85.4, 85.8, 86.5, 86.9, 88.0, 88.8, 89.5, 89.9, 90.2, 90.6, 91.0, 91.4, 91.7, 92.1, 94.0, 94.4, 94.7, 95.1, 95.5, 95.8, 96.6, 97.0, 98.1, 98.5, 98.8, 99.2, 99.6, 100.0]}}