{"histogram": {"y": [3, 0, 2, 1, 11, 32, 107, 195, 262, 209, 138, 62, 20, 2, 0], "x": [0.0, 1.0, 2.0, 3.0, 4.0, 5.0, 6.0, 7.0, 8.0, 9.0, 10.0, 11.0, 12.0, 13.0, 14.0]}, "percentile": {"y": [0.0, 0.0, 0.2, 0.3, 0.4, 0.5, 0.7, 0.8, 1.0, 1.1, 1.4, 1.5, 1.6, 1.8, 1.9, 2.0, 2.2, 2.3, 2.4, 2.5, 2.7, 2.8, 3.2, 3.6, 3.7, 3.9, 4.0, 4.2, 4.4, 4.5, 4.6, 5.4, 5.7, 6.0, 6.5, 7.1, 7.3, 7.7, 8.1, 8.6, 8.9, 9.0, 9.4, 9.8, 10.0, 10.3, 10.6, 11.0, 11.1, 11.9, 12.2, 12.6, 13.1, 13.2, 13.3, 13.5, 13.6, 13.8, 13.9, 14.0, 14.4, 14.6, 14.9, 15.7, 16.4, 17.3, 17.7, 18.7, 19.3, 19.9, 20.6, 21.2, 21.7, 22.4, 23.1, 23.2, 24.6, 25.5, 25.8, 26.2, 26.5, 28.7, 29.2, 30.2, 30.5, 30.8, 30.9, 31.2, 31.6, 32.5, 32.7, 32.9, 33.1, 33.5, 33.6, 35.9, 36.9, 38.6, 39.7, 40.4, 41.5, 42.8, 43.6, 45.1, 45.7, 46.4, 47.0, 47.4, 48.8, 49.3, 50.0, 50.3, 51.1, 53.2, 53.7, 54.1, 54.8, 55.3, 55.8, 55.9, 56.4, 56.7, 57.0, 57.5, 57.8, 58.3, 58.7, 60.5, 61.9, 63.2, 64.0, 65.1, 66.3, 67.1, 67.2, 68.1, 68.9, 69.7, 70.2, 70.6, 70.9, 71.3, 71.5, 71.8, 72.1, 73.7, 74.4, 75.1, 75.6, 75.7, 76.6, 76.9, 77.0, 77.2, 77.6, 77.8, 78.1, 78.4, 78.8, 80.5, 81.1, 81.5, 82.0, 82.9, 83.7, 84.1, 84.5, 85.2, 85.6, 85.7, 86.0, 86.7, 87.3, 87.5, 88.2, 88.3, 89.4, 89.6, 90.0, 90.2, 90.5, 90.6, 90.7, 90.8, 91.1, 91.3, 91.6, 91.7, 91.8, 92.0, 92.6, 93.0, 93.2, 93.4, 93.7, 93.8, 94.2, 94.4, 94.9, 95.0, 95.2, 95.3, 95.4, 95.8, 95.9, 96.1, 96.4, 96.8, 96.9, 97.3, 97.4, 97.5, 97.6, 97.7, 97.8, 97.9, 98.0, 98.1, 98.2, 98.4, 98.6, 98.9, 99.0, 99.1, 99.2, 99.3, 99.4, 99.5, 99.6, 99.7, 99.9, 100.0], "x": [0.03125, 0.25, 2.1875, 2.4375, 3.46875, 4.03125, 4.09375, 4.1875, 4.25, 4.5625, 4.59375, 4.875, 5.0, 5.03125, 5.09375, 5.125, 5.15625, 5.25, 5.3125, 5.34375, 5.375, 5.5, 5.5625, 5.6875, 5.75, 5.8125, 5.84375, 5.875, 5.90625, 5.9375, 6.0, 6.03125, 6.0625, 6.09375, 6.125, 6.15625, 6.1875, 6.21875, 6.25, 6.28125, 6.3125, 6.34375, 6.375, 6.40625, 6.4375, 6.46875, 6.5, 6.53125, 6.5625, 6.59375, 6.625, 6.65625, 6.6875, 6.71875, 6.75, 6.78125, 6.8125, 6.84375, 6.875, 6.90625, 6.9375, 6.96875, 7.0, 7.03125, 7.0625, 7.09375, 7.125, 7.15625, 7.1875, 7.21875, 7.25, 7.28125, 7.3125, 7.34375, 7.375, 7.40625, 7.4375, 7.46875, 7.5, 7.53125, 7.5625, 7.59375, 7.625, 7.65625, 7.6875, 7.71875, 7.75, 7.78125, 7.8125, 7.84375, 7.875, 7.90625, 7.9375, 7.96875, 8.0, 8.03125, 8.0625, 8.09375, 8.125, 8.15625, 8.1875, 8.21875, 8.25, 8.28125, 8.3125, 8.34375, 8.375, 8.40625, 8.4375, 8.46875, 8.5, 8.53125, 8.5625, 8.59375, 8.625, 8.65625, 8.6875, 8.71875, 8.75, 8.78125, 8.8125, 8.84375, 8.875, 8.90625, 8.9375, 8.96875, 9.0, 9.03125, 9.0625, 9.09375, 9.125, 9.15625, 9.1875, 9.21875, 9.25, 9.28125, 9.3125, 9.34375, 9.375, 9.40625, 9.4375, 9.46875, 9.5, 9.53125, 9.5625, 9.59375, 9.625, 9.65625, 9.6875, 9.71875, 9.75, 9.78125, 9.8125, 9.84375, 9.875, 9.90625, 9.9375, 9.96875, 10.0, 10.03125, 10.0625, 10.09375, 10.125, 10.15625, 10.1875, 10.21875, 10.25, 10.28125, 10.3125, 10.34375, 10.40625, 10.4375, 10.46875, 10.5, 10.53125, 10.5625, 10.59375, 10.625, 10.65625, 10.6875, 10.71875, 10.75, 10.78125, 10.8125, 10.84375, 10.875, 10.90625, 10.9375, 10.96875, 11.0, 11.03125, 11.0625, 11.09375, 11.125, 11.15625, 11.1875, 11.21875, 11.25, 11.28125, 11.3125, 11.34375, 11.40625, 11.4375, 11.46875, 11.5, 11.53125, 11.5625, 11.59375, 11.625, 11.6875, 11.84375, 11.875, 11.90625, 11.9375, 11.96875, 12.0, 12.0625, 12.09375, 12.125, 12.1875, 12.25, 12.28125, 12.34375, 12.375, 12.5, 12.53125, 12.5625, 12.625, 12.84375, 12.9375, 13.03125, 13.28125]}}