{"percentile": {"y": [0.0, 0.2, 0.4, 0.6, 0.8, 1.4, 1.8, 2.0, 2.5, 2.7, 3.1, 3.3, 3.5, 3.7, 3.9, 4.1, 5.4, 5.8, 6.0, 6.4, 6.6, 6.8, 7.2, 7.5, 7.9, 8.1, 8.7, 9.1, 9.7, 10.0, 10.6, 10.8, 11.2, 11.4, 12.0, 12.5, 13.1, 13.5, 13.9, 14.3, 15.6, 16.4, 17.0, 17.2, 18.1, 18.5, 18.9, 19.5, 19.7, 20.0, 20.2, 21.6, 21.8, 22.7, 23.5, 23.7, 26.0, 26.8, 27.5, 28.9, 29.3, 30.6, 31.0, 31.4, 31.6, 31.8, 35.0, 35.6, 36.8, 37.9, 38.9, 39.5, 40.0, 40.6, 41.2, 41.6, 42.5, 43.1, 43.3, 45.6, 46.0, 46.4, 47.0, 47.9, 48.5, 49.3, 49.7, 50.8, 51.6, 52.7, 53.7, 54.7, 56.6, 56.8, 57.5, 57.7, 58.3, 62.5, 63.5, 64.1, 64.5, 65.2, 66.4, 66.6, 67.2, 67.7, 68.7, 69.5, 70.0, 70.2, 72.5, 73.3, 73.5, 73.7, 73.9, 75.0, 75.2, 78.3, 79.1, 79.7, 80.0, 81.4, 81.8, 82.5, 82.9, 85.0, 85.6, 85.8, 86.2, 86.4, 86.6, 87.5, 88.1, 88.3, 88.5, 88.9, 89.3, 91.4, 91.6, 91.8, 92.0, 92.7, 92.9, 93.3, 93.5, 94.5, 94.7, 95.0, 95.2, 95.8, 96.0, 96.2, 96.4, 97.0, 97.2, 97.5, 97.7, 97.9, 98.1, 98.7, 98.9, 99.1, 99.3, 99.5, 99.7, 100.0], "x": [0.28125, 3.25, 4.71875, 5.375, 5.53125, 5.5625, 5.65625, 5.71875, 5.90625, 6.0, 6.34375, 6.40625, 6.4375, 6.46875, 6.5, 6.5625, 6.59375, 6.6875, 6.75, 6.78125, 6.8125, 6.84375, 6.875, 6.90625, 6.96875, 7.0, 7.03125, 7.09375, 7.15625, 7.1875, 7.25, 7.28125, 7.3125, 7.34375, 7.40625, 7.4375, 7.46875, 7.5, 7.53125, 7.5625, 7.59375, 7.625, 7.65625, 7.6875, 7.75, 7.78125, 7.8125, 7.84375, 7.875, 7.90625, 8.0, 8.03125, 8.09375, 8.15625, 8.1875, 8.25, 8.28125, 8.3125, 8.34375, 8.375, 8.40625, 8.4375, 8.46875, 8.5, 8.53125, 8.5625, 8.59375, 8.625, 8.65625, 8.6875, 8.75, 8.78125, 8.8125, 8.84375, 8.875, 8.90625, 8.9375, 8.96875, 9.0, 9.03125, 9.0625, 9.09375, 9.125, 9.15625, 9.1875, 9.21875, 9.25, 9.28125, 9.3125, 9.34375, 9.375, 9.40625, 9.4375, 9.46875, 9.5, 9.53125, 9.5625, 9.59375, 9.625, 9.65625, 9.6875, 9.71875, 9.75, 9.78125, 9.8125, 9.84375, 9.875, 9.90625, 9.96875, 10.0, 10.03125, 10.0625, 10.09375, 10.125, 10.15625, 10.1875, 10.25, 10.28125, 10.3125, 10.375, 10.40625, 10.4375, 10.46875, 10.5, 10.5625, 10.59375, 10.625, 10.65625, 10.6875, 10.71875, 10.75, 10.8125, 10.84375, 10.875, 10.90625, 10.9375, 11.0, 11.03125, 11.0625, 11.09375, 11.15625, 11.25, 11.3125, 11.34375, 11.375, 11.40625, 11.46875, 11.5, 11.5625, 11.65625, 11.6875, 11.78125, 11.8125, 11.84375, 11.90625, 11.96875, 12.09375, 12.25, 12.5625, 12.71875, 12.84375, 13.125, 13.15625, 13.375, 13.4375, 15.625]}, "histogram": {"y": [1, 0, 0, 1, 1, 10, 26, 58, 111, 129, 92, 40, 7, 4, 0, 1, 0, 0], "x": [0.0, 1.0, 2.0, 3.0, 4.0, 5.0, 6.0, 7.0, 8.0, 9.0, 10.0, 11.0, 12.0, 13.0, 14.0, 15.0, 16.0, 17.0]}}