{"percentile": {"y": [0.0, 0.1, 0.3, 0.4, 0.6, 0.7, 1.2, 1.3, 1.6, 1.8, 1.9, 2.2, 2.4, 2.8, 3.0, 3.1, 3.4, 3.6, 3.7, 3.9, 4.0, 4.3, 4.5, 4.8, 4.9, 5.1, 5.2, 5.4, 6.3, 6.6, 6.7, 7.2, 7.5, 7.8, 8.6, 8.9, 9.2, 9.6, 10.5, 10.7, 11.0, 11.3, 11.7, 12.2, 12.8, 13.1, 13.4, 13.7, 14.3, 14.8, 16.4, 16.7, 16.9, 17.2, 17.5, 17.6, 18.8, 19.4, 19.7, 20.3, 20.8, 21.7, 22.0, 22.5, 22.8, 23.1, 25.3, 26.2, 26.8, 27.3, 28.0, 28.3, 29.3, 29.6, 30.0, 30.6, 31.4, 32.0, 32.4, 32.7, 35.9, 36.5, 36.8, 37.4, 37.7, 38.0, 38.2, 40.0, 40.6, 41.3, 42.2, 42.7, 43.9, 44.7, 44.8, 45.6, 46.2, 48.3, 48.9, 49.5, 50.3, 51.6, 52.8, 53.1, 53.7, 54.2, 55.7, 56.7, 57.4, 58.3, 58.7, 61.0, 61.9, 62.0, 62.6, 63.2, 63.7, 64.3, 64.6, 66.1, 66.7, 67.8, 68.4, 68.7, 69.4, 69.6, 70.2, 70.8, 71.7, 74.9, 75.9, 76.2, 76.8, 77.6, 78.7, 79.3, 79.6, 80.5, 81.1, 81.4, 81.7, 82.1, 82.3, 83.9, 84.2, 84.5, 85.1, 85.8, 86.2, 86.7, 87.0, 87.7, 88.0, 88.5, 89.1, 89.8, 90.6, 90.7, 91.2, 91.5, 92.5, 93.2, 93.3, 93.5, 93.9, 94.4, 94.7, 95.0, 95.3, 95.6, 95.7, 95.9, 96.5, 96.6, 96.9, 97.2, 97.4, 97.5, 97.8, 98.1, 98.3, 98.4, 98.7, 98.9, 99.0, 99.2, 99.5, 99.6, 99.8, 100.0], "x": [0.1875, 4.4375, 4.5625, 5.0, 5.03125, 5.125, 5.25, 5.34375, 5.375, 5.40625, 5.46875, 5.53125, 5.5625, 5.59375, 5.65625, 5.6875, 5.71875, 5.75, 5.78125, 5.8125, 5.90625, 5.9375, 6.0, 6.09375, 6.15625, 6.1875, 6.21875, 6.25, 6.28125, 6.3125, 6.34375, 6.375, 6.40625, 6.4375, 6.46875, 6.5, 6.53125, 6.5625, 6.59375, 6.65625, 6.6875, 6.71875, 6.75, 6.78125, 6.8125, 6.84375, 6.875, 6.9375, 6.96875, 7.0, 7.0625, 7.125, 7.15625, 7.1875, 7.21875, 7.25, 7.28125, 7.3125, 7.34375, 7.375, 7.40625, 7.4375, 7.46875, 7.5, 7.53125, 7.5625, 7.59375, 7.625, 7.65625, 7.6875, 7.71875, 7.75, 7.78125, 7.8125, 7.84375, 7.875, 7.90625, 7.9375, 7.96875, 8.0, 8.03125, 8.0625, 8.09375, 8.125, 8.15625, 8.21875, 8.25, 8.28125, 8.3125, 8.34375, 8.375, 8.40625, 8.4375, 8.46875, 8.5, 8.53125, 8.5625, 8.59375, 8.625, 8.65625, 8.6875, 8.71875, 8.75, 8.78125, 8.8125, 8.84375, 8.875, 8.90625, 8.9375, 8.96875, 9.0, 9.03125, 9.0625, 9.09375, 9.125, 9.15625, 9.1875, 9.21875, 9.25, 9.28125, 9.3125, 9.34375, 9.375, 9.40625, 9.4375, 9.46875, 9.5, 9.53125, 9.5625, 9.59375, 9.625, 9.65625, 9.6875, 9.71875, 9.75, 9.78125, 9.8125, 9.84375, 9.875, 9.90625, 9.9375, 9.96875, 10.0, 10.03125, 10.0625, 10.09375, 10.125, 10.15625, 10.1875, 10.21875, 10.25, 10.28125, 10.3125, 10.34375, 10.375, 10.40625, 10.4375, 10.5, 10.53125, 10.5625, 10.59375, 10.65625, 10.6875, 10.71875, 10.75, 10.8125, 10.84375, 10.875, 11.0, 11.125, 11.1875, 11.25, 11.28125, 11.3125, 11.40625, 11.46875, 11.5, 11.53125, 11.5625, 11.625, 11.78125, 11.8125, 11.90625, 12.5, 12.53125, 12.65625, 13.0, 13.03125, 13.40625, 13.46875]}, "histogram": {"y": [1, 0, 0, 0, 2, 27, 68, 119, 172, 156, 86, 24, 4, 4, 0, 0], "x": [0.0, 1.0, 2.0, 3.0, 4.0, 5.0, 6.0, 7.0, 8.0, 9.0, 10.0, 11.0, 12.0, 13.0, 14.0, 15.0]}}