{"histogram": {"x": [0.0, 1.0, 2.0, 3.0, 4.0, 5.0, 6.0, 7.0, 8.0, 9.0, 10.0, 11.0, 12.0, 13.0, 14.0], "y": [5, 3, 1, 5, 12, 59, 132, 184, 165, 88, 47, 15, 2, 0, 0]}, "percentile": {"x": [0.125, 0.15625, 0.40625, 1.0, 1.125, 2.0, 3.1875, 3.5625, 3.6875, 3.84375, 4.0, 4.03125, 4.0625, 4.09375, 4.15625, 4.1875, 4.59375, 4.71875, 4.75, 5.0, 5.03125, 5.0625, 5.09375, 5.125, 5.15625, 5.1875, 5.21875, 5.25, 5.28125, 5.34375, 5.40625, 5.4375, 5.46875, 5.5, 5.5625, 5.625, 5.65625, 5.6875, 5.71875, 5.75, 5.8125, 5.84375, 5.875, 5.9375, 5.96875, 6.0, 6.03125, 6.0625, 6.09375, 6.125, 6.15625, 6.1875, 6.21875, 6.25, 6.28125, 6.3125, 6.34375, 6.40625, 6.4375, 6.46875, 6.5, 6.53125, 6.5625, 6.59375, 6.625, 6.65625, 6.6875, 6.71875, 6.78125, 6.8125, 6.84375, 6.875, 6.9375, 6.96875, 7.0, 7.03125, 7.0625, 7.09375, 7.125, 7.15625, 7.1875, 7.21875, 7.25, 7.28125, 7.3125, 7.34375, 7.375, 7.40625, 7.4375, 7.46875, 7.5, 7.53125, 7.5625, 7.59375, 7.625, 7.65625, 7.6875, 7.71875, 7.75, 7.78125, 7.8125, 7.84375, 7.875, 7.90625, 7.9375, 7.96875, 8.0, 8.03125, 8.0625, 8.09375, 8.125, 8.15625, 8.1875, 8.21875, 8.25, 8.28125, 8.3125, 8.34375, 8.375, 8.40625, 8.4375, 8.46875, 8.5, 8.53125, 8.5625, 8.59375, 8.625, 8.65625, 8.6875, 8.71875, 8.75, 8.78125, 8.8125, 8.84375, 8.875, 8.90625, 8.9375, 8.96875, 9.0, 9.03125, 9.0625, 9.09375, 9.125, 9.15625, 9.1875, 9.21875, 9.25, 9.28125, 9.34375, 9.40625, 9.4375, 9.46875, 9.5, 9.53125, 9.5625, 9.59375, 9.625, 9.6875, 9.71875, 9.75, 9.78125, 9.8125, 9.84375, 9.90625, 9.96875, 10.0, 10.03125, 10.0625, 10.09375, 10.125, 10.1875, 10.21875, 10.25, 10.28125, 10.3125, 10.34375, 10.375, 10.40625, 10.4375, 10.5, 10.5625, 10.59375, 10.65625, 10.71875, 10.75, 10.8125, 10.90625, 10.9375, 11.0, 11.03125, 11.125, 11.21875, 11.25, 11.3125, 11.40625, 11.5625, 11.625, 11.71875, 11.75, 11.8125, 12.15625, 12.59375], "y": [0.0, 0.1, 0.2, 0.6, 0.9, 1.1, 1.2, 1.3, 1.6, 1.8, 1.9, 2.2, 2.3, 2.6, 2.7, 2.9, 3.2, 3.3, 3.4, 3.6, 4.4, 4.8, 5.0, 5.4, 5.7, 5.9, 6.2, 6.5, 6.9, 7.3, 7.5, 7.9, 8.0, 8.2, 8.3, 8.9, 9.4, 9.6, 9.7, 10.0, 10.4, 11.0, 11.1, 11.4, 11.5, 11.8, 13.3, 13.8, 14.2, 15.3, 17.0, 17.2, 17.8, 18.2, 18.9, 19.3, 20.0, 20.7, 22.0, 22.3, 22.7, 23.7, 23.8, 25.1, 25.3, 26.0, 26.7, 27.4, 27.7, 28.0, 28.4, 28.7, 29.0, 29.5, 30.2, 32.2, 32.6, 34.1, 35.4, 35.8, 36.9, 37.5, 38.6, 40.5, 41.5, 41.8, 42.2, 42.6, 43.9, 44.7, 45.6, 46.1, 46.5, 49.3, 50.0, 50.3, 50.6, 51.1, 51.6, 52.3, 53.2, 54.1, 54.5, 55.3, 55.5, 55.7, 55.9, 58.5, 60.1, 60.9, 62.2, 63.1, 64.5, 65.2, 65.5, 66.3, 66.8, 67.2, 68.3, 68.8, 69.8, 70.2, 70.5, 70.7, 71.1, 73.0, 73.7, 74.1, 74.8, 75.3, 75.4, 76.7, 77.1, 77.2, 77.5, 78.1, 78.5, 78.8, 78.9, 80.0, 80.8, 81.1, 81.5, 82.7, 83.1, 84.1, 84.5, 85.6, 85.9, 86.3, 86.6, 86.8, 87.1, 87.4, 87.7, 88.9, 89.1, 89.4, 89.5, 89.9, 90.3, 90.5, 90.7, 90.9, 91.0, 91.2, 91.7, 92.0, 92.4, 92.8, 93.3, 93.8, 94.0, 94.2, 94.5, 94.7, 94.8, 95.2, 95.6, 95.9, 96.0, 96.6, 96.7, 96.9, 97.0, 97.2, 97.4, 97.6, 97.7, 98.1, 98.3, 98.4, 98.7, 98.8, 99.0, 99.1, 99.3, 99.4, 99.5, 99.7, 99.8, 100.0]}}