{"percentile": {"x": [6.4375, 6.5, 6.5625, 7.59375, 8.0, 8.40625, 8.59375, 8.84375, 9.34375, 9.84375, 9.90625, 9.9375, 10.03125, 10.5625, 11.8125, 12.65625], "y": [0.0, 6.6, 13.3, 20.0, 26.6, 33.3, 40.0, 46.6, 53.3, 60.0, 66.6, 73.3, 80.0, 86.6, 93.3, 100.0]}, "histogram": {"x": [6.0, 7.0, 8.0, 9.0, 10.0, 11.0, 12.0, 13.0, 14.0], "y": [3, 1, 4, 4, 2, 1, 1, 0, 0]}}