{"percentile": {"x": [0.25, 3.5625, 3.875, 4.71875, 4.96875, 5.0, 5.25, 5.28125, 5.375, 5.4375, 5.5625, 5.6875, 5.71875, 5.84375, 5.90625, 6.0, 6.0625, 6.09375, 6.125, 6.25, 6.28125, 6.3125, 6.34375, 6.375, 6.40625, 6.4375, 6.53125, 6.5625, 6.65625, 6.6875, 6.71875, 6.75, 6.78125, 6.875, 6.90625, 6.96875, 7.0, 7.03125, 7.0625, 7.09375, 7.125, 7.15625, 7.25, 7.28125, 7.3125, 7.34375, 7.375, 7.40625, 7.4375, 7.46875, 7.5, 7.53125, 7.5625, 7.59375, 7.625, 7.65625, 7.6875, 7.71875, 7.75, 7.78125, 7.8125, 7.84375, 7.875, 7.90625, 7.9375, 7.96875, 8.0, 8.03125, 8.0625, 8.09375, 8.125, 8.15625, 8.1875, 8.21875, 8.25, 8.28125, 8.3125, 8.34375, 8.375, 8.40625, 8.4375, 8.46875, 8.5, 8.53125, 8.5625, 8.59375, 8.625, 8.65625, 8.6875, 8.71875, 8.75, 8.78125, 8.8125, 8.84375, 8.875, 8.90625, 8.9375, 8.96875, 9.0, 9.0625, 9.09375, 9.125, 9.15625, 9.25, 9.28125, 9.3125, 9.34375, 9.375, 9.40625, 9.4375, 9.46875, 9.5, 9.53125, 9.5625, 9.59375, 9.625, 9.65625, 9.6875, 9.71875, 9.75, 9.78125, 9.8125, 9.84375, 9.875, 9.90625, 9.9375, 9.96875, 10.0, 10.03125, 10.0625, 10.125, 10.15625, 10.1875, 10.21875, 10.25, 10.28125, 10.3125, 10.34375, 10.375, 10.40625, 10.4375, 10.46875, 10.5, 10.53125, 10.5625, 10.59375, 10.625, 10.6875, 10.71875, 10.75, 10.78125, 10.8125, 10.875, 10.90625, 10.9375, 10.96875, 11.0, 11.03125, 11.09375, 11.125, 11.1875, 11.25, 11.28125, 11.3125, 11.5, 11.5625, 11.59375, 11.65625, 11.6875, 11.78125, 11.90625, 12.0, 12.15625, 12.25, 12.34375, 12.375, 12.46875, 12.875, 12.9375], "y": [0.0, 0.1, 0.2, 0.3, 0.4, 0.5, 0.7, 1.1, 1.2, 1.3, 1.4, 1.7, 1.9, 2.0, 2.2, 2.6, 3.6, 3.8, 4.2, 4.7, 4.8, 5.1, 5.3, 5.5, 5.8, 6.2, 6.3, 6.7, 7.2, 7.4, 8.0, 8.3, 8.7, 8.9, 9.2, 9.6, 10.0, 12.3, 12.7, 13.2, 13.5, 13.8, 14.2, 15.2, 15.7, 16.5, 16.7, 17.3, 18.1, 18.3, 18.4, 18.5, 18.6, 22.3, 23.6, 24.4, 25.1, 26.1, 26.7, 27.6, 27.9, 28.3, 28.9, 29.4, 30.1, 30.5, 30.9, 34.3, 34.7, 35.0, 35.3, 35.6, 36.1, 36.9, 37.4, 39.1, 39.7, 40.3, 41.0, 42.1, 43.2, 43.3, 43.6, 44.3, 44.6, 47.1, 48.4, 49.2, 49.6, 50.2, 51.0, 51.8, 53.1, 54.6, 55.6, 56.9, 58.2, 58.7, 59.6, 62.5, 62.6, 62.8, 63.2, 63.6, 65.7, 67.1, 67.9, 68.6, 69.1, 69.4, 69.8, 70.8, 71.4, 71.6, 74.4, 75.2, 75.8, 76.1, 76.8, 77.5, 78.0, 78.3, 78.8, 79.1, 80.2, 80.7, 81.4, 82.1, 83.9, 84.1, 84.6, 84.8, 85.1, 85.3, 85.6, 87.2, 87.5, 88.2, 88.6, 88.7, 89.4, 89.5, 89.6, 90.0, 90.2, 91.1, 91.5, 91.9, 92.8, 93.1, 93.5, 93.9, 94.0, 94.7, 94.9, 95.1, 95.2, 95.4, 95.5, 95.6, 95.7, 96.0, 96.1, 96.5, 96.6, 96.8, 97.6, 97.7, 97.9, 98.2, 98.5, 98.7, 98.8, 98.9, 99.3, 99.4, 99.5, 99.8, 100.0]}, "histogram": {"x": [0.0, 1.0, 2.0, 3.0, 4.0, 5.0, 6.0, 7.0, 8.0, 9.0, 10.0, 11.0, 12.0, 13.0], "y": [1, 0, 0, 2, 2, 18, 65, 184, 252, 197, 115, 31, 12, 0]}}