{"percentile": {"x": [0.03125, 0.125, 0.25, 0.28125, 0.34375, 0.46875, 4.5625, 5.0, 5.5625, 5.84375, 6.0, 6.25, 6.34375, 6.53125, 6.65625, 6.71875, 6.875, 6.90625, 6.96875, 7.0, 7.0625, 7.15625, 7.21875, 7.25, 7.28125, 7.34375, 7.375, 7.40625, 7.4375, 7.53125, 7.5625, 7.625, 7.65625, 7.8125, 7.90625, 7.96875, 8.0, 8.03125, 8.0625, 8.09375, 8.125, 8.15625, 8.1875, 8.21875, 8.25, 8.28125, 8.3125, 8.34375, 8.375, 8.40625, 8.4375, 8.5, 8.53125, 8.5625, 8.59375, 8.625, 8.65625, 8.6875, 8.71875, 8.75, 8.78125, 8.8125, 8.84375, 8.875, 8.90625, 8.9375, 8.96875, 9.0, 9.0625, 9.15625, 9.1875, 9.25, 9.28125, 9.3125, 9.34375, 9.375, 9.40625, 9.4375, 9.46875, 9.5, 9.53125, 9.5625, 9.59375, 9.625, 9.65625, 9.6875, 9.71875, 9.75, 9.78125, 9.8125, 9.84375, 9.875, 9.90625, 9.9375, 9.96875, 10.0, 10.125, 10.15625, 10.1875, 10.21875, 10.25, 10.28125, 10.3125, 10.375, 10.40625, 10.4375, 10.5, 10.53125, 10.5625, 10.59375, 10.625, 10.65625, 10.6875, 10.75, 10.78125, 10.8125, 10.84375, 10.875, 10.90625, 10.9375, 10.96875, 11.0, 11.03125, 11.0625, 11.09375, 11.15625, 11.1875, 11.21875, 11.25, 11.28125, 11.3125, 11.34375, 11.375, 11.4375, 11.46875, 11.5, 11.53125, 11.5625, 11.59375, 11.6875, 11.71875, 11.75, 11.78125, 11.8125, 11.9375, 11.96875, 12.0, 12.09375, 12.25, 12.3125, 12.34375, 12.375, 12.40625, 12.4375, 12.5625, 12.6875, 12.8125, 12.84375, 12.9375, 13.0, 13.03125, 13.125, 13.25, 13.375, 13.4375, 13.5, 13.5625, 13.625, 14.5625, 14.84375], "y": [0.0, 0.3, 0.5, 0.6, 0.8, 1.0, 1.2, 1.3, 1.7, 1.9, 2.0, 2.4, 2.6, 2.9, 3.1, 3.3, 3.4, 3.8, 4.0, 4.3, 4.5, 5.5, 5.7, 6.0, 6.7, 6.9, 7.1, 7.3, 7.8, 8.3, 8.5, 8.6, 9.0, 9.3, 9.7, 9.9, 10.2, 11.8, 12.0, 12.5, 12.6, 13.2, 13.5, 13.9, 14.0, 15.8, 16.5, 17.2, 18.2, 18.6, 20.0, 20.5, 21.0, 21.3, 25.0, 25.5, 25.9, 26.6, 27.1, 28.0, 28.3, 28.5, 28.8, 29.9, 31.3, 31.4, 32.1, 33.0, 35.3, 35.4, 35.8, 36.0, 37.3, 38.2, 38.9, 39.4, 40.6, 41.0, 41.9, 43.4, 43.6, 44.3, 48.8, 49.2, 49.5, 50.0, 50.4, 51.1, 51.6, 52.0, 52.1, 52.5, 53.2, 53.3, 54.0, 54.4, 58.2, 59.1, 59.3, 59.4, 59.8, 61.3, 62.0, 63.1, 64.0, 65.9, 67.1, 68.0, 68.3, 71.8, 72.6, 73.0, 73.7, 74.0, 74.2, 74.6, 75.8, 76.3, 76.6, 77.0, 77.5, 78.0, 80.3, 80.5, 80.6, 81.2, 81.9, 82.0, 82.6, 83.3, 84.3, 85.0, 85.3, 86.2, 87.3, 87.6, 88.0, 88.5, 89.3, 89.5, 90.4, 91.1, 91.8, 92.1, 92.6, 93.0, 93.2, 93.5, 93.9, 94.4, 94.9, 95.6, 95.8, 96.0, 96.3, 96.8, 97.0, 97.2, 97.3, 97.5, 97.7, 97.9, 98.0, 98.2, 98.6, 98.9, 99.3, 99.6, 99.8, 100.0]}, "histogram": {"x": [0.0, 1.0, 2.0, 3.0, 4.0, 5.0, 6.0, 7.0, 8.0, 9.0, 10.0, 11.0, 12.0, 13.0, 14.0, 15.0], "y": [7, 0, 0, 0, 1, 4, 13, 34, 131, 123, 136, 87, 25, 13, 2, 0]}}