{"histogram": {"y": [1, 0, 0, 2, 9, 24, 27, 35, 22, 5, 2, 0, 0], "x": [1.0, 2.0, 3.0, 4.0, 5.0, 6.0, 7.0, 8.0, 9.0, 10.0, 11.0, 12.0, 13.0]}, "percentile": {"y": [0.0, 0.7, 1.5, 2.3, 3.1, 3.9, 4.7, 5.5, 6.3, 7.1, 7.9, 8.7, 9.5, 11.1, 12.6, 14.2, 15.0, 15.8, 17.4, 19.0, 19.8, 25.3, 26.1, 27.7, 28.5, 30.1, 30.9, 31.7, 34.1, 37.3, 38.8, 39.6, 40.4, 41.2, 42.0, 42.8, 43.6, 45.2, 46.8, 47.6, 48.4, 49.2, 50.0, 56.3, 57.1, 57.9, 58.7, 59.5, 60.3, 61.9, 63.4, 64.2, 65.0, 66.6, 68.2, 69.8, 71.4, 72.2, 73.0, 73.8, 74.6, 75.3, 76.1, 76.9, 77.7, 80.1, 81.7, 82.5, 83.3, 84.1, 85.7, 87.3, 88.0, 88.8, 89.6, 90.4, 91.2, 92.0, 94.4, 95.2, 96.8, 97.6, 98.4, 99.2, 100.0], "x": [1.0625, 4.25, 4.40625, 5.25, 5.28125, 5.3125, 5.34375, 5.40625, 5.5, 5.5625, 5.78125, 5.84375, 6.0, 6.09375, 6.15625, 6.25, 6.28125, 6.3125, 6.40625, 6.4375, 6.5625, 6.75, 6.8125, 6.84375, 7.0, 7.03125, 7.0625, 7.15625, 7.1875, 7.21875, 7.28125, 7.3125, 7.34375, 7.375, 7.40625, 7.46875, 7.5625, 7.59375, 7.71875, 7.78125, 7.8125, 7.875, 8.0, 8.03125, 8.0625, 8.09375, 8.125, 8.15625, 8.1875, 8.25, 8.28125, 8.3125, 8.34375, 8.375, 8.40625, 8.5625, 8.59375, 8.6875, 8.71875, 8.78125, 8.84375, 8.875, 8.90625, 8.9375, 9.0, 9.03125, 9.0625, 9.09375, 9.125, 9.1875, 9.25, 9.28125, 9.46875, 9.5, 9.5625, 9.625, 9.65625, 9.6875, 9.71875, 10.0, 10.1875, 10.375, 10.9375, 11.25, 11.71875]}}