{"histogram": {"y": [6, 2, 0, 1, 12, 19, 100, 279, 440, 377, 211, 63, 19, 2, 0, 0], "x": [0.0, 1.0, 2.0, 3.0, 4.0, 5.0, 6.0, 7.0, 8.0, 9.0, 10.0, 11.0, 12.0, 13.0, 14.0, 15.0]}, "percentile": {"y": [0.0, 0.1, 0.2, 0.3, 0.3, 0.4, 0.5, 0.5, 0.7, 0.7, 0.8, 0.9, 0.9, 1.0, 1.1, 1.1, 1.2, 1.3, 1.5, 1.6, 1.6, 1.7, 1.8, 1.8, 2.0, 2.0, 2.2, 2.3, 2.4, 2.6, 2.8, 3.0, 3.1, 3.2, 3.3, 3.3, 3.6, 3.7, 4.0, 4.1, 4.3, 4.3, 4.5, 4.9, 5.0, 5.2, 6.2, 6.6, 6.8, 6.9, 7.3, 7.5, 7.7, 8.1, 8.5, 8.7, 9.0, 9.1, 10.4, 10.6, 10.9, 11.5, 11.8, 12.0, 12.4, 12.6, 13.5, 13.7, 14.0, 14.4, 14.9, 15.6, 16.4, 16.7, 17.5, 18.1, 21.0, 21.5, 22.4, 23.0, 23.4, 23.8, 24.1, 24.7, 25.0, 25.4, 25.8, 26.2, 26.9, 27.3, 30.7, 31.2, 31.9, 32.5, 33.2, 34.0, 34.7, 35.1, 36.7, 37.5, 38.3, 38.8, 39.6, 40.6, 41.5, 42.2, 42.8, 43.6, 47.1, 48.0, 49.0, 49.7, 50.5, 51.3, 51.7, 53.1, 53.7, 54.3, 54.9, 55.4, 55.7, 56.1, 58.9, 59.2, 59.6, 60.1, 60.7, 61.1, 61.3, 61.8, 64.1, 64.9, 65.5, 66.4, 66.7, 67.3, 68.1, 68.7, 69.1, 69.8, 73.1, 73.9, 74.7, 75.4, 76.2, 76.9, 77.5, 77.9, 78.3, 79.0, 79.4, 80.1, 80.4, 80.7, 82.8, 83.2, 83.3, 83.6, 83.9, 84.3, 84.6, 84.7, 85.8, 86.3, 86.9, 87.5, 88.1, 88.6, 88.7, 89.0, 89.4, 89.8, 91.8, 92.0, 92.2, 92.5, 92.6, 93.0, 93.1, 93.2, 93.3, 93.5, 93.7, 93.9, 94.3, 94.5, 95.0, 95.0, 95.1, 95.2, 95.3, 95.4, 95.7, 95.8, 96.0, 96.3, 96.4, 96.6, 96.7, 96.7, 96.9, 97.7, 97.9, 97.9, 98.0, 98.2, 98.4, 98.4, 98.6, 98.6, 99.0, 99.1, 99.2, 99.3, 99.4, 99.4, 99.6, 99.6, 99.7, 99.8, 99.8, 99.9, 100.0], "x": [0.03125, 0.25, 0.28125, 0.5625, 1.0, 1.75, 3.375, 4.0, 4.25, 4.40625, 4.4375, 4.5, 4.5625, 4.6875, 4.71875, 4.8125, 4.9375, 5.1875, 5.25, 5.34375, 5.46875, 5.5, 5.53125, 5.5625, 5.625, 5.78125, 5.84375, 5.875, 5.90625, 6.0, 6.03125, 6.09375, 6.125, 6.15625, 6.1875, 6.25, 6.28125, 6.3125, 6.34375, 6.375, 6.40625, 6.4375, 6.46875, 6.5, 6.53125, 6.5625, 6.625, 6.65625, 6.6875, 6.75, 6.78125, 6.8125, 6.84375, 6.875, 6.90625, 6.9375, 6.96875, 7.0, 7.03125, 7.0625, 7.09375, 7.125, 7.15625, 7.1875, 7.21875, 7.25, 7.28125, 7.3125, 7.34375, 7.375, 7.40625, 7.4375, 7.46875, 7.5, 7.53125, 7.5625, 7.59375, 7.625, 7.65625, 7.6875, 7.71875, 7.75, 7.78125, 7.8125, 7.84375, 7.875, 7.90625, 7.9375, 7.96875, 8.0, 8.03125, 8.0625, 8.09375, 8.125, 8.15625, 8.1875, 8.21875, 8.25, 8.28125, 8.3125, 8.34375, 8.375, 8.40625, 8.4375, 8.46875, 8.5, 8.53125, 8.5625, 8.59375, 8.625, 8.65625, 8.6875, 8.71875, 8.75, 8.78125, 8.8125, 8.84375, 8.875, 8.90625, 8.9375, 8.96875, 9.0, 9.03125, 9.0625, 9.09375, 9.125, 9.15625, 9.1875, 9.21875, 9.25, 9.28125, 9.3125, 9.34375, 9.375, 9.40625, 9.4375, 9.46875, 9.5, 9.53125, 9.5625, 9.59375, 9.625, 9.65625, 9.6875, 9.71875, 9.75, 9.78125, 9.8125, 9.84375, 9.875, 9.90625, 9.9375, 9.96875, 10.0, 10.03125, 10.0625, 10.09375, 10.125, 10.15625, 10.1875, 10.21875, 10.25, 10.28125, 10.3125, 10.34375, 10.375, 10.40625, 10.4375, 10.46875, 10.5, 10.53125, 10.5625, 10.59375, 10.625, 10.65625, 10.6875, 10.71875, 10.75, 10.78125, 10.8125, 10.84375, 10.875, 10.90625, 10.9375, 10.96875, 11.0, 11.03125, 11.0625, 11.09375, 11.125, 11.21875, 11.25, 11.28125, 11.3125, 11.34375, 11.375, 11.4375, 11.46875, 11.5, 11.53125, 11.5625, 11.59375, 11.625, 11.65625, 11.6875, 11.71875, 11.78125, 11.84375, 11.90625, 12.0, 12.03125, 12.1875, 12.25, 12.28125, 12.3125, 12.375, 12.4375, 12.5, 12.78125, 12.84375, 12.9375, 13.0, 13.875]}}