{"percentile": {"x": [0.03125, 0.25, 0.3125, 1.0, 4.3125, 4.53125, 5.21875, 5.25, 5.5625, 5.90625, 5.96875, 6.0, 6.1875, 6.25, 6.34375, 6.40625, 6.5, 6.5625, 6.59375, 6.625, 6.75, 6.78125, 6.8125, 6.84375, 6.9375, 6.96875, 7.0, 7.03125, 7.0625, 7.09375, 7.125, 7.15625, 7.21875, 7.25, 7.3125, 7.34375, 7.375, 7.40625, 7.4375, 7.46875, 7.5, 7.53125, 7.5625, 7.59375, 7.625, 7.65625, 7.6875, 7.71875, 7.75, 7.78125, 7.8125, 7.84375, 7.875, 7.90625, 7.9375, 7.96875, 8.0, 8.0625, 8.09375, 8.125, 8.15625, 8.1875, 8.25, 8.28125, 8.3125, 8.34375, 8.375, 8.40625, 8.4375, 8.5, 8.53125, 8.5625, 8.59375, 8.625, 8.65625, 8.6875, 8.71875, 8.75, 8.78125, 8.8125, 8.84375, 8.875, 8.90625, 8.9375, 8.96875, 9.0, 9.03125, 9.0625, 9.09375, 9.125, 9.15625, 9.1875, 9.21875, 9.25, 9.28125, 9.3125, 9.34375, 9.375, 9.40625, 9.4375, 9.46875, 9.5, 9.5625, 9.59375, 9.625, 9.65625, 9.6875, 9.71875, 9.75, 9.78125, 9.8125, 9.84375, 9.875, 9.90625, 9.9375, 9.96875, 10.0, 10.03125, 10.09375, 10.15625, 10.1875, 10.21875, 10.25, 10.28125, 10.3125, 10.34375, 10.375, 10.40625, 10.4375, 10.46875, 10.5, 10.53125, 10.5625, 10.59375, 10.625, 10.65625, 10.6875, 10.71875, 10.75, 10.78125, 10.8125, 10.875, 10.90625, 10.9375, 10.96875, 11.0, 11.0625, 11.09375, 11.125, 11.1875, 11.21875, 11.25, 11.28125, 11.3125, 11.34375, 11.375, 11.40625, 11.4375, 11.5, 11.53125, 11.5625, 11.59375, 11.65625, 11.6875, 11.78125, 11.84375, 11.90625, 12.0, 12.03125, 12.21875, 12.25, 12.3125, 12.375, 12.40625, 12.5625, 12.59375, 12.875, 13.65625, 13.71875, 15.8125], "y": [0.0, 0.1, 0.3, 0.5, 0.7, 0.8, 1.0, 1.2, 1.4, 1.5, 1.7, 1.9, 2.1, 2.3, 2.4, 2.8, 3.0, 3.1, 3.5, 4.0, 4.2, 4.4, 4.7, 5.4, 5.6, 5.8, 6.1, 7.6, 7.7, 8.1, 8.3, 8.6, 8.8, 9.0, 9.5, 9.7, 10.0, 10.4, 10.6, 11.1, 11.3, 11.6, 12.0, 12.9, 13.2, 13.6, 13.9, 14.1, 14.6, 15.3, 15.5, 15.9, 16.4, 17.5, 18.4, 18.5, 18.7, 21.2, 21.5, 21.7, 22.3, 22.8, 23.3, 25.6, 26.5, 27.7, 28.1, 29.2, 30.6, 31.3, 31.8, 32.9, 35.0, 35.5, 35.9, 36.1, 36.6, 37.8, 38.9, 39.6, 40.1, 40.7, 41.5, 41.7, 42.3, 43.1, 46.1, 46.9, 47.7, 47.9, 48.6, 49.0, 49.5, 49.7, 50.9, 51.5, 52.9, 53.9, 55.0, 55.9, 57.3, 58.0, 58.5, 61.2, 61.7, 62.8, 64.4, 65.3, 65.4, 66.5, 67.2, 67.6, 68.8, 69.5, 70.4, 70.9, 71.1, 74.3, 74.5, 75.2, 75.9, 76.1, 76.8, 78.2, 79.1, 79.8, 80.1, 80.7, 80.8, 81.4, 81.5, 81.7, 82.4, 84.7, 85.1, 85.6, 86.3, 87.2, 88.3, 88.8, 89.5, 89.9, 90.0, 90.2, 90.4, 90.7, 91.3, 91.5, 91.6, 91.8, 92.2, 92.3, 92.5, 92.9, 93.2, 93.4, 93.8, 94.1, 94.5, 94.6, 94.8, 95.7, 95.9, 96.2, 96.4, 96.6, 96.8, 97.1, 97.5, 97.6, 97.8, 98.2, 98.4, 98.5, 98.7, 99.2, 99.4, 99.6, 99.8, 100.0]}, "histogram": {"x": [0.0, 1.0, 2.0, 3.0, 4.0, 5.0, 6.0, 7.0, 8.0, 9.0, 10.0, 11.0, 12.0, 13.0, 14.0, 15.0, 16.0, 17.0], "y": [3, 1, 0, 0, 2, 5, 24, 71, 138, 158, 111, 36, 14, 2, 0, 1, 0, 0]}}