{"histogram": {"x": [6.0, 7.0, 8.0, 9.0, 10.0], "y": [1, 3, 6, 5, 2]}, "percentile": {"x": [6.566666666666666, 7.6, 7.666666666666667, 7.7, 8.133333333333333, 8.333333333333334, 8.6, 8.633333333333333, 8.766666666666667, 8.8, 9.0, 9.6, 9.766666666666667, 9.9, 10.133333333333333], "y": [0.0, 6.2, 12.5, 18.7, 25.0, 31.2, 37.5, 43.7, 50.0, 56.2, 62.5, 68.7, 81.2, 87.5, 93.7]}}