{"percentile": {"y": [0.0, 0.0, 0.0, 0.1, 0.1, 0.2, 0.2, 0.3, 0.4, 0.6, 0.6, 0.7, 0.9, 0.9, 1.0, 1.1, 1.1, 1.2, 1.3, 1.4, 1.6, 1.6, 1.6, 1.7, 1.8, 1.9, 2.1, 2.1, 2.3, 2.4, 2.8, 2.9, 3.2, 3.3, 3.4, 3.5, 3.7, 4.1, 4.4, 4.6, 4.7, 4.8, 4.9, 5.3, 5.4, 5.7, 5.8, 6.0, 6.7, 7.1, 7.4, 7.6, 7.7, 8.0, 8.1, 8.3, 8.4, 8.5, 8.7, 8.8, 8.9, 9.1, 11.0, 11.6, 12.1, 12.7, 13.3, 13.6, 13.9, 14.3, 15.6, 16.1, 16.6, 16.8, 17.0, 18.0, 18.5, 18.8, 19.3, 19.4, 21.4, 21.8, 22.1, 22.6, 22.8, 23.3, 23.6, 24.0, 24.2, 24.5, 25.0, 25.3, 25.4, 25.9, 28.1, 28.6, 29.6, 30.5, 31.5, 32.0, 33.1, 33.7, 35.7, 36.3, 37.0, 37.6, 38.1, 39.4, 39.8, 40.5, 41.1, 41.8, 44.3, 44.9, 45.5, 46.1, 46.4, 46.9, 47.2, 47.5, 48.2, 48.3, 48.8, 49.4, 49.9, 50.2, 53.0, 53.9, 54.7, 55.5, 56.7, 57.8, 58.6, 59.3, 60.8, 61.6, 62.4, 63.2, 64.0, 64.9, 65.8, 66.4, 66.9, 67.2, 69.2, 70.0, 70.3, 70.5, 71.1, 71.6, 71.9, 72.2, 72.6, 72.9, 73.2, 73.6, 74.1, 74.3, 76.2, 76.6, 76.8, 77.5, 78.0, 78.3, 78.9, 79.2, 80.2, 80.5, 80.8, 81.4, 81.7, 82.5, 82.8, 83.2, 83.3, 84.1, 85.5, 86.0, 86.2, 86.4, 86.9, 87.2, 87.4, 87.8, 88.3, 88.7, 89.2, 89.5, 89.8, 89.9, 91.0, 91.5, 91.8, 92.0, 92.4, 92.5, 92.7, 92.8, 93.3, 93.6, 93.7, 93.9, 93.9, 94.3, 94.5, 94.8, 94.8, 95.5, 95.7, 95.8, 96.0, 96.1, 96.3, 96.5, 96.7, 96.8, 97.0, 97.1, 97.2, 97.4, 97.5, 97.9, 98.1, 98.1, 98.3, 98.3, 98.3, 98.4, 98.4, 98.5, 98.7, 98.8, 98.9, 99.0, 99.1, 99.2, 99.3, 99.3, 99.4, 99.4, 99.5, 99.5, 99.6, 99.7, 99.8, 99.8, 99.9, 99.9, 100.0], "x": [0.03125, 0.25, 0.40625, 1.5, 3.0, 3.53125, 3.75, 3.78125, 4.0, 4.0625, 4.09375, 4.125, 4.15625, 4.21875, 4.25, 4.28125, 4.375, 4.40625, 4.4375, 4.5625, 4.625, 4.65625, 4.6875, 4.71875, 4.78125, 4.8125, 4.90625, 4.9375, 4.96875, 5.0, 5.03125, 5.0625, 5.09375, 5.125, 5.15625, 5.1875, 5.21875, 5.25, 5.28125, 5.3125, 5.34375, 5.375, 5.40625, 5.4375, 5.46875, 5.5, 5.53125, 5.5625, 5.59375, 5.625, 5.65625, 5.6875, 5.71875, 5.75, 5.78125, 5.8125, 5.84375, 5.875, 5.90625, 5.9375, 5.96875, 6.0, 6.03125, 6.0625, 6.09375, 6.125, 6.15625, 6.1875, 6.21875, 6.25, 6.28125, 6.3125, 6.34375, 6.375, 6.40625, 6.4375, 6.46875, 6.5, 6.53125, 6.5625, 6.59375, 6.625, 6.65625, 6.6875, 6.71875, 6.75, 6.78125, 6.8125, 6.84375, 6.875, 6.90625, 6.9375, 6.96875, 7.0, 7.03125, 7.0625, 7.09375, 7.125, 7.15625, 7.1875, 7.21875, 7.25, 7.28125, 7.3125, 7.34375, 7.375, 7.40625, 7.4375, 7.46875, 7.5, 7.53125, 7.5625, 7.59375, 7.625, 7.65625, 7.6875, 7.71875, 7.75, 7.78125, 7.8125, 7.84375, 7.875, 7.90625, 7.9375, 7.96875, 8.0, 8.03125, 8.0625, 8.09375, 8.125, 8.15625, 8.1875, 8.21875, 8.25, 8.28125, 8.3125, 8.34375, 8.375, 8.40625, 8.4375, 8.46875, 8.5, 8.53125, 8.5625, 8.59375, 8.625, 8.65625, 8.6875, 8.71875, 8.75, 8.78125, 8.8125, 8.84375, 8.875, 8.90625, 8.9375, 8.96875, 9.0, 9.03125, 9.0625, 9.09375, 9.125, 9.15625, 9.1875, 9.21875, 9.25, 9.28125, 9.3125, 9.34375, 9.375, 9.40625, 9.4375, 9.46875, 9.5, 9.53125, 9.5625, 9.59375, 9.625, 9.65625, 9.6875, 9.71875, 9.75, 9.78125, 9.8125, 9.84375, 9.875, 9.90625, 9.9375, 9.96875, 10.0, 10.03125, 10.0625, 10.09375, 10.125, 10.15625, 10.1875, 10.21875, 10.25, 10.28125, 10.3125, 10.34375, 10.375, 10.40625, 10.4375, 10.5, 10.53125, 10.5625, 10.59375, 10.625, 10.65625, 10.6875, 10.71875, 10.75, 10.78125, 10.8125, 10.84375, 10.875, 10.90625, 10.9375, 10.96875, 11.0, 11.03125, 11.0625, 11.09375, 11.125, 11.21875, 11.25, 11.28125, 11.3125, 11.375, 11.40625, 11.4375, 11.46875, 11.53125, 11.5625, 11.75, 11.875, 11.9375, 12.0, 12.1875, 12.21875, 12.28125, 12.40625, 12.46875, 12.6875, 12.8125, 12.96875, 13.03125, 13.09375]}, "histogram": {"y": [3, 1, 0, 5, 41, 139, 345, 501, 496, 321, 158, 38, 11, 2, 0, 0], "x": [0.0, 1.0, 2.0, 3.0, 4.0, 5.0, 6.0, 7.0, 8.0, 9.0, 10.0, 11.0, 12.0, 13.0, 14.0, 15.0]}}