{"percentile": {"x": [0.06666666666666667, 1.2333333333333334, 2.1, 2.2, 2.2333333333333334, 3.033333333333333, 4.0, 4.166666666666667, 4.6, 5.0, 5.033333333333333, 5.066666666666666, 5.1, 5.166666666666667, 5.233333333333333, 5.3, 5.4, 5.5, 5.6, 5.8, 5.833333333333333, 6.0, 6.166666666666667, 6.2, 6.233333333333333, 6.266666666666667, 6.4, 6.6, 6.633333333333333, 6.666666666666667, 6.766666666666667, 6.8, 6.966666666666667, 7.0, 7.033333333333333, 7.066666666666666, 7.133333333333334, 7.2, 7.233333333333333, 7.433333333333334, 7.6, 7.633333333333333, 7.733333333333333, 7.8, 7.833333333333333, 7.866666666666667, 7.9, 7.933333333333334, 7.966666666666667, 8.0, 8.033333333333333, 8.066666666666666, 8.1, 8.133333333333333, 8.166666666666666, 8.2, 8.233333333333333, 8.266666666666667, 8.333333333333334, 8.366666666666667, 8.4, 8.433333333333334, 8.466666666666667, 8.5, 8.566666666666666, 8.6, 8.766666666666667, 8.8, 8.866666666666667, 8.9, 8.966666666666667, 9.0, 9.066666666666666, 9.166666666666666, 9.2, 9.266666666666667, 9.333333333333334, 9.366666666666667, 9.5, 9.6, 9.666666666666666, 9.733333333333333, 9.8, 9.833333333333334, 10.3, 10.8, 10.9, 11.433333333333334], "y": [0.0, 0.7, 1.5, 2.3, 3.1, 3.9, 4.7, 5.5, 6.2, 7.0, 7.8, 8.6, 9.4, 10.2, 12.5, 14.1, 14.9, 16.5, 17.3, 19.6, 20.4, 21.2, 22.0, 22.8, 23.6, 24.4, 25.1, 26.7, 29.1, 29.9, 30.7, 31.4, 32.2, 33.0, 38.5, 39.3, 40.1, 41.7, 44.0, 47.2, 48.0, 48.8, 50.3, 51.9, 54.3, 55.1, 57.4, 59.0, 59.8, 60.6, 61.4, 62.2, 63.7, 65.3, 66.9, 67.7, 70.0, 70.8, 72.4, 73.2, 74.8, 75.5, 76.3, 77.9, 78.7, 79.5, 80.3, 81.1, 81.8, 82.6, 83.4, 85.0, 85.8, 86.6, 87.4, 88.1, 88.9, 89.7, 91.3, 92.1, 94.4, 95.2, 96.0, 96.8, 97.6, 98.4, 99.2, 100.0]}, "histogram": {"x": [0.0, 1.0, 2.0, 3.0, 4.0, 5.0, 6.0, 7.0, 8.0, 9.0, 10.0, 11.0, 12.0, 13.0], "y": [1, 1, 3, 1, 3, 18, 15, 35, 31, 16, 3, 1, 0, 0]}}