{"percentile": {"x": [0.25, 0.3125, 1.0, 4.28125, 4.5625, 5.09375, 5.15625, 5.25, 5.5625, 5.65625, 5.8125, 5.875, 6.0, 6.03125, 6.125, 6.21875, 6.25, 6.28125, 6.34375, 6.375, 6.4375, 6.5, 6.5625, 6.59375, 6.65625, 6.6875, 6.71875, 6.78125, 6.8125, 6.90625, 6.9375, 6.96875, 7.0, 7.03125, 7.0625, 7.09375, 7.125, 7.21875, 7.25, 7.28125, 7.3125, 7.34375, 7.375, 7.40625, 7.4375, 7.46875, 7.5, 7.53125, 7.5625, 7.59375, 7.625, 7.65625, 7.6875, 7.71875, 7.75, 7.78125, 7.8125, 7.84375, 7.875, 7.90625, 7.9375, 7.96875, 8.0, 8.03125, 8.0625, 8.09375, 8.125, 8.15625, 8.1875, 8.21875, 8.25, 8.28125, 8.3125, 8.34375, 8.375, 8.40625, 8.4375, 8.46875, 8.5, 8.53125, 8.5625, 8.59375, 8.625, 8.65625, 8.6875, 8.71875, 8.75, 8.78125, 8.8125, 8.84375, 8.875, 8.90625, 8.9375, 8.96875, 9.0, 9.03125, 9.0625, 9.09375, 9.125, 9.15625, 9.1875, 9.21875, 9.25, 9.28125, 9.3125, 9.34375, 9.375, 9.40625, 9.4375, 9.46875, 9.5, 9.53125, 9.5625, 9.59375, 9.625, 9.65625, 9.6875, 9.71875, 9.75, 9.78125, 9.8125, 9.84375, 9.875, 9.90625, 9.9375, 9.96875, 10.0, 10.03125, 10.0625, 10.09375, 10.125, 10.15625, 10.1875, 10.25, 10.28125, 10.3125, 10.34375, 10.375, 10.40625, 10.4375, 10.5, 10.53125, 10.5625, 10.59375, 10.625, 10.65625, 10.6875, 10.71875, 10.75, 10.78125, 10.8125, 10.84375, 10.875, 10.90625, 10.9375, 10.96875, 11.0, 11.03125, 11.0625, 11.09375, 11.125, 11.15625, 11.1875, 11.21875, 11.25, 11.28125, 11.3125, 11.34375, 11.375, 11.40625, 11.46875, 11.5, 11.53125, 11.5625, 11.59375, 11.65625, 11.6875, 11.75, 11.8125, 11.84375, 11.875, 11.9375, 12.03125, 12.125, 12.1875, 12.21875, 12.25, 12.28125, 12.375, 12.40625, 12.5625, 12.59375, 12.71875, 12.78125, 12.84375, 13.46875, 13.5625, 14.4375], "y": [0.0, 0.0, 0.1, 0.2, 0.3, 0.4, 0.5, 0.6, 0.8, 0.9, 0.9, 1.0, 1.1, 1.6, 1.7, 1.9, 1.9, 2.2, 2.3, 2.4, 2.5, 2.6, 2.7, 2.9, 2.9, 3.0, 3.1, 3.3, 3.4, 3.5, 3.6, 3.8, 4.0, 5.2, 5.6, 6.2, 6.3, 6.8, 6.9, 7.5, 7.7, 8.0, 8.4, 8.7, 8.9, 9.3, 9.5, 9.8, 9.9, 11.6, 11.8, 12.7, 13.2, 13.7, 14.2, 14.5, 14.9, 15.4, 15.8, 16.9, 17.5, 18.0, 18.4, 21.2, 21.3, 21.7, 22.1, 22.4, 23.0, 23.5, 23.7, 26.5, 27.5, 27.8, 28.2, 29.4, 30.8, 31.8, 32.6, 33.2, 33.7, 37.6, 38.8, 39.8, 40.7, 41.4, 42.1, 42.9, 43.7, 44.5, 44.9, 45.9, 46.1, 46.4, 46.9, 51.4, 51.6, 52.3, 53.0, 53.3, 54.2, 54.5, 54.8, 56.8, 57.9, 58.6, 59.6, 60.7, 61.8, 62.6, 63.2, 64.2, 64.5, 67.8, 69.1, 69.8, 70.1, 70.8, 71.4, 72.1, 73.0, 73.7, 74.3, 74.8, 75.2, 75.6, 76.1, 78.0, 78.3, 78.6, 78.9, 79.2, 79.8, 80.2, 81.7, 82.2, 82.9, 83.5, 84.1, 84.9, 85.5, 85.7, 85.9, 87.4, 88.1, 88.8, 89.2, 89.3, 89.4, 89.6, 90.1, 90.3, 90.5, 90.6, 90.7, 90.9, 91.0, 92.4, 92.5, 92.8, 93.0, 93.3, 93.4, 93.7, 93.9, 94.5, 94.8, 95.0, 95.3, 95.5, 96.0, 96.2, 96.4, 96.5, 96.8, 97.0, 97.0, 97.2, 97.3, 97.6, 97.9, 98.0, 98.1, 98.2, 98.3, 98.4, 98.5, 98.7, 98.9, 99.0, 99.1, 99.4, 99.5, 99.6, 99.7, 99.8, 99.9, 100.0]}, "histogram": {"x": [0.0, 1.0, 2.0, 3.0, 4.0, 5.0, 6.0, 7.0, 8.0, 9.0, 10.0, 11.0, 12.0, 13.0, 14.0, 15.0, 16.0], "y": [2, 1, 0, 0, 2, 8, 32, 158, 314, 321, 165, 78, 18, 2, 1, 0, 0]}}