{"percentile": {"y": [0.0, 1.7, 3.5, 5.2, 7.0, 8.7, 10.5, 12.2, 14.0, 15.7, 17.5, 19.2, 21.0, 22.8, 24.5, 28.0, 33.3, 35.0, 36.8, 43.8, 45.6, 47.3, 49.1, 50.8, 52.6, 56.1, 57.8, 59.6, 61.4, 66.6, 68.4, 70.1, 71.9, 78.9, 82.4, 84.2, 89.4, 92.9, 94.7, 96.4, 98.2, 100.0], "x": [4.6, 6.0, 6.6, 6.733333333333333, 7.1, 7.266666666666667, 7.3, 7.533333333333333, 7.666666666666667, 7.7, 7.866666666666667, 7.9, 8.0, 8.066666666666666, 8.1, 8.266666666666667, 8.333333333333334, 8.433333333333334, 8.6, 8.633333333333333, 8.766666666666667, 8.8, 8.833333333333334, 8.866666666666667, 8.933333333333334, 8.966666666666667, 9.0, 9.2, 9.266666666666667, 9.3, 9.433333333333334, 9.533333333333333, 9.6, 9.633333333333333, 9.7, 10.0, 10.6, 10.633333333333333, 10.833333333333334, 10.866666666666667, 10.9, 11.266666666666667]}, "histogram": {"y": [1, 0, 3, 8, 21, 15, 9, 1, 0], "x": [4.0, 5.0, 6.0, 7.0, 8.0, 9.0, 10.0, 11.0, 12.0]}}