{"histogram": {"y": [1, 2, 1, 0, 3, 8, 40, 101, 214, 178, 152, 47, 11, 2, 0], "x": [0.0, 1.0, 2.0, 3.0, 4.0, 5.0, 6.0, 7.0, 8.0, 9.0, 10.0, 11.0, 12.0, 13.0, 14.0]}, "percentile": {"y": [0.0, 0.1, 0.3, 0.5, 0.6, 0.7, 0.9, 1.1, 1.3, 1.5, 1.7, 1.8, 1.9, 2.3, 2.5, 2.7, 3.0, 3.1, 3.4, 3.6, 3.8, 3.9, 4.0, 4.3, 5.4, 5.5, 5.7, 5.9, 6.3, 6.5, 6.7, 6.8, 7.1, 7.2, 8.3, 8.6, 8.9, 9.0, 9.2, 9.8, 10.4, 10.5, 10.9, 11.1, 11.7, 11.8, 12.2, 12.5, 12.6, 15.4, 15.8, 16.0, 16.2, 16.4, 17.3, 17.6, 18.3, 18.5, 19.1, 19.4, 20.0, 20.1, 20.5, 22.3, 22.9, 23.3, 23.4, 23.8, 24.1, 24.2, 24.7, 27.9, 28.7, 29.3, 30.3, 31.4, 33.4, 33.7, 34.5, 35.3, 36.2, 40.1, 41.1, 42.4, 43.6, 44.5, 45.3, 46.2, 46.5, 46.9, 47.1, 47.8, 48.0, 48.4, 48.7, 52.0, 52.4, 53.2, 54.1, 54.4, 54.6, 54.9, 55.3, 57.3, 58.1, 59.8, 60.7, 61.6, 62.3, 62.9, 63.5, 64.1, 64.4, 66.7, 67.1, 67.5, 68.3, 68.5, 69.0, 69.5, 69.8, 70.6, 70.7, 71.0, 71.2, 71.6, 72.2, 74.7, 75.2, 76.4, 77.6, 77.8, 78.1, 78.2, 78.7, 80.1, 81.1, 81.9, 82.6, 83.6, 83.7, 84.0, 84.1, 84.7, 84.9, 87.2, 87.4, 88.1, 88.6, 89.0, 89.5, 89.9, 90.1, 90.2, 90.9, 91.1, 92.0, 92.2, 92.8, 93.0, 93.1, 93.2, 93.4, 93.6, 94.2, 94.8, 94.9, 95.2, 95.5, 96.0, 96.1, 96.3, 96.4, 97.4, 97.6, 97.8, 98.1, 98.4, 98.6, 98.8, 98.9, 99.0, 99.2, 99.3, 99.4, 99.6, 99.7, 99.8], "x": [0.25, 1.0, 2.8125, 4.5, 4.71875, 4.84375, 5.21875, 5.25, 5.625, 5.71875, 5.9375, 5.96875, 6.0, 6.03125, 6.0625, 6.09375, 6.15625, 6.1875, 6.25, 6.3125, 6.40625, 6.5, 6.53125, 6.5625, 6.59375, 6.625, 6.65625, 6.6875, 6.71875, 6.78125, 6.8125, 6.875, 6.90625, 7.0, 7.0625, 7.09375, 7.15625, 7.1875, 7.21875, 7.25, 7.28125, 7.3125, 7.34375, 7.375, 7.40625, 7.4375, 7.46875, 7.53125, 7.5625, 7.59375, 7.625, 7.65625, 7.6875, 7.71875, 7.75, 7.78125, 7.8125, 7.84375, 7.875, 7.90625, 7.9375, 7.96875, 8.0, 8.03125, 8.0625, 8.09375, 8.125, 8.15625, 8.1875, 8.21875, 8.25, 8.28125, 8.3125, 8.34375, 8.375, 8.40625, 8.4375, 8.46875, 8.5, 8.53125, 8.5625, 8.59375, 8.625, 8.65625, 8.6875, 8.71875, 8.75, 8.78125, 8.8125, 8.84375, 8.875, 8.90625, 8.9375, 8.96875, 9.0, 9.03125, 9.0625, 9.09375, 9.125, 9.15625, 9.1875, 9.21875, 9.25, 9.28125, 9.3125, 9.34375, 9.375, 9.40625, 9.4375, 9.46875, 9.5, 9.53125, 9.5625, 9.59375, 9.625, 9.65625, 9.6875, 9.71875, 9.75, 9.78125, 9.8125, 9.84375, 9.875, 9.90625, 9.9375, 9.96875, 10.0, 10.03125, 10.0625, 10.09375, 10.125, 10.15625, 10.1875, 10.21875, 10.25, 10.28125, 10.3125, 10.34375, 10.375, 10.40625, 10.4375, 10.46875, 10.5, 10.53125, 10.5625, 10.59375, 10.625, 10.65625, 10.6875, 10.71875, 10.75, 10.78125, 10.8125, 10.84375, 10.875, 10.90625, 10.9375, 11.0, 11.03125, 11.0625, 11.125, 11.15625, 11.1875, 11.25, 11.28125, 11.3125, 11.34375, 11.375, 11.40625, 11.4375, 11.5, 11.53125, 11.5625, 11.65625, 11.6875, 11.84375, 11.9375, 12.0, 12.0625, 12.3125, 12.34375, 12.375, 12.40625, 12.46875, 12.59375, 12.8125, 12.84375, 13.0]}}