{"percentile": {"y": [0.0, 0.5, 0.7, 0.9, 1.3, 1.5, 1.7, 1.9, 2.1, 2.3, 2.5, 2.9, 3.1, 3.5, 3.7, 3.9, 4.1, 4.3, 4.7, 4.9, 5.0, 5.2, 5.4, 5.8, 6.0, 6.4, 6.8, 7.2, 7.4, 7.8, 8.0, 8.2, 8.4, 8.6, 8.8, 9.0, 9.8, 10.0, 10.5, 11.3, 11.7, 11.9, 12.3, 12.9, 13.5, 13.7, 14.3, 14.7, 14.9, 16.0, 16.4, 16.8, 17.0, 18.0, 18.2, 18.4, 18.6, 19.0, 19.4, 19.8, 20.1, 20.3, 22.1, 22.5, 22.7, 23.3, 23.9, 26.0, 27.2, 27.6, 28.8, 29.2, 30.3, 30.5, 31.1, 31.7, 32.3, 33.3, 33.5, 35.2, 35.6, 35.8, 36.4, 37.2, 37.4, 37.6, 38.2, 38.8, 40.0, 42.7, 43.1, 43.9, 44.9, 46.0, 47.6, 49.2, 49.8, 50.7, 52.3, 52.9, 53.1, 53.9, 54.7, 54.9, 55.4, 56.4, 56.8, 59.0, 59.4, 60.1, 60.7, 61.1, 62.1, 62.5, 63.7, 64.5, 65.0, 65.8, 66.4, 67.8, 68.2, 69.0, 70.0, 70.5, 71.3, 72.5, 74.1, 74.9, 75.8, 77.0, 77.4, 77.6, 77.8, 78.4, 78.8, 79.4, 79.6, 80.7, 81.3, 81.7, 82.3, 82.5, 83.1, 83.7, 84.3, 84.7, 86.0, 86.6, 86.8, 87.6, 88.0, 88.4, 88.6, 88.8, 89.2, 89.4, 89.6, 90.0, 90.1, 90.9, 91.3, 91.5, 91.9, 92.1, 92.3, 92.7, 92.9, 93.3, 93.7, 94.1, 94.7, 95.4, 95.6, 95.8, 96.0, 96.6, 96.8, 97.0, 97.4, 97.6, 97.8, 98.2, 98.4, 98.6, 98.8, 99.0, 99.2, 99.4, 99.6, 99.8, 100.0], "x": [0.03333333333333333, 0.16666666666666666, 0.23333333333333334, 1.0, 1.1333333333333333, 1.2333333333333334, 1.2666666666666666, 1.6, 2.0, 2.033333333333333, 2.2, 2.466666666666667, 3.0, 3.033333333333333, 3.066666666666667, 3.1666666666666665, 3.2, 3.4333333333333336, 3.466666666666667, 3.5, 3.8, 3.9, 4.033333333333333, 4.066666666666666, 4.1, 4.133333333333334, 4.166666666666667, 4.2, 4.233333333333333, 4.366666666666666, 4.4, 4.6, 4.733333333333333, 4.8, 4.9, 5.0, 5.033333333333333, 5.066666666666666, 5.1, 5.133333333333334, 5.166666666666667, 5.2, 5.233333333333333, 5.266666666666667, 5.3, 5.333333333333333, 5.366666666666666, 5.4, 5.433333333333334, 5.5, 5.533333333333333, 5.566666666666666, 5.6, 5.633333333333333, 5.733333333333333, 5.8, 5.833333333333333, 5.866666666666667, 5.9, 5.933333333333334, 5.966666666666667, 6.0, 6.033333333333333, 6.066666666666666, 6.1, 6.133333333333334, 6.166666666666667, 6.2, 6.233333333333333, 6.266666666666667, 6.3, 6.333333333333333, 6.366666666666666, 6.4, 6.433333333333334, 6.466666666666667, 6.5, 6.566666666666666, 6.6, 6.666666666666667, 6.7, 6.733333333333333, 6.766666666666667, 6.8, 6.833333333333333, 6.9, 6.933333333333334, 6.966666666666667, 7.0, 7.033333333333333, 7.066666666666666, 7.1, 7.133333333333334, 7.166666666666667, 7.2, 7.233333333333333, 7.266666666666667, 7.3, 7.333333333333333, 7.366666666666666, 7.4, 7.433333333333334, 7.466666666666667, 7.5, 7.533333333333333, 7.566666666666666, 7.6, 7.633333333333333, 7.666666666666667, 7.7, 7.733333333333333, 7.766666666666667, 7.8, 7.833333333333333, 7.866666666666667, 7.9, 7.933333333333334, 7.966666666666667, 8.0, 8.033333333333333, 8.066666666666666, 8.1, 8.133333333333333, 8.166666666666666, 8.2, 8.233333333333333, 8.266666666666667, 8.3, 8.333333333333334, 8.366666666666667, 8.4, 8.433333333333334, 8.466666666666667, 8.5, 8.533333333333333, 8.566666666666666, 8.6, 8.666666666666666, 8.733333333333333, 8.766666666666667, 8.833333333333334, 8.933333333333334, 8.966666666666667, 9.0, 9.066666666666666, 9.1, 9.133333333333333, 9.166666666666666, 9.2, 9.233333333333333, 9.266666666666667, 9.3, 9.333333333333334, 9.366666666666667, 9.4, 9.433333333333334, 9.466666666666667, 9.5, 9.533333333333333, 9.6, 9.666666666666666, 9.7, 9.8, 9.833333333333334, 10.0, 10.033333333333333, 10.1, 10.133333333333333, 10.166666666666666, 10.233333333333333, 10.266666666666667, 10.333333333333334, 10.4, 10.5, 10.6, 10.633333333333333, 10.733333333333333, 10.766666666666667, 10.833333333333334, 10.866666666666667, 11.0, 11.033333333333333, 11.1, 11.2, 11.3, 11.433333333333334, 11.6, 11.633333333333333, 12.0, 12.066666666666666, 12.166666666666666]}, "histogram": {"y": [5, 6, 5, 12, 18, 58, 100, 135, 88, 44, 28, 9, 3, 0, 0], "x": [0.0, 1.0, 2.0, 3.0, 4.0, 5.0, 6.0, 7.0, 8.0, 9.0, 10.0, 11.0, 12.0, 13.0, 14.0]}}