{"histogram": {"x": [5.0, 6.0, 7.0, 8.0, 9.0, 10.0, 11.0, 12.0, 13.0], "y": [1, 5, 5, 9, 10, 4, 1, 0, 0]}, "percentile": {"x": [5.6, 6.266666666666667, 6.333333333333333, 6.466666666666667, 6.6, 7.033333333333333, 7.266666666666667, 7.333333333333333, 7.6, 7.8, 8.0, 8.1, 8.233333333333333, 8.4, 8.8, 8.866666666666667, 8.9, 9.0, 9.033333333333333, 9.2, 9.266666666666667, 9.533333333333333, 9.6, 9.666666666666666, 9.833333333333334, 9.9, 9.966666666666667, 10.166666666666666, 10.233333333333333, 10.4, 10.533333333333333, 11.9], "y": [0.0, 2.9, 8.8, 11.7, 14.7, 17.6, 20.5, 23.5, 26.4, 29.4, 32.3, 38.2, 41.1, 44.1, 47.0, 50.0, 52.9, 58.8, 61.7, 64.7, 67.6, 70.5, 73.5, 76.4, 79.4, 82.3, 85.2, 88.2, 91.1, 94.1, 97.0, 100.0]}}