{"percentile": {"x": [0.28125, 0.3125, 4.25, 5.1875, 5.28125, 5.46875, 5.6875, 5.9375, 6.0, 6.0625, 6.125, 6.1875, 6.28125, 6.3125, 6.375, 6.46875, 6.5625, 6.75, 6.875, 6.90625, 6.96875, 7.0, 7.0625, 7.25, 7.34375, 7.375, 7.40625, 7.4375, 7.5, 7.53125, 7.5625, 7.59375, 7.65625, 7.71875, 7.75, 7.78125, 7.8125, 7.84375, 7.875, 7.90625, 7.9375, 7.96875, 8.0, 8.0625, 8.09375, 8.125, 8.15625, 8.25, 8.28125, 8.3125, 8.34375, 8.375, 8.40625, 8.46875, 8.5, 8.5625, 8.59375, 8.625, 8.65625, 8.6875, 8.71875, 8.75, 8.78125, 8.8125, 8.84375, 8.875, 8.90625, 8.9375, 8.96875, 9.0, 9.03125, 9.0625, 9.09375, 9.125, 9.15625, 9.1875, 9.21875, 9.25, 9.28125, 9.3125, 9.34375, 9.375, 9.40625, 9.4375, 9.46875, 9.5, 9.53125, 9.5625, 9.59375, 9.625, 9.65625, 9.6875, 9.71875, 9.75, 9.78125, 9.8125, 9.84375, 9.875, 9.90625, 9.9375, 9.96875, 10.0, 10.03125, 10.0625, 10.09375, 10.125, 10.15625, 10.1875, 10.21875, 10.25, 10.28125, 10.3125, 10.34375, 10.375, 10.40625, 10.4375, 10.46875, 10.5, 10.53125, 10.5625, 10.59375, 10.625, 10.65625, 10.6875, 10.71875, 10.75, 10.78125, 10.8125, 10.84375, 10.875, 10.90625, 10.9375, 10.96875, 11.0, 11.03125, 11.0625, 11.09375, 11.125, 11.15625, 11.1875, 11.21875, 11.25, 11.28125, 11.3125, 11.34375, 11.375, 11.40625, 11.46875, 11.5, 11.53125, 11.5625, 11.59375, 11.625, 11.65625, 11.6875, 11.71875, 11.75, 11.78125, 11.84375, 11.90625, 12.0, 12.03125, 12.0625, 12.09375, 12.15625, 12.34375, 12.40625, 12.46875, 12.53125, 12.625, 12.71875, 12.84375, 13.0, 13.0625, 13.09375, 13.21875, 13.28125, 13.5625], "y": [0.0, 0.1, 0.3, 0.4, 0.6, 0.8, 0.9, 1.1, 1.3, 1.4, 1.6, 1.8, 1.9, 2.1, 2.2, 2.4, 2.6, 3.2, 3.7, 3.9, 4.0, 4.2, 5.0, 5.2, 5.7, 5.8, 6.2, 6.7, 6.8, 7.0, 7.5, 9.4, 9.8, 10.1, 10.6, 10.8, 11.4, 11.6, 11.7, 11.9, 12.1, 12.2, 12.4, 14.2, 14.5, 14.7, 15.0, 15.3, 16.5, 17.0, 17.3, 17.8, 18.0, 18.4, 19.1, 20.2, 22.5, 23.0, 23.4, 24.0, 24.5, 24.8, 25.2, 26.1, 26.5, 26.8, 27.0, 27.1, 27.9, 28.1, 31.0, 31.2, 31.9, 33.0, 34.2, 34.5, 35.0, 35.5, 36.6, 37.1, 37.9, 38.6, 39.7, 41.7, 42.0, 42.2, 43.0, 44.0, 46.6, 47.9, 48.6, 49.5, 50.2, 50.4, 51.3, 51.8, 52.8, 53.5, 54.6, 55.6, 56.7, 57.1, 62.3, 62.8, 63.6, 64.1, 64.4, 65.1, 65.7, 65.9, 67.2, 68.7, 69.8, 70.5, 71.0, 72.1, 72.5, 73.4, 73.8, 74.1, 76.2, 77.0, 77.7, 77.9, 78.3, 79.3, 80.3, 81.0, 81.8, 82.1, 82.8, 83.3, 83.9, 84.1, 86.4, 86.9, 87.3, 87.5, 87.7, 87.8, 88.2, 88.7, 89.5, 89.6, 89.8, 90.3, 90.8, 91.3, 91.4, 91.8, 91.9, 92.3, 92.4, 92.7, 93.2, 93.7, 94.4, 94.5, 95.0, 95.2, 95.4, 96.8, 97.2, 97.3, 97.5, 97.7, 97.8, 98.0, 98.1, 98.5, 98.6, 98.8, 99.0, 99.3, 99.5, 99.6, 99.8, 100.0]}, "histogram": {"x": [0.0, 1.0, 2.0, 3.0, 4.0, 5.0, 6.0, 7.0, 8.0, 9.0, 10.0, 11.0, 12.0, 13.0, 14.0, 15.0], "y": [2, 0, 0, 0, 1, 5, 18, 50, 96, 177, 165, 69, 22, 7, 0, 0]}}