{"percentile": {"x": [0.03125, 0.25, 2.0, 3.03125, 3.15625, 4.03125, 4.40625, 4.5625, 4.875, 4.90625, 5.0, 5.0625, 5.125, 5.15625, 5.1875, 5.21875, 5.25, 5.28125, 5.3125, 5.34375, 5.40625, 5.46875, 5.53125, 5.5625, 5.59375, 5.625, 5.65625, 5.6875, 5.75, 5.78125, 5.8125, 5.875, 5.90625, 5.96875, 6.0, 6.03125, 6.0625, 6.09375, 6.125, 6.15625, 6.1875, 6.21875, 6.25, 6.28125, 6.3125, 6.34375, 6.40625, 6.4375, 6.46875, 6.5, 6.53125, 6.5625, 6.59375, 6.625, 6.65625, 6.6875, 6.71875, 6.75, 6.78125, 6.8125, 6.84375, 6.875, 6.90625, 6.9375, 7.0, 7.03125, 7.0625, 7.09375, 7.125, 7.15625, 7.1875, 7.21875, 7.25, 7.28125, 7.3125, 7.34375, 7.375, 7.40625, 7.4375, 7.46875, 7.5, 7.53125, 7.5625, 7.59375, 7.625, 7.65625, 7.6875, 7.71875, 7.75, 7.78125, 7.8125, 7.84375, 7.875, 7.90625, 7.9375, 7.96875, 8.0, 8.03125, 8.0625, 8.09375, 8.125, 8.15625, 8.1875, 8.21875, 8.25, 8.28125, 8.3125, 8.34375, 8.375, 8.40625, 8.4375, 8.46875, 8.5, 8.53125, 8.5625, 8.59375, 8.625, 8.65625, 8.6875, 8.71875, 8.75, 8.78125, 8.8125, 8.84375, 8.875, 8.90625, 8.9375, 8.96875, 9.0, 9.03125, 9.0625, 9.09375, 9.125, 9.15625, 9.1875, 9.21875, 9.25, 9.28125, 9.3125, 9.34375, 9.375, 9.40625, 9.4375, 9.46875, 9.5, 9.53125, 9.5625, 9.59375, 9.625, 9.65625, 9.6875, 9.71875, 9.75, 9.78125, 9.8125, 9.84375, 9.875, 9.90625, 9.9375, 9.96875, 10.0, 10.03125, 10.0625, 10.09375, 10.125, 10.15625, 10.1875, 10.21875, 10.25, 10.28125, 10.3125, 10.34375, 10.375, 10.40625, 10.46875, 10.5, 10.53125, 10.5625, 10.625, 10.65625, 10.6875, 10.75, 10.78125, 10.8125, 10.90625, 10.96875, 11.0, 11.03125, 11.125, 11.1875, 11.21875, 11.28125, 11.3125, 11.34375, 11.4375, 11.46875, 11.53125, 11.5625, 11.625, 11.65625, 11.96875, 12.0, 12.03125, 12.09375, 12.15625, 12.3125, 12.34375, 12.375], "y": [0.0, 0.3, 0.4, 0.5, 0.6, 0.7, 0.8, 1.0, 1.1, 1.2, 1.3, 1.6, 1.8, 1.9, 2.0, 2.3, 2.4, 2.5, 2.6, 2.9, 3.3, 3.8, 3.9, 4.0, 4.9, 5.1, 5.3, 5.4, 5.6, 5.8, 5.9, 6.1, 6.2, 6.5, 6.6, 7.5, 7.9, 8.2, 8.3, 9.0, 9.5, 10.1, 10.4, 11.4, 11.8, 12.1, 12.7, 13.2, 13.3, 13.6, 13.9, 14.2, 16.3, 16.6, 17.1, 17.3, 17.8, 18.0, 18.1, 18.5, 19.0, 19.3, 19.9, 20.0, 20.1, 21.1, 21.9, 22.7, 23.8, 25.0, 25.7, 26.3, 26.8, 28.1, 28.7, 29.4, 30.2, 31.0, 32.2, 33.2, 33.5, 33.8, 34.2, 36.6, 37.0, 37.5, 38.0, 38.1, 38.7, 39.4, 40.1, 40.5, 40.9, 41.7, 42.1, 42.6, 42.9, 45.1, 46.3, 46.9, 47.7, 49.4, 50.6, 51.4, 51.8, 53.9, 54.7, 55.7, 56.1, 56.7, 58.4, 59.2, 59.9, 60.5, 60.9, 63.0, 63.8, 64.1, 64.9, 65.3, 66.2, 66.8, 67.2, 68.0, 68.4, 69.0, 70.0, 70.1, 70.3, 72.0, 73.3, 73.8, 74.1, 75.2, 75.6, 76.1, 76.7, 77.8, 78.5, 79.0, 79.6, 79.9, 80.4, 80.6, 80.8, 81.2, 81.9, 83.3, 83.7, 84.0, 84.3, 84.6, 84.7, 85.0, 85.2, 85.5, 85.8, 85.9, 86.4, 86.7, 87.1, 88.8, 89.4, 89.9, 90.5, 90.8, 91.3, 91.9, 92.1, 92.6, 93.2, 93.3, 93.7, 93.9, 94.2, 94.3, 94.4, 94.6, 95.1, 95.3, 95.6, 95.9, 96.0, 96.5, 96.6, 96.7, 96.9, 97.1, 97.3, 97.5, 97.6, 97.7, 97.8, 98.0, 98.2, 98.4, 98.6, 98.7, 99.0, 99.1, 99.2, 99.3, 99.4, 99.5, 99.6, 99.7, 99.8, 100.0]}, "histogram": {"x": [0.0, 1.0, 2.0, 3.0, 4.0, 5.0, 6.0, 7.0, 8.0, 9.0, 10.0, 11.0, 12.0, 13.0, 14.0], "y": [5, 0, 1, 2, 6, 53, 135, 228, 274, 168, 98, 24, 8, 0, 0]}}