{"percentile": {"x": [0.5625, 1.0, 4.0, 4.4375, 4.5, 4.5625, 4.8125, 4.9375, 5.1875, 5.25, 5.34375, 5.625, 5.84375, 5.90625, 6.03125, 6.125, 6.15625, 6.1875, 6.25, 6.28125, 6.3125, 6.34375, 6.4375, 6.46875, 6.5, 6.53125, 6.5625, 6.625, 6.65625, 6.75, 6.78125, 6.84375, 6.875, 6.9375, 6.96875, 7.0, 7.03125, 7.0625, 7.09375, 7.125, 7.15625, 7.1875, 7.21875, 7.25, 7.28125, 7.3125, 7.34375, 7.375, 7.40625, 7.4375, 7.46875, 7.5, 7.53125, 7.5625, 7.59375, 7.625, 7.65625, 7.6875, 7.71875, 7.75, 7.78125, 7.8125, 7.84375, 7.875, 7.90625, 7.9375, 7.96875, 8.0, 8.03125, 8.0625, 8.09375, 8.125, 8.15625, 8.1875, 8.21875, 8.25, 8.28125, 8.3125, 8.34375, 8.375, 8.40625, 8.4375, 8.46875, 8.5, 8.53125, 8.5625, 8.59375, 8.625, 8.65625, 8.6875, 8.71875, 8.75, 8.78125, 8.8125, 8.84375, 8.875, 8.90625, 8.9375, 8.96875, 9.0, 9.03125, 9.0625, 9.09375, 9.125, 9.15625, 9.1875, 9.21875, 9.25, 9.28125, 9.3125, 9.34375, 9.375, 9.40625, 9.4375, 9.46875, 9.5, 9.53125, 9.5625, 9.59375, 9.625, 9.65625, 9.6875, 9.71875, 9.75, 9.78125, 9.8125, 9.84375, 9.875, 9.90625, 9.9375, 9.96875, 10.0, 10.03125, 10.0625, 10.09375, 10.125, 10.15625, 10.1875, 10.21875, 10.25, 10.28125, 10.3125, 10.34375, 10.375, 10.40625, 10.4375, 10.46875, 10.5, 10.53125, 10.5625, 10.59375, 10.625, 10.65625, 10.6875, 10.71875, 10.75, 10.78125, 10.8125, 10.84375, 10.875, 10.90625, 10.9375, 10.96875, 11.0, 11.03125, 11.0625, 11.09375, 11.125, 11.21875, 11.25, 11.28125, 11.3125, 11.34375, 11.375, 11.4375, 11.46875, 11.5, 11.53125, 11.5625, 11.59375, 11.625, 11.65625, 11.6875, 11.71875, 11.78125, 11.84375, 11.90625, 12.0, 12.03125, 12.1875, 12.25, 12.28125, 12.3125, 12.375, 12.4375, 12.5, 12.78125, 12.84375, 12.9375, 13.0, 13.875], "y": [0.0, 0.0, 0.1, 0.2, 0.3, 0.3, 0.4, 0.5, 0.6, 0.8, 0.9, 1.0, 1.0, 1.2, 1.3, 1.3, 1.4, 1.6, 1.7, 1.8, 1.9, 2.0, 2.2, 2.3, 2.6, 2.7, 2.8, 3.6, 4.0, 4.1, 4.4, 4.6, 5.0, 5.2, 5.4, 5.5, 6.1, 6.3, 6.6, 7.0, 7.2, 7.4, 7.5, 7.7, 8.6, 8.7, 9.0, 9.2, 9.5, 10.3, 10.9, 11.3, 11.9, 12.5, 15.2, 15.7, 16.4, 17.0, 17.3, 17.7, 18.0, 18.6, 18.8, 19.1, 19.4, 19.7, 20.5, 20.9, 23.8, 24.2, 24.9, 25.5, 26.2, 26.9, 27.5, 27.9, 29.6, 30.3, 31.2, 31.7, 32.6, 33.7, 34.6, 35.3, 35.8, 36.6, 40.2, 41.0, 42.2, 43.0, 43.9, 44.7, 45.1, 46.7, 47.4, 48.0, 48.5, 49.1, 49.4, 49.7, 52.7, 53.0, 53.4, 53.9, 54.6, 55.1, 55.4, 55.9, 58.5, 59.3, 60.0, 61.1, 61.4, 62.1, 63.1, 63.7, 64.1, 65.0, 68.6, 69.6, 70.6, 71.4, 72.2, 73.0, 73.7, 74.1, 74.6, 75.5, 75.9, 76.7, 77.1, 77.4, 79.9, 80.3, 80.5, 80.8, 81.2, 81.6, 82.0, 82.2, 83.4, 83.9, 84.6, 85.3, 86.0, 86.6, 86.6, 87.0, 87.5, 87.9, 90.3, 90.6, 90.7, 91.1, 91.3, 91.7, 91.8, 92.0, 92.1, 92.4, 92.5, 92.8, 93.2, 93.5, 94.1, 94.1, 94.2, 94.3, 94.5, 94.6, 94.9, 95.1, 95.3, 95.6, 95.8, 96.0, 96.1, 96.2, 96.4, 97.2, 97.5, 97.6, 97.6, 97.9, 98.1, 98.2, 98.3, 98.4, 98.8, 98.9, 99.1, 99.2, 99.3, 99.3, 99.5, 99.6, 99.6, 99.7, 99.8, 99.9, 100.0]}, "histogram": {"x": [0.0, 1.0, 2.0, 3.0, 4.0, 5.0, 6.0, 7.0, 8.0, 9.0, 10.0, 11.0, 12.0, 13.0, 14.0, 15.0], "y": [1, 1, 0, 0, 7, 8, 55, 199, 372, 359, 208, 63, 19, 2, 0, 0]}}