{"histogram": {"x": [0.0, 1.0, 2.0, 3.0, 4.0, 5.0, 6.0, 7.0, 8.0, 9.0, 10.0, 11.0, 12.0, 13.0, 14.0], "y": [1, 0, 0, 0, 2, 27, 64, 117, 169, 153, 83, 24, 3, 4, 0]}, "percentile": {"x": [0.1875, 4.4375, 4.5625, 5.0, 5.03125, 5.125, 5.25, 5.34375, 5.375, 5.40625, 5.46875, 5.53125, 5.5625, 5.59375, 5.65625, 5.6875, 5.71875, 5.75, 5.78125, 5.8125, 5.90625, 5.9375, 6.0, 6.09375, 6.15625, 6.1875, 6.21875, 6.25, 6.28125, 6.3125, 6.34375, 6.375, 6.40625, 6.4375, 6.46875, 6.5, 6.53125, 6.5625, 6.59375, 6.65625, 6.6875, 6.71875, 6.75, 6.78125, 6.8125, 6.84375, 6.875, 6.9375, 6.96875, 7.0, 7.0625, 7.125, 7.15625, 7.1875, 7.21875, 7.25, 7.28125, 7.3125, 7.34375, 7.375, 7.40625, 7.4375, 7.46875, 7.5, 7.53125, 7.5625, 7.59375, 7.625, 7.65625, 7.6875, 7.71875, 7.75, 7.78125, 7.8125, 7.84375, 7.875, 7.90625, 7.9375, 7.96875, 8.0, 8.03125, 8.0625, 8.09375, 8.125, 8.15625, 8.21875, 8.25, 8.28125, 8.3125, 8.34375, 8.375, 8.40625, 8.4375, 8.46875, 8.5, 8.53125, 8.5625, 8.59375, 8.625, 8.65625, 8.6875, 8.71875, 8.75, 8.78125, 8.8125, 8.84375, 8.875, 8.90625, 8.9375, 8.96875, 9.0, 9.03125, 9.0625, 9.09375, 9.125, 9.15625, 9.1875, 9.21875, 9.25, 9.28125, 9.3125, 9.34375, 9.375, 9.40625, 9.4375, 9.46875, 9.5, 9.53125, 9.5625, 9.59375, 9.625, 9.65625, 9.6875, 9.71875, 9.75, 9.78125, 9.8125, 9.84375, 9.875, 9.90625, 9.9375, 9.96875, 10.0, 10.03125, 10.0625, 10.09375, 10.125, 10.15625, 10.1875, 10.21875, 10.25, 10.28125, 10.3125, 10.34375, 10.375, 10.40625, 10.4375, 10.5, 10.53125, 10.5625, 10.59375, 10.65625, 10.6875, 10.71875, 10.75, 10.8125, 10.84375, 10.875, 11.0, 11.125, 11.1875, 11.25, 11.28125, 11.3125, 11.40625, 11.46875, 11.5, 11.53125, 11.5625, 11.625, 11.78125, 11.8125, 11.90625, 12.5, 12.53125, 12.65625, 13.0, 13.03125, 13.40625, 13.46875], "y": [0.0, 0.1, 0.3, 0.4, 0.6, 0.7, 1.2, 1.3, 1.7, 1.8, 2.0, 2.3, 2.4, 2.9, 3.0, 3.2, 3.5, 3.7, 3.8, 4.0, 4.1, 4.4, 4.6, 4.9, 5.1, 5.2, 5.4, 5.5, 6.5, 6.8, 6.9, 7.4, 7.7, 7.8, 8.6, 8.8, 9.1, 9.5, 10.3, 10.5, 10.8, 11.1, 11.6, 12.0, 12.6, 13.0, 13.3, 13.6, 14.2, 14.5, 16.2, 16.5, 16.7, 17.0, 17.3, 17.4, 18.7, 19.3, 19.6, 20.1, 20.5, 21.5, 21.8, 22.2, 22.6, 22.9, 25.2, 26.1, 26.7, 27.2, 27.8, 28.1, 29.1, 29.4, 29.8, 30.4, 31.2, 31.8, 32.3, 32.6, 35.9, 36.3, 36.6, 37.3, 37.6, 37.9, 38.0, 39.9, 40.5, 41.3, 42.2, 42.7, 43.9, 44.7, 44.8, 45.6, 46.2, 48.4, 49.0, 49.6, 50.3, 51.7, 52.9, 53.2, 53.8, 54.3, 55.7, 56.8, 57.4, 58.3, 58.8, 60.9, 61.9, 62.0, 62.6, 63.3, 63.7, 64.3, 64.7, 66.2, 66.8, 67.9, 68.5, 68.8, 69.6, 69.8, 70.4, 71.0, 71.9, 75.0, 76.1, 76.4, 77.0, 77.8, 78.7, 79.4, 79.7, 80.6, 81.2, 81.5, 81.8, 82.3, 82.5, 84.0, 84.3, 84.5, 85.1, 85.7, 86.2, 86.6, 86.9, 87.6, 87.9, 88.3, 89.3, 90.0, 90.7, 90.8, 91.1, 91.4, 92.5, 93.1, 93.3, 93.4, 93.9, 94.4, 94.7, 95.0, 95.3, 95.6, 95.8, 95.9, 96.5, 96.7, 97.0, 97.3, 97.5, 97.6, 97.9, 98.2, 98.4, 98.6, 98.9, 99.0, 99.2, 99.3, 99.5, 99.6, 99.8, 100.0]}}