{"percentile": {"y": [0.0, 0.8, 1.6, 2.4, 3.2, 4.0, 6.5, 7.3, 8.1, 9.8, 10.6, 12.2, 13.1, 16.3, 18.0, 18.8, 20.4, 21.3, 23.7, 24.5, 25.4, 26.2, 27.0, 28.6, 29.5, 30.3, 32.7, 35.2, 38.5, 40.1, 42.6, 43.4, 45.9, 50.0, 50.8, 52.4, 53.2, 54.0, 57.3, 58.1, 59.8, 60.6, 61.4, 62.2, 63.1, 65.5, 66.3, 68.0, 68.8, 70.4, 71.3, 74.5, 76.2, 77.0, 77.8, 79.5, 81.1, 81.9, 82.7, 83.6, 86.8, 87.7, 88.5, 90.9, 91.8, 92.6, 95.0, 95.9, 96.7, 97.5, 98.3, 99.1, 100.0], "x": [0.43333333333333335, 5.433333333333334, 5.7, 5.9, 6.866666666666667, 7.0, 7.1, 7.2, 7.266666666666667, 7.4, 7.433333333333334, 7.466666666666667, 7.6, 7.633333333333333, 7.666666666666667, 7.7, 7.766666666666667, 7.8, 7.9, 7.933333333333334, 7.966666666666667, 8.066666666666666, 8.133333333333333, 8.166666666666666, 8.2, 8.266666666666667, 8.333333333333334, 8.366666666666667, 8.4, 8.466666666666667, 8.5, 8.6, 8.633333333333333, 8.666666666666666, 8.7, 8.733333333333333, 8.766666666666667, 8.8, 8.866666666666667, 8.9, 8.966666666666667, 9.0, 9.1, 9.166666666666666, 9.2, 9.266666666666667, 9.3, 9.4, 9.433333333333334, 9.566666666666666, 9.6, 9.633333333333333, 9.666666666666666, 9.7, 9.733333333333333, 9.766666666666667, 9.8, 9.866666666666667, 9.9, 10.0, 10.133333333333333, 10.166666666666666, 10.266666666666667, 10.3, 10.4, 10.6, 10.8, 11.466666666666667, 11.6, 11.7, 11.766666666666667, 11.866666666666667, 12.0]}, "histogram": {"y": [1, 0, 0, 0, 0, 3, 1, 27, 42, 28, 15, 5, 1, 0], "x": [0.0, 1.0, 2.0, 3.0, 4.0, 5.0, 6.0, 7.0, 8.0, 9.0, 10.0, 11.0, 12.0, 13.0]}}