{"histogram": {"y": [3, 6, 4, 7, 1, 0], "x": [6.0, 7.0, 8.0, 9.0, 10.0, 11.0]}, "percentile": {"y": [0.0, 5.0, 10.0, 15.0, 20.0, 25.0, 30.0, 35.0, 40.0, 45.0, 50.0, 55.0, 60.0, 65.0, 70.0, 75.0, 80.0, 85.0, 90.0, 95.0, 100.0], "x": [6.333333333333333, 6.733333333333333, 6.9, 7.166666666666667, 7.333333333333333, 7.366666666666666, 7.433333333333334, 7.6, 7.666666666666667, 8.0, 8.6, 8.7, 8.733333333333333, 9.0, 9.066666666666666, 9.133333333333333, 9.333333333333334, 9.366666666666667, 9.433333333333334, 9.666666666666666, 10.6]}}