{"percentile": {"x": [4.0, 4.9375, 5.25, 5.34375, 5.90625, 6.15625, 6.25, 6.3125, 6.625, 6.75, 6.78125, 6.84375, 7.0, 7.09375, 7.40625, 7.5, 7.53125, 7.5625, 7.59375, 7.625, 7.78125, 7.9375, 8.0, 8.0625, 8.125, 8.15625, 8.1875, 8.21875, 8.25, 8.40625, 8.53125, 8.5625, 8.71875, 8.78125, 8.8125, 8.875, 8.90625, 9.0, 9.0625, 9.125, 9.25, 9.34375, 9.53125, 9.5625, 9.59375, 9.625, 9.65625, 9.75, 9.875, 10.0, 10.1875, 10.53125, 11.0625, 12.0], "y": [0.0, 1.3, 2.7, 4.0, 5.4, 6.7, 8.1, 9.4, 10.8, 13.5, 14.8, 16.2, 18.9, 20.2, 21.6, 22.9, 24.3, 25.6, 29.7, 32.4, 35.1, 36.4, 39.1, 45.9, 47.2, 50.0, 51.3, 52.7, 54.0, 55.4, 56.7, 58.1, 60.8, 62.1, 66.2, 67.5, 70.2, 71.6, 72.9, 74.3, 75.6, 78.3, 82.4, 83.7, 87.8, 89.1, 90.5, 91.8, 93.2, 94.5, 95.9, 97.2, 98.6, 100.0]}, "histogram": {"x": [4.0, 5.0, 6.0, 7.0, 8.0, 9.0, 10.0, 11.0, 12.0, 13.0, 14.0], "y": [2, 3, 9, 15, 24, 17, 3, 1, 1, 0, 0]}}