{"percentile": {"x": [3.5, 6.0, 6.0625, 6.15625, 6.25, 6.28125, 6.34375, 6.40625, 6.53125, 6.65625, 6.6875, 6.71875, 6.78125, 6.8125, 6.84375, 6.875, 6.90625, 6.96875, 7.0625, 7.09375, 7.125, 7.1875, 7.21875, 7.25, 7.375, 7.40625, 7.4375, 7.46875, 7.5, 7.5625, 7.59375, 7.625, 7.65625, 7.6875, 7.71875, 7.75, 7.8125, 7.875, 7.90625, 7.9375, 7.96875, 8.0, 8.0625, 8.09375, 8.125, 8.15625, 8.25, 8.28125, 8.3125, 8.34375, 8.375, 8.40625, 8.4375, 8.46875, 8.5, 8.53125, 8.5625, 8.59375, 8.625, 8.65625, 8.6875, 8.71875, 8.75, 8.78125, 8.84375, 8.875, 8.90625, 8.9375, 8.96875, 9.0, 9.0625, 9.09375, 9.125, 9.15625, 9.1875, 9.25, 9.28125, 9.3125, 9.34375, 9.375, 9.40625, 9.4375, 9.46875, 9.5, 9.53125, 9.5625, 9.59375, 9.625, 9.65625, 9.6875, 9.71875, 9.75, 9.78125, 9.8125, 9.84375, 9.875, 9.90625, 9.9375, 9.96875, 10.0, 10.03125, 10.0625, 10.09375, 10.125, 10.15625, 10.1875, 10.21875, 10.25, 10.28125, 10.3125, 10.34375, 10.375, 10.40625, 10.4375, 10.46875, 10.5, 10.53125, 10.5625, 10.59375, 10.65625, 10.6875, 10.71875, 10.75, 10.78125, 10.8125, 10.84375, 10.90625, 10.9375, 10.96875, 11.0, 11.03125, 11.0625, 11.15625, 11.25, 11.3125, 11.34375, 11.375, 11.40625, 11.46875, 11.5, 11.53125, 11.5625, 11.59375, 11.71875, 11.78125, 11.84375, 11.875, 11.9375, 12.0, 12.03125, 12.0625, 12.09375, 12.15625, 12.28125, 12.3125, 12.375, 12.46875, 12.5625, 12.625, 12.6875, 12.8125, 12.96875, 13.1875, 13.90625], "y": [0.0, 0.2, 0.6, 0.9, 1.1, 1.3, 1.5, 1.8, 2.0, 2.2, 2.4, 2.9, 3.1, 3.3, 3.6, 3.8, 4.0, 4.5, 4.7, 4.9, 5.1, 5.6, 5.8, 6.3, 6.5, 6.9, 7.2, 7.8, 8.1, 8.3, 9.4, 9.9, 10.1, 10.3, 11.0, 11.2, 11.4, 12.1, 12.3, 12.6, 13.0, 13.2, 16.2, 16.4, 16.6, 17.1, 17.3, 18.9, 19.5, 20.0, 20.2, 20.7, 20.9, 21.3, 22.0, 22.5, 23.4, 27.7, 28.8, 29.0, 29.5, 29.9, 30.8, 31.3, 31.7, 32.2, 32.6, 32.8, 33.5, 33.7, 37.6, 37.8, 38.2, 39.4, 39.6, 39.8, 41.6, 43.2, 44.3, 45.0, 46.3, 48.4, 48.6, 49.5, 51.1, 51.3, 55.6, 56.3, 56.7, 57.4, 57.8, 58.5, 59.4, 59.9, 60.3, 60.8, 61.9, 62.3, 62.6, 62.8, 66.4, 66.6, 66.8, 67.3, 68.2, 68.4, 69.1, 69.3, 70.4, 71.8, 73.1, 74.0, 75.0, 75.9, 76.5, 77.4, 77.9, 78.1, 80.8, 81.3, 81.5, 82.2, 82.6, 83.1, 84.0, 84.2, 85.1, 85.8, 86.0, 86.7, 88.0, 88.5, 88.7, 88.9, 90.3, 90.9, 91.2, 91.6, 92.3, 93.2, 93.4, 93.6, 94.1, 94.3, 94.5, 94.8, 95.0, 95.4, 95.7, 96.3, 96.6, 96.8, 97.0, 97.2, 97.5, 97.9, 98.1, 98.4, 98.6, 98.8, 99.0, 99.3, 99.5, 100.0]}, "histogram": {"x": [3.0, 4.0, 5.0, 6.0, 7.0, 8.0, 9.0, 10.0, 11.0, 12.0, 13.0, 14.0, 15.0], "y": [1, 0, 0, 20, 38, 91, 129, 106, 40, 17, 3, 0, 0]}}