{"histogram": {"x": [0.0, 1.0, 2.0, 3.0, 4.0, 5.0, 6.0, 7.0, 8.0, 9.0, 10.0, 11.0, 12.0, 13.0, 14.0, 15.0, 16.0], "y": [3, 0, 1, 0, 9, 17, 106, 204, 327, 276, 205, 84, 35, 9, 3, 0, 0]}, "percentile": {"x": [0.1875, 0.21875, 0.25, 2.75, 4.0, 4.09375, 4.5625, 4.6875, 4.8125, 4.9375, 5.0, 5.15625, 5.25, 5.3125, 5.40625, 5.5, 5.5625, 5.625, 5.6875, 5.78125, 5.8125, 5.875, 5.9375, 6.0, 6.0625, 6.09375, 6.125, 6.15625, 6.1875, 6.21875, 6.25, 6.28125, 6.3125, 6.34375, 6.375, 6.40625, 6.4375, 6.46875, 6.5, 6.53125, 6.5625, 6.59375, 6.625, 6.65625, 6.6875, 6.71875, 6.75, 6.78125, 6.8125, 6.84375, 6.875, 6.90625, 6.9375, 6.96875, 7.0, 7.03125, 7.0625, 7.09375, 7.125, 7.15625, 7.1875, 7.21875, 7.25, 7.28125, 7.3125, 7.34375, 7.375, 7.40625, 7.4375, 7.46875, 7.5, 7.53125, 7.5625, 7.59375, 7.625, 7.65625, 7.6875, 7.71875, 7.75, 7.78125, 7.8125, 7.84375, 7.875, 7.90625, 7.9375, 7.96875, 8.0, 8.03125, 8.0625, 8.09375, 8.125, 8.15625, 8.1875, 8.21875, 8.25, 8.28125, 8.3125, 8.34375, 8.375, 8.40625, 8.4375, 8.46875, 8.5, 8.53125, 8.5625, 8.59375, 8.625, 8.65625, 8.6875, 8.71875, 8.75, 8.78125, 8.8125, 8.84375, 8.875, 8.90625, 8.9375, 8.96875, 9.0, 9.03125, 9.0625, 9.09375, 9.125, 9.15625, 9.1875, 9.21875, 9.25, 9.28125, 9.3125, 9.34375, 9.375, 9.40625, 9.4375, 9.46875, 9.5, 9.53125, 9.5625, 9.59375, 9.625, 9.65625, 9.6875, 9.71875, 9.75, 9.78125, 9.8125, 9.84375, 9.875, 9.90625, 9.9375, 9.96875, 10.0, 10.03125, 10.0625, 10.09375, 10.125, 10.15625, 10.1875, 10.21875, 10.25, 10.28125, 10.3125, 10.34375, 10.375, 10.40625, 10.4375, 10.46875, 10.5, 10.53125, 10.5625, 10.59375, 10.625, 10.65625, 10.6875, 10.71875, 10.75, 10.78125, 10.8125, 10.84375, 10.875, 10.90625, 10.9375, 10.96875, 11.0, 11.03125, 11.0625, 11.09375, 11.125, 11.15625, 11.1875, 11.25, 11.28125, 11.3125, 11.34375, 11.375, 11.40625, 11.4375, 11.46875, 11.53125, 11.5625, 11.59375, 11.625, 11.65625, 11.6875, 11.71875, 11.78125, 11.84375, 11.875, 11.9375, 11.96875, 12.0, 12.03125, 12.0625, 12.09375, 12.125, 12.15625, 12.21875, 12.25, 12.28125, 12.3125, 12.375, 12.40625, 12.46875, 12.5625, 12.59375, 12.65625, 12.6875, 12.75, 12.78125, 13.0, 13.125, 13.25, 13.28125, 13.3125, 13.375, 13.53125, 13.59375, 14.21875, 14.5625], "y": [0.0, 0.0, 0.1, 0.2, 0.3, 0.4, 0.5, 0.7, 0.7, 0.9, 1.0, 1.0, 1.1, 1.3, 1.4, 1.4, 1.5, 1.8, 1.9, 2.0, 2.1, 2.1, 2.2, 2.3, 2.8, 3.2, 3.3, 3.5, 3.5, 3.8, 3.9, 4.3, 4.7, 4.8, 5.0, 5.3, 5.5, 5.7, 5.9, 6.1, 6.4, 7.7, 7.8, 8.2, 8.5, 8.6, 8.8, 8.9, 9.3, 9.3, 9.6, 9.8, 10.2, 10.4, 10.6, 11.8, 12.2, 12.4, 12.7, 13.2, 13.3, 13.6, 13.7, 14.7, 15.1, 15.6, 15.8, 16.0, 16.3, 16.9, 16.9, 17.6, 18.0, 20.5, 21.2, 21.6, 22.5, 22.7, 23.2, 23.9, 24.3, 24.8, 25.0, 25.5, 25.7, 26.1, 26.6, 29.4, 30.0, 30.3, 30.6, 31.3, 31.6, 32.0, 32.2, 34.3, 34.8, 35.9, 37.1, 37.5, 38.6, 39.2, 40.0, 40.4, 40.7, 43.5, 44.2, 45.1, 45.7, 46.4, 47.2, 48.0, 48.2, 48.7, 49.1, 49.9, 50.6, 51.7, 52.1, 54.1, 54.4, 54.8, 55.1, 55.4, 55.8, 56.1, 56.3, 58.5, 58.7, 59.1, 60.0, 60.7, 61.6, 62.2, 62.7, 63.2, 63.8, 67.5, 68.4, 68.7, 69.1, 69.9, 70.5, 71.2, 71.9, 72.4, 72.9, 73.2, 73.3, 73.4, 73.7, 76.1, 76.4, 76.7, 77.1, 77.5, 78.2, 78.3, 78.5, 79.9, 80.4, 80.9, 81.2, 82.0, 82.8, 83.1, 83.6, 84.0, 84.5, 86.2, 86.5, 87.2, 87.4, 87.6, 87.7, 88.0, 88.1, 88.4, 88.8, 89.1, 89.3, 89.6, 89.8, 90.7, 91.0, 91.2, 91.4, 91.6, 91.7, 92.0, 92.4, 92.8, 92.9, 93.1, 93.4, 93.5, 93.5, 93.7, 93.8, 94.3, 94.6, 94.8, 95.0, 95.1, 95.3, 95.5, 95.7, 96.0, 96.2, 96.4, 96.8, 96.9, 97.1, 97.1, 97.2, 97.3, 97.4, 97.4, 97.6, 97.8, 98.0, 98.2, 98.3, 98.5, 98.7, 98.8, 98.9, 99.0, 99.1, 99.2, 99.2, 99.4, 99.5, 99.6, 99.6, 99.7, 99.8, 100.0]}}