{"histogram": {"x": [2.0, 3.0, 4.0, 5.0, 6.0, 7.0, 8.0, 9.0, 10.0, 11.0, 12.0], "y": [2, 6, 4, 12, 20, 12, 14, 9, 6, 1, 0]}, "percentile": {"x": [2.2666666666666666, 2.6666666666666665, 3.066666666666667, 3.1, 3.1333333333333333, 3.5, 3.6, 3.7666666666666666, 4.366666666666666, 4.466666666666667, 4.833333333333333, 5.066666666666666, 5.1, 5.2, 5.233333333333333, 5.366666666666666, 5.4, 5.5, 5.533333333333333, 5.6, 6.0, 6.033333333333333, 6.1, 6.166666666666667, 6.2, 6.233333333333333, 6.266666666666667, 6.366666666666666, 6.4, 6.5, 6.6, 6.8, 6.866666666666667, 6.933333333333334, 6.966666666666667, 7.0, 7.066666666666666, 7.1, 7.266666666666667, 7.333333333333333, 7.366666666666666, 7.6, 7.633333333333333, 7.666666666666667, 7.933333333333334, 8.0, 8.033333333333333, 8.066666666666666, 8.1, 8.2, 8.3, 8.633333333333333, 8.666666666666666, 8.7, 9.0, 9.033333333333333, 9.1, 9.166666666666666, 9.6, 9.9, 10.066666666666666, 10.2, 10.233333333333333, 10.266666666666667, 10.433333333333334, 10.766666666666667, 11.666666666666666], "y": [0.0, 1.1, 2.3, 3.5, 4.7, 5.8, 7.0, 8.2, 9.4, 11.7, 12.9, 14.1, 15.2, 16.4, 17.6, 18.8, 20.0, 22.3, 23.5, 24.7, 28.2, 29.4, 30.5, 31.7, 32.9, 34.1, 35.2, 36.4, 38.8, 41.1, 43.5, 45.8, 47.0, 48.2, 50.5, 51.7, 54.1, 55.2, 56.4, 57.6, 58.8, 61.1, 62.3, 63.5, 64.7, 65.8, 68.2, 69.4, 71.7, 74.1, 76.4, 77.6, 78.8, 81.1, 82.3, 84.7, 85.8, 88.2, 90.5, 91.7, 92.9, 94.1, 95.2, 96.4, 97.6, 98.8, 100.0]}}