{"histogram": {"x": [0.0, 1.0, 2.0, 3.0, 4.0, 5.0, 6.0, 7.0, 8.0, 9.0, 10.0, 11.0, 12.0, 13.0, 14.0, 15.0, 16.0], "y": [7, 1, 0, 1, 6, 23, 91, 210, 360, 328, 167, 78, 17, 2, 1, 0, 0]}, "percentile": {"x": [0.03125, 0.1875, 0.25, 0.3125, 1.0, 3.125, 4.28125, 4.4375, 4.5625, 4.75, 4.78125, 5.0, 5.15625, 5.21875, 5.25, 5.3125, 5.46875, 5.53125, 5.5625, 5.59375, 5.625, 5.65625, 5.6875, 5.8125, 5.875, 5.90625, 6.0, 6.03125, 6.0625, 6.125, 6.21875, 6.25, 6.28125, 6.34375, 6.375, 6.40625, 6.4375, 6.46875, 6.5, 6.5625, 6.59375, 6.625, 6.65625, 6.6875, 6.71875, 6.75, 6.78125, 6.8125, 6.84375, 6.875, 6.90625, 6.9375, 6.96875, 7.0, 7.03125, 7.0625, 7.09375, 7.125, 7.15625, 7.1875, 7.21875, 7.25, 7.28125, 7.3125, 7.34375, 7.375, 7.40625, 7.4375, 7.46875, 7.5, 7.53125, 7.5625, 7.59375, 7.625, 7.65625, 7.6875, 7.71875, 7.75, 7.78125, 7.8125, 7.84375, 7.875, 7.90625, 7.9375, 7.96875, 8.0, 8.03125, 8.0625, 8.09375, 8.125, 8.15625, 8.1875, 8.21875, 8.25, 8.28125, 8.3125, 8.34375, 8.375, 8.40625, 8.4375, 8.46875, 8.5, 8.53125, 8.5625, 8.59375, 8.625, 8.65625, 8.6875, 8.71875, 8.75, 8.78125, 8.8125, 8.84375, 8.875, 8.90625, 8.9375, 8.96875, 9.0, 9.03125, 9.0625, 9.09375, 9.125, 9.15625, 9.1875, 9.21875, 9.25, 9.28125, 9.3125, 9.34375, 9.375, 9.40625, 9.4375, 9.46875, 9.5, 9.53125, 9.5625, 9.59375, 9.625, 9.65625, 9.6875, 9.71875, 9.75, 9.78125, 9.8125, 9.84375, 9.875, 9.90625, 9.9375, 9.96875, 10.0, 10.03125, 10.0625, 10.09375, 10.125, 10.15625, 10.1875, 10.25, 10.28125, 10.3125, 10.34375, 10.375, 10.40625, 10.4375, 10.5, 10.53125, 10.5625, 10.59375, 10.625, 10.65625, 10.6875, 10.71875, 10.75, 10.78125, 10.8125, 10.84375, 10.875, 10.90625, 10.9375, 10.96875, 11.0, 11.03125, 11.0625, 11.09375, 11.125, 11.15625, 11.1875, 11.21875, 11.25, 11.28125, 11.3125, 11.34375, 11.375, 11.40625, 11.46875, 11.5, 11.53125, 11.5625, 11.59375, 11.65625, 11.6875, 11.75, 11.8125, 11.84375, 11.9375, 12.03125, 12.125, 12.1875, 12.25, 12.28125, 12.375, 12.40625, 12.5625, 12.59375, 12.71875, 12.78125, 12.84375, 13.46875, 13.5625, 14.4375], "y": [0.0, 0.2, 0.3, 0.4, 0.5, 0.6, 0.6, 0.7, 0.9, 1.0, 1.0, 1.1, 1.2, 1.3, 1.3, 1.5, 1.7, 1.7, 1.8, 2.3, 2.4, 2.4, 2.5, 2.6, 2.7, 2.8, 2.9, 3.6, 3.7, 3.7, 4.0, 4.1, 5.0, 5.1, 5.4, 5.5, 5.8, 6.0, 6.2, 6.4, 7.5, 7.8, 8.0, 8.1, 8.3, 8.5, 8.6, 8.8, 8.9, 8.9, 9.0, 9.2, 9.6, 9.9, 11.4, 11.9, 12.4, 12.6, 13.2, 13.3, 13.4, 13.4, 14.7, 14.8, 15.1, 15.5, 15.8, 16.3, 16.6, 16.8, 17.2, 17.5, 19.2, 19.5, 20.5, 20.9, 21.4, 22.0, 22.4, 23.0, 23.5, 24.0, 25.2, 25.4, 25.9, 26.2, 29.4, 29.6, 30.1, 30.5, 30.8, 31.6, 31.9, 32.0, 34.8, 35.8, 36.2, 36.5, 37.5, 38.8, 39.9, 40.6, 41.3, 41.9, 45.7, 46.7, 47.6, 48.3, 49.0, 49.6, 50.4, 51.1, 51.7, 52.2, 53.0, 53.3, 53.6, 54.1, 58.2, 58.4, 59.0, 59.5, 59.7, 60.4, 60.8, 61.0, 62.7, 63.7, 64.3, 65.2, 66.1, 67.0, 67.7, 68.2, 69.0, 69.4, 72.2, 73.3, 73.9, 74.2, 74.8, 75.4, 75.9, 76.7, 77.5, 78.1, 78.5, 78.8, 79.1, 79.5, 81.2, 81.5, 81.7, 82.1, 82.2, 82.7, 83.1, 84.2, 84.7, 85.2, 85.8, 86.4, 87.1, 87.6, 87.8, 87.9, 89.3, 89.8, 90.4, 90.8, 90.9, 91.0, 91.2, 91.7, 91.8, 92.0, 92.0, 92.1, 92.3, 92.4, 93.8, 93.9, 94.1, 94.3, 94.6, 94.7, 94.9, 95.1, 95.6, 95.8, 96.0, 96.2, 96.4, 96.8, 97.0, 97.2, 97.2, 97.5, 97.6, 97.7, 97.9, 97.9, 98.2, 98.4, 98.5, 98.6, 98.6, 98.7, 98.9, 99.0, 99.1, 99.3, 99.5, 99.6, 99.6, 99.7, 99.8, 99.9, 100.0]}}