{"histogram": {"x": [0.0, 1.0, 2.0, 3.0, 4.0, 5.0, 6.0, 7.0, 8.0, 9.0, 10.0, 11.0, 12.0, 13.0], "y": [2, 2, 4, 3, 5, 20, 38, 56, 70, 25, 13, 3, 1, 0]}, "percentile": {"x": [0.1, 1.0333333333333334, 1.7333333333333334, 2.0, 2.066666666666667, 2.1666666666666665, 3.033333333333333, 3.2333333333333334, 3.6333333333333333, 4.1, 4.133333333333334, 4.233333333333333, 4.633333333333333, 5.0, 5.033333333333333, 5.066666666666666, 5.1, 5.2, 5.3, 5.333333333333333, 5.433333333333334, 5.6, 5.633333333333333, 5.7, 5.833333333333333, 5.866666666666667, 5.9, 5.933333333333334, 5.966666666666667, 6.033333333333333, 6.1, 6.133333333333334, 6.166666666666667, 6.2, 6.266666666666667, 6.3, 6.366666666666666, 6.4, 6.433333333333334, 6.5, 6.566666666666666, 6.6, 6.633333333333333, 6.666666666666667, 6.7, 6.733333333333333, 6.766666666666667, 6.8, 6.833333333333333, 6.866666666666667, 6.933333333333334, 7.0, 7.033333333333333, 7.066666666666666, 7.133333333333334, 7.166666666666667, 7.2, 7.233333333333333, 7.266666666666667, 7.333333333333333, 7.4, 7.433333333333334, 7.466666666666667, 7.5, 7.566666666666666, 7.6, 7.633333333333333, 7.666666666666667, 7.7, 7.766666666666667, 7.866666666666667, 7.966666666666667, 8.0, 8.066666666666666, 8.1, 8.166666666666666, 8.2, 8.233333333333333, 8.266666666666667, 8.3, 8.366666666666667, 8.4, 8.433333333333334, 8.466666666666667, 8.5, 8.533333333333333, 8.566666666666666, 8.6, 8.7, 8.8, 8.833333333333334, 8.866666666666667, 8.9, 8.933333333333334, 8.966666666666667, 9.0, 9.033333333333333, 9.066666666666666, 9.133333333333333, 9.166666666666666, 9.2, 9.266666666666667, 9.3, 9.366666666666667, 9.4, 9.466666666666667, 9.533333333333333, 9.566666666666666, 9.633333333333333, 9.666666666666666, 9.7, 9.733333333333333, 9.8, 9.833333333333334, 9.966666666666667, 10.066666666666666, 10.133333333333333, 10.2, 10.233333333333333, 10.266666666666667, 10.333333333333334, 10.6, 10.7, 10.766666666666667, 10.8, 11.0, 11.566666666666666, 11.766666666666667, 12.033333333333333], "y": [0.0, 0.8, 1.2, 1.6, 2.0, 2.4, 3.3, 3.7, 4.1, 4.5, 5.3, 5.8, 6.2, 6.6, 7.4, 7.8, 8.2, 9.1, 9.5, 9.9, 10.7, 11.2, 11.6, 12.0, 12.4, 12.8, 13.2, 13.6, 14.5, 14.9, 15.3, 15.7, 16.1, 17.0, 17.4, 18.2, 18.6, 19.0, 19.5, 20.3, 21.1, 21.9, 23.2, 24.0, 25.3, 25.7, 26.5, 26.9, 28.2, 28.6, 29.4, 30.7, 34.0, 35.2, 35.6, 37.7, 38.5, 39.0, 39.4, 41.4, 42.7, 43.9, 45.2, 45.6, 46.4, 46.8, 48.5, 49.7, 50.2, 51.0, 51.8, 53.5, 53.9, 58.0, 60.1, 61.4, 63.0, 64.7, 65.5, 67.6, 68.4, 69.2, 70.1, 70.5, 71.7, 72.1, 72.6, 73.4, 77.1, 77.5, 78.4, 78.8, 80.0, 81.7, 82.5, 82.9, 83.4, 84.2, 84.6, 85.0, 85.8, 86.3, 87.1, 87.5, 87.9, 88.3, 88.7, 89.2, 90.0, 90.4, 91.2, 91.7, 92.1, 92.5, 92.9, 93.3, 94.1, 94.6, 95.4, 96.2, 96.6, 97.0, 97.5, 97.9, 98.3, 98.7, 99.1, 99.5, 100.0]}}