{"histogram": {"y": [1, 3, 2, 7, 35, 61, 110, 86, 51, 25, 3, 0, 0], "x": [1.0, 2.0, 3.0, 4.0, 5.0, 6.0, 7.0, 8.0, 9.0, 10.0, 11.0, 12.0, 13.0]}, "percentile": {"y": [0.0, 0.2, 0.5, 0.7, 1.0, 1.3, 1.5, 2.3, 2.6, 2.8, 3.1, 3.3, 4.1, 4.6, 5.2, 5.4, 6.0, 6.2, 6.7, 7.3, 7.5, 8.0, 8.6, 8.8, 9.6, 9.9, 10.4, 10.7, 10.9, 11.4, 11.7, 12.2, 12.5, 13.5, 14.0, 14.3, 15.6, 16.4, 16.7, 16.9, 18.0, 18.7, 19.3, 19.5, 21.1, 21.6, 21.9, 22.1, 22.7, 24.0, 25.0, 25.8, 26.1, 26.8, 27.1, 27.4, 27.9, 28.4, 30.0, 30.5, 31.3, 32.1, 32.8, 35.5, 36.8, 37.0, 39.1, 40.4, 40.9, 42.5, 44.1, 44.6, 45.6, 45.9, 46.4, 49.0, 49.6, 50.3, 50.9, 51.1, 51.9, 52.2, 52.4, 54.0, 54.3, 55.0, 56.3, 56.9, 57.1, 58.7, 59.2, 60.3, 60.8, 62.1, 62.6, 63.1, 63.4, 65.7, 66.3, 67.1, 67.3, 67.8, 68.4, 70.2, 70.7, 71.0, 71.8, 73.8, 74.4, 74.6, 75.1, 76.2, 76.5, 76.7, 77.2, 77.8, 78.0, 78.8, 79.1, 79.6, 81.2, 81.7, 81.9, 82.2, 83.2, 83.5, 84.0, 84.8, 85.9, 87.7, 87.9, 88.5, 89.8, 90.0, 90.6, 90.8, 91.6, 91.9, 92.1, 92.4, 92.6, 92.9, 93.4, 94.5, 94.7, 95.0, 95.3, 95.5, 96.0, 96.3, 96.8, 97.1, 97.3, 98.4, 98.6, 99.2, 99.4, 99.7, 100.0], "x": [1.0, 2.0, 2.09375, 2.1875, 3.09375, 3.125, 4.0625, 4.125, 4.4375, 4.5625, 4.96875, 5.0, 5.03125, 5.0625, 5.09375, 5.1875, 5.21875, 5.25, 5.28125, 5.34375, 5.40625, 5.46875, 5.53125, 5.5625, 5.59375, 5.625, 5.6875, 5.71875, 5.78125, 5.84375, 5.90625, 5.96875, 6.0, 6.0625, 6.09375, 6.125, 6.15625, 6.1875, 6.21875, 6.25, 6.3125, 6.34375, 6.375, 6.40625, 6.4375, 6.46875, 6.5, 6.53125, 6.5625, 6.59375, 6.625, 6.65625, 6.6875, 6.75, 6.78125, 6.8125, 6.84375, 7.0, 7.03125, 7.0625, 7.09375, 7.125, 7.15625, 7.1875, 7.21875, 7.25, 7.28125, 7.3125, 7.34375, 7.40625, 7.4375, 7.46875, 7.5, 7.53125, 7.5625, 7.59375, 7.625, 7.65625, 7.6875, 7.71875, 7.75, 7.78125, 7.8125, 7.84375, 7.875, 7.90625, 7.9375, 7.96875, 8.0, 8.03125, 8.0625, 8.09375, 8.125, 8.15625, 8.1875, 8.21875, 8.25, 8.28125, 8.3125, 8.34375, 8.375, 8.40625, 8.4375, 8.46875, 8.5, 8.53125, 8.5625, 8.59375, 8.625, 8.65625, 8.6875, 8.71875, 8.75, 8.78125, 8.84375, 8.875, 8.90625, 8.9375, 8.96875, 9.0, 9.03125, 9.0625, 9.09375, 9.125, 9.15625, 9.1875, 9.21875, 9.25, 9.28125, 9.3125, 9.34375, 9.40625, 9.5, 9.53125, 9.5625, 9.65625, 9.6875, 9.78125, 9.8125, 9.84375, 9.9375, 10.0, 10.03125, 10.0625, 10.125, 10.1875, 10.21875, 10.25, 10.3125, 10.375, 10.40625, 10.4375, 10.5625, 10.71875, 10.875, 10.9375, 11.0, 11.09375, 11.5]}}