{"percentile": {"x": [5.90625, 6.375, 6.8125, 6.9375, 7.34375, 7.5625, 7.78125, 7.90625, 7.9375, 8.0, 8.03125, 8.09375, 8.25, 8.34375, 8.40625, 8.4375, 8.5, 8.53125, 8.5625, 8.71875, 8.78125, 8.84375, 8.90625, 8.96875, 9.09375, 9.25, 9.34375, 9.5625, 9.59375, 9.625, 9.71875, 9.75, 9.8125, 10.03125, 10.21875, 10.5625, 10.59375, 10.71875, 10.75, 10.84375, 11.0, 11.25, 11.3125, 11.5, 12.5, 13.0], "y": [0.0, 1.8, 3.6, 5.4, 9.0, 10.9, 12.7, 14.5, 16.3, 18.1, 21.8, 23.6, 25.4, 29.0, 32.7, 36.3, 38.1, 40.0, 41.8, 45.4, 47.2, 49.0, 50.9, 52.7, 54.5, 56.3, 60.0, 61.8, 67.2, 69.0, 70.9, 72.7, 74.5, 76.3, 78.1, 80.0, 83.6, 85.4, 87.2, 89.0, 90.9, 92.7, 94.5, 96.3, 98.1, 100.0]}, "histogram": {"x": [5.0, 6.0, 7.0, 8.0, 9.0, 10.0, 11.0, 12.0, 13.0, 14.0], "y": [1, 4, 5, 20, 12, 8, 4, 1, 1, 0]}}