{"histogram": {"x": [0.0, 1.0, 2.0, 3.0, 4.0, 5.0, 6.0, 7.0, 8.0, 9.0, 10.0, 11.0, 12.0, 13.0, 14.0], "y": [64, 32, 44, 89, 225, 624, 1115, 1522, 1324, 843, 461, 162, 54, 9, 0]}, "percentile": {"x": [0.03333333333333333, 0.06666666666666667, 0.1, 0.13333333333333333, 0.16666666666666666, 0.23333333333333334, 0.26666666666666666, 0.43333333333333335, 1.0, 1.0333333333333334, 1.0666666666666667, 1.1, 1.1666666666666667, 1.2, 1.2333333333333334, 1.2666666666666666, 1.9333333333333333, 2.0, 2.033333333333333, 2.066666666666667, 2.1, 2.2, 2.2333333333333334, 2.2666666666666666, 2.3, 2.3333333333333335, 2.3666666666666667, 2.4333333333333336, 2.5, 2.5666666666666664, 2.6, 2.6666666666666665, 2.7, 2.7333333333333334, 2.8666666666666667, 2.9, 3.0, 3.033333333333333, 3.066666666666667, 3.1, 3.1333333333333333, 3.1666666666666665, 3.2, 3.2333333333333334, 3.2666666666666666, 3.3, 3.3333333333333335, 3.3666666666666667, 3.4, 3.5, 3.533333333333333, 3.5666666666666664, 3.6, 3.6333333333333333, 3.6666666666666665, 3.7333333333333334, 3.7666666666666666, 3.8333333333333335, 3.8666666666666667, 3.9333333333333336, 4.0, 4.033333333333333, 4.066666666666666, 4.1, 4.133333333333334, 4.166666666666667, 4.2, 4.233333333333333, 4.266666666666667, 4.3, 4.333333333333333, 4.366666666666666, 4.4, 4.433333333333334, 4.466666666666667, 4.5, 4.533333333333333, 4.566666666666666, 4.6, 4.633333333333333, 4.666666666666667, 4.7, 4.733333333333333, 4.766666666666667, 4.833333333333333, 4.866666666666667, 4.933333333333334, 4.966666666666667, 5.0, 5.033333333333333, 5.066666666666666, 5.1, 5.133333333333334, 5.166666666666667, 5.2, 5.233333333333333, 5.266666666666667, 5.3, 5.333333333333333, 5.366666666666666, 5.4, 5.433333333333334, 5.466666666666667, 5.5, 5.533333333333333, 5.566666666666666, 5.6, 5.633333333333333, 5.666666666666667, 5.7, 5.733333333333333, 5.766666666666667, 5.8, 5.833333333333333, 5.866666666666667, 5.9, 5.933333333333334, 5.966666666666667, 6.0, 6.033333333333333, 6.066666666666666, 6.1, 6.133333333333334, 6.166666666666667, 6.2, 6.233333333333333, 6.266666666666667, 6.3, 6.333333333333333, 6.366666666666666, 6.4, 6.433333333333334, 6.466666666666667, 6.5, 6.533333333333333, 6.566666666666666, 6.6, 6.633333333333333, 6.666666666666667, 6.7, 6.733333333333333, 6.766666666666667, 6.8, 6.833333333333333, 6.866666666666667, 6.9, 6.933333333333334, 6.966666666666667, 7.0, 7.033333333333333, 7.066666666666666, 7.1, 7.133333333333334, 7.166666666666667, 7.2, 7.233333333333333, 7.266666666666667, 7.3, 7.333333333333333, 7.366666666666666, 7.4, 7.433333333333334, 7.466666666666667, 7.5, 7.533333333333333, 7.566666666666666, 7.6, 7.633333333333333, 7.666666666666667, 7.7, 7.733333333333333, 7.766666666666667, 7.8, 7.833333333333333, 7.866666666666667, 7.9, 7.933333333333334, 7.966666666666667, 8.0, 8.033333333333333, 8.066666666666666, 8.1, 8.133333333333333, 8.166666666666666, 8.2, 8.233333333333333, 8.266666666666667, 8.3, 8.333333333333334, 8.366666666666667, 8.4, 8.433333333333334, 8.466666666666667, 8.5, 8.533333333333333, 8.566666666666666, 8.6, 8.633333333333333, 8.666666666666666, 8.7, 8.733333333333333, 8.766666666666667, 8.8, 8.833333333333334, 8.866666666666667, 8.9, 8.933333333333334, 8.966666666666667, 9.0, 9.033333333333333, 9.066666666666666, 9.1, 9.133333333333333, 9.166666666666666, 9.2, 9.233333333333333, 9.266666666666667, 9.3, 9.333333333333334, 9.366666666666667, 9.4, 9.433333333333334, 9.466666666666667, 9.5, 9.533333333333333, 9.566666666666666, 9.6, 9.633333333333333, 9.666666666666666, 9.7, 9.733333333333333, 9.766666666666667, 9.8, 9.833333333333334, 9.866666666666667, 9.9, 9.933333333333334, 9.966666666666667, 10.0, 10.033333333333333, 10.066666666666666, 10.1, 10.133333333333333, 10.166666666666666, 10.2, 10.233333333333333, 10.266666666666667, 10.3, 10.333333333333334, 10.366666666666667, 10.4, 10.433333333333334, 10.466666666666667, 10.5, 10.533333333333333, 10.566666666666666, 10.6, 10.633333333333333, 10.666666666666666, 10.7, 10.733333333333333, 10.766666666666667, 10.8, 10.833333333333334, 10.866666666666667, 10.9, 10.933333333333334, 10.966666666666667, 11.0, 11.033333333333333, 11.066666666666666, 11.1, 11.133333333333333, 11.166666666666666, 11.2, 11.233333333333333, 11.266666666666667, 11.3, 11.333333333333334, 11.366666666666667, 11.4, 11.433333333333334, 11.466666666666667, 11.5, 11.533333333333333, 11.566666666666666, 11.6, 11.633333333333333, 11.666666666666666, 11.7, 11.733333333333333, 11.766666666666667, 11.8, 11.833333333333334, 11.866666666666667, 11.9, 11.933333333333334, 11.966666666666667, 12.0, 12.033333333333333, 12.066666666666666, 12.1, 12.133333333333333, 12.2, 12.233333333333333, 12.266666666666667, 12.3, 12.4, 12.433333333333334, 12.466666666666667, 12.5, 12.533333333333333, 12.6, 12.633333333333333, 12.666666666666666, 12.7, 12.8, 12.9, 12.933333333333334, 12.966666666666667, 13.0, 13.033333333333333, 13.1, 13.133333333333333, 13.2, 13.6, 13.7], "y": [0.0, 0.2, 0.3, 0.3, 0.4, 0.5, 0.7, 0.9, 0.9, 1.0, 1.0, 1.2, 1.2, 1.2, 1.3, 1.4, 1.4, 1.4, 1.4, 1.5, 1.6, 1.7, 1.8, 1.8, 1.9, 1.9, 1.9, 1.9, 1.9, 2.0, 2.0, 2.0, 2.0, 2.0, 2.1, 2.1, 2.1, 2.2, 2.2, 2.4, 2.4, 2.6, 2.7, 2.9, 2.9, 3.0, 3.0, 3.0, 3.1, 3.1, 3.1, 3.2, 3.2, 3.3, 3.3, 3.3, 3.3, 3.4, 3.4, 3.4, 3.4, 3.7, 3.9, 4.0, 4.2, 4.3, 4.6, 4.8, 5.0, 5.1, 5.1, 5.2, 5.3, 5.3, 5.5, 5.7, 5.8, 5.9, 6.0, 6.3, 6.3, 6.4, 6.6, 6.6, 6.7, 6.7, 6.7, 6.8, 6.9, 7.4, 7.8, 8.2, 8.5, 9.0, 9.5, 10.0, 10.3, 10.7, 11.0, 11.2, 11.3, 11.6, 11.9, 12.1, 12.4, 12.6, 12.8, 13.6, 13.8, 14.2, 14.4, 14.7, 14.9, 15.2, 15.4, 15.7, 15.9, 16.2, 16.4, 17.7, 18.1, 18.7, 19.4, 20.0, 20.8, 21.3, 22.0, 23.0, 23.3, 23.8, 24.3, 24.8, 25.4, 25.7, 26.1, 26.5, 26.9, 28.4, 29.0, 29.5, 29.9, 30.5, 30.8, 31.3, 31.7, 32.1, 32.5, 33.0, 33.3, 35.2, 36.0, 36.9, 37.7, 38.7, 39.7, 40.4, 41.2, 42.5, 43.2, 43.7, 44.7, 45.1, 45.9, 46.6, 47.6, 48.1, 48.5, 50.4, 51.1, 52.0, 52.5, 53.2, 53.7, 54.2, 54.7, 55.4, 55.8, 56.2, 56.5, 58.3, 59.2, 60.2, 61.0, 62.0, 63.0, 64.2, 64.5, 65.5, 66.2, 66.8, 67.4, 68.1, 68.7, 69.1, 69.6, 70.0, 70.3, 71.9, 72.5, 73.1, 73.5, 73.9, 74.3, 74.7, 75.1, 75.6, 75.9, 76.2, 76.7, 78.0, 78.6, 79.1, 79.7, 80.4, 80.9, 81.5, 81.8, 82.6, 82.9, 83.2, 83.5, 83.8, 84.3, 84.5, 84.9, 85.2, 85.4, 86.5, 86.7, 87.1, 87.4, 87.6, 88.0, 88.3, 88.7, 88.9, 89.2, 89.3, 89.5, 90.3, 90.7, 91.2, 91.5, 91.9, 92.1, 92.5, 92.7, 93.1, 93.3, 93.5, 93.7, 93.9, 94.0, 94.1, 94.4, 94.5, 94.6, 94.9, 95.1, 95.3, 95.4, 95.6, 95.7, 95.9, 96.0, 96.1, 96.3, 96.4, 96.5, 96.8, 96.9, 96.9, 97.1, 97.2, 97.3, 97.4, 97.5, 97.6, 97.7, 97.7, 97.8, 97.8, 98.0, 98.1, 98.1, 98.2, 98.2, 98.4, 98.5, 98.6, 98.6, 98.7, 98.7, 98.7, 98.8, 98.9, 98.9, 99.0, 99.0, 99.1, 99.2, 99.2, 99.3, 99.3, 99.3, 99.3, 99.4, 99.4, 99.4, 99.4, 99.4, 99.5, 99.5, 99.6, 99.7, 99.7, 99.7, 99.8, 99.8, 99.8, 99.8, 99.8, 99.9, 99.9, 99.9, 99.9, 100.0]}}