{"histogram": {"x": [3.0, 4.0, 5.0, 6.0, 7.0, 8.0, 9.0, 10.0, 11.0, 12.0, 13.0], "y": [3, 2, 13, 17, 27, 22, 14, 11, 3, 1, 0]}, "percentile": {"x": [3.0, 3.03125, 3.09375, 4.25, 4.875, 5.15625, 5.21875, 5.25, 5.3125, 5.34375, 5.375, 5.40625, 5.46875, 5.5, 5.6875, 5.78125, 5.8125, 5.90625, 6.0, 6.03125, 6.25, 6.28125, 6.34375, 6.40625, 6.46875, 6.5625, 6.625, 6.65625, 6.78125, 7.0, 7.09375, 7.15625, 7.1875, 7.21875, 7.25, 7.28125, 7.34375, 7.375, 7.40625, 7.46875, 7.5625, 7.625, 7.65625, 7.75, 7.875, 7.9375, 8.0, 8.09375, 8.125, 8.15625, 8.21875, 8.25, 8.28125, 8.3125, 8.375, 8.4375, 8.53125, 8.625, 8.8125, 8.84375, 9.0, 9.25, 9.34375, 9.4375, 9.5, 9.5625, 9.625, 9.75, 9.8125, 9.9375, 10.0, 10.03125, 10.0625, 10.125, 10.1875, 10.3125, 10.34375, 10.46875, 10.625, 10.8125, 11.15625, 11.375, 12.0], "y": [0.0, 0.8, 1.7, 2.6, 3.5, 4.4, 5.3, 6.2, 7.1, 8.0, 8.9, 9.8, 10.7, 11.6, 12.5, 13.3, 14.2, 15.1, 16.0, 17.8, 18.7, 20.5, 21.4, 22.3, 23.2, 24.1, 25.0, 27.6, 29.4, 31.2, 33.9, 36.6, 38.3, 39.2, 40.1, 41.9, 43.7, 44.6, 45.5, 47.3, 48.2, 50.0, 51.7, 52.6, 53.5, 54.4, 55.3, 56.2, 58.0, 58.9, 60.7, 62.5, 65.1, 66.0, 67.8, 68.7, 70.5, 72.3, 73.2, 74.1, 75.0, 76.7, 78.5, 79.4, 80.3, 81.2, 82.1, 83.0, 84.8, 86.6, 87.5, 88.3, 90.1, 91.0, 91.9, 92.8, 93.7, 94.6, 95.5, 96.4, 97.3, 99.1, 100.0]}}