{"histogram": {"x": [0.0, 1.0, 2.0, 3.0, 4.0, 5.0, 6.0, 7.0, 8.0, 9.0, 10.0, 11.0, 12.0, 13.0, 14.0, 15.0], "y": [6, 1, 0, 0, 6, 34, 116, 374, 628, 650, 377, 139, 20, 9, 0, 0]}, "percentile": {"x": [0.15625, 0.25, 0.3125, 0.40625, 0.5625, 1.0, 4.0, 4.25, 4.59375, 4.65625, 4.71875, 5.0, 5.03125, 5.125, 5.21875, 5.25, 5.3125, 5.34375, 5.375, 5.40625, 5.46875, 5.5625, 5.59375, 5.625, 5.6875, 5.71875, 5.75, 5.78125, 5.8125, 5.875, 5.90625, 6.0, 6.03125, 6.125, 6.15625, 6.1875, 6.21875, 6.25, 6.28125, 6.3125, 6.40625, 6.4375, 6.46875, 6.5, 6.53125, 6.5625, 6.59375, 6.625, 6.65625, 6.6875, 6.71875, 6.75, 6.78125, 6.8125, 6.84375, 6.875, 6.90625, 6.9375, 6.96875, 7.0, 7.03125, 7.0625, 7.09375, 7.125, 7.15625, 7.1875, 7.21875, 7.25, 7.28125, 7.3125, 7.34375, 7.375, 7.40625, 7.4375, 7.46875, 7.5, 7.53125, 7.5625, 7.59375, 7.625, 7.65625, 7.6875, 7.71875, 7.75, 7.78125, 7.8125, 7.84375, 7.875, 7.90625, 7.9375, 7.96875, 8.0, 8.03125, 8.0625, 8.09375, 8.125, 8.15625, 8.1875, 8.21875, 8.25, 8.28125, 8.3125, 8.34375, 8.375, 8.40625, 8.4375, 8.46875, 8.5, 8.53125, 8.5625, 8.59375, 8.625, 8.65625, 8.6875, 8.71875, 8.75, 8.78125, 8.8125, 8.84375, 8.875, 8.90625, 8.9375, 8.96875, 9.0, 9.03125, 9.0625, 9.09375, 9.125, 9.15625, 9.1875, 9.21875, 9.25, 9.28125, 9.3125, 9.34375, 9.375, 9.40625, 9.4375, 9.46875, 9.5, 9.53125, 9.5625, 9.59375, 9.625, 9.65625, 9.6875, 9.71875, 9.75, 9.78125, 9.8125, 9.84375, 9.875, 9.90625, 9.9375, 9.96875, 10.0, 10.03125, 10.0625, 10.09375, 10.125, 10.15625, 10.1875, 10.21875, 10.25, 10.28125, 10.3125, 10.34375, 10.375, 10.40625, 10.4375, 10.46875, 10.5, 10.53125, 10.5625, 10.59375, 10.625, 10.65625, 10.6875, 10.71875, 10.75, 10.78125, 10.8125, 10.84375, 10.875, 10.90625, 10.9375, 10.96875, 11.0, 11.03125, 11.0625, 11.09375, 11.125, 11.15625, 11.1875, 11.25, 11.28125, 11.3125, 11.34375, 11.375, 11.40625, 11.4375, 11.46875, 11.5, 11.53125, 11.5625, 11.59375, 11.625, 11.65625, 11.6875, 11.71875, 11.75, 11.8125, 11.84375, 11.90625, 11.9375, 12.0, 12.03125, 12.0625, 12.09375, 12.25, 12.34375, 12.375, 12.40625, 12.46875, 12.625, 12.65625, 12.9375, 13.0625, 13.25, 13.28125, 13.3125, 13.46875, 13.6875, 13.96875], "y": [0.0, 0.0, 0.0, 0.1, 0.2, 0.2, 0.2, 0.3, 0.4, 0.4, 0.5, 0.5, 0.6, 0.6, 0.7, 0.7, 0.8, 0.8, 0.9, 0.9, 1.0, 1.0, 1.2, 1.3, 1.3, 1.5, 1.6, 1.6, 1.7, 1.8, 1.9, 1.9, 2.4, 2.5, 2.5, 2.6, 2.7, 2.8, 3.1, 3.3, 3.4, 3.6, 3.8, 3.8, 4.0, 4.1, 4.9, 5.1, 5.4, 5.5, 5.6, 5.7, 5.8, 5.9, 6.1, 6.3, 6.4, 6.6, 6.8, 6.9, 8.1, 8.2, 8.4, 8.6, 8.9, 9.4, 10.0, 10.1, 10.9, 11.1, 11.6, 11.9, 12.2, 12.9, 13.1, 13.6, 14.1, 14.4, 16.1, 16.8, 17.1, 17.6, 18.0, 18.6, 19.1, 19.9, 20.2, 20.6, 21.3, 21.7, 22.3, 22.7, 24.8, 25.4, 26.0, 26.7, 27.3, 27.5, 28.1, 28.6, 30.6, 31.3, 32.1, 33.0, 33.6, 34.2, 35.0, 35.6, 36.2, 36.7, 39.6, 40.5, 41.6, 42.4, 43.3, 44.1, 44.8, 45.5, 46.0, 46.7, 47.2, 48.0, 48.8, 49.3, 52.5, 53.1, 53.4, 54.1, 54.7, 55.1, 55.7, 56.1, 57.9, 58.7, 59.6, 60.4, 60.9, 62.1, 62.4, 63.3, 64.1, 64.5, 68.4, 69.1, 69.9, 70.6, 71.5, 72.1, 72.7, 73.4, 73.9, 74.7, 75.3, 75.7, 76.3, 76.9, 79.4, 79.7, 80.0, 80.4, 80.9, 81.5, 82.0, 82.4, 83.9, 84.4, 85.0, 85.6, 86.3, 86.7, 87.1, 87.5, 87.8, 88.1, 89.3, 89.8, 90.2, 90.4, 90.8, 91.0, 91.3, 91.7, 91.9, 92.0, 92.3, 92.4, 92.6, 92.9, 93.8, 93.9, 94.0, 94.1, 94.2, 94.4, 94.4, 95.2, 95.3, 95.4, 95.6, 95.8, 96.1, 96.2, 96.4, 96.6, 96.7, 97.3, 97.4, 97.8, 98.0, 98.0, 98.2, 98.4, 98.6, 98.7, 98.7, 98.8, 99.0, 99.1, 99.1, 99.1, 99.3, 99.3, 99.4, 99.4, 99.4, 99.5, 99.6, 99.6, 99.7, 99.7, 99.8, 99.9, 99.9, 100.0]}}