{"percentile": {"y": [0.0, 6.2, 12.5, 18.7, 25.0, 31.2, 43.7, 50.0, 56.2, 62.5, 75.0, 81.2, 87.5, 93.7, 100.0], "x": [5.266666666666667, 6.733333333333333, 6.766666666666667, 7.6, 7.933333333333334, 8.0, 8.566666666666666, 8.9, 9.0, 9.2, 9.266666666666667, 9.7, 9.9, 10.0, 10.3]}, "histogram": {"y": [1, 2, 2, 4, 6, 2, 0, 0], "x": [5.0, 6.0, 7.0, 8.0, 9.0, 10.0, 11.0, 12.0]}}