{"percentile": {"x": [1.0, 1.90625, 2.0625, 2.09375, 2.1875, 3.0625, 4.0, 4.09375, 4.125, 5.125, 5.1875, 5.3125, 5.34375, 5.65625, 5.71875, 6.0, 6.09375, 6.125, 6.15625, 6.21875, 6.34375, 6.5625, 6.625, 6.65625, 6.71875, 6.75, 6.84375, 6.875, 7.0, 7.0625, 7.125, 7.15625, 7.1875, 7.25, 7.375, 7.4375, 7.5, 7.5625, 7.59375, 7.625, 7.65625, 7.71875, 7.75, 7.8125, 7.9375, 7.96875, 8.0, 8.03125, 8.0625, 8.125, 8.15625, 8.21875, 8.3125, 8.34375, 8.375, 8.46875, 8.5625, 8.75, 8.78125, 8.875, 9.0, 9.03125, 9.0625, 9.125, 9.15625, 9.21875, 9.25, 9.28125, 9.34375, 9.40625, 9.46875, 9.5, 9.5625, 9.65625, 9.6875, 9.71875, 9.78125, 9.8125, 9.875, 9.90625, 10.09375, 10.125, 10.15625, 10.1875, 10.28125, 10.3125, 10.375, 10.5625, 10.625, 10.78125, 11.40625], "y": [0.0, 0.7, 1.4, 2.1, 2.8, 3.6, 4.3, 5.0, 5.7, 6.5, 7.2, 7.9, 8.6, 9.4, 10.1, 10.8, 12.3, 13.0, 13.7, 14.4, 15.2, 15.9, 18.8, 19.5, 21.0, 21.7, 22.4, 23.1, 23.9, 26.0, 28.9, 30.4, 31.8, 32.6, 33.3, 34.7, 35.5, 36.9, 39.8, 41.3, 42.0, 43.4, 44.2, 45.6, 46.3, 48.5, 49.2, 52.8, 54.3, 55.0, 57.9, 60.1, 60.8, 61.5, 63.0, 64.4, 65.2, 68.8, 70.2, 71.7, 73.1, 73.9, 74.6, 76.0, 76.8, 77.5, 78.2, 79.7, 80.4, 81.1, 81.8, 82.6, 83.3, 84.7, 85.5, 86.2, 86.9, 87.6, 88.4, 89.1, 89.8, 91.3, 92.0, 92.7, 94.2, 94.9, 95.6, 96.3, 98.5, 99.2, 100.0]}, "histogram": {"x": [1.0, 2.0, 3.0, 4.0, 5.0, 6.0, 7.0, 8.0, 9.0, 10.0, 11.0, 12.0, 13.0], "y": [2, 3, 1, 3, 6, 18, 35, 33, 23, 14, 1, 0, 0]}}