{"percentile": {"x": [0.03333333333333333, 0.3333333333333333, 3.9, 3.966666666666667, 4.0, 5.033333333333333, 5.066666666666666, 5.466666666666667, 5.5, 5.6, 5.7, 5.733333333333333, 5.866666666666667, 6.0, 6.133333333333334, 6.2, 6.3, 6.333333333333333, 6.366666666666666, 6.4, 6.466666666666667, 6.566666666666666, 6.6, 6.633333333333333, 6.666666666666667, 6.7, 6.733333333333333, 6.766666666666667, 6.833333333333333, 6.866666666666667, 6.9, 6.933333333333334, 6.966666666666667, 7.0, 7.066666666666666, 7.1, 7.133333333333334, 7.166666666666667, 7.2, 7.233333333333333, 7.266666666666667, 7.3, 7.333333333333333, 7.366666666666666, 7.4, 7.433333333333334, 7.5, 7.533333333333333, 7.566666666666666, 7.6, 7.633333333333333, 7.666666666666667, 7.7, 7.733333333333333, 7.766666666666667, 7.8, 7.833333333333333, 7.866666666666667, 7.9, 7.933333333333334, 7.966666666666667, 8.0, 8.033333333333333, 8.066666666666666, 8.1, 8.133333333333333, 8.166666666666666, 8.2, 8.233333333333333, 8.266666666666667, 8.3, 8.333333333333334, 8.366666666666667, 8.4, 8.433333333333334, 8.466666666666667, 8.5, 8.533333333333333, 8.566666666666666, 8.6, 8.633333333333333, 8.666666666666666, 8.7, 8.733333333333333, 8.766666666666667, 8.8, 8.833333333333334, 8.866666666666667, 8.9, 8.933333333333334, 8.966666666666667, 9.0, 9.033333333333333, 9.066666666666666, 9.1, 9.133333333333333, 9.166666666666666, 9.2, 9.233333333333333, 9.266666666666667, 9.3, 9.333333333333334, 9.366666666666667, 9.4, 9.433333333333334, 9.466666666666667, 9.5, 9.533333333333333, 9.566666666666666, 9.6, 9.633333333333333, 9.666666666666666, 9.7, 9.733333333333333, 9.766666666666667, 9.8, 9.833333333333334, 9.866666666666667, 9.9, 9.933333333333334, 9.966666666666667, 10.0, 10.033333333333333, 10.066666666666666, 10.133333333333333, 10.2, 10.233333333333333, 10.266666666666667, 10.3, 10.333333333333334, 10.366666666666667, 10.4, 10.433333333333334, 10.466666666666667, 10.5, 10.533333333333333, 10.566666666666666, 10.6, 10.633333333333333, 10.666666666666666, 10.7, 10.733333333333333, 10.8, 10.833333333333334, 10.866666666666667, 10.9, 10.933333333333334, 11.0, 11.166666666666666, 11.2, 11.233333333333333, 11.266666666666667, 11.3, 11.366666666666667, 11.4, 11.433333333333334, 11.566666666666666, 11.6, 11.633333333333333, 11.7, 11.733333333333333, 11.8, 11.833333333333334, 11.866666666666667, 11.9, 12.0, 12.266666666666667, 12.533333333333333, 12.6, 13.6], "y": [0.0, 0.1, 0.3, 0.4, 0.6, 0.8, 0.9, 1.1, 1.2, 1.4, 1.6, 1.7, 1.9, 2.0, 2.4, 2.5, 2.7, 3.0, 3.2, 3.5, 3.7, 3.8, 4.0, 4.6, 4.8, 5.1, 5.4, 6.1, 6.2, 6.6, 6.7, 7.0, 7.5, 8.2, 9.3, 9.5, 10.0, 10.3, 10.9, 11.1, 11.7, 12.9, 13.2, 13.3, 13.8, 14.5, 14.8, 15.3, 15.4, 15.8, 18.8, 19.6, 21.2, 21.6, 21.9, 22.4, 23.0, 23.8, 24.1, 24.8, 25.4, 25.9, 28.3, 29.0, 29.5, 30.1, 31.2, 31.9, 32.5, 33.2, 34.3, 35.1, 36.1, 36.6, 36.7, 37.5, 37.9, 38.2, 38.8, 39.5, 45.0, 46.6, 47.7, 48.7, 49.8, 50.6, 51.2, 51.7, 52.9, 53.8, 54.3, 55.1, 59.1, 59.8, 60.4, 60.8, 62.0, 62.5, 63.2, 63.5, 65.9, 66.6, 67.5, 68.2, 68.5, 69.5, 70.0, 70.8, 70.9, 71.1, 72.7, 74.0, 74.6, 75.9, 76.7, 77.4, 78.5, 80.1, 81.2, 82.0, 83.3, 83.7, 85.3, 85.6, 85.8, 86.2, 86.7, 87.0, 87.5, 87.9, 88.0, 88.2, 88.5, 89.3, 89.6, 90.0, 90.3, 90.6, 91.6, 91.7, 92.7, 93.0, 93.2, 93.7, 93.8, 94.3, 94.5, 94.6, 95.4, 95.8, 95.9, 96.1, 96.2, 96.7, 96.9, 97.0, 97.2, 97.4, 98.0, 98.2, 98.3, 98.5, 98.7, 98.8, 99.0, 99.1, 99.3, 99.6, 99.8, 100.0]}, "histogram": {"x": [0.0, 1.0, 2.0, 3.0, 4.0, 5.0, 6.0, 7.0, 8.0, 9.0, 10.0, 11.0, 12.0, 13.0, 14.0, 15.0], "y": [2, 0, 0, 2, 1, 8, 38, 110, 181, 177, 68, 28, 5, 1, 0, 0]}}