{"percentile": {"y": [0.0, 25.0, 50.0, 75.0, 100.0], "x": [7.633333333333333, 7.833333333333333, 8.233333333333333, 8.566666666666666, 9.266666666666667]}, "histogram": {"y": [2, 2, 1], "x": [7.0, 8.0, 9.0]}}