{"percentile": {"y": [0.0, 0.1, 0.2, 0.3, 0.4, 0.6, 0.8, 1.1, 1.2, 1.4, 1.6, 1.7, 1.8, 1.9, 2.1, 2.2, 2.7, 2.9, 3.3, 3.6, 4.2, 4.4, 4.6, 4.7, 4.9, 5.1, 5.3, 5.6, 5.7, 5.8, 5.9, 6.2, 6.3, 6.6, 6.7, 6.8, 6.9, 7.3, 7.5, 7.7, 8.7, 8.8, 9.3, 9.8, 10.3, 11.0, 11.8, 12.3, 13.6, 13.8, 14.4, 14.6, 14.8, 15.9, 17.3, 18.1, 18.8, 19.0, 20.9, 21.0, 21.1, 21.2, 21.9, 22.4, 22.7, 22.9, 23.7, 23.9, 24.0, 24.7, 25.2, 27.1, 28.3, 29.5, 30.7, 31.0, 32.2, 32.8, 33.4, 34.7, 35.9, 36.3, 36.8, 37.7, 38.2, 38.6, 38.9, 39.8, 40.2, 41.9, 42.8, 43.7, 44.5, 45.0, 45.2, 45.4, 45.7, 46.4, 46.8, 47.5, 47.8, 48.3, 48.9, 51.6, 52.4, 53.4, 54.2, 55.2, 56.1, 57.1, 57.4, 59.6, 60.3, 61.0, 61.7, 62.3, 62.8, 63.7, 64.1, 64.8, 65.0, 66.8, 67.2, 67.8, 68.3, 69.1, 69.3, 69.8, 70.3, 70.6, 71.1, 71.3, 71.7, 71.9, 72.2, 73.9, 74.9, 75.4, 75.8, 76.8, 77.4, 78.4, 78.5, 79.0, 79.8, 80.8, 81.3, 81.9, 82.4, 82.8, 82.9, 83.4, 83.5, 85.4, 85.5, 85.8, 86.1, 86.4, 86.7, 87.1, 87.7, 88.4, 88.7, 89.2, 89.5, 89.6, 90.4, 90.5, 90.7, 90.9, 91.1, 91.2, 92.0, 93.0, 93.6, 94.0, 94.3, 94.7, 95.1, 95.3, 95.6, 95.8, 96.2, 96.3, 96.5, 96.6, 96.8, 97.1, 97.2, 97.3, 97.5, 97.7, 97.8, 98.0, 98.2, 98.3, 98.5, 98.6, 98.8, 99.0, 99.1, 99.3, 99.5, 99.6, 99.7, 99.8, 100.0], "x": [0.03125, 0.21875, 0.5625, 3.40625, 4.15625, 4.21875, 4.375, 4.40625, 4.5, 4.5625, 4.65625, 4.84375, 4.875, 5.0625, 5.09375, 5.125, 5.15625, 5.1875, 5.21875, 5.25, 5.28125, 5.3125, 5.34375, 5.375, 5.40625, 5.4375, 5.46875, 5.5, 5.53125, 5.5625, 5.59375, 5.625, 5.6875, 5.71875, 5.75, 5.78125, 5.875, 5.90625, 5.96875, 6.0, 6.03125, 6.0625, 6.09375, 6.125, 6.15625, 6.1875, 6.21875, 6.25, 6.28125, 6.3125, 6.34375, 6.375, 6.40625, 6.4375, 6.46875, 6.5, 6.53125, 6.5625, 6.625, 6.65625, 6.6875, 6.71875, 6.75, 6.78125, 6.8125, 6.84375, 6.875, 6.90625, 6.9375, 6.96875, 7.0, 7.03125, 7.0625, 7.09375, 7.125, 7.15625, 7.1875, 7.21875, 7.25, 7.28125, 7.3125, 7.34375, 7.375, 7.40625, 7.4375, 7.46875, 7.5, 7.53125, 7.5625, 7.59375, 7.625, 7.65625, 7.6875, 7.71875, 7.75, 7.78125, 7.8125, 7.84375, 7.875, 7.90625, 7.9375, 7.96875, 8.0, 8.03125, 8.0625, 8.09375, 8.125, 8.15625, 8.1875, 8.21875, 8.25, 8.28125, 8.3125, 8.34375, 8.375, 8.40625, 8.4375, 8.46875, 8.5, 8.53125, 8.5625, 8.59375, 8.625, 8.65625, 8.6875, 8.71875, 8.75, 8.78125, 8.8125, 8.84375, 8.875, 8.90625, 8.9375, 8.96875, 9.0, 9.03125, 9.0625, 9.09375, 9.125, 9.15625, 9.1875, 9.21875, 9.25, 9.28125, 9.3125, 9.34375, 9.375, 9.40625, 9.4375, 9.46875, 9.5, 9.53125, 9.5625, 9.59375, 9.625, 9.65625, 9.6875, 9.71875, 9.75, 9.78125, 9.8125, 9.84375, 9.875, 9.90625, 9.9375, 10.0, 10.03125, 10.0625, 10.09375, 10.15625, 10.1875, 10.21875, 10.25, 10.28125, 10.3125, 10.34375, 10.40625, 10.4375, 10.46875, 10.5, 10.53125, 10.5625, 10.59375, 10.65625, 10.71875, 10.75, 10.8125, 10.84375, 10.96875, 11.0, 11.03125, 11.125, 11.15625, 11.1875, 11.21875, 11.40625, 11.46875, 11.5, 11.5625, 11.59375, 11.625, 11.75, 12.09375, 12.125, 12.3125, 12.59375, 12.8125]}, "histogram": {"y": [3, 0, 0, 1, 12, 46, 141, 190, 187, 140, 62, 17, 5, 0, 0], "x": [0.0, 1.0, 2.0, 3.0, 4.0, 5.0, 6.0, 7.0, 8.0, 9.0, 10.0, 11.0, 12.0, 13.0, 14.0]}}