{"percentile": {"x": [0.03125, 4.5625, 5.0, 5.125, 5.21875, 5.25, 5.34375, 5.59375, 5.625, 5.6875, 5.78125, 5.8125, 5.875, 6.0, 6.03125, 6.09375, 6.125, 6.25, 6.3125, 6.34375, 6.375, 6.4375, 6.5, 6.53125, 6.5625, 6.625, 6.6875, 6.75, 6.78125, 6.8125, 6.875, 6.90625, 6.9375, 6.96875, 7.0, 7.03125, 7.0625, 7.125, 7.15625, 7.21875, 7.25, 7.28125, 7.3125, 7.34375, 7.375, 7.40625, 7.4375, 7.46875, 7.5, 7.5625, 7.59375, 7.625, 7.6875, 7.71875, 7.75, 7.8125, 7.84375, 7.875, 7.90625, 7.9375, 7.96875, 8.0, 8.03125, 8.0625, 8.09375, 8.125, 8.15625, 8.1875, 8.21875, 8.25, 8.28125, 8.3125, 8.34375, 8.375, 8.40625, 8.4375, 8.46875, 8.5, 8.53125, 8.5625, 8.59375, 8.625, 8.65625, 8.6875, 8.71875, 8.75, 8.78125, 8.8125, 8.84375, 8.875, 8.90625, 8.9375, 8.96875, 9.0, 9.03125, 9.0625, 9.09375, 9.125, 9.15625, 9.1875, 9.21875, 9.25, 9.28125, 9.3125, 9.34375, 9.375, 9.40625, 9.4375, 9.46875, 9.5, 9.53125, 9.5625, 9.59375, 9.625, 9.65625, 9.6875, 9.75, 9.8125, 9.84375, 9.875, 9.90625, 9.9375, 9.96875, 10.0, 10.03125, 10.0625, 10.125, 10.15625, 10.1875, 10.21875, 10.25, 10.28125, 10.3125, 10.34375, 10.375, 10.40625, 10.46875, 10.5, 10.53125, 10.5625, 10.59375, 10.625, 10.65625, 10.71875, 10.75, 10.78125, 10.8125, 10.84375, 10.875, 10.90625, 10.9375, 11.0, 11.03125, 11.0625, 11.09375, 11.15625, 11.25, 11.28125, 11.3125, 11.375, 11.40625, 11.4375, 11.46875, 11.53125, 11.5625, 11.625, 11.65625, 11.6875, 11.71875, 11.78125, 11.96875, 12.03125, 12.09375, 12.34375, 12.375, 12.40625, 12.96875], "y": [0.0, 0.2, 0.4, 0.7, 0.8, 1.0, 1.3, 1.4, 1.6, 1.7, 1.9, 2.0, 2.3, 2.4, 2.6, 2.7, 3.5, 3.8, 4.6, 4.8, 5.5, 5.7, 5.8, 6.0, 6.1, 6.6, 6.9, 7.1, 7.7, 7.9, 8.2, 8.6, 8.8, 8.9, 9.2, 9.5, 9.9, 11.0, 11.7, 12.0, 12.1, 12.6, 14.0, 14.6, 15.4, 15.7, 16.2, 16.5, 16.7, 17.3, 19.9, 20.9, 21.1, 21.2, 22.1, 22.9, 23.2, 23.7, 24.3, 24.6, 25.2, 25.5, 26.7, 27.0, 27.1, 27.6, 28.3, 28.6, 28.9, 29.0, 30.5, 30.8, 31.4, 32.1, 32.5, 33.0, 33.6, 34.0, 34.5, 35.0, 38.3, 39.0, 39.6, 40.9, 41.4, 42.1, 42.2, 43.1, 44.1, 44.6, 44.9, 45.3, 45.6, 46.4, 49.4, 49.7, 49.9, 50.5, 51.3, 52.1, 53.1, 53.5, 55.5, 56.9, 58.1, 59.1, 60.9, 62.8, 63.4, 64.0, 64.9, 65.6, 68.4, 69.6, 70.4, 71.0, 71.5, 72.8, 74.1, 74.3, 74.5, 74.7, 75.0, 75.6, 77.9, 78.5, 78.7, 79.1, 80.0, 80.7, 81.2, 81.9, 82.3, 82.6, 82.9, 83.2, 84.2, 84.5, 85.0, 85.3, 86.6, 87.0, 87.6, 87.9, 88.3, 88.5, 88.9, 90.3, 90.6, 90.8, 91.1, 91.4, 92.2, 92.6, 92.9, 93.0, 93.2, 94.4, 94.5, 94.8, 95.5, 95.8, 96.0, 96.3, 97.2, 97.6, 98.0, 98.2, 98.3, 98.5, 98.9, 99.1, 99.2, 99.4, 99.5, 99.7, 100.0]}, "histogram": {"x": [0.0, 1.0, 2.0, 3.0, 4.0, 5.0, 6.0, 7.0, 8.0, 9.0, 10.0, 11.0, 12.0, 13.0], "y": [2, 0, 0, 0, 1, 14, 46, 111, 142, 199, 108, 52, 7, 0]}}