{"percentile": {"x": [0.03333333333333333, 0.06666666666666667, 0.3, 3.2666666666666666, 4.0, 4.433333333333334, 4.633333333333333, 4.933333333333334, 5.6, 5.666666666666667, 5.766666666666667, 5.833333333333333, 5.966666666666667, 6.0, 6.2, 6.266666666666667, 6.433333333333334, 6.5, 6.566666666666666, 6.6, 6.9, 6.933333333333334, 6.966666666666667, 7.0, 7.066666666666666, 7.1, 7.133333333333334, 7.266666666666667, 7.3, 7.333333333333333, 7.433333333333334, 7.466666666666667, 7.566666666666666, 7.6, 7.633333333333333, 7.666666666666667, 7.7, 7.733333333333333, 7.766666666666667, 7.8, 7.833333333333333, 7.866666666666667, 7.9, 7.933333333333334, 7.966666666666667, 8.0, 8.033333333333333, 8.066666666666666, 8.1, 8.166666666666666, 8.2, 8.233333333333333, 8.266666666666667, 8.3, 8.333333333333334, 8.366666666666667, 8.4, 8.433333333333334, 8.466666666666667, 8.5, 8.533333333333333, 8.566666666666666, 8.6, 8.633333333333333, 8.666666666666666, 8.7, 8.733333333333333, 8.766666666666667, 8.8, 8.833333333333334, 8.866666666666667, 8.9, 8.933333333333334, 8.966666666666667, 9.0, 9.066666666666666, 9.1, 9.133333333333333, 9.166666666666666, 9.2, 9.233333333333333, 9.266666666666667, 9.3, 9.333333333333334, 9.366666666666667, 9.4, 9.433333333333334, 9.466666666666667, 9.5, 9.533333333333333, 9.566666666666666, 9.6, 9.633333333333333, 9.666666666666666, 9.7, 9.733333333333333, 9.766666666666667, 9.8, 9.833333333333334, 9.866666666666667, 9.9, 9.933333333333334, 9.966666666666667, 10.0, 10.033333333333333, 10.066666666666666, 10.1, 10.133333333333333, 10.166666666666666, 10.2, 10.233333333333333, 10.266666666666667, 10.3, 10.333333333333334, 10.366666666666667, 10.4, 10.433333333333334, 10.466666666666667, 10.533333333333333, 10.566666666666666, 10.6, 10.633333333333333, 10.666666666666666, 10.7, 10.733333333333333, 10.766666666666667, 10.8, 10.833333333333334, 10.866666666666667, 10.9, 10.933333333333334, 10.966666666666667, 11.0, 11.066666666666666, 11.133333333333333, 11.166666666666666, 11.266666666666667, 11.3, 11.366666666666667, 11.4, 11.433333333333334, 11.466666666666667, 11.5, 11.566666666666666, 11.6, 11.633333333333333, 11.733333333333333, 11.8, 11.866666666666667, 11.9, 11.933333333333334, 11.966666666666667, 13.0, 13.433333333333334, 13.6, 14.633333333333333, 14.8], "y": [0.0, 0.2, 0.4, 0.6, 0.9, 1.1, 1.2, 1.3, 1.8, 2.0, 2.2, 2.5, 2.6, 2.7, 2.9, 3.3, 4.4, 4.7, 4.8, 5.0, 5.3, 5.4, 5.5, 6.0, 6.5, 6.8, 6.9, 7.6, 8.3, 8.5, 9.2, 9.4, 9.7, 10.0, 10.6, 10.7, 11.3, 11.5, 12.2, 12.7, 12.8, 13.1, 13.6, 13.9, 14.5, 15.0, 16.2, 16.3, 16.6, 17.4, 18.2, 18.7, 18.9, 19.9, 20.6, 20.8, 21.0, 21.3, 21.5, 22.0, 22.4, 23.1, 24.1, 26.5, 27.6, 29.1, 29.4, 31.0, 31.5, 32.2, 33.2, 34.0, 34.4, 35.0, 36.0, 40.6, 40.9, 42.3, 43.7, 45.1, 45.3, 45.6, 47.2, 48.6, 49.8, 50.2, 51.1, 52.2, 53.6, 54.6, 55.1, 55.8, 61.0, 62.7, 63.9, 64.9, 65.9, 67.0, 68.1, 69.2, 70.3, 70.5, 71.2, 71.7, 75.9, 76.6, 76.9, 77.3, 77.7, 78.7, 79.0, 79.4, 80.7, 81.4, 82.1, 82.5, 83.2, 83.7, 84.2, 85.0, 85.4, 87.5, 88.4, 89.3, 89.9, 90.2, 90.7, 91.2, 91.6, 91.8, 92.0, 93.1, 93.5, 94.2, 94.5, 94.9, 95.1, 95.8, 96.0, 96.3, 96.5, 96.6, 96.7, 97.0, 97.3, 98.1, 98.3, 98.6, 98.7, 98.8, 99.0, 99.1, 99.3, 99.4, 99.7, 99.8, 100.0]}, "histogram": {"x": [0.0, 1.0, 2.0, 3.0, 4.0, 5.0, 6.0, 7.0, 8.0, 9.0, 10.0, 11.0, 12.0, 13.0, 14.0, 15.0], "y": [5, 0, 0, 2, 6, 7, 23, 65, 150, 256, 156, 41, 0, 4, 2, 0]}}