{"histogram": {"x": [0.0, 1.0, 2.0, 3.0, 4.0, 5.0, 6.0, 7.0, 8.0, 9.0, 10.0, 11.0, 12.0, 13.0], "y": [1, 0, 1, 2, 9, 20, 24, 24, 26, 9, 11, 2, 2, 0]}, "percentile": {"x": [0.09375, 2.34375, 3.75, 3.84375, 4.09375, 4.1875, 4.3125, 4.40625, 4.5625, 4.71875, 4.875, 4.9375, 4.96875, 5.09375, 5.125, 5.15625, 5.1875, 5.25, 5.3125, 5.34375, 5.53125, 5.5625, 5.59375, 5.71875, 5.90625, 6.03125, 6.15625, 6.25, 6.28125, 6.4375, 6.46875, 6.5625, 6.625, 6.75, 6.84375, 6.90625, 6.9375, 6.96875, 7.0, 7.03125, 7.125, 7.15625, 7.21875, 7.25, 7.28125, 7.3125, 7.34375, 7.375, 7.46875, 7.5, 7.5625, 7.8125, 7.84375, 7.90625, 7.9375, 7.96875, 8.0625, 8.09375, 8.125, 8.15625, 8.1875, 8.21875, 8.25, 8.375, 8.46875, 8.5, 8.53125, 8.5625, 8.65625, 8.6875, 8.75, 8.84375, 8.875, 8.9375, 9.15625, 9.1875, 9.40625, 9.59375, 9.6875, 9.78125, 9.84375, 9.875, 9.96875, 10.0625, 10.09375, 10.28125, 10.3125, 10.5, 10.53125, 10.5625, 10.625, 11.5625, 12.09375, 12.625], "y": [0.0, 0.7, 1.5, 2.3, 3.0, 3.8, 4.6, 5.3, 6.1, 6.9, 7.6, 8.4, 9.2, 10.0, 10.7, 12.3, 13.0, 14.6, 15.3, 18.4, 19.2, 20.0, 23.0, 23.8, 24.6, 25.3, 26.1, 27.6, 30.0, 30.7, 32.3, 34.6, 39.2, 40.0, 40.7, 41.5, 42.3, 43.0, 43.8, 45.3, 46.1, 46.9, 47.6, 48.4, 50.0, 50.7, 52.3, 53.0, 53.8, 54.6, 55.3, 56.1, 56.9, 59.2, 60.7, 61.5, 62.3, 63.0, 65.3, 66.1, 66.9, 68.4, 70.0, 70.7, 71.5, 72.3, 73.0, 73.8, 76.1, 76.9, 78.4, 79.2, 80.7, 81.5, 82.3, 83.0, 83.8, 84.6, 85.3, 86.1, 86.9, 87.6, 88.4, 89.2, 90.0, 91.5, 92.3, 93.0, 93.8, 94.6, 96.9, 97.6, 99.2, 100.0]}}