{"percentile": {"x": [0.03125, 3.5625, 5.0, 5.25, 5.40625, 5.5625, 5.65625, 5.90625, 6.0, 6.125, 6.28125, 6.40625, 6.53125, 6.5625, 6.75, 6.90625, 6.96875, 7.0, 7.09375, 7.125, 7.15625, 7.21875, 7.25, 7.40625, 7.46875, 7.5, 7.5625, 7.625, 7.65625, 7.6875, 7.71875, 7.75, 7.90625, 7.9375, 8.0, 8.125, 8.1875, 8.25, 8.34375, 8.375, 8.40625, 8.4375, 8.5, 8.53125, 8.5625, 8.59375, 8.625, 8.65625, 8.6875, 8.71875, 8.75, 8.78125, 8.8125, 8.84375, 8.875, 8.90625, 8.9375, 9.0, 9.0625, 9.125, 9.15625, 9.21875, 9.25, 9.28125, 9.34375, 9.375, 9.40625, 9.4375, 9.46875, 9.5, 9.53125, 9.5625, 9.59375, 9.625, 9.65625, 9.71875, 9.75, 9.8125, 9.90625, 9.9375, 10.0, 10.03125, 10.09375, 10.28125, 10.3125, 10.40625, 10.4375, 10.5, 10.53125, 10.5625, 10.59375, 10.65625, 10.75, 10.875, 10.90625, 11.0, 11.03125, 11.4375, 11.875, 12.09375, 14.4375], "y": [0.0, 0.6, 1.2, 1.9, 2.5, 3.2, 3.8, 4.5, 5.1, 5.8, 6.4, 7.1, 7.7, 8.4, 9.7, 10.3, 11.0, 11.6, 13.6, 14.2, 14.9, 15.5, 16.2, 16.8, 17.5, 18.1, 20.1, 21.4, 22.7, 24.0, 25.3, 25.9, 26.6, 27.2, 28.5, 31.1, 31.8, 33.1, 34.4, 35.0, 37.0, 37.6, 38.3, 39.6, 40.2, 44.8, 46.1, 46.7, 47.4, 49.3, 50.0, 50.6, 51.2, 51.9, 53.8, 55.1, 55.8, 57.1, 64.2, 65.5, 66.2, 66.8, 67.5, 68.8, 69.4, 70.1, 70.7, 71.4, 72.0, 72.7, 73.3, 74.0, 76.6, 77.9, 79.2, 80.5, 81.1, 81.8, 82.4, 83.1, 83.7, 85.7, 86.3, 87.0, 87.6, 88.3, 88.9, 89.6, 90.2, 90.9, 92.2, 92.8, 93.5, 94.1, 95.4, 96.1, 97.4, 98.0, 98.7, 99.3, 100.0]}, "histogram": {"x": [0.0, 1.0, 2.0, 3.0, 4.0, 5.0, 6.0, 7.0, 8.0, 9.0, 10.0, 11.0, 12.0, 13.0, 14.0, 15.0, 16.0], "y": [1, 0, 0, 1, 0, 6, 10, 26, 44, 41, 19, 5, 1, 0, 1, 0, 0]}}