{"histogram": {"y": [5, 2, 17, 31, 38, 30, 19, 5, 2, 0], "x": [3.0, 4.0, 5.0, 6.0, 7.0, 8.0, 9.0, 10.0, 11.0, 12.0]}, "percentile": {"y": [0.0, 0.6, 1.3, 2.0, 3.3, 4.0, 4.7, 5.4, 6.0, 6.7, 7.4, 8.1, 10.1, 10.8, 12.1, 12.8, 14.8, 16.2, 18.2, 19.5, 20.2, 20.9, 22.9, 23.6, 24.3, 25.0, 25.6, 26.3, 27.0, 29.0, 29.7, 30.4, 31.0, 31.7, 32.4, 33.1, 35.1, 35.8, 36.4, 37.1, 41.2, 41.8, 42.5, 44.5, 45.2, 45.9, 47.2, 47.9, 48.6, 51.3, 52.0, 55.4, 56.7, 57.4, 58.7, 60.1, 61.4, 62.8, 64.1, 65.5, 66.8, 68.9, 69.5, 70.2, 71.6, 72.9, 75.0, 75.6, 76.3, 77.0, 78.3, 79.0, 79.7, 81.0, 81.7, 83.1, 83.7, 86.4, 87.1, 89.8, 91.2, 91.8, 93.2, 93.9, 94.5, 95.2, 95.9, 96.6, 97.9, 98.6, 99.3, 100.0], "x": [3.1875, 3.34375, 3.46875, 3.625, 4.78125, 4.90625, 5.0, 5.0625, 5.09375, 5.34375, 5.4375, 5.5, 5.53125, 5.6875, 5.78125, 5.8125, 5.875, 6.0, 6.03125, 6.0625, 6.09375, 6.125, 6.15625, 6.1875, 6.25, 6.3125, 6.375, 6.5, 6.5625, 6.59375, 6.625, 6.65625, 6.6875, 6.71875, 6.75, 6.78125, 6.8125, 6.875, 6.90625, 7.0, 7.03125, 7.1875, 7.21875, 7.25, 7.28125, 7.3125, 7.34375, 7.375, 7.40625, 7.46875, 7.5625, 7.59375, 7.625, 7.78125, 7.84375, 7.9375, 7.96875, 8.0, 8.03125, 8.0625, 8.09375, 8.125, 8.15625, 8.1875, 8.21875, 8.25, 8.40625, 8.4375, 8.46875, 8.5625, 8.625, 8.65625, 8.6875, 8.9375, 8.96875, 9.0, 9.03125, 9.125, 9.1875, 9.28125, 9.3125, 9.40625, 9.46875, 9.5, 9.53125, 9.96875, 10.25, 10.3125, 10.375, 10.5625, 11.15625, 11.5625]}}