{"histogram": {"y": [1, 5, 7, 17, 21, 33, 20, 4, 4, 0], "x": [2.0, 3.0, 4.0, 5.0, 6.0, 7.0, 8.0, 9.0, 10.0, 11.0]}, "percentile": {"y": [0.0, 0.9, 2.7, 3.6, 4.5, 5.4, 6.3, 7.2, 9.0, 10.8, 11.7, 12.6, 13.5, 14.4, 15.3, 16.2, 18.0, 19.8, 22.5, 24.3, 26.1, 27.0, 29.7, 30.6, 32.4, 34.2, 36.0, 36.9, 37.8, 38.7, 39.6, 40.5, 41.4, 42.3, 43.2, 44.1, 45.0, 45.9, 48.6, 49.5, 51.3, 52.2, 53.1, 54.9, 57.6, 58.5, 60.3, 61.2, 62.1, 63.0, 63.9, 65.7, 66.6, 67.5, 68.4, 69.3, 71.1, 72.0, 75.6, 78.3, 79.2, 80.1, 81.0, 81.9, 82.8, 83.7, 84.6, 85.5, 86.4, 87.3, 88.2, 90.0, 90.9, 91.8, 92.7, 93.6, 94.5, 95.4, 96.3, 97.2, 99.0, 100.0], "x": [2.2333333333333334, 3.0, 3.1333333333333333, 3.3, 3.7666666666666666, 4.1, 4.2, 4.233333333333333, 4.6, 4.733333333333333, 5.0, 5.033333333333333, 5.066666666666666, 5.1, 5.133333333333334, 5.166666666666667, 5.2, 5.6, 5.666666666666667, 5.9, 5.933333333333334, 6.0, 6.033333333333333, 6.166666666666667, 6.233333333333333, 6.266666666666667, 6.3, 6.366666666666666, 6.533333333333333, 6.6, 6.633333333333333, 6.666666666666667, 6.7, 6.8, 6.833333333333333, 6.866666666666667, 6.9, 7.0, 7.033333333333333, 7.066666666666666, 7.133333333333334, 7.166666666666667, 7.2, 7.233333333333333, 7.266666666666667, 7.3, 7.4, 7.433333333333334, 7.466666666666667, 7.5, 7.6, 7.666666666666667, 7.733333333333333, 7.766666666666667, 7.8, 7.833333333333333, 7.9, 7.933333333333334, 8.0, 8.166666666666666, 8.233333333333333, 8.266666666666667, 8.333333333333334, 8.366666666666667, 8.4, 8.433333333333334, 8.466666666666667, 8.533333333333333, 8.6, 8.633333333333333, 8.7, 8.766666666666667, 8.833333333333334, 8.9, 8.966666666666667, 9.433333333333334, 9.666666666666666, 9.733333333333333, 9.9, 10.0, 10.066666666666666, 10.2]}}