{"percentile": {"x": [0.03333333333333333, 3.1, 5.0, 5.266666666666667, 5.433333333333334, 5.5, 5.6, 5.933333333333334, 6.033333333333333, 6.066666666666666, 6.4, 6.433333333333334, 6.466666666666667, 6.6, 6.666666666666667, 6.7, 6.866666666666667, 7.0, 7.2, 7.266666666666667, 7.3, 7.333333333333333, 7.366666666666666, 7.4, 7.433333333333334, 7.5, 7.566666666666666, 7.6, 7.7, 7.733333333333333, 7.766666666666667, 7.8, 7.833333333333333, 7.866666666666667, 7.9, 7.933333333333334, 7.966666666666667, 8.0, 8.033333333333333, 8.066666666666666, 8.1, 8.133333333333333, 8.2, 8.233333333333333, 8.266666666666667, 8.3, 8.366666666666667, 8.4, 8.433333333333334, 8.466666666666667, 8.5, 8.533333333333333, 8.566666666666666, 8.6, 8.633333333333333, 8.666666666666666, 8.7, 8.733333333333333, 8.766666666666667, 8.866666666666667, 8.9, 8.933333333333334, 8.966666666666667, 9.0, 9.033333333333333, 9.066666666666666, 9.1, 9.133333333333333, 9.166666666666666, 9.2, 9.266666666666667, 9.3, 9.333333333333334, 9.366666666666667, 9.4, 9.433333333333334, 9.466666666666667, 9.5, 9.533333333333333, 9.566666666666666, 9.6, 9.633333333333333, 9.666666666666666, 9.733333333333333, 9.766666666666667, 9.8, 9.833333333333334, 9.866666666666667, 9.9, 9.933333333333334, 10.0, 10.033333333333333, 10.1, 10.133333333333333, 10.2, 10.266666666666667, 10.3, 10.333333333333334, 10.366666666666667, 10.4, 10.433333333333334, 10.466666666666667, 10.5, 10.566666666666666, 10.6, 10.633333333333333, 10.666666666666666, 10.7, 10.833333333333334, 10.866666666666667, 10.9, 10.933333333333334, 11.033333333333333, 11.133333333333333, 11.3, 11.466666666666667, 11.5, 11.6, 11.633333333333333, 11.666666666666666, 11.866666666666667, 12.0], "y": [0.0, 0.7, 1.0, 1.4, 1.7, 2.1, 2.5, 2.8, 3.2, 3.5, 3.9, 4.3, 5.3, 5.7, 6.0, 6.8, 7.1, 7.5, 8.9, 9.3, 9.6, 10.0, 10.3, 11.4, 12.1, 12.5, 12.9, 13.2, 14.6, 15.0, 15.4, 15.7, 16.1, 16.8, 17.5, 18.6, 19.7, 20.4, 24.7, 25.0, 25.8, 26.5, 26.8, 27.9, 28.6, 31.5, 32.2, 33.6, 34.4, 35.1, 36.2, 36.9, 37.9, 38.3, 40.8, 42.2, 43.3, 43.7, 44.4, 45.1, 46.2, 46.9, 47.3, 48.3, 50.8, 51.6, 51.9, 53.7, 54.1, 54.4, 55.5, 59.1, 59.4, 60.2, 60.5, 61.6, 63.0, 63.7, 64.1, 64.8, 65.2, 69.1, 70.2, 71.6, 72.0, 73.1, 73.4, 74.9, 76.7, 77.0, 78.1, 79.9, 80.2, 80.6, 81.3, 82.0, 83.5, 84.2, 84.5, 85.3, 85.6, 86.0, 86.3, 86.7, 87.0, 89.2, 90.6, 92.1, 93.1, 94.2, 95.3, 95.6, 96.0, 96.4, 96.7, 97.4, 97.8, 98.2, 98.9, 99.2, 99.6, 100.0]}, "histogram": {"x": [0.0, 1.0, 2.0, 3.0, 4.0, 5.0, 6.0, 7.0, 8.0, 9.0, 10.0, 11.0, 12.0, 13.0], "y": [2, 0, 0, 1, 0, 6, 12, 36, 78, 83, 50, 11, 1, 0]}}