{"histogram": {"y": [10, 0, 2, 2, 6, 40, 155, 481, 983, 913, 505, 127, 29, 8, 0, 0], "x": [0.0, 1.0, 2.0, 3.0, 4.0, 5.0, 6.0, 7.0, 8.0, 9.0, 10.0, 11.0, 12.0, 13.0, 14.0, 15.0]}, "percentile": {"y": [0.0, 0.0, 0.1, 0.1, 0.2, 0.2, 0.3, 0.3, 0.3, 0.3, 0.4, 0.4, 0.4, 0.5, 0.5, 0.5, 0.6, 0.7, 0.7, 0.7, 0.7, 0.8, 0.8, 0.8, 0.9, 0.9, 1.1, 1.2, 1.2, 1.3, 1.4, 1.4, 1.5, 1.6, 1.6, 1.8, 1.8, 2.1, 2.1, 2.2, 2.2, 2.3, 2.3, 2.4, 2.5, 2.7, 2.8, 3.0, 3.1, 3.4, 3.5, 3.8, 3.8, 3.9, 4.2, 4.4, 4.7, 4.9, 5.0, 5.3, 5.7, 5.8, 6.0, 6.2, 6.4, 6.5, 7.6, 7.7, 8.0, 8.3, 8.6, 8.8, 9.2, 9.4, 10.3, 10.7, 10.9, 11.4, 11.5, 12.0, 12.3, 12.6, 12.9, 13.2, 14.7, 15.3, 16.0, 16.4, 17.0, 17.6, 18.1, 18.8, 19.5, 20.2, 20.9, 21.3, 24.1, 24.6, 25.1, 25.6, 26.3, 27.0, 27.8, 28.3, 30.1, 30.9, 31.6, 32.3, 33.4, 34.6, 35.4, 36.1, 36.9, 37.3, 41.2, 42.5, 43.3, 44.3, 45.0, 45.9, 46.9, 47.7, 48.8, 49.8, 50.7, 51.5, 55.2, 55.6, 56.0, 56.8, 57.3, 57.9, 58.5, 58.8, 60.6, 61.2, 62.0, 62.6, 63.5, 64.6, 65.5, 66.3, 66.8, 67.3, 70.7, 71.4, 72.5, 73.2, 74.1, 75.0, 75.7, 76.5, 77.2, 77.7, 78.9, 79.5, 82.3, 82.8, 82.9, 83.2, 83.8, 84.1, 84.5, 84.7, 85.9, 86.2, 86.8, 87.2, 87.7, 88.2, 88.6, 89.0, 89.5, 89.8, 91.4, 91.9, 92.4, 92.7, 93.1, 93.2, 93.5, 93.8, 94.3, 94.6, 94.9, 95.0, 95.4, 95.4, 95.6, 95.7, 95.9, 95.9, 96.0, 96.1, 96.5, 96.9, 96.9, 97.0, 97.2, 97.3, 97.4, 97.5, 97.6, 97.6, 98.1, 98.2, 98.3, 98.4, 98.5, 98.5, 98.6, 98.7, 98.7, 98.8, 99.1, 99.1, 99.1, 99.2, 99.2, 99.3, 99.4, 99.5, 99.5, 99.6, 99.6, 99.6, 99.7, 99.7, 99.7, 99.8, 99.8, 99.8, 99.9, 99.9, 100.0], "x": [0.03333333333333333, 0.23333333333333334, 0.26666666666666666, 0.3, 0.43333333333333335, 0.7, 2.0, 2.2666666666666666, 3.0, 3.1, 4.0, 4.533333333333333, 4.633333333333333, 4.733333333333333, 4.766666666666667, 4.9, 5.0, 5.066666666666666, 5.133333333333334, 5.233333333333333, 5.266666666666667, 5.433333333333334, 5.5, 5.533333333333333, 5.566666666666666, 5.6, 5.633333333333333, 5.666666666666667, 5.7, 5.766666666666667, 5.8, 5.833333333333333, 5.866666666666667, 5.9, 5.933333333333334, 5.966666666666667, 6.0, 6.033333333333333, 6.066666666666666, 6.1, 6.166666666666667, 6.2, 6.233333333333333, 6.266666666666667, 6.3, 6.333333333333333, 6.366666666666666, 6.4, 6.433333333333334, 6.466666666666667, 6.5, 6.533333333333333, 6.566666666666666, 6.6, 6.633333333333333, 6.666666666666667, 6.7, 6.733333333333333, 6.766666666666667, 6.8, 6.833333333333333, 6.866666666666667, 6.9, 6.933333333333334, 6.966666666666667, 7.0, 7.033333333333333, 7.066666666666666, 7.1, 7.133333333333334, 7.166666666666667, 7.2, 7.233333333333333, 7.266666666666667, 7.3, 7.333333333333333, 7.366666666666666, 7.4, 7.433333333333334, 7.466666666666667, 7.5, 7.533333333333333, 7.566666666666666, 7.6, 7.633333333333333, 7.666666666666667, 7.7, 7.733333333333333, 7.766666666666667, 7.8, 7.833333333333333, 7.866666666666667, 7.9, 7.933333333333334, 7.966666666666667, 8.0, 8.033333333333333, 8.066666666666666, 8.1, 8.133333333333333, 8.166666666666666, 8.2, 8.233333333333333, 8.266666666666667, 8.3, 8.333333333333334, 8.366666666666667, 8.4, 8.433333333333334, 8.466666666666667, 8.5, 8.533333333333333, 8.566666666666666, 8.6, 8.633333333333333, 8.666666666666666, 8.7, 8.733333333333333, 8.766666666666667, 8.8, 8.833333333333334, 8.866666666666667, 8.9, 8.933333333333334, 8.966666666666667, 9.0, 9.033333333333333, 9.066666666666666, 9.1, 9.133333333333333, 9.166666666666666, 9.2, 9.233333333333333, 9.266666666666667, 9.3, 9.333333333333334, 9.366666666666667, 9.4, 9.433333333333334, 9.466666666666667, 9.5, 9.533333333333333, 9.566666666666666, 9.6, 9.633333333333333, 9.666666666666666, 9.7, 9.733333333333333, 9.766666666666667, 9.8, 9.833333333333334, 9.866666666666667, 9.9, 9.933333333333334, 9.966666666666667, 10.0, 10.033333333333333, 10.066666666666666, 10.1, 10.133333333333333, 10.166666666666666, 10.2, 10.233333333333333, 10.266666666666667, 10.3, 10.333333333333334, 10.366666666666667, 10.4, 10.433333333333334, 10.466666666666667, 10.5, 10.533333333333333, 10.566666666666666, 10.6, 10.633333333333333, 10.666666666666666, 10.7, 10.733333333333333, 10.766666666666667, 10.8, 10.833333333333334, 10.866666666666667, 10.9, 10.933333333333334, 10.966666666666667, 11.0, 11.033333333333333, 11.066666666666666, 11.1, 11.133333333333333, 11.166666666666666, 11.2, 11.233333333333333, 11.266666666666667, 11.3, 11.333333333333334, 11.366666666666667, 11.4, 11.433333333333334, 11.466666666666667, 11.5, 11.533333333333333, 11.566666666666666, 11.6, 11.633333333333333, 11.666666666666666, 11.733333333333333, 11.8, 11.833333333333334, 11.866666666666667, 11.9, 11.933333333333334, 11.966666666666667, 12.0, 12.033333333333333, 12.066666666666666, 12.133333333333333, 12.2, 12.233333333333333, 12.266666666666667, 12.366666666666667, 12.433333333333334, 12.533333333333333, 12.6, 12.633333333333333, 12.666666666666666, 12.833333333333334, 12.866666666666667, 13.0, 13.033333333333333, 13.2, 13.233333333333333, 13.266666666666667, 13.6, 13.966666666666667]}}