{"histogram": {"x": [3.0, 4.0, 5.0, 6.0, 7.0, 8.0, 9.0, 10.0, 11.0, 12.0, 13.0], "y": [2, 3, 24, 54, 62, 53, 25, 5, 2, 0, 0]}, "percentile": {"x": [3.0, 3.5625, 4.15625, 4.5625, 4.78125, 5.0, 5.03125, 5.125, 5.1875, 5.25, 5.34375, 5.40625, 5.53125, 5.5625, 5.59375, 5.625, 5.65625, 5.8125, 5.90625, 6.0, 6.09375, 6.15625, 6.28125, 6.3125, 6.34375, 6.375, 6.40625, 6.53125, 6.5625, 6.59375, 6.625, 6.65625, 6.6875, 6.71875, 6.75, 6.8125, 6.84375, 6.875, 6.9375, 7.0, 7.03125, 7.0625, 7.09375, 7.125, 7.15625, 7.1875, 7.21875, 7.25, 7.28125, 7.3125, 7.34375, 7.40625, 7.4375, 7.46875, 7.5, 7.5625, 7.59375, 7.625, 7.6875, 7.71875, 7.75, 7.78125, 7.8125, 7.84375, 7.875, 7.9375, 8.0, 8.03125, 8.0625, 8.09375, 8.15625, 8.1875, 8.25, 8.28125, 8.3125, 8.34375, 8.375, 8.40625, 8.4375, 8.5625, 8.59375, 8.625, 8.6875, 8.71875, 8.875, 8.9375, 9.0, 9.09375, 9.125, 9.15625, 9.1875, 9.25, 9.28125, 9.3125, 9.375, 9.40625, 9.4375, 9.53125, 9.5625, 9.59375, 9.65625, 9.78125, 9.875, 9.90625, 9.9375, 9.96875, 10.0, 10.15625, 10.71875, 11.0, 11.03125], "y": [0.0, 0.4, 0.8, 1.3, 1.7, 2.1, 2.6, 3.0, 3.9, 4.8, 6.1, 6.9, 7.4, 7.8, 9.6, 10.4, 11.3, 11.7, 12.2, 12.6, 15.7, 16.1, 17.4, 17.9, 19.6, 20.0, 20.9, 22.2, 22.7, 27.5, 28.3, 28.8, 30.5, 31.0, 31.4, 33.1, 34.0, 34.4, 35.8, 36.2, 38.8, 40.1, 40.6, 41.0, 41.4, 41.9, 43.6, 44.5, 45.4, 46.2, 47.1, 48.0, 48.4, 49.7, 50.2, 51.0, 54.5, 55.4, 55.8, 57.6, 58.0, 58.5, 59.8, 60.6, 61.1, 62.0, 63.3, 67.2, 68.1, 68.5, 69.4, 71.1, 72.0, 73.3, 74.2, 76.8, 77.2, 77.7, 79.4, 80.3, 81.6, 82.5, 82.9, 83.8, 84.7, 85.1, 86.4, 87.3, 88.2, 88.6, 89.0, 89.5, 89.9, 90.8, 91.2, 92.1, 92.5, 93.0, 93.4, 93.8, 94.7, 95.1, 95.6, 96.0, 96.5, 96.9, 97.3, 98.6, 99.1, 99.5, 100.0]}}