{"percentile": {"y": [0.0, 0.3, 0.7, 1.1, 1.5, 1.9, 2.2, 2.6, 3.0, 3.8, 4.1, 4.5, 4.9, 6.4, 7.2, 7.6, 7.9, 8.3, 8.7, 9.5, 9.8, 10.6, 11.7, 12.5, 14.0, 15.2, 15.9, 16.3, 16.7, 17.1, 17.4, 21.2, 21.6, 22.4, 22.8, 24.3, 24.7, 25.4, 26.6, 26.9, 27.7, 30.7, 31.9, 32.6, 33.4, 33.8, 34.9, 35.3, 37.2, 38.7, 39.5, 41.0, 41.8, 42.5, 42.9, 43.7, 46.0, 47.1, 47.9, 48.6, 49.4, 50.1, 50.5, 51.3, 51.7, 52.4, 52.8, 53.6, 55.5, 59.3, 60.0, 61.5, 61.9, 63.1, 63.8, 64.2, 65.0, 65.3, 65.7, 66.9, 68.0, 70.7, 71.4, 73.3, 73.7, 74.1, 78.7, 79.4, 79.8, 80.6, 80.9, 81.7, 82.5, 82.8, 83.6, 84.0, 84.7, 85.1, 85.5, 87.4, 88.2, 88.5, 89.3, 89.7, 90.1, 92.3, 92.7, 93.1, 93.5, 93.9, 95.0, 95.4, 95.8, 96.1, 96.5, 97.7, 98.0, 98.4, 98.8, 99.6, 100.0], "x": [0.25, 0.28125, 0.5625, 3.9375, 4.1875, 5.03125, 5.1875, 5.21875, 6.0, 6.34375, 6.375, 6.40625, 6.5625, 6.59375, 6.71875, 6.75, 6.78125, 6.8125, 6.84375, 6.875, 6.96875, 7.0, 7.03125, 7.15625, 7.25, 7.3125, 7.375, 7.40625, 7.46875, 7.5, 7.5625, 7.625, 7.65625, 7.71875, 7.75, 7.78125, 7.8125, 7.84375, 7.875, 7.90625, 8.0, 8.03125, 8.09375, 8.125, 8.1875, 8.25, 8.28125, 8.3125, 8.34375, 8.375, 8.40625, 8.4375, 8.46875, 8.5, 8.53125, 8.5625, 8.59375, 8.625, 8.65625, 8.6875, 8.71875, 8.75, 8.78125, 8.8125, 8.84375, 8.90625, 8.9375, 8.96875, 9.0, 9.03125, 9.0625, 9.125, 9.15625, 9.1875, 9.21875, 9.25, 9.28125, 9.3125, 9.34375, 9.375, 9.40625, 9.4375, 9.46875, 9.5, 9.53125, 9.5625, 9.59375, 9.65625, 9.6875, 9.75, 9.78125, 9.84375, 9.875, 10.0, 10.03125, 10.0625, 10.125, 10.1875, 10.25, 10.28125, 10.3125, 10.40625, 10.5, 10.53125, 10.5625, 10.6875, 10.75, 10.875, 10.90625, 11.0, 11.0625, 11.09375, 11.21875, 11.25, 11.34375, 11.40625, 11.4375, 11.71875, 11.84375, 12.09375, 12.28125]}, "histogram": {"y": [3, 0, 0, 1, 1, 3, 20, 45, 73, 72, 29, 15, 2, 0, 0], "x": [0.0, 1.0, 2.0, 3.0, 4.0, 5.0, 6.0, 7.0, 8.0, 9.0, 10.0, 11.0, 12.0, 13.0, 14.0]}}