{"histogram": {"y": [3, 2, 1, 2, 13, 52, 139, 213, 210, 118, 58, 17, 1, 0], "x": [0.0, 1.0, 2.0, 3.0, 4.0, 5.0, 6.0, 7.0, 8.0, 9.0, 10.0, 11.0, 12.0, 13.0]}, "percentile": {"y": [0.0, 0.2, 0.3, 0.4, 0.6, 0.7, 0.8, 0.9, 1.0, 1.2, 1.3, 1.5, 1.6, 1.8, 1.9, 2.0, 2.2, 2.5, 2.6, 3.0, 3.5, 3.6, 3.7, 3.9, 4.2, 4.5, 4.7, 4.8, 4.9, 5.1, 5.4, 5.6, 6.4, 6.5, 6.6, 7.0, 7.2, 7.6, 7.8, 7.9, 8.0, 8.3, 8.5, 8.8, 9.6, 10.1, 11.1, 11.5, 12.3, 12.9, 13.6, 14.1, 15.3, 15.8, 16.3, 16.7, 17.2, 17.9, 18.4, 18.7, 18.8, 19.3, 21.0, 21.3, 21.7, 21.9, 22.5, 23.1, 23.5, 23.6, 24.6, 25.0, 25.1, 25.3, 25.6, 27.1, 28.1, 29.3, 30.3, 31.6, 32.7, 33.0, 33.3, 34.9, 35.3, 36.1, 36.5, 37.0, 38.4, 39.3, 39.8, 40.5, 41.3, 43.9, 44.9, 45.5, 46.7, 47.4, 47.7, 48.1, 48.9, 49.5, 49.8, 50.2, 50.7, 51.3, 53.9, 54.8, 56.7, 57.9, 58.8, 60.1, 61.2, 61.7, 63.5, 64.2, 64.9, 65.2, 65.8, 66.9, 67.6, 67.9, 68.3, 68.9, 71.4, 71.7, 72.9, 73.3, 73.5, 74.0, 74.3, 74.6, 75.1, 75.3, 75.6, 76.0, 76.4, 76.6, 78.2, 78.6, 79.3, 79.5, 80.1, 80.3, 81.0, 81.2, 82.9, 83.2, 83.8, 84.2, 84.5, 85.0, 85.2, 85.7, 85.8, 86.2, 87.8, 88.4, 88.7, 88.8, 89.1, 89.2, 89.3, 89.9, 90.0, 90.2, 90.4, 90.7, 90.9, 91.5, 91.9, 92.1, 92.5, 92.8, 93.2, 93.8, 94.2, 94.3, 94.4, 94.9, 95.1, 95.5, 95.7, 95.8, 96.0, 96.7, 96.8, 96.9, 97.1, 97.3, 97.4, 97.7, 97.8, 97.9, 98.3, 98.4, 98.5, 98.6, 98.7, 98.9, 99.0, 99.2, 99.5, 99.6, 99.7, 100.0], "x": [0.03125, 0.96875, 1.09375, 1.28125, 2.40625, 3.125, 3.15625, 4.0, 4.0625, 4.125, 4.15625, 4.21875, 4.3125, 4.375, 4.5625, 4.6875, 4.9375, 5.0, 5.03125, 5.0625, 5.09375, 5.15625, 5.1875, 5.21875, 5.25, 5.28125, 5.34375, 5.375, 5.40625, 5.5, 5.53125, 5.5625, 5.59375, 5.625, 5.65625, 5.6875, 5.71875, 5.78125, 5.8125, 5.84375, 5.90625, 5.9375, 5.96875, 6.0, 6.03125, 6.0625, 6.09375, 6.125, 6.15625, 6.1875, 6.21875, 6.25, 6.28125, 6.3125, 6.34375, 6.375, 6.40625, 6.4375, 6.46875, 6.5, 6.53125, 6.5625, 6.59375, 6.625, 6.65625, 6.6875, 6.71875, 6.75, 6.78125, 6.8125, 6.84375, 6.90625, 6.9375, 6.96875, 7.0, 7.03125, 7.0625, 7.09375, 7.125, 7.15625, 7.1875, 7.21875, 7.25, 7.28125, 7.3125, 7.34375, 7.375, 7.40625, 7.4375, 7.46875, 7.5, 7.53125, 7.5625, 7.59375, 7.625, 7.65625, 7.6875, 7.71875, 7.75, 7.78125, 7.8125, 7.84375, 7.875, 7.90625, 7.96875, 8.0, 8.03125, 8.0625, 8.09375, 8.125, 8.15625, 8.1875, 8.21875, 8.25, 8.28125, 8.3125, 8.34375, 8.375, 8.40625, 8.4375, 8.46875, 8.5, 8.53125, 8.5625, 8.59375, 8.625, 8.65625, 8.6875, 8.71875, 8.75, 8.78125, 8.8125, 8.84375, 8.875, 8.90625, 8.9375, 8.96875, 9.0, 9.03125, 9.0625, 9.09375, 9.125, 9.15625, 9.1875, 9.21875, 9.25, 9.28125, 9.3125, 9.34375, 9.375, 9.40625, 9.4375, 9.46875, 9.5, 9.53125, 9.5625, 9.59375, 9.625, 9.65625, 9.6875, 9.71875, 9.75, 9.78125, 9.8125, 9.84375, 9.875, 9.9375, 9.96875, 10.0, 10.03125, 10.0625, 10.09375, 10.125, 10.15625, 10.1875, 10.21875, 10.25, 10.28125, 10.3125, 10.34375, 10.40625, 10.46875, 10.5, 10.53125, 10.5625, 10.59375, 10.625, 10.65625, 10.6875, 10.75, 10.78125, 10.90625, 10.96875, 11.0, 11.03125, 11.09375, 11.125, 11.1875, 11.34375, 11.375, 11.40625, 11.5625, 11.625, 11.75, 11.78125, 12.0]}}