{"histogram": {"y": [2, 0, 3, 11, 55, 123, 172, 161, 99, 40, 16, 0, 0], "x": [1.0, 2.0, 3.0, 4.0, 5.0, 6.0, 7.0, 8.0, 9.0, 10.0, 11.0, 12.0, 13.0]}, "percentile": {"y": [0.0, 0.1, 0.2, 0.4, 0.5, 0.7, 0.8, 1.1, 1.3, 1.4, 1.7, 1.9, 2.0, 2.2, 2.3, 2.6, 2.9, 3.2, 3.8, 4.1, 4.2, 4.4, 4.8, 5.1, 5.2, 5.5, 6.0, 6.1, 6.3, 7.4, 7.6, 7.9, 8.2, 8.5, 8.6, 8.9, 9.5, 9.8, 10.4, 11.6, 12.3, 12.7, 13.9, 14.2, 14.5, 15.4, 15.5, 16.2, 17.0, 18.3, 18.7, 19.5, 19.8, 20.2, 20.8, 21.2, 21.4, 23.2, 23.6, 23.9, 24.2, 25.2, 25.8, 26.5, 26.8, 27.1, 27.3, 27.6, 27.9, 28.4, 30.6, 31.7, 33.1, 34.0, 34.8, 35.8, 36.7, 37.7, 39.3, 39.6, 39.9, 40.3, 40.8, 42.1, 42.5, 43.0, 43.4, 43.7, 46.5, 47.5, 47.8, 48.6, 49.3, 49.7, 50.3, 50.5, 51.2, 51.5, 52.2, 52.8, 53.4, 53.7, 56.5, 57.1, 58.0, 59.1, 59.9, 60.4, 61.2, 61.5, 64.3, 65.1, 66.2, 67.4, 68.1, 69.3, 69.7, 70.0, 70.1, 70.7, 72.6, 73.8, 74.0, 74.4, 74.7, 75.4, 75.7, 76.0, 76.6, 76.7, 77.2, 77.3, 78.8, 80.6, 81.4, 81.6, 82.0, 82.9, 83.2, 83.5, 84.1, 84.8, 85.0, 85.3, 85.7, 86.6, 87.2, 87.6, 87.8, 88.3, 88.8, 89.4, 89.5, 89.8, 90.3, 90.4, 90.6, 90.7, 91.1, 91.3, 91.9, 92.3, 92.6, 93.0, 93.2, 93.3, 93.6, 94.2, 94.4, 94.5, 94.8, 95.1, 95.7, 95.8, 96.1, 96.3, 96.4, 96.9, 97.0, 97.2, 97.5, 97.6, 97.7, 98.2, 98.5, 98.6, 98.8, 98.9, 99.1, 99.5, 99.7, 99.8, 100.0], "x": [1.0, 1.40625, 3.0, 3.25, 3.90625, 4.0, 4.03125, 4.09375, 4.15625, 4.34375, 4.46875, 4.5, 4.5625, 4.71875, 5.0, 5.03125, 5.0625, 5.09375, 5.125, 5.15625, 5.1875, 5.25, 5.3125, 5.375, 5.40625, 5.4375, 5.46875, 5.5, 5.5625, 5.625, 5.71875, 5.75, 5.78125, 5.8125, 5.84375, 5.875, 5.90625, 5.9375, 6.0, 6.03125, 6.0625, 6.09375, 6.125, 6.15625, 6.1875, 6.21875, 6.25, 6.28125, 6.3125, 6.34375, 6.375, 6.40625, 6.4375, 6.46875, 6.5, 6.53125, 6.5625, 6.59375, 6.625, 6.65625, 6.6875, 6.71875, 6.75, 6.78125, 6.8125, 6.84375, 6.875, 6.90625, 6.9375, 7.0, 7.03125, 7.0625, 7.09375, 7.125, 7.15625, 7.1875, 7.21875, 7.25, 7.28125, 7.3125, 7.34375, 7.375, 7.40625, 7.4375, 7.46875, 7.5, 7.53125, 7.5625, 7.59375, 7.625, 7.65625, 7.6875, 7.71875, 7.75, 7.78125, 7.8125, 7.84375, 7.875, 7.90625, 7.9375, 7.96875, 8.0, 8.03125, 8.0625, 8.09375, 8.125, 8.15625, 8.1875, 8.21875, 8.25, 8.28125, 8.3125, 8.34375, 8.375, 8.40625, 8.4375, 8.46875, 8.5, 8.53125, 8.5625, 8.59375, 8.625, 8.65625, 8.6875, 8.71875, 8.75, 8.78125, 8.8125, 8.875, 8.90625, 8.9375, 9.0, 9.03125, 9.0625, 9.09375, 9.125, 9.15625, 9.1875, 9.21875, 9.25, 9.28125, 9.3125, 9.34375, 9.375, 9.40625, 9.4375, 9.46875, 9.5, 9.5625, 9.59375, 9.625, 9.71875, 9.75, 9.78125, 9.8125, 9.84375, 9.875, 9.90625, 9.9375, 9.96875, 10.0, 10.0625, 10.09375, 10.125, 10.15625, 10.21875, 10.25, 10.28125, 10.375, 10.40625, 10.46875, 10.5625, 10.59375, 10.625, 10.65625, 10.71875, 10.75, 10.78125, 10.8125, 10.875, 10.90625, 10.9375, 11.0, 11.03125, 11.09375, 11.15625, 11.1875, 11.21875, 11.28125, 11.375, 11.53125, 11.5625, 11.9375]}}