{"percentile": {"x": [316, 330, 331, 340, 363, 365, 366, 377, 380, 384, 385, 394, 400, 403, 410, 418, 421, 422, 424, 425, 428, 429, 435, 436, 437, 440, 441, 442, 443, 444, 445, 446, 448, 450, 451, 452, 456, 457, 459, 466, 468, 470, 472, 473, 474, 475, 476, 477, 478, 483, 484, 485, 486, 489, 490, 492, 494, 495, 497, 498, 500, 501, 502, 503, 504, 506, 508, 509, 510, 511, 512, 514, 516, 517, 519, 520, 521, 522, 523, 525, 527, 529, 531, 532, 533, 534, 536, 537, 538, 540, 541, 542, 544, 549, 550, 551, 552, 555, 556, 558, 560, 561, 562, 564, 566, 570, 571, 573, 574, 575, 576, 577, 581, 582, 583, 585, 587, 588, 589, 592, 594, 595, 598, 600, 601, 604, 605, 606, 607, 610, 611, 612, 613, 614, 615, 618, 620, 621, 622, 624, 625, 628, 630, 633, 634, 635, 636, 637, 638, 640, 641, 644, 646, 647, 648, 649, 652, 653, 654, 655, 656, 658, 660, 663, 665, 666, 669, 670, 671, 672, 674, 675, 676, 678, 680, 681, 683, 684, 686, 687, 688, 691, 692, 693, 694, 695, 696, 698, 699, 702, 703, 704, 708, 710, 714, 715, 716, 718, 719, 720, 721, 722, 723, 724, 726, 727, 728, 729, 730, 733, 734, 735, 736, 737, 738, 740, 741, 742, 743, 744, 745, 746, 749, 752, 753, 756, 757, 758, 759, 761, 762, 763, 764, 765, 769, 774, 780, 782], "y": [99.8, 99.5, 99.3, 99.0, 98.8, 98.5, 98.3, 98.0, 97.5, 97.3, 97.0, 96.8, 96.5, 96.3, 96.0, 95.8, 95.5, 95.3, 95.0, 94.8, 94.5, 94.3, 93.8, 93.3, 93.0, 92.8, 92.3, 91.8, 91.5, 91.3, 90.8, 90.5, 90.0, 89.8, 89.3, 88.8, 88.5, 88.3, 88.0, 87.8, 87.5, 87.0, 86.5, 86.3, 86.0, 85.3, 85.0, 84.0, 83.8, 83.5, 83.0, 82.8, 82.5, 82.0, 81.8, 81.3, 81.0, 80.8, 80.3, 79.5, 79.0, 78.3, 78.0, 77.8, 77.5, 77.3, 77.0, 76.8, 76.5, 76.3, 76.0, 75.5, 75.3, 75.0, 74.8, 74.5, 74.0, 73.8, 73.5, 72.8, 72.5, 72.3, 71.5, 71.3, 70.5, 70.0, 69.5, 69.3, 69.0, 68.0, 67.8, 67.3, 67.0, 66.8, 66.5, 66.3, 66.0, 65.8, 64.8, 64.3, 63.5, 63.0, 62.5, 62.0, 61.5, 60.5, 60.3, 59.8, 59.5, 59.3, 59.0, 58.8, 58.3, 58.0, 57.8, 56.8, 56.3, 55.8, 55.3, 55.0, 54.5, 54.0, 53.5, 53.0, 52.8, 52.0, 51.8, 51.5, 51.3, 51.0, 50.3, 50.0, 49.5, 49.3, 48.5, 48.0, 47.8, 47.5, 47.0, 46.5, 45.8, 45.5, 45.0, 44.8, 44.3, 44.0, 43.8, 43.5, 42.8, 42.0, 41.8, 41.3, 40.3, 39.8, 39.0, 38.3, 37.8, 37.5, 37.3, 36.0, 35.8, 35.3, 35.0, 33.8, 33.5, 33.3, 33.0, 32.5, 32.0, 31.5, 31.299999999999997, 31.0, 30.799999999999997, 30.0, 29.799999999999997, 29.5, 29.299999999999997, 29.0, 28.5, 28.299999999999997, 28.0, 27.799999999999997, 27.299999999999997, 26.799999999999997, 26.5, 26.0, 25.799999999999997, 25.5, 25.299999999999997, 25.0, 24.299999999999997, 23.799999999999997, 23.5, 23.0, 22.299999999999997, 21.5, 21.0, 20.799999999999997, 20.5, 19.5, 19.299999999999997, 19.0, 18.0, 17.799999999999997, 16.799999999999997, 16.299999999999997, 15.299999999999997, 14.299999999999997, 13.0, 12.5, 12.0, 11.0, 10.799999999999997, 9.799999999999997, 9.0, 8.5, 8.0, 7.799999999999997, 7.5, 7.299999999999997, 6.799999999999997, 6.299999999999997, 5.799999999999997, 4.799999999999997, 4.299999999999997, 3.799999999999997, 3.5, 3.0, 2.5, 2.0, 1.5, 1.2999999999999972, 1.0, 0.7999999999999972, 0.5, 0.29999999999999716, 0.0, -0.20000000000000284]}, "histogram": {"x": [315, 330, 345, 360, 375, 390, 405, 420, 435, 450, 465, 480, 495, 510, 525, 540, 555, 570, 585, 600, 615, 630, 645, 660, 675, 690, 705, 720, 735, 750, 765, 780, 795, 810], "y": [1, 3, 0, 3, 5, 3, 2, 6, 17, 8, 17, 11, 17, 13, 18, 12, 18, 15, 17, 17, 15, 17, 24, 16, 13, 17, 13, 34, 25, 19, 3, 2, 0, 0]}}