{"histogram": {"y": [2, 2, 1, 2, 1, 5, 11, 10, 18, 28, 34, 26, 28, 38, 38, 37, 35, 37, 34, 30, 33, 31, 28, 43, 30, 23, 22, 26, 24, 15, 59, 28, 10, 1, 0, 0, 0, 2, 0], "x": [270, 285, 300, 315, 330, 345, 360, 375, 390, 405, 420, 435, 450, 465, 480, 495, 510, 525, 540, 555, 570, 585, 600, 615, 630, 645, 660, 675, 690, 705, 720, 735, 750, 765, 780, 795, 810, 825, 840]}, "percentile": {"y": [99.9, 99.8, 99.7, 99.5, 99.4, 99.3, 99.2, 99.0, 98.9, 98.7, 98.5, 98.4, 98.3, 98.0, 97.6, 97.5, 97.4, 97.3, 97.1, 97.0, 96.8, 96.6, 96.5, 96.3, 96.1, 96.0, 95.9, 95.8, 95.5, 95.4, 95.2, 95.0, 94.5, 94.4, 94.0, 93.9, 93.5, 93.3, 93.2, 92.6, 92.5, 92.3, 92.1, 91.8, 91.6, 91.3, 91.1, 90.9, 90.4, 90.1, 89.9, 89.4, 89.3, 88.9, 88.5, 87.9, 87.8, 87.5, 87.2, 87.0, 86.8, 86.5, 86.1, 85.8, 85.6, 85.4, 85.0, 84.8, 84.6, 84.4, 84.1, 83.5, 82.9, 82.7, 82.5, 82.4, 82.0, 81.7, 81.3, 81.2, 80.6, 80.2, 79.8, 79.6, 79.3, 79.1, 78.8, 78.7, 78.4, 78.2, 77.9, 77.7, 76.9, 76.5, 75.9, 75.5, 75.1, 74.8, 74.1, 74.0, 73.8, 73.5, 72.7, 72.5, 72.2, 71.7, 71.5, 71.1, 70.7, 70.3, 70.0, 69.6, 69.2, 69.0, 68.7, 68.6, 68.3, 67.6, 67.3, 67.1, 66.8, 66.2, 65.7, 65.5, 65.0, 64.5, 64.0, 63.6, 63.5, 63.3, 63.0, 62.6, 62.5, 62.4, 62.0, 61.2, 60.9, 60.6, 60.5, 60.1, 59.3, 59.0, 58.8, 58.5, 58.3, 58.2, 58.1, 57.7, 57.6, 57.2, 56.7, 56.4, 55.8, 55.5, 55.4, 55.3, 54.9, 54.8, 54.3, 53.9, 53.4, 53.3, 53.1, 53.0, 52.4, 52.1, 51.9, 51.8, 51.3, 51.1, 50.9, 50.7, 50.6, 50.2, 50.0, 49.6, 49.4, 49.1, 48.7, 48.3, 47.7, 47.3, 47.0, 46.4, 46.2, 46.1, 45.6, 45.1, 44.8, 44.6, 44.4, 44.0, 43.9, 43.4, 43.2, 42.8, 42.5, 41.9, 41.6, 41.5, 41.4, 41.3, 41.0, 40.3, 40.0, 39.9, 39.6, 39.4, 39.2, 39.1, 38.9, 38.5, 38.2, 38.0, 37.7, 37.3, 37.1, 36.6, 36.5, 36.3, 36.1, 35.7, 35.099999999999994, 34.8, 34.400000000000006, 33.8, 33.3, 32.8, 32.7, 32.5, 32.0, 31.799999999999997, 31.099999999999994, 30.799999999999997, 30.5, 30.299999999999997, 29.799999999999997, 29.400000000000006, 29.0, 28.700000000000003, 28.5, 28.400000000000006, 28.0, 27.700000000000003, 27.400000000000006, 27.099999999999994, 26.599999999999994, 26.5, 26.299999999999997, 26.0, 25.799999999999997, 25.5, 25.0, 24.700000000000003, 24.599999999999994, 24.400000000000006, 24.299999999999997, 24.099999999999994, 23.900000000000006, 23.799999999999997, 23.599999999999994, 23.299999999999997, 23.200000000000003, 22.900000000000006, 22.599999999999994, 22.400000000000006, 22.0, 21.799999999999997, 21.700000000000003, 21.299999999999997, 21.200000000000003, 21.0, 20.799999999999997, 20.400000000000006, 20.200000000000003, 19.799999999999997, 19.5, 19.299999999999997, 19.0, 18.900000000000006, 18.799999999999997, 18.400000000000006, 18.299999999999997, 17.700000000000003, 17.599999999999994, 17.5, 17.099999999999994, 16.700000000000003, 16.599999999999994, 16.5, 16.200000000000003, 16.099999999999994, 15.700000000000003, 15.599999999999994, 15.299999999999997, 14.700000000000003, 14.599999999999994, 14.5, 14.200000000000003, 14.099999999999994, 14.0, 13.799999999999997, 13.599999999999994, 13.299999999999997, 13.200000000000003, 12.900000000000006, 12.700000000000003, 12.599999999999994, 12.200000000000003, 11.700000000000003, 11.299999999999997, 11.200000000000003, 10.799999999999997, 10.0, 9.900000000000006, 9.200000000000003, 8.099999999999994, 7.400000000000006, 6.599999999999994, 6.200000000000003, 5.900000000000006, 5.599999999999994, 5.099999999999994, 4.900000000000006, 4.700000000000003, 4.5, 4.299999999999997, 4.099999999999994, 3.299999999999997, 2.799999999999997, 2.5999999999999943, 2.5, 2.0999999999999943, 1.9000000000000057, 1.7999999999999972, 1.7000000000000028, 1.5999999999999943, 1.4000000000000057, 0.9000000000000057, 0.7000000000000028, 0.4000000000000057, 0.29999999999999716, 0.20000000000000284, 0.0, -0.09999999999999432], "x": [279, 283, 294, 296, 307, 318, 321, 343, 345, 350, 352, 358, 360, 363, 364, 366, 370, 372, 373, 374, 376, 378, 381, 383, 384, 386, 387, 388, 392, 395, 396, 397, 399, 401, 402, 403, 404, 405, 407, 408, 409, 410, 411, 412, 413, 414, 415, 416, 417, 418, 419, 420, 421, 422, 423, 424, 425, 426, 427, 429, 430, 431, 432, 433, 434, 435, 436, 437, 439, 443, 444, 445, 446, 447, 448, 449, 450, 451, 452, 453, 454, 455, 456, 458, 459, 460, 464, 465, 467, 468, 469, 470, 471, 472, 473, 474, 475, 476, 477, 479, 482, 483, 484, 485, 486, 487, 488, 489, 490, 491, 492, 493, 494, 495, 496, 497, 498, 500, 501, 502, 503, 504, 505, 507, 508, 509, 510, 511, 512, 513, 514, 516, 517, 518, 519, 520, 521, 522, 523, 524, 525, 526, 527, 528, 529, 530, 531, 532, 533, 534, 535, 536, 537, 538, 539, 540, 541, 542, 543, 544, 545, 546, 547, 548, 549, 550, 551, 552, 553, 554, 555, 556, 557, 559, 560, 561, 563, 564, 566, 567, 568, 569, 570, 571, 572, 573, 574, 575, 576, 577, 578, 579, 580, 582, 584, 585, 587, 588, 589, 590, 591, 592, 593, 594, 595, 596, 597, 598, 599, 600, 601, 602, 603, 604, 605, 606, 607, 610, 611, 612, 613, 614, 615, 616, 617, 618, 620, 621, 622, 623, 624, 625, 626, 627, 628, 629, 630, 631, 632, 633, 634, 637, 638, 640, 641, 642, 643, 644, 645, 646, 647, 648, 649, 650, 651, 652, 653, 655, 656, 658, 659, 660, 661, 662, 663, 664, 665, 667, 668, 669, 672, 673, 674, 675, 676, 677, 679, 680, 681, 682, 683, 684, 686, 687, 688, 689, 690, 692, 693, 694, 695, 696, 697, 698, 699, 700, 701, 702, 705, 707, 708, 709, 710, 712, 714, 715, 716, 718, 720, 721, 722, 723, 724, 725, 726, 727, 728, 729, 730, 731, 732, 733, 734, 735, 736, 737, 738, 739, 740, 741, 742, 743, 745, 746, 747, 748, 749, 753, 754, 755, 758, 762, 766, 828, 829]}}