{"percentile": {"x": [455, 463, 484, 512, 515, 528, 562, 570, 580, 587, 590, 599, 620, 634, 643, 651, 659, 690, 691, 706, 715, 724, 737, 739, 742, 745, 763], "y": [96.3, 92.6, 88.9, 85.2, 81.5, 77.8, 74.1, 70.4, 66.7, 63.0, 59.3, 55.6, 51.9, 48.2, 40.8, 37.1, 33.400000000000006, 29.700000000000003, 26.0, 22.299999999999997, 18.599999999999994, 14.900000000000006, 11.200000000000003, 7.5, 3.799999999999997, 0.0, -3.700000000000003]}, "histogram": {"x": [450, 465, 480, 495, 510, 525, 540, 555, 570, 585, 600, 615, 630, 645, 660, 675, 690, 705, 720, 735, 750, 765, 780], "y": [2, 0, 1, 0, 2, 1, 0, 1, 2, 3, 0, 1, 3, 2, 0, 0, 2, 2, 1, 4, 1, 0, 0]}}