{"histogram": {"y": [1, 2, 0, 2, 5, 5, 5, 9, 6, 12, 17, 13, 14, 13, 17, 18, 16, 23, 13, 10, 19, 12, 7, 13, 7, 22, 13, 4, 1, 1, 0, 0, 1, 0], "x": [345, 360, 375, 390, 405, 420, 435, 450, 465, 480, 495, 510, 525, 540, 555, 570, 585, 600, 615, 630, 645, 660, 675, 690, 705, 720, 735, 750, 765, 780, 795, 810, 825, 840]}, "percentile": {"y": [99.7, 99.4, 99.0, 98.7, 98.4, 98.0, 97.7, 97.4, 97.0, 96.7, 96.0, 95.4, 95.0, 94.7, 94.4, 94.0, 93.4, 93.0, 92.7, 92.4, 92.0, 91.7, 90.7, 90.4, 90.0, 89.4, 89.0, 88.7, 88.4, 88.0, 87.7, 87.4, 87.0, 86.7, 86.0, 85.7, 85.4, 85.0, 84.4, 84.0, 83.0, 82.7, 82.4, 81.7, 81.0, 80.0, 79.4, 79.0, 78.7, 78.0, 77.7, 77.0, 76.0, 75.7, 75.4, 75.0, 74.7, 74.4, 74.0, 73.4, 72.7, 72.0, 71.7, 71.4, 70.7, 70.0, 69.7, 69.0, 68.7, 68.4, 68.0, 67.4, 66.7, 66.4, 66.0, 65.7, 65.4, 65.0, 64.0, 63.7, 63.4, 62.4, 61.7, 61.4, 61.0, 60.7, 60.0, 59.7, 59.0, 58.7, 58.0, 57.0, 56.4, 56.0, 55.4, 54.7, 54.4, 54.0, 53.7, 53.0, 52.4, 51.7, 50.4, 50.0, 49.7, 49.4, 48.7, 48.4, 47.7, 47.4, 46.7, 46.0, 45.4, 44.7, 44.4, 43.4, 42.7, 42.4, 41.7, 41.0, 40.7, 40.4, 40.0, 39.7, 39.4, 38.4, 38.0, 37.0, 36.4, 36.0, 35.400000000000006, 35.0, 34.0, 33.7, 33.400000000000006, 33.0, 32.400000000000006, 32.0, 31.700000000000003, 31.400000000000006, 31.0, 30.0, 29.700000000000003, 28.700000000000003, 27.700000000000003, 27.0, 26.700000000000003, 26.0, 25.400000000000006, 25.0, 24.700000000000003, 24.0, 23.700000000000003, 23.400000000000006, 22.700000000000003, 22.400000000000006, 22.0, 21.400000000000006, 21.0, 20.700000000000003, 20.400000000000006, 19.0, 18.700000000000003, 18.400000000000006, 17.700000000000003, 17.0, 16.400000000000006, 16.0, 15.700000000000003, 15.400000000000006, 15.0, 14.700000000000003, 14.400000000000006, 14.0, 13.700000000000003, 13.400000000000006, 12.400000000000006, 12.0, 11.0, 10.700000000000003, 10.0, 9.700000000000003, 8.700000000000003, 8.400000000000006, 7.700000000000003, 7.0, 6.400000000000006, 5.700000000000003, 5.400000000000006, 5.0, 4.700000000000003, 3.4000000000000057, 3.0, 2.700000000000003, 2.4000000000000057, 2.0, 1.7000000000000028, 1.4000000000000057, 1.0, 0.7000000000000028, 0.4000000000000057, 0.0, -0.29999999999999716], "x": [356, 363, 366, 396, 398, 408, 410, 413, 414, 416, 422, 426, 427, 435, 438, 439, 442, 450, 453, 457, 458, 459, 460, 462, 469, 470, 473, 475, 479, 481, 482, 484, 486, 487, 488, 490, 491, 493, 494, 496, 497, 499, 500, 501, 503, 504, 505, 506, 507, 510, 511, 513, 514, 516, 517, 521, 522, 524, 525, 526, 527, 529, 531, 532, 533, 535, 538, 540, 541, 543, 544, 545, 546, 548, 549, 552, 553, 555, 556, 558, 560, 561, 562, 565, 566, 567, 568, 569, 570, 572, 573, 575, 576, 577, 579, 580, 581, 582, 583, 585, 587, 588, 589, 590, 591, 592, 598, 599, 600, 601, 603, 604, 605, 606, 607, 608, 610, 611, 612, 613, 614, 616, 617, 621, 624, 625, 626, 627, 628, 630, 632, 638, 639, 640, 641, 642, 645, 646, 647, 650, 651, 652, 655, 656, 657, 658, 659, 660, 661, 662, 665, 667, 669, 670, 674, 675, 679, 680, 684, 685, 687, 690, 693, 696, 698, 700, 701, 702, 705, 706, 707, 708, 710, 713, 716, 720, 721, 722, 723, 724, 725, 726, 727, 728, 729, 730, 733, 735, 737, 738, 740, 743, 744, 745, 747, 749, 753, 755, 759, 761, 771, 781, 829]}}