{"percentile": {"x": [310, 323, 333, 343, 348, 349, 359, 365, 374, 378, 389, 390, 404, 407, 409, 411, 420, 423, 425, 431, 435, 441, 445, 447, 448, 451, 455, 459, 460, 462, 470, 472, 474, 475, 476, 478, 480, 481, 486, 488, 491, 495, 499, 503, 508, 511, 512, 513, 518, 519, 520, 524, 525, 526, 528, 530, 532, 536, 538, 543, 544, 548, 549, 550, 557, 559, 562, 564, 566, 570, 571, 573, 574, 575, 582, 583, 586, 588, 589, 590, 591, 594, 596, 597, 598, 600, 602, 603, 605, 606, 609, 612, 613, 617, 620, 621, 625, 626, 628, 640, 642, 645, 647, 650, 655, 657, 658, 662, 668, 670, 671, 672, 674, 681, 682, 686, 688, 691, 695, 696, 697, 698, 699, 701, 703, 704, 705, 710, 715, 717, 720, 721, 723, 725, 727, 728, 730, 731, 734, 736, 739, 740, 741, 755, 774], "y": [99.5, 98.9, 98.3, 97.7, 97.1, 96.5, 95.3, 94.7, 94.1, 93.5, 92.4, 91.8, 91.2, 90.6, 90.0, 89.4, 88.8, 88.2, 87.6, 87.0, 86.4, 85.8, 85.3, 84.7, 84.1, 83.5, 82.9, 82.3, 81.1, 80.5, 79.9, 79.3, 78.7, 78.2, 77.6, 77.0, 75.8, 75.2, 74.6, 74.0, 73.4, 72.8, 72.2, 71.6, 71.1, 70.5, 69.9, 69.3, 68.7, 68.1, 66.3, 65.7, 64.0, 63.4, 62.8, 62.2, 61.0, 60.4, 59.8, 59.2, 58.6, 58.0, 57.4, 55.7, 55.1, 54.5, 53.9, 53.3, 52.7, 52.1, 50.9, 50.3, 49.8, 49.2, 48.0, 47.4, 46.8, 46.2, 45.6, 45.0, 44.4, 43.8, 43.2, 42.7, 42.1, 41.5, 40.3, 39.7, 39.1, 38.5, 37.9, 37.3, 36.7, 35.599999999999994, 34.400000000000006, 33.2, 32.599999999999994, 32.0, 31.400000000000006, 30.799999999999997, 30.200000000000003, 29.599999999999994, 29.0, 28.5, 27.900000000000006, 27.299999999999997, 26.700000000000003, 26.099999999999994, 24.900000000000006, 24.299999999999997, 23.700000000000003, 22.5, 21.900000000000006, 21.400000000000006, 20.799999999999997, 20.200000000000003, 19.599999999999994, 19.0, 17.799999999999997, 17.200000000000003, 16.599999999999994, 16.0, 15.400000000000006, 14.799999999999997, 14.299999999999997, 13.700000000000003, 13.099999999999994, 12.5, 11.900000000000006, 11.299999999999997, 10.099999999999994, 9.5, 7.700000000000003, 7.200000000000003, 6.599999999999994, 6.0, 4.799999999999997, 3.5999999999999943, 3.0, 2.4000000000000057, 1.7999999999999972, 1.2000000000000028, 0.5999999999999943, 0.0, -0.5]}, "histogram": {"x": [300, 315, 330, 345, 360, 375, 390, 405, 420, 435, 450, 465, 480, 495, 510, 525, 540, 555, 570, 585, 600, 615, 630, 645, 660, 675, 690, 705, 720, 735, 750, 765, 780], "y": [1, 1, 2, 4, 2, 3, 2, 3, 4, 5, 6, 6, 6, 4, 9, 10, 7, 5, 9, 9, 9, 9, 2, 6, 8, 4, 10, 4, 14, 4, 1, 1, 0]}}