{"percentile": {"x": [303, 308, 340, 391, 392, 395, 399, 406, 431, 438, 444, 445, 446, 451, 453, 459, 462, 468, 470, 485, 489, 510, 511, 514, 517, 549, 552, 555, 560, 564, 572, 608, 622, 633, 636, 650, 658, 660, 666, 675, 680, 684, 712, 727, 740, 746, 750, 759], "y": [98.3, 96.5, 94.7, 92.9, 91.1, 89.3, 87.5, 85.8, 84.0, 82.2, 80.4, 76.8, 75.0, 73.3, 71.5, 69.7, 67.9, 66.1, 64.3, 62.5, 57.2, 55.4, 53.6, 51.8, 48.3, 46.5, 44.7, 42.9, 41.1, 39.3, 37.5, 35.8, 34.0, 30.400000000000006, 28.599999999999994, 26.799999999999997, 25.0, 23.299999999999997, 19.700000000000003, 14.299999999999997, 12.5, 10.799999999999997, 9.0, 7.200000000000003, 3.5999999999999943, 1.7999999999999972, 0.0, -1.7000000000000028]}, "histogram": {"x": [300, 315, 330, 345, 360, 375, 390, 405, 420, 435, 450, 465, 480, 495, 510, 525, 540, 555, 570, 585, 600, 615, 630, 645, 660, 675, 690, 705, 720, 735, 750, 765, 780], "y": [2, 0, 1, 0, 0, 0, 4, 1, 1, 5, 4, 2, 4, 0, 5, 0, 2, 3, 1, 0, 1, 1, 3, 2, 3, 5, 0, 1, 1, 3, 2, 0, 0]}}