{"histogram": {"x": [285, 300, 315, 330, 345, 360, 375, 390, 405, 420, 435, 450, 465, 480, 495, 510, 525, 540, 555, 570, 585, 600, 615, 630, 645, 660, 675, 690, 705, 720, 735, 750, 765, 780, 795], "y": [1, 0, 0, 0, 0, 3, 2, 3, 4, 4, 2, 3, 3, 2, 3, 5, 4, 2, 5, 8, 8, 6, 5, 3, 4, 9, 6, 7, 4, 19, 8, 3, 2, 0, 0]}, "percentile": {"x": [287, 362, 369, 371, 381, 386, 392, 403, 404, 405, 408, 416, 421, 423, 427, 433, 443, 444, 450, 462, 463, 470, 473, 475, 488, 494, 496, 502, 504, 510, 514, 520, 521, 525, 528, 535, 537, 550, 552, 563, 565, 567, 568, 571, 574, 575, 576, 578, 584, 587, 589, 590, 591, 593, 594, 595, 596, 604, 605, 608, 609, 613, 615, 620, 622, 631, 640, 646, 648, 651, 658, 661, 663, 664, 670, 673, 674, 675, 679, 681, 684, 687, 690, 694, 696, 700, 703, 705, 712, 716, 717, 722, 723, 724, 726, 728, 729, 730, 732, 733, 736, 737, 743, 744, 745, 747, 748, 754, 758, 761, 769, 770], "y": [99.3, 98.6, 97.9, 97.1, 96.4, 95.7, 94.9, 94.2, 93.5, 92.8, 91.3, 90.6, 89.8, 89.1, 88.4, 87.6, 86.9, 86.2, 85.5, 84.7, 84.0, 83.3, 82.5, 81.8, 81.1, 80.3, 79.6, 78.9, 78.2, 76.7, 76.0, 75.2, 74.5, 73.8, 73.0, 72.3, 71.6, 70.9, 70.1, 69.4, 68.7, 67.9, 66.5, 65.7, 65.0, 64.3, 62.1, 61.4, 60.6, 59.9, 59.2, 58.4, 57.7, 57.0, 56.3, 55.5, 54.8, 54.1, 53.3, 51.9, 51.1, 50.4, 49.7, 47.5, 46.8, 45.3, 44.6, 43.8, 43.1, 42.4, 41.7, 40.2, 39.5, 38.0, 37.3, 36.5, 35.099999999999994, 34.400000000000006, 32.900000000000006, 32.2, 31.400000000000006, 30.700000000000003, 29.200000000000003, 27.799999999999997, 27.099999999999994, 26.299999999999997, 25.599999999999994, 24.900000000000006, 24.099999999999994, 23.400000000000006, 22.700000000000003, 21.200000000000003, 19.0, 17.599999999999994, 16.099999999999994, 13.900000000000006, 12.5, 10.299999999999997, 9.5, 8.799999999999997, 7.299999999999997, 6.599999999999994, 5.900000000000006, 5.200000000000003, 4.400000000000006, 3.700000000000003, 3.0, 2.200000000000003, 1.5, 0.7999999999999972, 0.0, -0.7000000000000028]}}