{"percentile": {"y": [98.8, 97.6, 96.4, 95.2, 94.0, 92.8, 91.6, 90.4, 89.2, 88.0, 86.8, 85.6, 84.4, 83.2, 82.0, 80.8, 79.6, 78.4, 77.2, 76.0, 73.5, 71.1, 69.9, 68.7, 67.5, 66.3, 65.1, 63.9, 62.7, 61.5, 60.3, 59.1, 57.9, 56.7, 55.5, 54.3, 51.9, 50.7, 48.2, 47.0, 45.8, 44.6, 43.4, 42.2, 39.8, 38.6, 37.4, 36.2, 35.0, 33.8, 32.599999999999994, 31.400000000000006, 30.200000000000003, 29.0, 27.799999999999997, 26.599999999999994, 25.400000000000006, 22.900000000000006, 20.5, 19.299999999999997, 18.099999999999994, 16.900000000000006, 15.700000000000003, 14.5, 13.299999999999997, 12.099999999999994, 10.900000000000006, 8.5, 7.299999999999997, 6.099999999999994, 4.900000000000006, 3.700000000000003, 0.0, -1.2000000000000028], "x": [390, 417, 420, 422, 425, 426, 443, 446, 454, 455, 464, 466, 467, 470, 473, 485, 493, 509, 514, 518, 520, 521, 522, 525, 526, 527, 532, 533, 535, 538, 540, 558, 564, 570, 573, 574, 576, 579, 582, 585, 598, 604, 609, 610, 612, 613, 614, 616, 624, 626, 631, 634, 643, 645, 647, 652, 661, 666, 670, 678, 683, 690, 696, 701, 716, 721, 723, 730, 738, 739, 742, 743, 746, 762]}, "histogram": {"y": [1, 1, 4, 2, 3, 4, 2, 1, 7, 7, 1, 2, 8, 2, 7, 3, 3, 3, 5, 2, 3, 1, 4, 7, 1, 0, 0], "x": [390, 405, 420, 435, 450, 465, 480, 495, 510, 525, 540, 555, 570, 585, 600, 615, 630, 645, 660, 675, 690, 705, 720, 735, 750, 765, 780]}}