{"histogram": {"x": [330, 345, 360, 375, 390, 405, 420, 435, 450, 465, 480, 495, 510, 525, 540, 555, 570, 585, 600, 615, 630, 645, 660, 675, 690, 705, 720, 735, 750, 765, 780, 795], "y": [1, 0, 1, 1, 1, 1, 4, 4, 3, 1, 10, 9, 3, 11, 10, 5, 9, 5, 9, 7, 6, 4, 9, 9, 4, 3, 16, 3, 1, 1, 0, 0]}, "percentile": {"x": [337, 366, 389, 398, 414, 424, 426, 427, 432, 436, 437, 448, 459, 462, 463, 479, 480, 485, 487, 488, 489, 493, 495, 499, 501, 503, 504, 507, 508, 517, 519, 521, 525, 526, 527, 528, 530, 531, 533, 534, 535, 540, 542, 544, 546, 549, 550, 551, 553, 555, 562, 564, 567, 569, 570, 572, 573, 576, 577, 581, 583, 584, 587, 590, 591, 596, 597, 600, 601, 603, 607, 608, 610, 611, 615, 619, 624, 625, 627, 628, 629, 630, 632, 633, 634, 641, 642, 646, 650, 653, 660, 662, 663, 664, 667, 670, 671, 672, 675, 679, 680, 683, 685, 687, 688, 690, 691, 692, 695, 710, 714, 716, 720, 722, 723, 725, 726, 727, 728, 731, 734, 736, 740, 748, 758, 773], "y": [99.4, 98.7, 98.0, 97.4, 96.7, 96.0, 95.4, 94.7, 94.0, 93.4, 92.7, 91.4, 90.7, 90.0, 89.4, 88.7, 87.4, 86.7, 84.7, 83.4, 82.7, 82.0, 81.4, 80.0, 79.4, 78.7, 77.4, 76.7, 76.0, 75.4, 74.7, 74.0, 73.4, 72.7, 72.0, 71.4, 70.0, 69.4, 68.0, 67.4, 66.7, 65.4, 64.0, 63.4, 62.7, 62.0, 61.4, 60.7, 60.0, 59.4, 58.7, 58.0, 57.4, 56.7, 55.4, 54.7, 54.0, 53.4, 52.7, 52.0, 51.4, 50.7, 50.0, 49.4, 48.7, 48.0, 47.4, 46.7, 45.4, 44.7, 44.0, 43.4, 42.7, 41.4, 40.7, 40.0, 39.4, 38.7, 38.0, 37.4, 36.7, 36.0, 35.400000000000006, 34.7, 34.0, 33.400000000000006, 32.7, 32.0, 30.700000000000003, 30.0, 29.400000000000006, 28.700000000000003, 28.0, 27.400000000000006, 26.700000000000003, 26.0, 24.700000000000003, 24.0, 22.0, 21.400000000000006, 20.700000000000003, 20.0, 19.400000000000006, 18.700000000000003, 18.0, 17.400000000000006, 16.700000000000003, 16.0, 15.400000000000006, 14.700000000000003, 14.0, 13.400000000000006, 11.400000000000006, 10.0, 8.700000000000003, 8.0, 6.700000000000003, 5.400000000000006, 4.700000000000003, 4.0, 2.700000000000003, 2.0, 1.4000000000000057, 0.7000000000000028, 0.0, -0.5999999999999943]}}