{"percentile": {"y": [99.8, 99.5, 99.2, 98.9, 98.6, 98.3, 98.0, 97.7, 97.4, 96.8, 96.5, 96.2, 95.9, 95.0, 94.7, 94.4, 94.1, 93.8, 93.2, 92.6, 92.3, 92.0, 91.7, 91.1, 90.8, 90.2, 89.9, 89.3, 89.0, 88.7, 88.4, 87.8, 87.2, 86.6, 86.3, 86.0, 85.7, 85.1, 84.8, 84.5, 83.9, 83.3, 82.4, 82.1, 81.8, 81.5, 81.2, 80.6, 80.3, 80.0, 79.7, 79.4, 78.8, 78.5, 77.9, 77.3, 76.7, 76.4, 76.1, 75.8, 75.2, 74.6, 74.0, 73.4, 72.8, 72.5, 71.9, 71.6, 71.3, 70.7, 70.4, 70.1, 69.5, 68.9, 68.3, 68.0, 67.4, 67.1, 66.8, 66.5, 66.2, 65.6, 65.3, 64.4, 64.1, 63.8, 63.5, 62.9, 62.6, 62.0, 61.4, 61.1, 60.5, 60.2, 59.3, 58.7, 58.4, 58.1, 57.8, 56.9, 56.6, 56.0, 55.7, 55.4, 55.1, 54.5, 54.2, 53.9, 53.3, 53.0, 52.4, 52.1, 51.8, 51.2, 50.3, 50.0, 49.8, 49.5, 49.2, 48.6, 48.0, 47.7, 47.4, 46.5, 46.2, 45.3, 45.0, 44.4, 44.1, 43.5, 43.2, 42.6, 41.7, 41.1, 40.8, 40.5, 40.2, 39.9, 39.6, 39.3, 38.7, 38.1, 37.8, 37.2, 36.9, 36.3, 35.7, 35.099999999999994, 34.8, 34.2, 33.900000000000006, 33.599999999999994, 33.0, 32.7, 32.400000000000006, 31.799999999999997, 31.5, 30.599999999999994, 30.299999999999997, 30.0, 29.099999999999994, 28.799999999999997, 28.200000000000003, 27.900000000000006, 27.599999999999994, 27.299999999999997, 27.0, 26.700000000000003, 26.400000000000006, 25.799999999999997, 25.200000000000003, 24.900000000000006, 24.599999999999994, 24.299999999999997, 23.099999999999994, 22.200000000000003, 21.900000000000006, 21.299999999999997, 21.0, 20.700000000000003, 20.400000000000006, 20.099999999999994, 19.5, 19.200000000000003, 18.599999999999994, 18.299999999999997, 18.0, 17.700000000000003, 17.400000000000006, 17.099999999999994, 16.799999999999997, 16.5, 15.900000000000006, 15.599999999999994, 15.0, 14.700000000000003, 14.400000000000006, 14.099999999999994, 13.799999999999997, 12.299999999999997, 12.0, 11.400000000000006, 10.5, 10.200000000000003, 9.0, 7.799999999999997, 7.200000000000003, 6.599999999999994, 5.400000000000006, 5.099999999999994, 4.5, 3.9000000000000057, 3.5999999999999943, 2.700000000000003, 2.0999999999999943, 1.7999999999999972, 1.5, 1.2000000000000028, 0.9000000000000057, 0.5999999999999943, 0.29999999999999716, 0.0, -0.20000000000000284], "x": [279, 298, 316, 322, 340, 354, 364, 365, 380, 384, 389, 390, 396, 398, 399, 400, 401, 408, 409, 413, 415, 417, 420, 424, 429, 431, 432, 435, 436, 437, 438, 440, 442, 444, 445, 446, 447, 448, 449, 450, 451, 455, 458, 459, 460, 462, 464, 465, 466, 467, 470, 472, 477, 479, 481, 484, 485, 486, 488, 489, 490, 491, 493, 495, 496, 497, 498, 499, 500, 501, 502, 506, 507, 509, 511, 513, 515, 516, 517, 519, 522, 523, 525, 526, 527, 528, 529, 530, 531, 532, 533, 534, 535, 537, 538, 539, 541, 542, 543, 544, 545, 546, 548, 550, 554, 555, 556, 558, 560, 561, 563, 564, 565, 566, 568, 569, 570, 571, 572, 573, 574, 575, 576, 577, 579, 580, 581, 582, 583, 585, 587, 588, 591, 592, 593, 594, 595, 596, 598, 599, 601, 602, 603, 607, 609, 611, 612, 615, 617, 620, 621, 622, 623, 624, 629, 630, 631, 632, 638, 639, 640, 642, 643, 648, 649, 650, 652, 655, 656, 658, 659, 660, 662, 664, 670, 671, 672, 673, 675, 676, 677, 680, 684, 688, 689, 690, 691, 693, 694, 695, 700, 704, 705, 707, 708, 712, 717, 719, 721, 722, 723, 724, 725, 728, 729, 730, 737, 739, 740, 743, 744, 745, 746, 748, 750, 753, 754, 756, 757, 758, 759, 766, 778]}, "histogram": {"y": [1, 1, 0, 2, 1, 1, 2, 4, 8, 7, 7, 17, 12, 9, 15, 17, 11, 23, 12, 17, 20, 16, 12, 11, 14, 10, 13, 9, 7, 8, 21, 17, 8, 2, 0, 0], "x": [270, 285, 300, 315, 330, 345, 360, 375, 390, 405, 420, 435, 450, 465, 480, 495, 510, 525, 540, 555, 570, 585, 600, 615, 630, 645, 660, 675, 690, 705, 720, 735, 750, 765, 780, 795]}}