{"histogram": {"y": [1, 0, 0, 3, 0, 1, 1, 1, 2, 1, 0, 3, 3, 3, 0, 1, 1, 3, 2, 1, 3, 0, 1, 2, 0, 1, 1, 0, 2, 0, 0], "x": [300, 315, 330, 345, 360, 375, 390, 405, 420, 435, 450, 465, 480, 495, 510, 525, 540, 555, 570, 585, 600, 615, 630, 645, 660, 675, 690, 705, 720, 735, 750]}, "percentile": {"y": [97.3, 91.7, 88.9, 86.2, 83.4, 80.6, 77.8, 75.0, 72.3, 69.5, 63.9, 61.2, 58.4, 55.6, 50.0, 47.3, 44.5, 41.7, 38.9, 36.2, 33.400000000000006, 30.599999999999994, 27.799999999999997, 25.0, 22.299999999999997, 19.5, 16.700000000000003, 13.900000000000006, 11.200000000000003, 8.400000000000006, 5.599999999999994, 2.799999999999997, 0.0, -2.700000000000003], "x": [308, 355, 358, 383, 401, 415, 420, 430, 438, 471, 479, 480, 486, 490, 495, 505, 537, 546, 558, 562, 564, 580, 583, 587, 602, 603, 604, 631, 650, 652, 688, 695, 731, 732]}}