{"histogram": {"x": [405, 420, 435, 450, 465, 480, 495, 510, 525, 540, 555, 570, 585, 600, 615, 630, 645, 660, 675, 690, 705, 720, 735, 750, 765, 780, 795], "y": [2, 0, 1, 1, 2, 0, 3, 0, 3, 2, 4, 2, 3, 1, 3, 8, 0, 0, 11, 2, 2, 11, 6, 2, 1, 0, 0]}, "percentile": {"x": [414, 416, 444, 464, 466, 467, 503, 507, 527, 528, 529, 540, 548, 564, 567, 568, 569, 576, 580, 592, 596, 598, 607, 619, 623, 624, 630, 631, 633, 634, 635, 637, 640, 644, 675, 677, 679, 680, 681, 682, 686, 687, 689, 702, 704, 710, 717, 720, 722, 723, 725, 726, 727, 728, 729, 730, 740, 741, 744, 746, 748, 749, 755, 758, 774], "y": [98.6, 97.2, 95.7, 94.3, 92.8, 91.4, 88.5, 87.0, 85.6, 84.1, 82.7, 81.2, 79.8, 78.3, 76.9, 75.4, 74.0, 72.5, 71.1, 69.6, 68.2, 66.7, 65.3, 63.8, 62.4, 60.9, 59.5, 58.0, 56.6, 55.1, 53.7, 52.2, 50.8, 49.3, 47.9, 46.4, 45.0, 43.5, 42.1, 40.6, 36.3, 34.8, 33.400000000000006, 31.900000000000006, 30.5, 29.0, 27.599999999999994, 26.099999999999994, 24.700000000000003, 23.200000000000003, 21.799999999999997, 18.900000000000006, 17.400000000000006, 16.0, 13.099999999999994, 11.599999999999994, 10.200000000000003, 8.700000000000003, 7.299999999999997, 5.799999999999997, 4.400000000000006, 2.9000000000000057, 1.5, 0.0, -1.4000000000000057]}}