{"percentile": {"x": [368, 389, 391, 402, 406, 415, 420, 425, 427, 434, 447, 449, 453, 463, 470, 474, 475, 480, 481, 484, 487, 489, 497, 500, 504, 506, 509, 510, 514, 515, 516, 517, 518, 519, 522, 523, 524, 526, 527, 528, 530, 532, 534, 535, 536, 537, 538, 539, 541, 543, 545, 546, 550, 551, 553, 555, 566, 569, 571, 574, 575, 576, 577, 578, 579, 581, 582, 583, 585, 590, 593, 594, 595, 597, 598, 599, 600, 601, 603, 606, 607, 610, 612, 614, 623, 624, 625, 626, 633, 637, 640, 641, 645, 646, 650, 657, 659, 660, 667, 671, 676, 680, 682, 683, 685, 687, 692, 694, 698, 699, 708, 715, 717, 718, 721, 722, 723, 725, 726, 727, 728, 730, 733, 734, 735, 736, 737, 738, 739, 740, 748, 751, 752, 753, 758, 829], "y": [99.5, 98.9, 98.3, 97.7, 97.1, 96.6, 96.0, 95.4, 93.7, 92.5, 91.9, 90.7, 90.2, 89.6, 89.0, 87.8, 86.7, 86.1, 85.5, 84.9, 84.4, 83.8, 82.6, 82.0, 81.4, 80.3, 79.7, 79.1, 78.5, 78.0, 77.4, 76.2, 75.6, 75.0, 74.5, 73.9, 73.3, 72.7, 72.1, 71.0, 70.4, 69.8, 68.7, 68.1, 67.5, 66.9, 66.3, 65.7, 65.2, 64.6, 64.0, 63.4, 62.8, 61.7, 59.9, 59.4, 58.8, 58.2, 57.6, 57.0, 56.4, 55.3, 54.7, 54.1, 53.5, 53.0, 52.4, 51.8, 51.2, 50.6, 50.0, 49.5, 48.9, 48.3, 47.7, 47.1, 46.6, 46.0, 45.4, 44.8, 44.2, 43.7, 43.1, 41.9, 41.3, 40.7, 40.2, 39.6, 37.3, 36.1, 34.900000000000006, 34.400000000000006, 33.8, 33.2, 32.599999999999994, 31.400000000000006, 30.299999999999997, 29.700000000000003, 29.099999999999994, 28.5, 28.0, 27.400000000000006, 26.799999999999997, 26.200000000000003, 25.0, 24.5, 23.900000000000006, 23.299999999999997, 22.700000000000003, 22.099999999999994, 21.599999999999994, 21.0, 20.400000000000006, 19.799999999999997, 18.099999999999994, 17.5, 16.299999999999997, 15.700000000000003, 15.200000000000003, 14.599999999999994, 12.299999999999997, 11.099999999999994, 10.5, 9.400000000000006, 8.200000000000003, 7.599999999999994, 7.0, 6.400000000000006, 5.900000000000006, 3.5, 2.4000000000000057, 1.7999999999999972, 1.2000000000000028, 0.5999999999999943, 0.0, -0.5]}, "histogram": {"x": [360, 375, 390, 405, 420, 435, 450, 465, 480, 495, 510, 525, 540, 555, 570, 585, 600, 615, 630, 645, 660, 675, 690, 705, 720, 735, 750, 765, 780, 795, 810, 825, 840], "y": [1, 1, 2, 2, 7, 3, 2, 5, 5, 7, 11, 13, 10, 3, 11, 8, 9, 4, 9, 7, 3, 7, 4, 4, 18, 12, 4, 0, 0, 0, 0, 1, 0]}}