{"histogram": {"y": [1, 0, 0, 0, 0, 0, 0, 2, 3, 3, 3, 4, 4, 4, 3, 4, 5, 7, 7, 5, 9, 7, 3, 1, 5, 1, 2, 5, 3, 2, 3, 0], "x": [300, 315, 330, 345, 360, 375, 390, 405, 420, 435, 450, 465, 480, 495, 510, 525, 540, 555, 570, 585, 600, 615, 630, 645, 660, 675, 690, 705, 720, 735, 750, 765]}, "percentile": {"y": [99.0, 97.9, 96.9, 95.8, 94.8, 93.7, 90.6, 89.5, 88.5, 87.4, 86.4, 85.3, 84.3, 83.2, 82.2, 80.0, 79.0, 77.9, 76.9, 75.8, 74.8, 73.7, 72.7, 71.6, 69.5, 68.5, 67.4, 65.3, 64.3, 62.2, 61.1, 59.0, 57.9, 55.8, 54.8, 52.7, 49.5, 48.5, 47.4, 46.4, 45.3, 43.2, 42.2, 40.0, 39.0, 37.9, 34.8, 32.7, 31.599999999999994, 29.5, 28.5, 27.400000000000006, 26.400000000000006, 25.299999999999997, 24.299999999999997, 23.200000000000003, 22.200000000000003, 21.099999999999994, 20.0, 19.0, 17.900000000000006, 16.900000000000006, 15.799999999999997, 14.799999999999997, 13.700000000000003, 12.700000000000003, 11.599999999999994, 9.5, 8.5, 7.400000000000006, 6.400000000000006, 5.299999999999997, 4.299999999999997, 3.200000000000003, 2.200000000000003, 1.0999999999999943, 0.0, -1.0], "x": [308, 410, 413, 428, 431, 434, 437, 455, 459, 464, 469, 470, 473, 478, 487, 492, 494, 502, 504, 506, 509, 511, 515, 517, 525, 533, 534, 543, 549, 551, 556, 559, 560, 562, 564, 570, 576, 582, 583, 585, 590, 592, 596, 601, 604, 605, 606, 613, 615, 617, 618, 623, 624, 625, 633, 638, 640, 647, 660, 663, 664, 670, 672, 677, 691, 695, 708, 710, 712, 713, 723, 724, 734, 737, 741, 750, 751, 753]}}