{"histogram": {"x": [315, 330, 345, 360, 375, 390, 405, 420, 435, 450, 465, 480, 495, 510, 525, 540, 555, 570, 585, 600, 615, 630, 645, 660, 675, 690, 705, 720, 735, 750, 765, 780], "y": [1, 0, 1, 0, 1, 5, 3, 7, 0, 4, 7, 10, 8, 6, 7, 12, 13, 9, 12, 13, 5, 11, 19, 5, 2, 5, 4, 9, 8, 4, 1, 0]}, "percentile": {"x": [319, 357, 389, 393, 394, 396, 400, 402, 415, 416, 417, 423, 424, 429, 430, 433, 434, 451, 454, 455, 459, 466, 467, 468, 471, 473, 476, 480, 481, 483, 488, 489, 493, 494, 500, 501, 504, 505, 506, 508, 509, 510, 515, 517, 519, 524, 525, 526, 528, 529, 532, 539, 540, 541, 543, 544, 547, 549, 551, 555, 557, 558, 560, 561, 562, 563, 564, 566, 567, 570, 571, 575, 579, 580, 581, 584, 585, 588, 589, 591, 593, 594, 595, 596, 599, 602, 604, 605, 608, 611, 613, 614, 617, 619, 620, 629, 634, 635, 637, 638, 639, 640, 641, 642, 643, 644, 645, 647, 649, 650, 652, 653, 654, 655, 656, 657, 658, 660, 670, 671, 673, 677, 683, 690, 695, 698, 699, 701, 707, 712, 714, 715, 720, 721, 724, 725, 727, 730, 734, 736, 737, 738, 739, 743, 744, 745, 757, 760, 762, 763, 765], "y": [99.5, 99.0, 98.5, 98.0, 97.4, 96.9, 96.4, 95.9, 95.3, 94.8, 94.3, 93.8, 93.2, 92.2, 91.7, 91.1, 90.6, 90.1, 89.6, 89.1, 88.5, 88.0, 87.5, 86.4, 85.9, 85.4, 84.9, 84.3, 83.3, 82.2, 81.2, 80.7, 80.2, 79.6, 78.6, 78.1, 77.5, 77.0, 76.5, 76.0, 75.4, 74.4, 73.9, 73.3, 72.8, 72.3, 71.8, 70.7, 70.2, 69.7, 69.2, 68.6, 67.1, 66.5, 66.0, 65.0, 63.9, 63.4, 62.4, 61.8, 61.3, 60.8, 59.7, 59.2, 58.7, 58.2, 56.6, 56.1, 55.5, 54.5, 54.0, 52.9, 52.4, 51.9, 51.4, 50.8, 50.3, 49.8, 49.3, 48.2, 47.2, 46.6, 46.1, 45.6, 44.6, 43.5, 42.5, 41.4, 40.4, 39.3, 38.3, 37.7, 36.7, 36.2, 35.7, 35.099999999999994, 34.599999999999994, 34.099999999999994, 33.599999999999994, 33.0, 32.0, 31.5, 30.900000000000006, 30.400000000000006, 29.900000000000006, 29.400000000000006, 28.799999999999997, 27.799999999999997, 26.799999999999997, 25.200000000000003, 24.700000000000003, 24.099999999999994, 23.599999999999994, 23.099999999999994, 21.5, 21.0, 19.400000000000006, 18.900000000000006, 17.900000000000006, 17.299999999999997, 16.799999999999997, 16.299999999999997, 15.799999999999997, 15.200000000000003, 14.700000000000003, 14.200000000000003, 13.700000000000003, 13.099999999999994, 12.599999999999994, 12.099999999999994, 11.599999999999994, 11.0, 10.0, 9.0, 8.400000000000006, 7.900000000000006, 7.400000000000006, 6.900000000000006, 6.299999999999997, 5.799999999999997, 5.299999999999997, 4.799999999999997, 4.200000000000003, 3.200000000000003, 2.700000000000003, 2.0999999999999943, 1.5999999999999943, 1.0999999999999943, 0.5999999999999943, 0.0, -0.5]}}