{"histogram": {"y": [1, 1, 0, 1, 0, 1, 0, 0], "x": [585, 600, 615, 630, 645, 660, 675, 690]}, "percentile": {"y": [66.7, 33.400000000000006, 0.0, -33.30000000000001], "x": [587, 613, 636, 673]}}