{"percentile": {"y": [99.8, 99.6, 99.3, 99.1, 98.8, 98.6, 98.3, 98.1, 97.6, 97.3, 97.1, 96.8, 96.6, 96.3, 96.1, 95.8, 95.6, 95.3, 95.1, 94.8, 94.6, 94.3, 93.8, 93.3, 93.1, 92.8, 92.3, 91.8, 91.6, 91.3, 90.8, 90.6, 90.1, 89.8, 89.3, 88.8, 88.6, 88.3, 88.1, 87.8, 87.6, 87.1, 86.6, 86.3, 86.1, 85.3, 85.1, 84.1, 83.8, 83.6, 83.1, 82.8, 82.6, 82.1, 81.8, 81.3, 81.1, 80.8, 80.3, 79.6, 79.1, 78.4, 78.1, 77.9, 77.6, 77.4, 77.1, 76.9, 76.6, 76.4, 76.1, 75.6, 75.4, 75.1, 74.9, 74.6, 74.1, 73.9, 73.6, 72.9, 72.6, 72.4, 71.6, 71.4, 70.6, 70.1, 69.6, 69.4, 69.1, 68.1, 67.9, 67.4, 67.1, 66.9, 66.6, 66.4, 66.1, 65.9, 64.9, 64.4, 63.6, 63.1, 62.6, 62.1, 61.6, 60.6, 60.4, 59.9, 59.7, 59.4, 59.2, 58.9, 58.4, 58.2, 57.9, 56.9, 56.4, 55.9, 55.4, 55.2, 54.7, 54.2, 53.7, 53.2, 52.9, 52.2, 51.9, 51.7, 51.4, 51.2, 50.4, 50.2, 49.7, 49.4, 48.7, 48.2, 47.9, 47.7, 47.2, 46.7, 45.9, 45.7, 45.2, 44.9, 44.4, 44.2, 43.9, 43.7, 42.9, 42.2, 41.9, 41.4, 40.4, 40.0, 39.2, 38.5, 38.0, 37.7, 37.5, 36.2, 36.0, 35.5, 35.2, 34.0, 33.7, 33.5, 33.2, 32.7, 32.2, 31.700000000000003, 31.5, 31.200000000000003, 31.0, 30.200000000000003, 30.0, 29.700000000000003, 29.5, 29.200000000000003, 28.700000000000003, 28.5, 28.200000000000003, 28.0, 27.5, 27.0, 26.700000000000003, 26.200000000000003, 26.0, 25.700000000000003, 25.5, 25.200000000000003, 24.5, 24.0, 23.700000000000003, 23.200000000000003, 22.5, 21.700000000000003, 21.200000000000003, 21.0, 20.700000000000003, 19.799999999999997, 19.5, 19.299999999999997, 18.299999999999997, 18.0, 17.0, 16.299999999999997, 15.299999999999997, 14.299999999999997, 13.0, 12.5, 12.0, 11.0, 10.799999999999997, 9.799999999999997, 9.0, 8.5, 8.0, 7.799999999999997, 7.5, 7.299999999999997, 6.799999999999997, 6.299999999999997, 5.799999999999997, 4.799999999999997, 4.299999999999997, 3.799999999999997, 3.5, 3.0, 2.5, 2.0, 1.5, 1.2999999999999972, 1.0, 0.7999999999999972, 0.5, 0.29999999999999716, 0.0, -0.20000000000000284], "x": [316, 330, 331, 340, 363, 365, 366, 377, 380, 384, 385, 394, 400, 403, 410, 418, 421, 422, 424, 425, 428, 429, 435, 436, 437, 440, 441, 442, 443, 444, 445, 446, 448, 450, 451, 452, 456, 457, 459, 466, 468, 470, 472, 473, 474, 475, 476, 477, 478, 483, 484, 485, 486, 489, 490, 492, 494, 495, 497, 498, 500, 501, 502, 503, 504, 506, 508, 509, 510, 511, 512, 514, 516, 517, 519, 520, 521, 522, 523, 525, 527, 529, 531, 532, 533, 534, 536, 537, 538, 540, 541, 542, 544, 549, 550, 551, 552, 555, 556, 558, 560, 561, 562, 564, 566, 570, 571, 573, 574, 575, 576, 577, 581, 582, 583, 585, 587, 588, 589, 592, 594, 595, 598, 600, 601, 604, 605, 606, 607, 610, 611, 612, 613, 614, 615, 618, 620, 621, 622, 624, 625, 628, 630, 633, 634, 635, 636, 637, 638, 640, 641, 644, 646, 647, 648, 649, 652, 653, 654, 655, 656, 658, 660, 663, 665, 666, 669, 670, 671, 672, 674, 675, 676, 678, 680, 681, 683, 684, 686, 687, 688, 691, 692, 693, 694, 695, 696, 698, 699, 702, 703, 704, 708, 710, 714, 715, 716, 718, 719, 720, 721, 722, 723, 724, 726, 727, 728, 729, 730, 733, 734, 735, 736, 737, 738, 740, 741, 742, 743, 744, 745, 746, 749, 752, 753, 756, 757, 758, 759, 761, 762, 763, 764, 765, 769, 774, 780, 782]}, "histogram": {"y": [1, 3, 0, 3, 5, 3, 2, 6, 17, 8, 17, 11, 17, 13, 18, 12, 18, 15, 17, 17, 15, 17, 24, 16, 13, 17, 13, 35, 25, 19, 3, 2, 0, 0], "x": [315, 330, 345, 360, 375, 390, 405, 420, 435, 450, 465, 480, 495, 510, 525, 540, 555, 570, 585, 600, 615, 630, 645, 660, 675, 690, 705, 720, 735, 750, 765, 780, 795, 810]}}