{"percentile": {"x": [308, 324, 332, 339, 361, 369, 372, 376, 377, 380, 381, 389, 390, 393, 395, 409, 412, 416, 417, 419, 421, 422, 424, 425, 426, 427, 430, 431, 432, 436, 438, 439, 441, 442, 444, 447, 453, 454, 455, 457, 458, 460, 465, 467, 468, 469, 470, 471, 473, 474, 480, 483, 487, 490, 492, 493, 495, 496, 497, 503, 506, 507, 509, 510, 518, 520, 522, 523, 524, 525, 527, 529, 533, 534, 537, 538, 540, 547, 548, 550, 551, 552, 555, 556, 557, 564, 568, 570, 572, 575, 577, 581, 582, 584, 587, 589, 592, 595, 596, 597, 600, 601, 607, 610, 611, 613, 615, 621, 623, 628, 636, 637, 640, 645, 651, 653, 655, 657, 658, 660, 664, 665, 668, 669, 670, 677, 679, 684, 686, 687, 688, 690, 691, 696, 698, 699, 700, 701, 703, 712, 714, 716, 720, 723, 725, 726, 728, 730, 740, 749, 763, 821], "y": [99.5, 99.0, 98.5, 97.9, 97.4, 95.8, 95.3, 94.8, 94.2, 93.7, 93.2, 92.6, 91.1, 90.5, 90.0, 89.5, 88.9, 88.4, 87.9, 86.3, 85.8, 85.2, 84.2, 83.6, 83.1, 82.6, 82.1, 81.0, 80.5, 79.4, 78.9, 78.4, 77.8, 77.3, 76.8, 76.2, 75.7, 75.2, 74.7, 74.1, 72.5, 72.0, 70.9, 70.4, 69.9, 69.4, 68.8, 68.3, 67.8, 67.2, 66.7, 66.2, 65.7, 65.1, 64.1, 63.5, 62.5, 62.0, 61.4, 60.9, 60.4, 59.8, 59.3, 57.7, 57.2, 55.6, 55.1, 54.5, 54.0, 53.5, 52.4, 51.9, 50.8, 49.8, 49.3, 48.7, 48.2, 47.1, 46.6, 45.6, 45.0, 44.5, 44.0, 43.4, 42.9, 42.4, 41.8, 41.3, 40.8, 40.3, 39.7, 39.2, 38.1, 37.6, 37.1, 36.6, 36.0, 35.0, 34.400000000000006, 33.400000000000006, 32.900000000000006, 31.799999999999997, 31.299999999999997, 30.200000000000003, 29.700000000000003, 29.200000000000003, 28.599999999999994, 28.099999999999994, 27.599999999999994, 27.0, 26.5, 25.400000000000006, 24.900000000000006, 24.400000000000006, 23.900000000000006, 23.299999999999997, 22.299999999999997, 21.700000000000003, 21.200000000000003, 20.700000000000003, 20.200000000000003, 18.599999999999994, 18.0, 17.0, 16.5, 15.900000000000006, 15.400000000000006, 14.900000000000006, 14.299999999999997, 13.799999999999997, 12.700000000000003, 12.200000000000003, 11.700000000000003, 11.200000000000003, 10.599999999999994, 10.099999999999994, 9.0, 8.5, 8.0, 7.5, 6.900000000000006, 6.400000000000006, 5.299999999999997, 4.799999999999997, 3.799999999999997, 3.200000000000003, 2.200000000000003, 1.5999999999999943, 1.0999999999999943, 0.5999999999999943, 0.0, -0.5]}, "histogram": {"x": [300, 315, 330, 345, 360, 375, 390, 405, 420, 435, 450, 465, 480, 495, 510, 525, 540, 555, 570, 585, 600, 615, 630, 645, 660, 675, 690, 705, 720, 735, 750, 765, 780, 795, 810, 825, 840], "y": [1, 1, 2, 0, 5, 5, 5, 7, 11, 8, 8, 9, 7, 8, 10, 10, 8, 5, 8, 8, 8, 4, 4, 7, 9, 7, 9, 3, 9, 2, 1, 0, 0, 0, 1, 0, 0]}}