{"histogram": {"y": [1, 4, 6, 12, 13, 13, 17, 27, 34, 27, 46, 50, 55, 60, 74, 48, 62, 69, 53, 57, 67, 62, 66, 68, 61, 49, 40, 38, 53, 108, 70, 17, 6, 0, 2, 1, 2, 0], "x": [285, 300, 315, 330, 345, 360, 375, 390, 405, 420, 435, 450, 465, 480, 495, 510, 525, 540, 555, 570, 585, 600, 615, 630, 645, 660, 675, 690, 705, 720, 735, 750, 765, 780, 795, 810, 825, 840]}, "percentile": {"y": [100.0, 99.9, 99.8, 99.8, 99.7, 99.6, 99.5, 99.4, 99.4, 99.3, 99.2, 99.1, 99.0, 98.9, 98.8, 98.7, 98.7, 98.5, 98.4, 98.4, 98.3, 98.2, 98.2, 98.1, 98.0, 98.0, 97.8, 97.7, 97.5, 97.5, 97.3, 97.2, 97.1, 97.0, 96.9, 96.8, 96.7, 96.6, 96.4, 96.3, 96.2, 96.2, 96.1, 96.0, 95.9, 95.9, 95.7, 95.5, 95.4, 95.0, 94.8, 94.8, 94.6, 94.4, 94.3, 94.2, 94.1, 93.9, 93.9, 93.8, 93.6, 93.6, 93.4, 93.2, 93.1, 93.0, 92.7, 92.6, 92.4, 92.3, 92.1, 92.0, 91.8, 91.6, 91.4, 91.2, 91.1, 91.1, 90.9, 90.8, 90.7, 90.4, 90.4, 90.2, 90.1, 90.0, 89.8, 89.8, 89.5, 89.3, 89.2, 88.9, 88.7, 88.4, 88.3, 88.1, 87.9, 87.9, 87.7, 87.5, 87.0, 87.0, 86.6, 86.3, 86.1, 85.9, 85.5, 85.4, 85.4, 84.9, 84.6, 84.3, 84.3, 84.0, 83.8, 83.5, 83.3, 82.9, 82.7, 82.7, 82.4, 81.8, 81.7, 81.3, 81.1, 80.8, 80.5, 80.0, 79.9, 79.7, 79.5, 79.2, 79.0, 78.9, 78.8, 78.5, 78.3, 78.1, 77.8, 77.6, 77.3, 77.1, 76.7, 76.2, 75.9, 75.6, 75.4, 75.1, 74.9, 74.6, 74.2, 73.8, 73.3, 73.0, 72.7, 72.5, 72.2, 72.1, 71.7, 71.2, 70.8, 70.6, 70.3, 70.0, 69.5, 69.3, 69.1, 69.0, 68.7, 68.2, 68.0, 67.9, 67.6, 67.2, 67.1, 67.0, 66.8, 66.4, 66.2, 66.0, 65.7, 65.3, 65.0, 64.6, 64.6, 64.3, 64.0, 63.6, 63.3, 62.9, 62.7, 62.4, 62.3, 61.8, 61.4, 61.0, 60.9, 60.7, 60.5, 60.0, 59.8, 59.5, 59.2, 58.9, 58.4, 58.2, 57.8, 57.5, 57.0, 56.7, 56.6, 56.3, 56.0, 55.9, 55.7, 55.2, 55.1, 54.8, 54.5, 54.3, 54.1, 53.9, 53.5, 53.4, 52.9, 52.8, 52.7, 52.6, 52.3, 52.2, 52.0, 51.6, 51.1, 50.9, 50.6, 50.4, 50.3, 49.9, 49.4, 49.1, 48.8, 48.6, 48.1, 48.1, 47.5, 47.2, 46.7, 46.3, 45.8, 45.6, 45.3, 44.9, 44.7, 44.5, 44.3, 44.0, 43.9, 43.1, 42.7, 42.6, 42.4, 42.0, 41.5, 41.2, 40.8, 40.6, 40.4, 39.9, 39.6, 39.2, 38.9, 38.7, 38.4, 38.0, 37.8, 37.6, 37.3, 36.7, 36.5, 36.4, 36.2, 35.8, 35.5, 35.3, 34.8, 34.599999999999994, 34.2, 33.900000000000006, 33.400000000000006, 33.2, 32.7, 32.5, 32.099999999999994, 32.0, 31.900000000000006, 31.700000000000003, 31.099999999999994, 30.900000000000006, 30.599999999999994, 30.200000000000003, 29.799999999999997, 29.599999999999994, 29.299999999999997, 29.200000000000003, 29.099999999999994, 28.900000000000006, 28.700000000000003, 28.400000000000006, 28.099999999999994, 27.5, 27.099999999999994, 26.799999999999997, 26.5, 26.400000000000006, 26.099999999999994, 25.900000000000006, 25.700000000000003, 25.5, 25.0, 24.799999999999997, 24.299999999999997, 24.099999999999994, 23.900000000000006, 23.799999999999997, 23.400000000000006, 22.900000000000006, 22.700000000000003, 22.599999999999994, 22.400000000000006, 22.200000000000003, 21.900000000000006, 21.799999999999997, 21.400000000000006, 21.299999999999997, 21.099999999999994, 21.0, 20.799999999999997, 20.599999999999994, 20.400000000000006, 20.200000000000003, 20.099999999999994, 20.0, 20.0, 19.700000000000003, 19.5, 19.299999999999997, 19.0, 18.799999999999997, 18.599999999999994, 18.5, 18.099999999999994, 18.0, 17.400000000000006, 17.0, 16.900000000000006, 16.5, 16.299999999999997, 16.099999999999994, 15.599999999999994, 15.599999999999994, 15.299999999999997, 15.099999999999994, 14.900000000000006, 14.799999999999997, 14.299999999999997, 14.200000000000003, 13.599999999999994, 13.099999999999994, 12.599999999999994, 11.900000000000006, 11.299999999999997, 10.400000000000006, 10.0, 9.200000000000003, 8.599999999999994, 8.099999999999994, 7.799999999999997, 7.599999999999994, 7.299999999999997, 6.799999999999997, 6.299999999999997, 6.0, 5.799999999999997, 5.299999999999997, 5.099999999999994, 4.400000000000006, 4.200000000000003, 3.9000000000000057, 3.700000000000003, 3.5, 3.0, 2.9000000000000057, 2.200000000000003, 1.9000000000000057, 1.9000000000000057, 1.7000000000000028, 1.2999999999999972, 1.2000000000000028, 1.0999999999999943, 1.0, 0.9000000000000057, 0.7999999999999972, 0.7000000000000028, 0.7000000000000028, 0.5999999999999943, 0.5, 0.5, 0.4000000000000057, 0.29999999999999716, 0.29999999999999716, 0.20000000000000284, 0.09999999999999432, 0.0], "x": [297, 300, 301, 313, 314, 317, 321, 323, 327, 329, 330, 331, 332, 334, 336, 338, 339, 342, 343, 345, 346, 348, 349, 350, 351, 352, 353, 354, 356, 360, 361, 364, 365, 367, 369, 371, 372, 373, 375, 378, 380, 381, 383, 385, 386, 387, 388, 389, 390, 391, 392, 393, 395, 396, 397, 398, 399, 400, 401, 402, 403, 404, 405, 406, 407, 408, 409, 410, 412, 413, 414, 415, 416, 417, 418, 419, 420, 422, 423, 424, 425, 426, 427, 428, 429, 430, 431, 432, 433, 434, 435, 436, 437, 438, 439, 440, 441, 442, 443, 444, 445, 446, 447, 448, 449, 450, 451, 452, 453, 454, 455, 456, 457, 458, 459, 460, 461, 462, 463, 464, 465, 466, 467, 468, 469, 470, 471, 472, 473, 474, 475, 476, 477, 478, 479, 480, 481, 482, 483, 484, 485, 486, 487, 488, 489, 490, 491, 492, 493, 494, 495, 496, 497, 498, 499, 500, 501, 502, 503, 504, 505, 506, 507, 508, 509, 510, 511, 512, 513, 514, 515, 516, 517, 518, 519, 520, 521, 522, 523, 525, 526, 527, 528, 529, 530, 531, 532, 533, 534, 535, 536, 537, 538, 539, 540, 541, 542, 543, 544, 545, 546, 547, 548, 549, 550, 551, 552, 553, 554, 555, 556, 557, 558, 559, 560, 561, 562, 563, 564, 565, 566, 567, 568, 569, 570, 571, 572, 573, 574, 575, 576, 577, 578, 579, 580, 581, 582, 583, 584, 585, 586, 587, 588, 589, 590, 591, 592, 593, 595, 596, 597, 598, 599, 600, 602, 603, 604, 605, 606, 607, 608, 609, 610, 611, 612, 613, 614, 615, 616, 617, 618, 619, 620, 621, 622, 623, 624, 625, 626, 627, 628, 629, 630, 631, 632, 633, 634, 635, 636, 637, 638, 639, 640, 641, 642, 643, 644, 645, 646, 647, 648, 649, 650, 651, 652, 653, 654, 655, 656, 657, 658, 659, 660, 661, 662, 663, 665, 666, 667, 668, 669, 671, 672, 673, 674, 675, 677, 678, 679, 680, 681, 682, 683, 684, 685, 686, 688, 689, 690, 691, 692, 693, 694, 695, 696, 697, 698, 699, 700, 702, 703, 704, 705, 706, 709, 710, 711, 712, 713, 714, 715, 716, 717, 718, 719, 720, 721, 722, 723, 724, 725, 726, 727, 728, 729, 730, 731, 732, 733, 734, 735, 736, 737, 738, 739, 740, 741, 742, 743, 744, 745, 746, 747, 749, 750, 751, 753, 755, 757, 758, 760, 762, 764, 765, 766, 767, 770, 774, 776, 799, 800, 818, 828]}}