{"percentile": {"y": [99.5, 99.0, 98.5, 97.9, 97.4, 96.9, 96.4, 95.8, 95.3, 94.8, 94.3, 93.7, 93.2, 92.2, 91.6, 91.1, 90.6, 90.0, 89.5, 89.0, 88.5, 87.9, 87.4, 86.4, 85.8, 85.3, 84.8, 84.3, 83.2, 82.2, 81.1, 80.6, 80.0, 79.5, 78.5, 77.9, 77.4, 76.9, 76.4, 75.8, 75.3, 74.3, 73.7, 73.2, 72.7, 72.2, 71.6, 70.6, 70.0, 69.5, 69.0, 68.5, 66.9, 66.4, 65.8, 64.8, 63.7, 63.2, 62.2, 61.6, 61.1, 60.6, 59.5, 59.0, 58.5, 57.9, 56.4, 55.8, 55.3, 54.3, 53.7, 52.7, 52.2, 51.6, 51.1, 50.6, 50.0, 49.5, 49.0, 47.9, 46.9, 46.4, 45.8, 45.3, 44.8, 43.7, 42.7, 41.6, 40.6, 39.5, 38.5, 37.9, 36.9, 36.4, 35.8, 35.3, 34.8, 34.3, 33.7, 33.2, 32.2, 31.599999999999994, 31.099999999999994, 30.599999999999994, 30.0, 29.5, 29.0, 27.900000000000006, 26.900000000000006, 25.299999999999997, 24.799999999999997, 24.299999999999997, 23.700000000000003, 23.200000000000003, 21.599999999999994, 21.099999999999994, 19.5, 19.0, 17.900000000000006, 17.400000000000006, 16.900000000000006, 16.400000000000006, 15.799999999999997, 15.299999999999997, 14.799999999999997, 14.299999999999997, 13.700000000000003, 13.200000000000003, 12.700000000000003, 12.200000000000003, 11.599999999999994, 11.099999999999994, 10.0, 9.0, 8.5, 7.900000000000006, 7.400000000000006, 6.900000000000006, 6.400000000000006, 5.799999999999997, 5.299999999999997, 4.799999999999997, 4.299999999999997, 3.200000000000003, 2.700000000000003, 2.200000000000003, 1.5999999999999943, 1.0999999999999943, 0.5999999999999943, 0.0, -0.5], "x": [319, 357, 389, 393, 394, 396, 400, 402, 415, 416, 417, 423, 424, 429, 430, 433, 434, 451, 454, 455, 459, 466, 467, 468, 471, 473, 476, 480, 481, 483, 488, 489, 493, 494, 500, 501, 504, 505, 506, 508, 509, 510, 515, 517, 519, 524, 525, 526, 528, 529, 532, 539, 540, 541, 543, 544, 547, 549, 551, 555, 557, 558, 560, 561, 562, 563, 564, 566, 567, 570, 571, 575, 579, 580, 581, 584, 585, 588, 589, 591, 593, 594, 595, 596, 599, 602, 604, 605, 608, 611, 613, 614, 617, 619, 620, 629, 634, 635, 637, 638, 639, 640, 641, 642, 643, 644, 645, 647, 649, 650, 652, 653, 654, 655, 656, 657, 658, 660, 670, 671, 673, 677, 683, 690, 695, 698, 699, 701, 707, 712, 714, 715, 720, 721, 724, 725, 727, 730, 734, 736, 737, 738, 739, 743, 744, 745, 757, 760, 762, 763, 765]}, "histogram": {"y": [1, 0, 1, 0, 1, 5, 3, 7, 0, 4, 7, 10, 8, 6, 7, 12, 13, 9, 11, 13, 5, 11, 19, 5, 2, 5, 4, 9, 8, 4, 1, 0], "x": [315, 330, 345, 360, 375, 390, 405, 420, 435, 450, 465, 480, 495, 510, 525, 540, 555, 570, 585, 600, 615, 630, 645, 660, 675, 690, 705, 720, 735, 750, 765, 780]}}