{"histogram": {"y": [1, 0, 3, 3, 5, 3, 15, 6, 9, 12, 13, 11, 15, 10, 18, 14, 10, 16, 11, 8, 8, 8, 11, 29, 13, 3, 1, 0, 0], "x": [375, 390, 405, 420, 435, 450, 465, 480, 495, 510, 525, 540, 555, 570, 585, 600, 615, 630, 645, 660, 675, 690, 705, 720, 735, 750, 765, 780, 795]}, "percentile": {"y": [99.7, 99.3, 98.9, 98.5, 98.1, 97.7, 97.3, 96.9, 96.5, 96.1, 95.7, 95.3, 95.0, 94.6, 94.2, 93.0, 92.6, 91.4, 91.0, 90.6, 89.9, 89.1, 88.3, 87.1, 86.7, 86.3, 85.9, 85.1, 84.8, 84.4, 84.0, 83.6, 83.2, 82.8, 82.4, 81.6, 80.8, 80.4, 79.7, 79.3, 78.9, 78.5, 78.1, 77.7, 76.9, 76.5, 75.3, 75.0, 74.6, 74.2, 73.0, 72.6, 72.2, 71.4, 70.6, 70.2, 69.9, 69.5, 69.1, 68.7, 68.3, 67.5, 65.9, 65.5, 65.1, 64.4, 63.6, 63.2, 62.8, 62.4, 61.6, 61.2, 60.8, 60.4, 59.7, 58.9, 58.5, 57.7, 56.1, 55.0, 54.6, 54.2, 53.8, 53.4, 53.0, 52.2, 51.8, 51.4, 50.6, 50.2, 49.5, 49.1, 48.7, 47.9, 46.7, 46.3, 45.9, 45.5, 45.1, 44.8, 44.4, 44.0, 43.6, 43.2, 42.4, 42.0, 41.6, 40.8, 40.4, 40.0, 39.7, 39.3, 38.9, 38.1, 37.3, 36.5, 36.1, 35.7, 35.3, 35.0, 34.599999999999994, 34.2, 33.8, 33.400000000000006, 32.599999999999994, 31.799999999999997, 31.400000000000006, 30.599999999999994, 30.200000000000003, 29.900000000000006, 29.5, 29.099999999999994, 28.700000000000003, 28.299999999999997, 27.900000000000006, 27.099999999999994, 26.700000000000003, 26.299999999999997, 25.5, 25.099999999999994, 24.799999999999997, 24.400000000000006, 23.599999999999994, 22.799999999999997, 22.400000000000006, 22.0, 21.200000000000003, 20.799999999999997, 20.400000000000006, 20.0, 19.299999999999997, 18.099999999999994, 17.700000000000003, 15.700000000000003, 14.200000000000003, 13.799999999999997, 13.0, 12.200000000000003, 11.0, 10.200000000000003, 9.5, 8.700000000000003, 7.5, 7.099999999999994, 6.299999999999997, 5.900000000000006, 5.5, 3.5999999999999943, 3.200000000000003, 2.799999999999997, 2.4000000000000057, 2.0, 1.5999999999999943, 1.2000000000000028, 0.7999999999999972, 0.4000000000000057, 0.0, -0.29999999999999716], "x": [375, 410, 417, 419, 422, 425, 434, 436, 439, 443, 444, 449, 450, 458, 459, 465, 469, 472, 473, 474, 476, 478, 479, 480, 483, 489, 491, 495, 498, 499, 500, 502, 505, 506, 509, 510, 512, 514, 515, 516, 520, 521, 523, 524, 525, 527, 528, 530, 534, 535, 538, 539, 540, 545, 546, 547, 548, 549, 550, 553, 554, 555, 556, 557, 561, 563, 564, 565, 568, 569, 570, 574, 578, 579, 580, 582, 584, 586, 587, 588, 590, 591, 592, 593, 595, 596, 597, 598, 601, 602, 604, 605, 606, 607, 608, 609, 612, 616, 618, 622, 623, 625, 626, 627, 628, 629, 630, 631, 632, 635, 636, 637, 638, 639, 640, 642, 643, 644, 645, 650, 652, 653, 655, 656, 657, 658, 659, 661, 664, 668, 669, 671, 672, 673, 678, 680, 682, 683, 685, 686, 693, 695, 697, 699, 700, 701, 705, 706, 708, 712, 715, 716, 719, 720, 721, 723, 724, 725, 726, 727, 728, 729, 730, 733, 734, 735, 736, 740, 743, 744, 745, 746, 747, 748, 750, 752, 761, 768]}}