{"histogram": {"y": [2, 1, 3, 5, 12, 11, 27, 26, 35, 29, 25, 52, 39, 46, 45, 51, 58, 49, 46, 40, 37, 39, 27, 25, 26, 28, 25, 30, 20, 60, 34, 6, 4, 2, 0, 0, 9, 0], "x": [285, 300, 315, 330, 345, 360, 375, 390, 405, 420, 435, 450, 465, 480, 495, 510, 525, 540, 555, 570, 585, 600, 615, 630, 645, 660, 675, 690, 705, 720, 735, 750, 765, 780, 795, 810, 825, 840]}, "percentile": {"y": [99.9, 99.8, 99.7, 99.6, 99.5, 99.4, 99.3, 99.2, 99.1, 99.0, 98.9, 98.8, 98.7, 98.6, 98.5, 98.4, 98.3, 98.2, 98.1, 98.0, 97.9, 97.8, 97.7, 97.5, 97.4, 97.2, 97.1, 97.0, 96.9, 96.7, 96.6, 96.2, 95.8, 95.7, 95.6, 95.3, 95.0, 94.8, 94.7, 94.4, 94.3, 94.0, 93.8, 93.6, 93.3, 93.2, 92.9, 92.8, 92.3, 92.1, 91.9, 91.7, 91.6, 91.5, 91.3, 91.1, 91.0, 90.8, 90.5, 90.1, 89.9, 89.5, 89.2, 89.0, 88.5, 88.3, 88.1, 87.8, 87.5, 87.2, 87.1, 86.9, 86.8, 86.5, 86.4, 86.1, 85.9, 85.7, 85.1, 84.8, 84.6, 84.5, 84.4, 84.2, 83.9, 83.7, 83.4, 83.2, 83.1, 82.8, 82.5, 82.2, 82.0, 81.8, 81.7, 80.8, 80.4, 79.9, 79.7, 79.3, 78.9, 78.7, 77.9, 77.7, 77.5, 77.4, 77.0, 76.6, 76.3, 75.8, 75.5, 75.3, 75.2, 74.9, 74.6, 74.5, 74.3, 73.9, 73.4, 73.3, 72.9, 72.7, 72.6, 72.4, 71.8, 71.7, 71.2, 71.0, 70.9, 70.6, 70.3, 69.8, 69.5, 69.0, 68.7, 68.6, 68.2, 67.9, 67.7, 67.4, 66.6, 66.3, 65.8, 65.4, 65.3, 65.1, 64.8, 64.6, 64.5, 63.9, 63.8, 63.5, 63.3, 62.6, 62.3, 62.0, 61.5, 60.9, 60.6, 60.5, 60.4, 59.9, 59.6, 58.8, 58.5, 58.3, 58.1, 58.0, 57.5, 56.9, 56.6, 56.1, 56.0, 55.7, 54.9, 54.7, 54.6, 54.5, 54.1, 53.8, 53.6, 52.8, 52.1, 51.6, 51.4, 50.9, 50.8, 50.6, 50.4, 50.1, 49.5, 49.3, 48.9, 48.7, 48.3, 47.8, 47.4, 47.0, 46.7, 46.2, 45.9, 45.7, 45.3, 44.7, 44.4, 43.7, 43.3, 43.1, 42.8, 42.5, 42.3, 41.7, 41.5, 41.4, 41.3, 41.1, 40.6, 40.4, 40.3, 39.9, 39.6, 39.0, 38.7, 38.6, 38.2, 37.8, 37.7, 37.5, 37.3, 37.0, 36.6, 36.5, 36.2, 35.8, 35.5, 35.099999999999994, 34.8, 34.599999999999994, 34.400000000000006, 34.0, 33.7, 33.599999999999994, 33.2, 33.0, 32.8, 32.7, 32.599999999999994, 32.099999999999994, 32.0, 31.700000000000003, 31.200000000000003, 30.599999999999994, 30.400000000000006, 29.900000000000006, 29.5, 29.299999999999997, 28.799999999999997, 28.599999999999994, 28.400000000000006, 28.299999999999997, 28.200000000000003, 27.900000000000006, 27.700000000000003, 27.599999999999994, 27.200000000000003, 27.0, 26.599999999999994, 26.400000000000006, 26.200000000000003, 26.099999999999994, 25.700000000000003, 25.599999999999994, 25.400000000000006, 25.299999999999997, 25.0, 24.799999999999997, 24.700000000000003, 24.5, 24.200000000000003, 24.0, 23.400000000000006, 23.200000000000003, 23.0, 22.700000000000003, 22.5, 22.400000000000006, 22.099999999999994, 21.700000000000003, 21.5, 21.200000000000003, 21.0, 20.900000000000006, 20.799999999999997, 20.599999999999994, 20.5, 20.299999999999997, 20.099999999999994, 19.799999999999997, 19.5, 19.299999999999997, 19.200000000000003, 18.900000000000006, 18.799999999999997, 18.700000000000003, 18.5, 18.200000000000003, 17.900000000000006, 17.400000000000006, 17.200000000000003, 17.099999999999994, 17.0, 16.900000000000006, 16.599999999999994, 16.299999999999997, 16.200000000000003, 15.900000000000006, 15.799999999999997, 15.700000000000003, 15.200000000000003, 15.0, 14.700000000000003, 14.599999999999994, 14.200000000000003, 14.0, 13.900000000000006, 13.799999999999997, 13.299999999999997, 13.099999999999994, 13.0, 12.799999999999997, 12.599999999999994, 12.400000000000006, 12.299999999999997, 12.099999999999994, 12.0, 11.799999999999997, 11.599999999999994, 10.799999999999997, 10.599999999999994, 10.099999999999994, 9.5, 8.900000000000006, 8.299999999999997, 7.900000000000006, 7.400000000000006, 7.099999999999994, 6.799999999999997, 6.700000000000003, 6.200000000000003, 5.799999999999997, 5.599999999999994, 5.5, 4.900000000000006, 4.700000000000003, 4.5, 4.200000000000003, 3.700000000000003, 3.5, 3.0, 2.4000000000000057, 2.299999999999997, 2.0999999999999943, 1.7999999999999972, 1.7000000000000028, 1.5, 1.4000000000000057, 1.2999999999999972, 1.2000000000000028, 1.0999999999999943, 1.0, 0.9000000000000057, 0.5999999999999943, -0.09999999999999432], "x": [296, 297, 313, 317, 321, 329, 330, 332, 334, 337, 343, 346, 347, 348, 349, 350, 351, 352, 353, 356, 357, 358, 359, 360, 362, 364, 367, 369, 370, 372, 374, 377, 378, 380, 381, 382, 383, 384, 385, 386, 387, 388, 389, 390, 391, 392, 393, 394, 396, 398, 399, 400, 401, 402, 403, 404, 405, 406, 407, 408, 409, 410, 411, 412, 413, 414, 415, 416, 418, 420, 421, 423, 424, 425, 426, 427, 428, 429, 430, 432, 433, 434, 435, 436, 438, 439, 440, 441, 443, 444, 445, 447, 449, 450, 451, 452, 453, 454, 455, 456, 457, 458, 459, 460, 461, 462, 463, 464, 465, 466, 467, 468, 469, 470, 471, 472, 473, 474, 475, 476, 477, 478, 479, 480, 481, 482, 483, 484, 485, 486, 487, 488, 489, 490, 491, 492, 493, 494, 495, 496, 497, 498, 499, 500, 501, 502, 503, 504, 505, 506, 507, 508, 509, 510, 511, 512, 513, 514, 515, 516, 517, 518, 519, 520, 521, 522, 523, 524, 525, 526, 527, 528, 529, 530, 531, 532, 533, 534, 535, 536, 537, 538, 539, 540, 541, 542, 543, 544, 545, 546, 547, 548, 549, 550, 551, 552, 553, 554, 555, 556, 557, 558, 560, 561, 563, 564, 565, 566, 567, 568, 569, 570, 571, 572, 573, 574, 575, 576, 577, 578, 579, 580, 582, 583, 584, 585, 586, 587, 588, 589, 590, 591, 593, 594, 595, 596, 597, 598, 599, 600, 601, 602, 603, 604, 605, 607, 608, 609, 610, 611, 612, 613, 614, 615, 619, 620, 622, 623, 624, 625, 626, 627, 628, 629, 630, 631, 632, 633, 636, 638, 639, 641, 642, 643, 644, 645, 647, 648, 650, 651, 654, 655, 656, 657, 658, 659, 660, 661, 662, 663, 664, 665, 666, 667, 668, 670, 671, 672, 673, 675, 677, 678, 679, 680, 681, 682, 684, 685, 686, 687, 688, 689, 690, 691, 692, 693, 694, 695, 696, 697, 698, 699, 700, 701, 702, 704, 705, 706, 707, 710, 712, 713, 714, 715, 716, 717, 720, 721, 722, 723, 724, 725, 726, 727, 728, 729, 730, 731, 732, 733, 734, 735, 736, 737, 738, 739, 740, 742, 743, 746, 747, 749, 752, 756, 758, 768, 769, 773, 779, 782, 788, 828, 829]}}