{"percentile": {"x": [303, 315, 339, 345, 346, 349, 358, 359, 371, 373, 375, 380, 384, 385, 388, 390, 391, 392, 394, 397, 400, 401, 402, 403, 404, 405, 410, 411, 413, 416, 418, 420, 421, 423, 426, 427, 429, 430, 433, 434, 435, 438, 440, 441, 443, 444, 445, 446, 450, 451, 453, 454, 455, 456, 457, 459, 461, 462, 464, 466, 467, 468, 469, 470, 474, 476, 477, 480, 481, 483, 484, 485, 487, 488, 489, 490, 496, 497, 498, 499, 500, 501, 502, 505, 508, 509, 510, 512, 515, 516, 518, 519, 520, 521, 522, 524, 525, 526, 528, 529, 530, 531, 532, 533, 534, 535, 536, 537, 538, 539, 540, 541, 542, 544, 545, 547, 549, 550, 551, 552, 554, 555, 556, 557, 558, 559, 560, 561, 563, 565, 566, 568, 570, 571, 573, 574, 575, 576, 577, 578, 579, 580, 581, 582, 583, 584, 585, 586, 587, 588, 589, 590, 591, 593, 594, 595, 596, 597, 598, 600, 602, 603, 604, 605, 606, 608, 609, 610, 613, 614, 615, 616, 617, 618, 619, 621, 622, 624, 625, 626, 627, 628, 629, 630, 632, 637, 638, 640, 644, 647, 648, 650, 651, 652, 653, 655, 657, 658, 659, 660, 661, 662, 663, 665, 668, 670, 671, 674, 675, 676, 678, 679, 680, 683, 684, 686, 688, 690, 692, 694, 695, 696, 697, 698, 700, 701, 702, 705, 706, 708, 709, 712, 715, 716, 718, 719, 720, 722, 723, 725, 726, 727, 728, 729, 730, 731, 734, 735, 736, 737, 738, 739, 740, 741, 744, 746, 747, 752, 755, 759, 764, 765, 767, 772, 774, 780, 794], "y": [99.8, 99.6, 99.4, 99.2, 99.0, 98.7, 98.5, 98.3, 98.1, 97.9, 97.6, 97.4, 97.2, 97.0, 96.8, 96.3, 96.1, 95.9, 95.4, 95.2, 94.8, 94.6, 94.1, 93.9, 93.7, 93.5, 93.2, 93.0, 92.6, 92.1, 91.9, 91.7, 91.5, 91.3, 91.0, 90.8, 90.6, 90.2, 89.9, 89.5, 89.3, 89.1, 88.8, 88.4, 87.7, 87.3, 86.9, 86.6, 86.2, 86.0, 85.8, 85.5, 85.3, 84.9, 84.7, 84.4, 84.0, 83.6, 83.3, 83.1, 82.9, 82.5, 82.2, 81.8, 81.1, 80.9, 80.0, 79.6, 79.2, 79.0, 78.7, 77.9, 77.6, 77.2, 77.0, 76.5, 76.3, 76.1, 75.2, 74.8, 74.3, 73.9, 73.0, 72.1, 71.9, 71.7, 71.0, 70.8, 70.6, 70.4, 70.2, 69.9, 69.3, 69.1, 68.8, 68.6, 67.7, 67.3, 67.1, 66.6, 66.2, 66.0, 65.5, 65.3, 64.9, 64.4, 63.8, 63.3, 62.7, 61.8, 61.1, 60.9, 60.7, 60.5, 59.8, 59.4, 58.5, 58.1, 57.9, 57.2, 56.5, 56.3, 55.7, 55.4, 55.2, 55.0, 54.1, 53.5, 53.2, 52.8, 52.1, 51.9, 51.5, 51.3, 51.0, 50.8, 50.4, 49.7, 49.1, 48.8, 48.4, 47.7, 47.5, 47.1, 46.6, 46.4, 46.2, 46.0, 45.8, 45.3, 44.9, 44.7, 44.4, 44.2, 44.0, 43.6, 43.3, 42.2, 42.0, 41.8, 41.6, 41.4, 40.9, 40.5, 40.3, 39.8, 39.6, 39.0, 38.7, 38.1, 37.0, 36.5, 36.3, 36.1, 35.7, 35.400000000000006, 35.2, 35.0, 34.8, 34.599999999999994, 34.099999999999994, 33.7, 33.5, 32.099999999999994, 31.5, 31.0, 30.799999999999997, 30.400000000000006, 29.700000000000003, 29.5, 29.299999999999997, 28.400000000000006, 28.200000000000003, 27.5, 26.900000000000006, 26.599999999999994, 26.200000000000003, 25.799999999999997, 25.299999999999997, 24.400000000000006, 24.200000000000003, 23.799999999999997, 23.299999999999997, 23.099999999999994, 22.900000000000006, 22.5, 22.200000000000003, 21.799999999999997, 21.599999999999994, 21.400000000000006, 21.099999999999994, 20.700000000000003, 20.0, 19.799999999999997, 19.599999999999994, 19.400000000000006, 19.200000000000003, 18.099999999999994, 17.900000000000006, 17.599999999999994, 17.400000000000006, 17.200000000000003, 16.5, 16.299999999999997, 16.099999999999994, 15.900000000000006, 15.700000000000003, 15.400000000000006, 15.0, 14.599999999999994, 14.099999999999994, 13.900000000000006, 13.5, 13.200000000000003, 13.0, 12.799999999999997, 12.400000000000006, 12.099999999999994, 11.700000000000003, 11.299999999999997, 10.599999999999994, 9.5, 9.299999999999997, 8.799999999999997, 8.200000000000003, 8.0, 7.5, 6.599999999999994, 5.799999999999997, 5.299999999999997, 4.900000000000006, 4.700000000000003, 3.299999999999997, 3.0999999999999943, 2.9000000000000057, 2.700000000000003, 2.5, 2.200000000000003, 2.0, 1.7999999999999972, 1.5999999999999943, 1.4000000000000057, 1.0999999999999943, 0.5, 0.29999999999999716, 0.0, -0.20000000000000284]}, "histogram": {"x": [300, 315, 330, 345, 360, 375, 390, 405, 420, 435, 450, 465, 480, 495, 510, 525, 540, 555, 570, 585, 600, 615, 630, 645, 660, 675, 690, 705, 720, 735, 750, 765, 780, 795, 810], "y": [1, 1, 1, 5, 2, 5, 14, 8, 11, 13, 15, 15, 16, 22, 14, 31, 24, 21, 25, 20, 18, 21, 17, 20, 16, 12, 16, 13, 24, 23, 4, 6, 2, 0, 0]}}