{"histogram": {"y": [1, 3, 0, 6, 8, 21, 22, 29, 46, 45, 50, 58, 83, 76, 76, 92, 99, 77, 112, 109, 101, 113, 88, 87, 79, 66, 73, 81, 67, 57, 43, 129, 96, 20, 11, 0, 0], "x": [255, 270, 285, 300, 315, 330, 345, 360, 375, 390, 405, 420, 435, 450, 465, 480, 495, 510, 525, 540, 555, 570, 585, 600, 615, 630, 645, 660, 675, 690, 705, 720, 735, 750, 765, 780, 795]}, "percentile": {"y": [100.0, 100.0, 99.9, 99.9, 99.8, 99.8, 99.7, 99.6, 99.6, 99.5, 99.4, 99.4, 99.3, 99.2, 99.2, 99.1, 99.1, 99.0, 99.0, 98.9, 98.9, 98.7, 98.6, 98.4, 98.3, 98.2, 98.2, 98.1, 97.9, 97.8, 97.7, 97.5, 97.4, 97.3, 97.2, 97.0, 96.9, 96.7, 96.7, 96.6, 96.5, 96.4, 96.3, 96.2, 96.1, 96.0, 95.9, 95.8, 95.7, 95.6, 95.5, 95.5, 95.3, 95.2, 95.1, 94.8, 94.7, 94.5, 94.2, 93.9, 93.8, 93.6, 93.4, 93.3, 93.0, 92.7, 92.7, 92.4, 92.2, 92.1, 91.9, 91.9, 91.6, 91.5, 91.4, 91.3, 91.2, 91.0, 90.9, 90.6, 90.5, 90.3, 90.1, 89.9, 89.5, 89.4, 89.3, 89.2, 89.2, 89.1, 88.9, 88.7, 88.6, 88.3, 88.0, 88.0, 87.9, 87.7, 87.6, 87.4, 87.2, 86.9, 86.7, 86.4, 86.1, 85.9, 85.7, 85.4, 85.2, 84.7, 84.7, 84.5, 84.1, 83.9, 83.7, 83.5, 83.1, 82.7, 82.5, 82.0, 81.8, 81.5, 81.4, 81.1, 80.8, 80.6, 80.5, 80.4, 80.2, 79.8, 79.7, 79.4, 79.1, 78.9, 78.7, 78.4, 78.2, 78.0, 77.7, 77.3, 77.1, 77.0, 76.6, 76.3, 76.0, 75.9, 75.7, 75.6, 75.4, 74.8, 74.5, 74.2, 73.9, 73.5, 73.3, 73.1, 72.8, 72.4, 72.1, 71.9, 71.7, 71.4, 71.2, 71.0, 70.8, 70.4, 70.3, 69.8, 69.7, 69.3, 68.8, 68.6, 68.2, 68.0, 67.5, 67.3, 67.0, 66.6, 66.4, 66.0, 65.9, 65.7, 65.4, 65.3, 64.9, 64.5, 64.3, 64.0, 63.7, 63.5, 63.4, 63.2, 62.9, 62.7, 62.2, 61.8, 61.5, 61.2, 60.6, 60.2, 59.8, 59.4, 59.2, 58.8, 58.6, 58.3, 57.9, 57.8, 57.5, 57.0, 56.7, 56.4, 56.0, 55.4, 55.3, 54.9, 54.8, 54.5, 54.2, 53.7, 53.5, 53.0, 52.8, 52.3, 52.1, 51.6, 51.2, 50.9, 50.7, 50.5, 50.3, 50.0, 49.6, 49.3, 48.9, 48.6, 48.1, 47.9, 47.6, 47.1, 46.9, 46.5, 46.2, 45.9, 45.7, 45.3, 44.9, 44.4, 44.0, 43.4, 43.3, 42.8, 42.5, 42.3, 41.7, 41.6, 41.5, 41.2, 41.0, 40.6, 40.2, 40.0, 39.8, 39.4, 39.1, 38.8, 38.7, 38.3, 38.1, 37.8, 37.7, 37.3, 37.1, 36.7, 36.3, 36.0, 35.8, 35.599999999999994, 35.400000000000006, 35.0, 34.5, 34.400000000000006, 34.2, 34.0, 33.7, 33.400000000000006, 33.099999999999994, 32.900000000000006, 32.7, 32.3, 32.0, 31.900000000000006, 31.400000000000006, 31.099999999999994, 30.900000000000006, 30.700000000000003, 30.599999999999994, 30.299999999999997, 30.299999999999997, 29.900000000000006, 29.599999999999994, 29.299999999999997, 29.299999999999997, 29.0, 28.799999999999997, 28.599999999999994, 28.5, 28.299999999999997, 27.900000000000006, 27.700000000000003, 27.400000000000006, 27.299999999999997, 27.200000000000003, 26.900000000000006, 26.799999999999997, 26.400000000000006, 26.299999999999997, 26.099999999999994, 25.700000000000003, 25.599999999999994, 25.5, 25.299999999999997, 24.900000000000006, 24.599999999999994, 24.299999999999997, 24.200000000000003, 23.900000000000006, 23.700000000000003, 23.5, 23.299999999999997, 23.200000000000003, 22.799999999999997, 22.599999999999994, 22.299999999999997, 22.200000000000003, 21.900000000000006, 21.5, 21.299999999999997, 21.0, 20.700000000000003, 20.5, 20.200000000000003, 19.900000000000006, 19.599999999999994, 19.400000000000006, 19.299999999999997, 18.900000000000006, 18.799999999999997, 18.200000000000003, 18.0, 17.900000000000006, 17.700000000000003, 17.700000000000003, 17.599999999999994, 17.400000000000006, 17.099999999999994, 16.900000000000006, 16.799999999999997, 16.200000000000003, 16.099999999999994, 15.900000000000006, 15.700000000000003, 15.5, 15.400000000000006, 15.299999999999997, 15.200000000000003, 15.099999999999994, 14.900000000000006, 14.5, 14.299999999999997, 14.099999999999994, 14.099999999999994, 13.799999999999997, 13.700000000000003, 13.599999999999994, 13.5, 13.299999999999997, 13.099999999999994, 13.099999999999994, 13.0, 12.700000000000003, 12.599999999999994, 12.400000000000006, 12.200000000000003, 12.099999999999994, 11.599999999999994, 11.299999999999997, 11.099999999999994, 10.700000000000003, 10.0, 9.400000000000006, 9.099999999999994, 8.599999999999994, 8.099999999999994, 7.5, 6.799999999999997, 6.5, 6.400000000000006, 6.200000000000003, 6.0, 5.700000000000003, 5.299999999999997, 5.099999999999994, 4.599999999999994, 4.400000000000006, 3.4000000000000057, 3.200000000000003, 2.700000000000003, 2.5, 2.4000000000000057, 2.200000000000003, 1.9000000000000057, 1.7000000000000028, 1.5, 1.4000000000000057, 1.2999999999999972, 1.2000000000000028, 1.0999999999999943, 1.0, 0.9000000000000057, 0.9000000000000057, 0.7999999999999972, 0.5999999999999943, 0.5, 0.4000000000000057, 0.29999999999999716, 0.20000000000000284, 0.20000000000000284, 0.09999999999999432, 0.0], "x": [257, 278, 281, 284, 305, 307, 308, 313, 314, 315, 321, 324, 327, 328, 329, 330, 332, 334, 335, 336, 338, 339, 340, 341, 343, 344, 345, 348, 350, 351, 353, 354, 356, 357, 359, 360, 361, 362, 363, 365, 367, 368, 369, 370, 371, 372, 373, 374, 375, 376, 377, 379, 380, 381, 382, 383, 384, 385, 386, 387, 388, 389, 390, 391, 392, 393, 394, 396, 398, 399, 400, 401, 402, 404, 405, 406, 407, 408, 409, 410, 411, 412, 413, 414, 415, 416, 417, 418, 419, 420, 421, 422, 423, 424, 425, 426, 427, 428, 429, 430, 431, 432, 433, 434, 435, 436, 437, 438, 439, 440, 441, 442, 443, 444, 445, 446, 447, 448, 449, 450, 451, 452, 453, 454, 455, 456, 457, 458, 459, 460, 461, 462, 463, 464, 465, 466, 467, 468, 469, 470, 471, 472, 473, 474, 475, 476, 477, 478, 479, 480, 481, 482, 483, 484, 485, 486, 487, 488, 489, 490, 491, 492, 493, 494, 495, 496, 497, 498, 499, 500, 501, 502, 503, 504, 505, 506, 507, 508, 509, 510, 511, 512, 513, 514, 515, 516, 517, 518, 519, 520, 521, 522, 523, 524, 525, 526, 527, 528, 529, 530, 531, 532, 533, 534, 535, 536, 537, 538, 539, 540, 541, 542, 543, 544, 545, 546, 547, 548, 549, 550, 551, 552, 553, 554, 555, 556, 557, 558, 559, 560, 561, 562, 563, 564, 565, 566, 567, 568, 569, 570, 571, 572, 573, 574, 575, 576, 577, 578, 579, 580, 581, 582, 583, 584, 585, 586, 587, 588, 589, 590, 591, 592, 593, 594, 595, 596, 597, 598, 599, 600, 601, 602, 603, 604, 605, 606, 607, 608, 609, 610, 611, 612, 613, 614, 615, 616, 617, 618, 619, 620, 621, 622, 623, 624, 625, 626, 627, 628, 629, 630, 631, 632, 634, 635, 636, 637, 638, 639, 640, 641, 642, 643, 644, 645, 646, 647, 648, 649, 650, 651, 652, 653, 654, 655, 656, 657, 658, 659, 660, 661, 662, 663, 664, 665, 666, 667, 668, 669, 670, 671, 672, 673, 674, 675, 676, 677, 678, 679, 680, 681, 682, 683, 684, 685, 686, 687, 688, 689, 690, 691, 692, 693, 694, 695, 696, 697, 698, 699, 700, 701, 702, 703, 705, 706, 707, 708, 710, 712, 713, 714, 715, 716, 717, 718, 719, 720, 721, 722, 723, 724, 725, 726, 727, 728, 729, 730, 731, 732, 733, 734, 735, 736, 737, 738, 739, 740, 742, 743, 744, 745, 746, 747, 748, 749, 750, 751, 752, 753, 754, 755, 756, 757, 758, 764, 765, 768, 769, 771, 772, 774]}}