{"histogram": {"x": [480, 495, 510, 525, 540, 555, 570, 585, 600, 615, 630, 645, 660, 675, 690, 705, 720, 735, 750, 765, 780, 795], "y": [1, 2, 1, 1, 0, 1, 1, 1, 0, 1, 1, 0, 1, 0, 0, 0, 3, 4, 1, 0, 1, 0]}, "percentile": {"x": [484, 497, 500, 522, 528, 563, 579, 587, 626, 642, 666, 720, 725, 729, 740, 744, 746, 751, 781], "y": [94.8, 89.5, 84.3, 79.0, 73.7, 68.5, 63.2, 57.9, 52.7, 47.4, 42.2, 36.9, 31.599999999999994, 26.400000000000006, 15.799999999999997, 10.599999999999994, 5.299999999999997, 0.0, -5.200000000000003]}}