{"percentile": {"x": [343, 366, 395, 400, 420, 423, 444, 451, 460, 467, 479, 482, 484, 497, 499, 519, 523, 540, 543, 545, 548, 550, 552, 553, 559, 565, 567, 568, 576, 577, 585, 590, 591, 592, 602, 609, 610, 611, 615, 622, 626, 632, 634, 636, 638, 644, 649, 654, 655, 658, 660, 661, 662, 671, 673, 675, 678, 679, 680, 682, 685, 691, 692, 693, 694, 695, 696, 704, 708, 709, 710, 713, 715, 719, 720, 721, 722, 723, 724, 725, 727, 728, 729, 730, 732, 733, 734, 737, 738, 740, 741, 743, 745, 748, 749, 751, 755, 756, 758, 761, 762, 764, 766, 774, 797, 800], "y": [99.3, 98.5, 97.8, 97.0, 96.3, 95.5, 94.8, 94.0, 92.5, 91.0, 90.3, 89.5, 88.8, 88.0, 87.3, 86.5, 85.8, 85.0, 84.3, 83.5, 82.8, 82.0, 81.3, 79.7, 79.0, 78.2, 77.5, 76.7, 76.0, 75.2, 74.5, 73.7, 72.2, 71.5, 70.7, 68.5, 67.0, 66.2, 65.5, 64.7, 64.0, 63.2, 62.5, 61.7, 61.0, 60.2, 58.7, 57.2, 56.4, 54.9, 53.4, 52.7, 51.9, 51.2, 50.4, 48.9, 48.2, 47.4, 46.7, 45.9, 45.2, 44.4, 43.7, 42.9, 42.2, 41.4, 40.7, 39.9, 39.1, 38.4, 37.6, 36.9, 36.1, 35.400000000000006, 32.400000000000006, 31.599999999999994, 30.900000000000006, 30.099999999999994, 28.599999999999994, 27.900000000000006, 26.400000000000006, 24.099999999999994, 23.400000000000006, 22.599999999999994, 21.900000000000006, 21.099999999999994, 19.599999999999994, 18.799999999999997, 16.599999999999994, 15.099999999999994, 14.299999999999997, 13.599999999999994, 12.799999999999997, 12.099999999999994, 10.599999999999994, 9.099999999999994, 8.299999999999997, 7.599999999999994, 5.299999999999997, 3.799999999999997, 3.0999999999999943, 2.299999999999997, 1.5999999999999943, 0.7999999999999972, 0.0, -0.7000000000000028]}, "histogram": {"x": [330, 345, 360, 375, 390, 405, 420, 435, 450, 465, 480, 495, 510, 525, 540, 555, 570, 585, 600, 615, 630, 645, 660, 675, 690, 705, 720, 735, 750, 765, 780, 795, 810], "y": [1, 0, 1, 0, 2, 0, 2, 1, 3, 3, 2, 2, 2, 0, 8, 4, 2, 5, 7, 3, 5, 7, 6, 7, 7, 6, 21, 12, 11, 2, 0, 2, 0]}}