{"histogram": {"x": [315, 330, 345, 360, 375, 390, 405, 420, 435, 450, 465, 480, 495, 510, 525, 540, 555, 570, 585, 600, 615, 630, 645, 660, 675, 690, 705, 720, 735, 750, 765], "y": [1, 1, 4, 1, 1, 2, 2, 3, 3, 3, 3, 5, 6, 2, 3, 5, 7, 5, 6, 4, 5, 4, 9, 7, 3, 4, 3, 6, 2, 2, 0]}, "percentile": {"x": [329, 334, 346, 352, 354, 370, 387, 399, 401, 410, 415, 421, 424, 432, 446, 447, 448, 453, 454, 457, 468, 470, 478, 481, 483, 487, 488, 495, 496, 499, 502, 507, 510, 511, 525, 530, 533, 540, 543, 551, 553, 555, 556, 557, 564, 566, 575, 582, 583, 584, 585, 587, 591, 593, 601, 602, 603, 611, 618, 620, 622, 626, 627, 631, 632, 634, 636, 645, 646, 647, 648, 649, 654, 655, 658, 660, 661, 662, 664, 665, 666, 672, 678, 684, 685, 691, 695, 702, 703, 707, 714, 717, 720, 722, 726, 727, 730, 740, 760, 763], "y": [99.1, 98.2, 96.4, 95.5, 94.6, 93.7, 92.8, 91.9, 91.0, 90.1, 89.2, 88.3, 87.4, 86.5, 85.6, 84.7, 83.8, 82.9, 82.0, 81.1, 80.2, 79.3, 78.4, 76.6, 75.7, 74.8, 73.9, 72.1, 71.2, 70.3, 69.4, 68.5, 67.6, 66.7, 65.8, 64.9, 64.0, 63.1, 62.2, 60.4, 59.5, 57.7, 56.8, 55.0, 54.1, 53.2, 51.4, 50.5, 49.6, 48.7, 46.0, 45.1, 44.2, 43.3, 42.4, 41.5, 40.6, 39.7, 38.8, 37.9, 37.0, 36.1, 35.2, 34.3, 33.400000000000006, 32.5, 31.599999999999994, 30.700000000000003, 28.900000000000006, 28.0, 27.099999999999994, 26.200000000000003, 25.299999999999997, 24.400000000000006, 23.5, 22.599999999999994, 21.700000000000003, 20.799999999999997, 19.900000000000006, 19.0, 18.099999999999994, 17.200000000000003, 16.299999999999997, 15.400000000000006, 14.5, 13.599999999999994, 12.700000000000003, 11.799999999999997, 10.900000000000006, 10.0, 9.099999999999994, 8.200000000000003, 6.400000000000006, 5.5, 4.599999999999994, 3.700000000000003, 2.799999999999997, 1.0, 0.0, -0.9000000000000057]}}