{"histogram": {"y": [3, 1, 2, 5, 6, 6, 12, 17, 17, 27, 29, 36, 28, 31, 32, 33, 39, 37, 41, 44, 43, 33, 39, 41, 33, 40, 32, 27, 68, 55, 17, 5, 3, 2, 1, 2, 0, 0], "x": [300, 315, 330, 345, 360, 375, 390, 405, 420, 435, 450, 465, 480, 495, 510, 525, 540, 555, 570, 585, 600, 615, 630, 645, 660, 675, 690, 705, 720, 735, 750, 765, 780, 795, 810, 825, 840, 855]}, "percentile": {"y": [99.9, 99.8, 99.7, 99.6, 99.5, 99.4, 99.3, 99.1, 99.0, 98.9, 98.8, 98.7, 98.6, 98.5, 98.4, 98.1, 98.0, 97.9, 97.8, 97.6, 97.5, 97.3, 97.2, 97.1, 97.0, 96.8, 96.7, 96.6, 96.3, 96.1, 96.0, 95.6, 95.5, 95.4, 94.9, 94.7, 94.6, 94.4, 94.3, 94.2, 94.1, 94.0, 93.8, 93.7, 93.5, 93.4, 93.2, 93.1, 92.7, 92.3, 92.0, 91.8, 91.7, 91.2, 91.0, 90.8, 90.6, 90.5, 90.2, 89.7, 89.6, 89.2, 88.8, 88.7, 88.5, 88.2, 88.0, 87.6, 87.4, 87.3, 87.1, 86.7, 86.6, 86.2, 86.1, 85.9, 85.4, 85.2, 85.0, 84.4, 83.9, 83.8, 83.5, 83.2, 83.1, 82.9, 82.6, 82.4, 82.1, 81.9, 81.8, 81.7, 81.5, 81.2, 80.6, 80.5, 80.0, 79.8, 79.4, 79.2, 79.1, 78.9, 78.7, 78.3, 77.8, 77.7, 77.5, 77.3, 77.0, 76.9, 76.6, 76.2, 76.0, 75.8, 75.7, 75.6, 75.4, 75.2, 74.7, 74.3, 74.2, 74.1, 73.6, 73.5, 73.4, 72.7, 72.3, 72.2, 71.8, 71.7, 71.6, 71.5, 71.3, 70.8, 70.3, 70.0, 69.9, 69.6, 69.5, 69.1, 68.8, 68.3, 68.2, 68.1, 67.9, 67.3, 67.1, 66.9, 66.5, 66.3, 66.0, 65.4, 65.3, 65.2, 64.9, 64.7, 64.4, 63.8, 63.5, 63.3, 63.1, 62.8, 62.6, 62.1, 61.6, 61.4, 61.3, 61.0, 60.8, 60.5, 60.2, 60.1, 59.9, 59.3, 58.9, 58.5, 58.3, 58.0, 57.5, 57.3, 57.0, 56.7, 56.3, 56.0, 55.7, 55.5, 55.2, 55.0, 54.7, 54.3, 53.9, 53.3, 53.1, 52.8, 52.1, 51.9, 51.7, 51.4, 51.1, 50.6, 50.4, 49.9, 49.7, 49.5, 49.3, 48.8, 48.7, 48.4, 47.6, 47.3, 47.2, 47.1, 46.6, 46.2, 46.0, 45.5, 45.2, 44.9, 44.7, 44.5, 44.3, 43.8, 43.4, 43.1, 42.5, 42.0, 41.9, 41.7, 41.1, 40.7, 40.5, 40.0, 39.7, 39.3, 39.0, 38.8, 38.2, 38.0, 37.7, 37.4, 37.3, 37.2, 37.0, 36.7, 36.4, 36.1, 35.7, 35.3, 34.8, 34.7, 34.2, 33.900000000000006, 33.7, 33.099999999999994, 32.900000000000006, 32.599999999999994, 32.3, 32.099999999999994, 31.700000000000003, 31.400000000000006, 31.299999999999997, 31.0, 30.900000000000006, 30.599999999999994, 30.200000000000003, 30.0, 29.700000000000003, 29.299999999999997, 28.900000000000006, 28.799999999999997, 28.400000000000006, 27.900000000000006, 27.799999999999997, 27.599999999999994, 27.400000000000006, 26.799999999999997, 26.700000000000003, 26.0, 25.900000000000006, 25.799999999999997, 25.400000000000006, 24.900000000000006, 24.5, 24.200000000000003, 23.900000000000006, 23.099999999999994, 22.400000000000006, 22.299999999999997, 21.799999999999997, 21.700000000000003, 21.5, 21.400000000000006, 20.700000000000003, 20.5, 20.400000000000006, 20.299999999999997, 19.900000000000006, 19.700000000000003, 19.400000000000006, 19.200000000000003, 18.799999999999997, 18.700000000000003, 18.400000000000006, 18.200000000000003, 18.099999999999994, 18.0, 17.799999999999997, 17.400000000000006, 17.200000000000003, 16.799999999999997, 16.599999999999994, 16.400000000000006, 15.700000000000003, 15.200000000000003, 14.5, 13.5, 12.700000000000003, 12.200000000000003, 11.799999999999997, 10.5, 10.099999999999994, 9.799999999999997, 9.5, 8.700000000000003, 8.200000000000003, 8.0, 7.5, 7.200000000000003, 6.299999999999997, 5.799999999999997, 5.400000000000006, 5.099999999999994, 4.599999999999994, 4.200000000000003, 3.9000000000000057, 3.5, 3.299999999999997, 3.0999999999999943, 3.0, 2.799999999999997, 2.5999999999999943, 2.299999999999997, 2.0, 1.9000000000000057, 1.5, 1.4000000000000057, 1.0999999999999943, 0.7999999999999972, 0.7000000000000028, 0.5999999999999943, 0.5, 0.29999999999999716, 0.20000000000000284, -0.09999999999999432], "x": [301, 304, 313, 329, 335, 336, 347, 351, 355, 358, 359, 360, 363, 364, 370, 373, 376, 382, 383, 385, 386, 390, 392, 393, 396, 397, 400, 402, 403, 404, 405, 406, 407, 408, 409, 410, 411, 412, 414, 418, 420, 422, 423, 424, 427, 428, 429, 430, 433, 434, 435, 436, 437, 439, 440, 441, 443, 444, 445, 446, 447, 448, 450, 451, 452, 453, 454, 455, 456, 457, 458, 459, 461, 462, 463, 464, 465, 466, 467, 468, 470, 471, 472, 473, 474, 475, 476, 477, 478, 479, 480, 481, 482, 483, 484, 486, 487, 488, 490, 491, 492, 493, 494, 495, 496, 497, 498, 499, 500, 501, 502, 503, 504, 505, 506, 507, 508, 509, 510, 511, 512, 513, 514, 515, 516, 517, 519, 520, 522, 523, 524, 525, 527, 528, 529, 530, 531, 532, 533, 534, 535, 536, 537, 538, 539, 540, 541, 542, 543, 544, 545, 546, 548, 549, 550, 551, 552, 553, 554, 555, 556, 557, 558, 559, 560, 561, 562, 563, 564, 565, 566, 567, 568, 569, 570, 571, 572, 573, 574, 575, 576, 577, 578, 579, 580, 581, 582, 583, 584, 585, 586, 587, 588, 589, 590, 592, 593, 594, 595, 596, 597, 598, 599, 600, 601, 602, 603, 604, 605, 606, 607, 608, 609, 610, 611, 612, 613, 614, 615, 618, 619, 620, 622, 624, 625, 626, 627, 628, 629, 630, 631, 632, 633, 634, 635, 636, 637, 638, 639, 640, 641, 642, 643, 644, 645, 646, 647, 649, 650, 651, 652, 653, 654, 655, 656, 657, 658, 659, 660, 662, 663, 664, 665, 666, 668, 669, 670, 671, 672, 673, 674, 675, 676, 677, 678, 680, 681, 682, 683, 684, 685, 686, 687, 688, 689, 690, 692, 693, 695, 696, 697, 699, 700, 702, 703, 704, 705, 706, 708, 709, 710, 712, 713, 714, 715, 716, 717, 718, 719, 720, 721, 722, 723, 724, 725, 726, 727, 728, 729, 730, 732, 733, 734, 735, 736, 737, 738, 739, 740, 742, 743, 744, 745, 746, 747, 748, 749, 751, 752, 753, 754, 755, 756, 758, 760, 763, 768, 778, 780, 787, 788, 800, 810, 829]}}