{"histogram": {"y": [1, 5, 8, 18, 21, 46, 56, 79, 91, 131, 160, 223, 225, 264, 295, 309, 334, 386, 383, 379, 351, 361, 384, 383, 370, 312, 312, 306, 287, 262, 233, 202, 585, 404, 124, 47, 9, 4, 2, 9, 0, 0], "x": [240, 255, 270, 285, 300, 315, 330, 345, 360, 375, 390, 405, 420, 435, 450, 465, 480, 495, 510, 525, 540, 555, 570, 585, 600, 615, 630, 645, 660, 675, 690, 705, 720, 735, 750, 765, 780, 795, 810, 825, 840, 855]}, "percentile": {"y": [100.0, 100.0, 100.0, 100.0, 100.0, 100.0, 100.0, 99.9, 99.9, 99.9, 99.9, 99.9, 99.8, 99.8, 99.8, 99.8, 99.8, 99.8, 99.7, 99.7, 99.7, 99.6, 99.6, 99.6, 99.6, 99.5, 99.5, 99.5, 99.5, 99.4, 99.4, 99.4, 99.4, 99.3, 99.3, 99.3, 99.2, 99.2, 99.1, 99.1, 99.0, 99.0, 98.9, 98.9, 98.8, 98.7, 98.7, 98.6, 98.6, 98.6, 98.5, 98.5, 98.4, 98.4, 98.4, 98.3, 98.3, 98.3, 98.2, 98.2, 98.1, 98.1, 98.1, 98.0, 97.9, 97.8, 97.7, 97.7, 97.7, 97.6, 97.5, 97.4, 97.3, 97.3, 97.2, 97.1, 97.0, 97.0, 97.0, 96.9, 96.8, 96.7, 96.6, 96.5, 96.4, 96.4, 96.3, 96.3, 96.2, 96.1, 96.0, 95.9, 95.8, 95.7, 95.7, 95.6, 95.4, 95.3, 95.2, 95.1, 95.0, 94.9, 94.7, 94.6, 94.5, 94.3, 94.2, 94.1, 94.0, 93.9, 93.8, 93.7, 93.5, 93.4, 93.3, 93.1, 93.0, 92.8, 92.7, 92.5, 92.3, 92.1, 91.9, 91.7, 91.6, 91.4, 91.3, 91.0, 90.8, 90.7, 90.5, 90.3, 90.2, 90.0, 89.9, 89.8, 89.6, 89.5, 89.3, 89.1, 89.0, 88.9, 88.6, 88.4, 88.2, 88.0, 87.9, 87.6, 87.3, 87.1, 86.9, 86.7, 86.5, 86.3, 86.0, 85.9, 85.7, 85.5, 85.2, 85.0, 84.8, 84.6, 84.4, 84.2, 83.9, 83.8, 83.6, 83.3, 83.0, 82.8, 82.6, 82.3, 82.1, 81.9, 81.7, 81.3, 81.1, 80.9, 80.6, 80.5, 80.4, 80.2, 80.0, 79.7, 79.4, 79.2, 78.9, 78.7, 78.4, 78.1, 77.9, 77.6, 77.3, 76.9, 76.7, 76.5, 76.1, 75.8, 75.5, 75.4, 75.0, 74.7, 74.5, 74.2, 74.0, 73.8, 73.5, 73.2, 72.9, 72.7, 72.4, 72.2, 71.9, 71.6, 71.1, 70.7, 70.4, 70.1, 69.7, 69.4, 69.2, 68.9, 68.6, 68.3, 68.0, 67.6, 67.3, 67.0, 66.7, 66.3, 66.1, 65.8, 65.5, 65.1, 64.8, 64.5, 64.3, 64.0, 63.7, 63.1, 62.8, 62.5, 62.2, 61.9, 61.6, 61.3, 61.1, 60.8, 60.5, 60.2, 60.0, 59.7, 59.4, 59.2, 58.9, 58.6, 58.4, 58.1, 57.8, 57.7, 57.4, 57.1, 56.9, 56.6, 56.3, 56.0, 55.7, 55.4, 55.0, 54.6, 54.5, 54.2, 53.9, 53.6, 53.2, 53.0, 52.7, 52.4, 52.1, 51.8, 51.5, 51.1, 50.9, 50.7, 50.2, 50.0, 49.7, 49.4, 49.2, 48.8, 48.4, 48.2, 47.9, 47.5, 47.3, 47.1, 46.7, 46.4, 46.1, 45.8, 45.5, 45.2, 44.8, 44.6, 44.3, 44.1, 43.7, 43.5, 43.2, 42.8, 42.5, 42.2, 41.8, 41.5, 41.0, 40.8, 40.6, 40.3, 40.0, 39.7, 39.4, 39.2, 38.8, 38.6, 38.3, 38.0, 37.7, 37.5, 37.1, 36.7, 36.4, 36.2, 36.0, 35.7, 35.400000000000006, 35.2, 34.900000000000006, 34.8, 34.5, 34.3, 34.099999999999994, 33.8, 33.599999999999994, 33.400000000000006, 32.900000000000006, 32.7, 32.5, 32.3, 32.099999999999994, 31.900000000000006, 31.599999999999994, 31.400000000000006, 31.099999999999994, 30.900000000000006, 30.599999999999994, 30.299999999999997, 30.099999999999994, 29.900000000000006, 29.599999999999994, 29.299999999999997, 29.099999999999994, 28.900000000000006, 28.5, 28.400000000000006, 28.099999999999994, 27.900000000000006, 27.599999999999994, 27.400000000000006, 27.0, 26.700000000000003, 26.599999999999994, 26.400000000000006, 26.200000000000003, 26.0, 25.700000000000003, 25.599999999999994, 25.299999999999997, 25.0, 24.700000000000003, 24.400000000000006, 24.200000000000003, 24.0, 23.900000000000006, 23.700000000000003, 23.400000000000006, 23.099999999999994, 22.900000000000006, 22.799999999999997, 22.5, 22.200000000000003, 22.0, 21.799999999999997, 21.700000000000003, 21.5, 21.200000000000003, 21.0, 20.900000000000006, 20.700000000000003, 20.5, 20.200000000000003, 20.0, 19.700000000000003, 19.599999999999994, 19.400000000000006, 18.900000000000006, 18.799999999999997, 18.599999999999994, 18.400000000000006, 18.200000000000003, 18.0, 17.900000000000006, 17.799999999999997, 17.599999999999994, 17.5, 17.200000000000003, 17.099999999999994, 16.900000000000006, 16.700000000000003, 16.599999999999994, 16.299999999999997, 16.200000000000003, 16.099999999999994, 15.900000000000006, 15.799999999999997, 15.599999999999994, 15.5, 15.299999999999997, 15.099999999999994, 15.0, 14.799999999999997, 14.700000000000003, 14.599999999999994, 14.400000000000006, 14.200000000000003, 13.799999999999997, 13.400000000000006, 13.0, 12.400000000000006, 11.900000000000006, 11.200000000000003, 10.599999999999994, 10.200000000000003, 9.400000000000006, 8.799999999999997, 8.200000000000003, 8.0, 7.799999999999997, 7.5, 7.200000000000003, 6.799999999999997, 6.5, 6.200000000000003, 6.0, 5.599999999999994, 4.5, 4.299999999999997, 4.0, 3.799999999999997, 3.5999999999999943, 3.299999999999997, 3.0999999999999943, 2.799999999999997, 2.5999999999999943, 2.4000000000000057, 2.299999999999997, 2.200000000000003, 2.0, 1.9000000000000057, 1.7000000000000028, 1.7000000000000028, 1.5999999999999943, 1.5, 1.2999999999999972, 1.2000000000000028, 1.0999999999999943, 1.0, 0.9000000000000057, 0.9000000000000057, 0.7999999999999972, 0.7000000000000028, 0.7000000000000028, 0.7000000000000028, 0.5999999999999943, 0.5999999999999943, 0.5, 0.5, 0.4000000000000057, 0.4000000000000057, 0.29999999999999716, 0.29999999999999716, 0.29999999999999716, 0.29999999999999716, 0.20000000000000284, 0.20000000000000284, 0.20000000000000284, 0.20000000000000284, 0.20000000000000284, 0.20000000000000284, 0.20000000000000284, 0.09999999999999432, 0.09999999999999432, 0.0], "x": [241, 256, 257, 258, 267, 271, 277, 281, 282, 283, 285, 286, 287, 290, 291, 293, 294, 295, 296, 298, 299, 301, 303, 305, 307, 308, 309, 310, 311, 312, 314, 316, 317, 318, 319, 320, 321, 322, 323, 324, 325, 327, 328, 329, 330, 331, 332, 333, 334, 335, 336, 337, 338, 339, 340, 341, 342, 343, 344, 345, 346, 347, 348, 349, 350, 351, 352, 353, 354, 355, 356, 357, 358, 359, 360, 361, 362, 363, 364, 365, 366, 367, 368, 369, 370, 371, 372, 373, 374, 375, 376, 377, 378, 379, 380, 381, 382, 383, 384, 385, 386, 387, 388, 389, 390, 391, 392, 393, 394, 395, 396, 397, 398, 399, 400, 401, 402, 403, 404, 405, 406, 407, 408, 409, 410, 411, 412, 413, 414, 415, 416, 417, 418, 419, 420, 421, 422, 423, 424, 425, 426, 427, 428, 429, 430, 431, 432, 433, 434, 435, 436, 437, 438, 439, 440, 441, 442, 443, 444, 445, 446, 447, 448, 449, 450, 451, 452, 453, 454, 455, 456, 457, 458, 459, 460, 461, 462, 463, 464, 465, 466, 467, 468, 469, 470, 471, 472, 473, 474, 475, 476, 477, 478, 479, 480, 481, 482, 483, 484, 485, 486, 487, 488, 489, 490, 491, 492, 493, 494, 495, 496, 497, 498, 499, 500, 501, 502, 503, 504, 505, 506, 507, 508, 509, 510, 511, 512, 513, 514, 515, 516, 517, 518, 519, 520, 521, 522, 523, 524, 525, 526, 527, 528, 529, 530, 531, 532, 533, 534, 535, 536, 537, 538, 539, 540, 541, 542, 543, 544, 545, 546, 547, 548, 549, 550, 551, 552, 553, 554, 555, 556, 557, 558, 559, 560, 561, 562, 563, 564, 565, 566, 567, 568, 569, 570, 571, 572, 573, 574, 575, 576, 577, 578, 579, 580, 581, 582, 583, 584, 585, 586, 587, 588, 589, 590, 591, 592, 593, 594, 595, 596, 597, 598, 599, 600, 601, 602, 603, 604, 605, 606, 607, 608, 609, 610, 611, 612, 613, 614, 615, 616, 617, 618, 619, 620, 621, 622, 623, 624, 625, 626, 627, 628, 629, 630, 631, 632, 633, 634, 635, 636, 637, 638, 639, 640, 641, 642, 643, 644, 645, 646, 647, 648, 649, 650, 651, 652, 653, 654, 655, 656, 657, 658, 659, 660, 661, 662, 663, 664, 665, 666, 667, 668, 669, 670, 671, 672, 673, 674, 675, 676, 677, 678, 679, 680, 681, 682, 683, 684, 685, 686, 687, 688, 689, 690, 691, 692, 693, 694, 695, 696, 697, 698, 699, 700, 701, 702, 703, 704, 705, 706, 707, 708, 709, 710, 711, 712, 713, 714, 715, 716, 717, 718, 719, 720, 721, 722, 723, 724, 725, 726, 727, 728, 729, 730, 731, 732, 733, 734, 735, 736, 737, 738, 739, 740, 741, 742, 743, 744, 745, 746, 747, 748, 749, 750, 751, 752, 753, 754, 755, 756, 757, 758, 759, 760, 761, 763, 764, 765, 766, 767, 768, 769, 770, 771, 772, 773, 774, 775, 778, 781, 782, 783, 784, 797, 799, 800, 806, 810, 818, 828, 829]}}