{"percentile": {"x": [329, 350, 370, 382, 417, 424, 426, 454, 462, 464, 473, 482, 493, 499, 536, 556, 560, 574, 584, 622, 655, 665, 668, 694, 740, 770], "y": [96.2, 92.4, 88.5, 84.7, 80.8, 77.0, 73.1, 69.3, 65.4, 57.7, 53.9, 50.0, 46.2, 42.4, 38.5, 34.7, 30.799999999999997, 27.0, 23.099999999999994, 19.299999999999997, 15.400000000000006, 11.599999999999994, 7.700000000000003, 3.9000000000000057, 0.0, -3.799999999999997]}, "histogram": {"x": [315, 330, 345, 360, 375, 390, 405, 420, 435, 450, 465, 480, 495, 510, 525, 540, 555, 570, 585, 600, 615, 630, 645, 660, 675, 690, 705, 720, 735, 750, 765, 780], "y": [1, 0, 1, 1, 1, 0, 1, 2, 0, 4, 1, 2, 1, 0, 1, 0, 2, 2, 0, 0, 1, 0, 1, 2, 0, 1, 0, 0, 1, 0, 1, 0]}}