{"histogram": {"x": [360, 375, 390, 405, 420, 435, 450, 465, 480, 495, 510, 525, 540, 555, 570, 585, 600, 615, 630, 645, 660, 675, 690, 705, 720, 735, 750, 765], "y": [1, 0, 0, 0, 0, 0, 0, 0, 1, 0, 0, 2, 0, 0, 0, 1, 0, 0, 0, 0, 0, 0, 1, 1, 2, 1, 0, 0]}, "percentile": {"x": [364, 494, 528, 532, 586, 701, 705, 720, 724, 745], "y": [88.9, 77.8, 66.7, 55.6, 44.5, 33.400000000000006, 22.299999999999997, 11.200000000000003, 0.0, -11.099999999999994]}}