{"histogram": {"y": [1, 1, 0, 0, 1, 0, 4, 3, 4, 11, 18, 20, 20, 30, 32, 40, 43, 47, 46, 59, 39, 35, 34, 42, 27, 19, 36, 18, 20, 14, 19, 16, 50, 15, 4, 0, 0, 0, 0, 1, 0], "x": [240, 255, 270, 285, 300, 315, 330, 345, 360, 375, 390, 405, 420, 435, 450, 465, 480, 495, 510, 525, 540, 555, 570, 585, 600, 615, 630, 645, 660, 675, 690, 705, 720, 735, 750, 765, 780, 795, 810, 825, 840]}, "percentile": {"y": [99.9, 99.8, 99.7, 99.5, 99.4, 99.3, 99.1, 99.0, 98.9, 98.7, 98.6, 98.5, 98.4, 98.2, 98.1, 98.0, 97.8, 97.7, 97.4, 97.2, 96.9, 96.8, 96.5, 96.4, 96.1, 96.0, 95.6, 95.5, 95.2, 95.1, 94.8, 94.6, 94.5, 94.3, 94.2, 93.9, 93.7, 93.5, 93.4, 93.1, 93.0, 92.6, 92.5, 92.4, 91.8, 91.6, 91.5, 91.3, 91.2, 91.1, 90.8, 90.5, 90.4, 90.3, 89.8, 89.5, 89.2, 89.1, 89.0, 88.7, 88.6, 88.5, 87.8, 87.5, 87.2, 86.9, 86.5, 86.2, 85.9, 85.7, 85.3, 84.6, 84.3, 84.0, 83.5, 83.4, 83.0, 82.7, 82.6, 82.3, 82.0, 81.3, 81.2, 80.8, 80.6, 80.5, 80.0, 79.6, 78.8, 78.6, 78.4, 78.3, 77.9, 77.7, 77.5, 77.1, 76.4, 76.0, 75.2, 75.0, 74.3, 73.9, 73.7, 73.5, 73.4, 73.2, 72.6, 72.2, 71.8, 71.5, 71.4, 71.1, 70.4, 70.0, 69.6, 68.9, 68.7, 67.9, 67.8, 67.4, 67.1, 66.7, 66.2, 65.9, 65.2, 64.8, 64.2, 63.3, 63.1, 62.8, 62.3, 61.8, 61.2, 60.3, 59.6, 59.4, 59.2, 58.9, 58.5, 58.4, 58.3, 57.6, 57.0, 56.3, 56.0, 55.5, 54.3, 54.2, 53.8, 53.0, 52.4, 52.1, 51.6, 51.0, 50.8, 50.6, 49.8, 49.7, 48.6, 48.5, 48.2, 47.8, 47.4, 47.1, 46.9, 46.8, 46.4, 45.9, 45.8, 45.5, 45.0, 44.7, 44.6, 44.3, 43.7, 43.3, 42.9, 42.6, 42.5, 42.1, 41.6, 41.3, 40.9, 40.3, 39.9, 39.8, 39.6, 39.0, 38.6, 37.8, 37.5, 37.0, 36.8, 36.6, 36.5, 35.900000000000006, 35.7, 35.3, 34.8, 34.599999999999994, 34.2, 34.0, 33.099999999999994, 32.7, 32.5, 32.099999999999994, 31.700000000000003, 31.200000000000003, 31.0, 30.5, 30.400000000000006, 30.099999999999994, 30.0, 29.599999999999994, 29.099999999999994, 28.799999999999997, 28.700000000000003, 28.599999999999994, 28.400000000000006, 28.200000000000003, 28.0, 27.799999999999997, 27.5, 27.299999999999997, 27.0, 26.900000000000006, 26.200000000000003, 26.099999999999994, 26.0, 25.799999999999997, 25.700000000000003, 25.599999999999994, 25.0, 23.599999999999994, 22.799999999999997, 22.400000000000006, 22.200000000000003, 22.099999999999994, 21.900000000000006, 21.5, 21.099999999999994, 20.900000000000006, 20.599999999999994, 20.400000000000006, 19.799999999999997, 19.700000000000003, 19.599999999999994, 18.799999999999997, 18.700000000000003, 18.400000000000006, 18.099999999999994, 18.0, 17.5, 17.400000000000006, 17.099999999999994, 17.0, 16.799999999999997, 16.599999999999994, 15.900000000000006, 15.5, 15.400000000000006, 15.299999999999997, 15.200000000000003, 15.0, 14.900000000000006, 14.200000000000003, 14.099999999999994, 14.0, 13.700000000000003, 13.599999999999994, 12.900000000000006, 12.799999999999997, 12.5, 12.400000000000006, 12.299999999999997, 12.200000000000003, 11.799999999999997, 11.599999999999994, 11.400000000000006, 11.200000000000003, 11.099999999999994, 11.0, 10.700000000000003, 10.599999999999994, 10.5, 10.299999999999997, 10.099999999999994, 9.900000000000006, 9.599999999999994, 9.400000000000006, 9.299999999999997, 9.0, 7.5, 7.099999999999994, 6.700000000000003, 6.0, 5.799999999999997, 5.5, 4.900000000000006, 4.599999999999994, 4.299999999999997, 4.200000000000003, 3.4000000000000057, 3.299999999999997, 2.9000000000000057, 2.5, 2.299999999999997, 2.0999999999999943, 1.9000000000000057, 1.5999999999999943, 1.5, 1.4000000000000057, 1.2000000000000028, 1.0999999999999943, 1.0, 0.7999999999999972, 0.7000000000000028, 0.5999999999999943, 0.4000000000000057, 0.29999999999999716, 0.0, -0.09999999999999432], "x": [254, 268, 310, 336, 338, 340, 341, 345, 351, 355, 368, 370, 371, 373, 377, 379, 380, 381, 382, 384, 387, 389, 390, 391, 393, 394, 396, 398, 399, 400, 402, 403, 404, 405, 406, 407, 408, 410, 411, 412, 413, 414, 416, 417, 418, 420, 421, 424, 425, 426, 427, 428, 429, 430, 432, 433, 434, 435, 436, 437, 438, 439, 440, 441, 442, 443, 444, 445, 446, 447, 448, 450, 451, 452, 453, 454, 455, 456, 457, 459, 460, 462, 464, 465, 466, 467, 468, 469, 470, 471, 472, 473, 474, 475, 476, 477, 478, 479, 480, 481, 482, 483, 484, 485, 486, 487, 488, 489, 490, 491, 492, 493, 494, 495, 496, 497, 498, 499, 500, 502, 503, 504, 505, 506, 507, 508, 509, 510, 511, 512, 513, 514, 515, 516, 517, 519, 520, 521, 522, 523, 524, 525, 526, 527, 528, 529, 530, 531, 532, 533, 534, 535, 536, 537, 538, 539, 540, 541, 542, 543, 544, 545, 546, 548, 549, 550, 551, 552, 553, 554, 555, 556, 557, 558, 560, 561, 562, 564, 565, 566, 567, 568, 569, 570, 571, 572, 573, 575, 576, 578, 579, 580, 581, 583, 584, 585, 586, 587, 588, 589, 590, 592, 593, 594, 595, 596, 597, 598, 599, 600, 601, 602, 603, 604, 605, 606, 607, 608, 609, 610, 611, 612, 613, 615, 616, 617, 618, 620, 623, 626, 627, 628, 629, 630, 631, 632, 633, 635, 636, 637, 638, 639, 640, 644, 645, 647, 648, 650, 653, 654, 658, 659, 660, 662, 663, 664, 665, 667, 670, 672, 674, 675, 676, 678, 679, 680, 681, 682, 684, 688, 690, 691, 692, 693, 694, 695, 697, 700, 701, 702, 703, 705, 706, 708, 710, 711, 712, 714, 715, 717, 718, 719, 720, 721, 722, 723, 724, 725, 726, 727, 728, 729, 730, 731, 732, 734, 735, 738, 739, 740, 741, 742, 743, 744, 745, 746, 748, 749, 753, 755, 756, 828]}}