{"histogram": {"y": [3, 2, 11, 12, 17, 19, 26, 34, 34, 47, 55, 62, 59, 76, 69, 89, 81, 98, 89, 98, 89, 110, 97, 85, 97, 92, 92, 66, 91, 70, 213, 183, 75, 13, 5, 0, 3, 1, 0, 0], "x": [270, 285, 300, 315, 330, 345, 360, 375, 390, 405, 420, 435, 450, 465, 480, 495, 510, 525, 540, 555, 570, 585, 600, 615, 630, 645, 660, 675, 690, 705, 720, 735, 750, 765, 780, 795, 810, 825, 840, 855]}, "percentile": {"y": [100.0, 100.0, 99.9, 99.9, 99.8, 99.8, 99.7, 99.7, 99.6, 99.5, 99.4, 99.4, 99.3, 99.2, 99.2, 99.2, 99.1, 99.1, 98.9, 98.9, 98.9, 98.7, 98.7, 98.6, 98.5, 98.5, 98.4, 98.4, 98.3, 98.3, 98.1, 98.1, 97.9, 97.8, 97.8, 97.7, 97.6, 97.5, 97.4, 97.4, 97.3, 97.3, 97.2, 97.0, 96.9, 96.7, 96.7, 96.7, 96.6, 96.5, 96.5, 96.4, 96.4, 96.2, 96.0, 95.8, 95.7, 95.5, 95.4, 95.3, 95.2, 95.1, 95.1, 95.0, 94.8, 94.7, 94.6, 94.4, 94.3, 94.2, 94.1, 94.1, 94.0, 93.8, 93.5, 93.4, 93.4, 93.1, 92.9, 92.7, 92.6, 92.4, 92.3, 92.2, 92.0, 92.0, 91.9, 91.8, 91.7, 91.4, 91.4, 91.2, 90.8, 90.7, 90.5, 90.4, 90.3, 90.0, 90.0, 89.7, 89.5, 89.3, 89.3, 89.2, 89.1, 89.0, 88.9, 88.7, 88.6, 88.5, 88.3, 88.1, 87.9, 87.7, 87.4, 87.3, 87.0, 86.8, 86.8, 86.6, 86.4, 86.3, 86.2, 86.0, 85.9, 85.7, 85.6, 85.4, 85.2, 85.1, 84.9, 84.8, 84.6, 84.4, 84.2, 83.9, 83.8, 83.7, 83.6, 83.5, 83.2, 82.9, 82.6, 82.4, 82.4, 82.2, 81.9, 81.7, 81.4, 81.0, 80.7, 80.5, 80.4, 80.3, 80.0, 79.6, 79.3, 79.3, 79.2, 79.0, 78.6, 78.5, 78.3, 78.2, 77.8, 77.5, 77.1, 76.8, 76.4, 76.3, 76.0, 75.8, 75.6, 75.2, 75.0, 74.8, 74.4, 74.4, 74.3, 74.0, 74.0, 73.7, 73.2, 73.0, 72.8, 72.7, 72.5, 72.3, 72.0, 71.7, 71.4, 71.3, 71.1, 70.9, 70.6, 70.2, 69.9, 69.5, 69.3, 69.2, 68.9, 68.7, 68.3, 68.1, 67.7, 67.6, 67.4, 67.2, 66.7, 66.4, 66.0, 65.8, 65.5, 65.3, 65.1, 64.9, 64.5, 64.4, 64.2, 64.0, 63.6, 63.4, 63.0, 62.8, 62.7, 62.5, 62.0, 61.8, 61.4, 61.1, 60.9, 60.7, 60.5, 60.1, 60.0, 59.6, 59.1, 58.9, 58.8, 58.5, 58.2, 57.9, 57.7, 57.5, 57.2, 57.0, 56.6, 56.3, 56.1, 56.1, 55.6, 55.3, 55.0, 54.8, 54.7, 54.4, 54.2, 53.9, 53.4, 53.1, 52.8, 52.5, 52.3, 51.9, 51.4, 51.1, 50.8, 50.5, 50.2, 50.1, 49.7, 49.5, 49.3, 49.1, 48.9, 48.5, 48.3, 48.0, 47.8, 47.4, 47.1, 46.8, 46.4, 46.2, 46.0, 45.4, 45.3, 45.2, 44.9, 44.7, 44.2, 43.9, 43.7, 43.5, 43.2, 42.9, 42.9, 42.7, 42.5, 42.4, 42.0, 41.8, 41.6, 41.5, 41.2, 40.7, 40.7, 40.4, 40.1, 39.9, 39.4, 39.2, 38.7, 38.5, 38.3, 37.9, 37.5, 37.1, 36.8, 36.6, 36.4, 36.2, 36.0, 35.8, 35.3, 35.0, 34.900000000000006, 34.599999999999994, 34.400000000000006, 34.0, 33.8, 33.5, 33.2, 32.900000000000006, 32.7, 32.400000000000006, 32.400000000000006, 32.099999999999994, 31.900000000000006, 31.400000000000006, 31.099999999999994, 31.0, 30.700000000000003, 30.5, 30.099999999999994, 29.900000000000006, 29.700000000000003, 29.599999999999994, 29.400000000000006, 29.099999999999994, 29.0, 28.799999999999997, 28.799999999999997, 28.599999999999994, 28.400000000000006, 28.200000000000003, 28.0, 27.799999999999997, 27.700000000000003, 27.099999999999994, 27.0, 26.799999999999997, 26.599999999999994, 26.5, 26.200000000000003, 26.0, 25.799999999999997, 25.5, 25.299999999999997, 24.799999999999997, 24.599999999999994, 24.400000000000006, 24.0, 23.799999999999997, 23.599999999999994, 23.599999999999994, 23.400000000000006, 23.099999999999994, 23.0, 22.700000000000003, 22.599999999999994, 22.400000000000006, 22.099999999999994, 21.599999999999994, 21.299999999999997, 21.099999999999994, 21.0, 20.900000000000006, 20.400000000000006, 19.900000000000006, 19.299999999999997, 18.700000000000003, 18.0, 17.700000000000003, 16.700000000000003, 15.700000000000003, 14.799999999999997, 13.799999999999997, 12.900000000000006, 12.799999999999997, 12.599999999999994, 12.099999999999994, 11.900000000000006, 11.099999999999994, 10.799999999999997, 10.400000000000006, 10.099999999999994, 9.599999999999994, 8.099999999999994, 7.5, 7.099999999999994, 6.5, 6.099999999999994, 5.599999999999994, 5.099999999999994, 4.799999999999997, 4.700000000000003, 4.099999999999994, 4.0, 3.9000000000000057, 3.5999999999999943, 3.5, 3.0999999999999943, 2.9000000000000057, 2.5999999999999943, 2.299999999999997, 1.7000000000000028, 1.4000000000000057, 1.4000000000000057, 1.2000000000000028, 1.0999999999999943, 1.0, 0.9000000000000057, 0.9000000000000057, 0.9000000000000057, 0.7999999999999972, 0.7999999999999972, 0.7000000000000028, 0.7000000000000028, 0.5999999999999943, 0.4000000000000057, 0.4000000000000057, 0.29999999999999716, 0.29999999999999716, 0.29999999999999716, 0.20000000000000284, 0.20000000000000284, 0.09999999999999432, 0.09999999999999432, 0.0, 0.0], "x": [272, 278, 280, 294, 296, 302, 303, 304, 308, 309, 312, 313, 315, 316, 320, 321, 323, 324, 325, 327, 329, 330, 331, 333, 334, 335, 336, 337, 340, 342, 344, 345, 346, 347, 348, 349, 352, 354, 355, 356, 358, 360, 362, 363, 364, 365, 366, 367, 368, 370, 371, 372, 373, 374, 376, 377, 378, 380, 381, 382, 383, 384, 385, 387, 388, 390, 391, 393, 394, 395, 396, 398, 400, 401, 402, 403, 404, 405, 407, 408, 409, 410, 411, 412, 413, 414, 415, 416, 417, 418, 419, 420, 421, 422, 423, 424, 425, 426, 427, 428, 429, 430, 431, 432, 433, 434, 435, 436, 437, 438, 439, 440, 441, 442, 443, 444, 445, 446, 447, 448, 449, 450, 451, 452, 453, 454, 455, 456, 457, 458, 459, 460, 461, 462, 463, 464, 465, 466, 467, 468, 469, 470, 471, 472, 473, 474, 475, 476, 477, 478, 479, 480, 482, 483, 484, 485, 486, 487, 488, 489, 490, 491, 492, 493, 494, 495, 496, 497, 498, 499, 500, 501, 502, 503, 504, 505, 506, 507, 508, 509, 510, 511, 512, 513, 514, 515, 516, 517, 518, 519, 520, 521, 522, 523, 524, 525, 526, 527, 528, 529, 530, 531, 532, 533, 534, 535, 536, 537, 538, 539, 540, 541, 542, 543, 544, 545, 546, 547, 548, 549, 550, 551, 552, 553, 554, 555, 556, 557, 558, 559, 560, 561, 562, 563, 564, 565, 566, 567, 568, 569, 570, 571, 572, 573, 574, 575, 576, 577, 578, 579, 580, 581, 582, 583, 584, 585, 586, 587, 588, 589, 590, 591, 592, 593, 594, 595, 596, 597, 598, 599, 600, 601, 602, 603, 604, 605, 606, 607, 608, 609, 610, 611, 612, 613, 614, 615, 616, 617, 618, 619, 620, 621, 622, 623, 624, 625, 626, 627, 628, 629, 630, 631, 632, 633, 634, 635, 636, 637, 638, 639, 640, 641, 642, 643, 644, 645, 646, 647, 648, 649, 650, 652, 653, 654, 655, 656, 657, 658, 659, 660, 661, 662, 663, 664, 665, 666, 667, 668, 669, 670, 671, 672, 673, 674, 675, 676, 677, 678, 679, 680, 681, 682, 683, 684, 685, 686, 687, 688, 689, 690, 691, 692, 693, 694, 695, 696, 697, 698, 699, 700, 701, 702, 703, 704, 705, 706, 707, 708, 709, 710, 711, 713, 714, 715, 716, 717, 718, 719, 720, 721, 722, 723, 724, 725, 726, 727, 728, 729, 730, 731, 732, 733, 734, 735, 736, 737, 738, 739, 740, 741, 742, 743, 744, 745, 746, 747, 748, 749, 750, 751, 752, 753, 754, 755, 756, 757, 758, 759, 760, 761, 762, 763, 764, 765, 766, 767, 768, 769, 770, 772, 774, 776, 780, 782, 785, 786, 788, 810, 815, 824, 829]}}