{"percentile": {"x": [317, 324, 335, 343, 348, 350, 351, 352, 353, 364, 367, 368, 380, 384, 386, 392, 398, 400, 401, 403, 404, 405, 407, 410, 415, 417, 420, 421, 423, 426, 427, 429, 430, 432, 433, 434, 435, 436, 442, 445, 446, 448, 450, 451, 453, 454, 458, 460, 462, 468, 473, 474, 475, 478, 480, 483, 484, 487, 488, 490, 496, 497, 498, 499, 500, 505, 507, 510, 511, 514, 516, 517, 519, 520, 524, 525, 526, 527, 530, 531, 534, 538, 545, 547, 548, 549, 550, 552, 553, 554, 557, 559, 560, 561, 562, 564, 565, 573, 575, 577, 578, 580, 584, 588, 590, 591, 595, 599, 600, 602, 605, 606, 610, 612, 614, 617, 621, 622, 624, 626, 627, 632, 636, 637, 638, 646, 648, 650, 654, 657, 658, 659, 660, 661, 662, 668, 682, 684, 687, 690, 691, 697, 703, 710, 713, 715, 720, 721, 722, 726, 727, 730, 735, 738, 753, 758, 759, 783], "y": [99.5, 99.0, 98.5, 98.0, 97.4, 96.9, 96.4, 95.9, 95.4, 94.8, 93.8, 93.3, 92.2, 91.7, 91.2, 90.7, 90.2, 89.6, 89.1, 88.6, 88.1, 87.5, 87.0, 86.5, 85.5, 84.9, 83.9, 83.4, 82.9, 82.3, 81.8, 81.3, 80.8, 80.3, 79.7, 79.2, 78.7, 78.2, 77.7, 77.1, 76.6, 75.6, 75.0, 74.5, 74.0, 73.5, 71.4, 70.9, 70.4, 69.8, 69.3, 68.8, 68.3, 67.8, 66.7, 66.2, 65.7, 64.6, 63.6, 63.1, 62.5, 62.0, 60.5, 59.9, 59.4, 58.9, 57.9, 57.3, 55.8, 55.3, 54.7, 53.7, 52.7, 51.6, 51.1, 50.6, 50.0, 49.5, 48.5, 48.0, 47.4, 46.9, 46.4, 45.9, 45.4, 44.3, 43.3, 42.8, 42.2, 41.7, 40.7, 39.6, 39.1, 38.6, 38.1, 37.5, 36.5, 36.0, 34.900000000000006, 34.400000000000006, 33.900000000000006, 33.400000000000006, 32.3, 31.799999999999997, 30.799999999999997, 29.700000000000003, 29.200000000000003, 28.700000000000003, 28.200000000000003, 27.099999999999994, 26.599999999999994, 26.099999999999994, 25.599999999999994, 25.0, 24.5, 24.0, 23.5, 23.0, 22.400000000000006, 21.900000000000006, 21.400000000000006, 20.900000000000006, 20.400000000000006, 19.799999999999997, 19.299999999999997, 18.799999999999997, 18.299999999999997, 17.799999999999997, 17.200000000000003, 16.700000000000003, 16.200000000000003, 15.700000000000003, 15.200000000000003, 14.599999999999994, 14.099999999999994, 13.599999999999994, 13.099999999999994, 12.5, 12.0, 11.5, 11.0, 10.5, 9.900000000000006, 9.400000000000006, 8.900000000000006, 8.400000000000006, 7.299999999999997, 5.799999999999997, 5.299999999999997, 4.200000000000003, 3.700000000000003, 2.700000000000003, 2.0999999999999943, 1.5999999999999943, 1.0999999999999943, 0.5999999999999943, 0.0, -0.5]}, "histogram": {"x": [315, 330, 345, 360, 375, 390, 405, 420, 435, 450, 465, 480, 495, 510, 525, 540, 555, 570, 585, 600, 615, 630, 645, 660, 675, 690, 705, 720, 735, 750, 765, 780, 795, 810], "y": [2, 2, 5, 4, 4, 6, 6, 11, 7, 10, 5, 9, 10, 13, 8, 10, 10, 8, 7, 8, 6, 4, 7, 4, 3, 4, 3, 11, 2, 3, 0, 1, 0, 0]}}