{"histogram": {"y": [1, 2, 0, 2, 1, 4, 3, 6, 3, 1, 6, 11, 4, 4, 2, 3, 3, 6, 7, 7, 5, 5, 7, 4, 4, 7, 11, 1, 0, 1, 0], "x": [345, 360, 375, 390, 405, 420, 435, 450, 465, 480, 495, 510, 525, 540, 555, 570, 585, 600, 615, 630, 645, 660, 675, 690, 705, 720, 735, 750, 765, 780, 795]}, "percentile": {"y": [99.2, 98.4, 97.5, 96.7, 95.9, 95.0, 93.4, 92.5, 91.7, 90.9, 90.0, 89.2, 88.4, 87.5, 86.7, 85.0, 84.2, 83.4, 82.5, 81.7, 80.9, 80.0, 79.2, 78.4, 77.5, 76.7, 75.9, 74.2, 73.4, 70.9, 70.0, 69.2, 68.4, 67.5, 66.7, 65.9, 65.0, 63.4, 62.5, 61.7, 60.9, 60.0, 59.2, 58.4, 57.5, 56.7, 55.9, 55.0, 54.2, 53.4, 52.5, 51.7, 50.0, 49.2, 48.4, 47.5, 46.7, 45.9, 45.0, 44.2, 43.4, 42.5, 41.7, 40.9, 40.0, 39.2, 38.4, 36.7, 35.900000000000006, 35.0, 33.400000000000006, 32.5, 31.700000000000003, 30.0, 29.200000000000003, 28.400000000000006, 26.700000000000003, 25.900000000000006, 25.0, 24.200000000000003, 22.5, 21.700000000000003, 20.900000000000006, 20.0, 19.200000000000003, 18.400000000000006, 17.5, 16.700000000000003, 15.900000000000006, 14.200000000000003, 13.400000000000006, 11.700000000000003, 10.900000000000006, 10.0, 9.200000000000003, 8.400000000000006, 5.0, 3.4000000000000057, 0.9000000000000057, 0.0, -0.7999999999999972], "x": [355, 370, 373, 391, 400, 419, 421, 431, 432, 435, 438, 448, 455, 458, 459, 461, 463, 473, 475, 478, 494, 498, 499, 501, 502, 505, 508, 511, 513, 515, 517, 518, 519, 521, 523, 530, 533, 538, 540, 541, 546, 551, 556, 561, 573, 575, 580, 585, 594, 599, 601, 605, 607, 609, 610, 616, 618, 619, 620, 622, 628, 629, 630, 631, 637, 638, 639, 640, 647, 650, 653, 659, 660, 661, 669, 674, 677, 679, 683, 687, 689, 690, 695, 702, 703, 705, 713, 715, 719, 723, 724, 725, 726, 734, 735, 737, 740, 741, 742, 752, 780]}}