{"percentile": {"y": [96.9, 93.8, 90.7, 87.5, 84.4, 81.3, 78.2, 75.0, 71.9, 65.7, 62.5, 59.4, 56.3, 53.2, 50.0, 46.9, 43.8, 37.5, 34.400000000000006, 31.299999999999997, 28.200000000000003, 25.0, 21.900000000000006, 18.799999999999997, 15.700000000000003, 12.5, 9.400000000000006, 6.299999999999997, 3.200000000000003, 0.0, -3.0999999999999943], "x": [390, 483, 488, 514, 516, 533, 542, 547, 557, 600, 614, 616, 632, 635, 642, 643, 645, 650, 687, 696, 699, 700, 706, 710, 722, 723, 730, 734, 742, 746, 829]}, "histogram": {"y": [1, 0, 0, 0, 0, 0, 2, 0, 2, 1, 2, 1, 0, 0, 3, 1, 4, 3, 0, 1, 3, 2, 4, 2, 0, 0, 0, 0, 0, 1, 0, 0], "x": [390, 405, 420, 435, 450, 465, 480, 495, 510, 525, 540, 555, 570, 585, 600, 615, 630, 645, 660, 675, 690, 705, 720, 735, 750, 765, 780, 795, 810, 825, 840, 855]}}