{"percentile": {"x": [289, 295, 332, 352, 359, 380, 396, 401, 405, 406, 415, 424, 426, 434, 438, 446, 447, 448, 452, 453, 456, 458, 459, 460, 462, 463, 464, 468, 474, 475, 476, 478, 479, 481, 483, 486, 488, 489, 490, 491, 492, 494, 495, 496, 498, 504, 505, 508, 510, 512, 513, 514, 515, 516, 518, 520, 521, 523, 526, 528, 529, 530, 531, 533, 534, 536, 537, 538, 540, 541, 542, 545, 547, 548, 550, 551, 552, 553, 554, 555, 557, 558, 559, 560, 561, 563, 564, 565, 570, 575, 576, 580, 581, 582, 585, 586, 587, 589, 592, 593, 597, 598, 599, 600, 602, 605, 606, 610, 619, 620, 622, 623, 624, 626, 628, 630, 631, 632, 633, 634, 635, 636, 638, 639, 640, 643, 645, 647, 648, 651, 653, 654, 658, 660, 661, 663, 666, 668, 669, 672, 673, 674, 675, 676, 677, 680, 681, 682, 685, 687, 690, 695, 696, 699, 701, 705, 708, 710, 712, 717, 719, 721, 722, 723, 724, 727, 730, 734, 738, 739, 740, 742, 744, 746, 752, 753, 758], "y": [99.7, 99.3, 98.9, 98.6, 98.2, 97.8, 97.4, 97.1, 96.7, 96.3, 95.9, 95.6, 95.2, 94.8, 94.4, 93.7, 92.9, 92.6, 92.2, 91.4, 90.7, 90.3, 89.9, 89.6, 89.2, 88.8, 88.4, 87.3, 86.6, 85.8, 85.4, 85.1, 84.7, 83.9, 83.6, 82.8, 82.4, 82.1, 81.7, 81.3, 80.9, 80.2, 79.5, 79.1, 78.7, 78.3, 77.2, 76.8, 76.5, 76.1, 75.7, 75.0, 74.6, 73.5, 73.1, 72.3, 72.0, 71.6, 70.8, 70.5, 70.1, 69.7, 69.0, 68.6, 67.5, 66.7, 66.3, 66.0, 65.2, 64.8, 63.3, 62.6, 61.8, 61.5, 61.1, 60.7, 60.3, 60.0, 59.2, 58.9, 58.5, 58.1, 57.7, 57.4, 57.0, 56.2, 55.5, 54.7, 54.4, 54.0, 53.2, 52.9, 52.1, 51.4, 50.6, 49.9, 49.1, 48.4, 47.6, 47.2, 46.5, 46.1, 45.7, 45.0, 44.2, 43.1, 42.4, 41.2, 40.9, 39.8, 39.4, 38.6, 38.3, 37.9, 36.8, 36.4, 36.0, 35.3, 34.900000000000006, 34.5, 32.599999999999994, 31.900000000000006, 31.099999999999994, 30.400000000000006, 28.900000000000006, 28.099999999999994, 26.299999999999997, 25.900000000000006, 25.5, 25.099999999999994, 24.400000000000006, 23.599999999999994, 22.900000000000006, 22.099999999999994, 21.400000000000006, 21.0, 20.599999999999994, 20.299999999999997, 19.900000000000006, 19.5, 18.799999999999997, 18.400000000000006, 18.0, 17.700000000000003, 16.5, 15.799999999999997, 15.400000000000006, 15.0, 14.700000000000003, 14.299999999999997, 13.200000000000003, 12.400000000000006, 12.0, 11.700000000000003, 11.299999999999997, 10.900000000000006, 9.400000000000006, 9.0, 8.700000000000003, 8.299999999999997, 7.900000000000006, 7.5, 7.200000000000003, 6.799999999999997, 6.400000000000006, 6.0, 5.299999999999997, 4.900000000000006, 4.200000000000003, 3.799999999999997, 3.0, 2.700000000000003, 2.299999999999997, 1.2000000000000028, 0.4000000000000057, 0.0, -0.29999999999999716]}, "histogram": {"x": [285, 300, 315, 330, 345, 360, 375, 390, 405, 420, 435, 450, 465, 480, 495, 510, 525, 540, 555, 570, 585, 600, 615, 630, 645, 660, 675, 690, 705, 720, 735, 750, 765, 780], "y": [2, 0, 0, 1, 2, 0, 1, 2, 3, 3, 6, 11, 10, 12, 9, 14, 15, 18, 12, 9, 15, 12, 12, 23, 14, 12, 11, 8, 9, 8, 10, 4, 0, 0]}}