{"histogram": {"y": [3, 2, 3, 1, 6, 10, 12, 12, 24, 22, 28, 33, 47, 34, 31, 44, 49, 38, 35, 38, 39, 46, 49, 32, 39, 38, 34, 28, 30, 26, 80, 57, 17, 6, 0, 0], "x": [270, 285, 300, 315, 330, 345, 360, 375, 390, 405, 420, 435, 450, 465, 480, 495, 510, 525, 540, 555, 570, 585, 600, 615, 630, 645, 660, 675, 690, 705, 720, 735, 750, 765, 780, 795]}, "percentile": {"y": [99.8, 99.7, 99.6, 99.5, 99.4, 99.2, 99.1, 99.0, 98.9, 98.8, 98.6, 98.5, 98.4, 98.3, 98.2, 97.9, 97.8, 97.6, 97.5, 97.4, 97.3, 97.1, 96.9, 96.8, 96.6, 96.5, 96.4, 96.3, 96.2, 96.1, 95.9, 95.7, 95.6, 95.5, 95.4, 95.2, 95.1, 95.0, 94.9, 94.8, 94.6, 94.5, 94.1, 93.7, 93.6, 93.5, 93.2, 93.1, 93.0, 92.7, 92.5, 92.3, 92.2, 91.9, 91.8, 91.7, 91.4, 90.8, 90.7, 90.6, 90.5, 90.2, 90.1, 89.9, 89.8, 89.5, 89.4, 89.3, 89.1, 89.0, 88.8, 88.4, 88.2, 87.7, 87.5, 87.3, 87.1, 87.0, 86.7, 86.5, 86.4, 86.2, 85.9, 85.2, 84.9, 84.8, 84.7, 84.5, 84.3, 84.0, 83.6, 83.4, 83.1, 82.9, 82.7, 82.3, 82.0, 81.6, 81.3, 80.6, 80.3, 79.8, 79.7, 79.6, 79.4, 79.3, 79.2, 78.7, 78.5, 78.4, 78.2, 77.8, 77.2, 76.9, 76.8, 76.5, 76.2, 75.9, 75.7, 75.6, 75.3, 74.8, 74.6, 74.5, 74.4, 73.8, 73.7, 73.6, 73.3, 73.0, 72.4, 72.1, 71.9, 71.8, 71.5, 71.1, 70.8, 70.4, 70.2, 70.1, 69.6, 69.2, 68.8, 68.6, 68.1, 68.0, 67.5, 67.1, 67.0, 66.7, 66.5, 66.3, 66.1, 65.6, 65.3, 65.1, 64.1, 64.0, 63.7, 63.4, 62.9, 62.8, 62.4, 61.9, 61.7, 61.5, 61.3, 61.1, 61.0, 60.6, 60.5, 60.3, 59.9, 59.8, 59.6, 59.5, 59.2, 58.9, 58.6, 58.4, 58.0, 57.7, 57.4, 56.8, 56.6, 56.4, 56.3, 55.9, 55.5, 55.3, 55.2, 54.7, 54.5, 54.2, 54.1, 53.7, 53.3, 53.0, 52.7, 52.5, 51.9, 51.7, 51.6, 51.3, 51.1, 50.7, 50.6, 50.5, 50.4, 49.9, 49.4, 49.1, 48.9, 48.7, 48.5, 48.3, 48.1, 47.9, 47.5, 47.1, 46.7, 46.3, 46.1, 45.6, 45.5, 45.3, 44.8, 44.3, 43.9, 43.3, 43.2, 42.8, 42.4, 41.8, 41.5, 41.4, 41.2, 40.7, 40.3, 40.1, 39.7, 39.1, 39.0, 38.6, 38.5, 38.0, 37.7, 37.4, 37.0, 36.9, 36.7, 36.3, 36.1, 36.0, 35.7, 35.3, 34.599999999999994, 34.400000000000006, 34.0, 33.8, 33.400000000000006, 33.0, 32.8, 32.5, 32.3, 32.099999999999994, 32.0, 31.799999999999997, 31.5, 31.099999999999994, 30.700000000000003, 30.5, 29.599999999999994, 29.200000000000003, 28.799999999999997, 28.700000000000003, 28.400000000000006, 28.200000000000003, 28.099999999999994, 28.0, 27.200000000000003, 26.900000000000006, 26.700000000000003, 26.599999999999994, 25.900000000000006, 25.700000000000003, 25.5, 25.299999999999997, 25.200000000000003, 24.799999999999997, 24.700000000000003, 24.5, 24.200000000000003, 23.799999999999997, 23.700000000000003, 23.5, 23.0, 22.900000000000006, 22.599999999999994, 22.5, 22.400000000000006, 22.200000000000003, 22.0, 21.900000000000006, 21.700000000000003, 21.200000000000003, 20.900000000000006, 20.799999999999997, 20.5, 20.200000000000003, 20.099999999999994, 20.0, 19.900000000000006, 19.799999999999997, 19.099999999999994, 19.0, 18.799999999999997, 18.700000000000003, 18.5, 18.299999999999997, 18.0, 17.900000000000006, 17.700000000000003, 17.299999999999997, 17.200000000000003, 16.900000000000006, 16.599999999999994, 16.5, 16.200000000000003, 16.099999999999994, 15.900000000000006, 15.700000000000003, 15.200000000000003, 14.5, 13.799999999999997, 13.0, 12.400000000000006, 11.700000000000003, 11.299999999999997, 10.299999999999997, 9.400000000000006, 9.200000000000003, 9.099999999999994, 8.5, 8.0, 7.599999999999994, 7.0, 6.799999999999997, 6.700000000000003, 6.5, 4.700000000000003, 4.200000000000003, 3.700000000000003, 3.4000000000000057, 2.9000000000000057, 2.799999999999997, 2.5999999999999943, 2.4000000000000057, 2.299999999999997, 2.200000000000003, 2.0999999999999943, 1.9000000000000057, 1.7999999999999972, 1.7000000000000028, 1.4000000000000057, 0.7999999999999972, 0.5999999999999943, 0.5, 0.4000000000000057, 0.29999999999999716, 0.20000000000000284, 0.0, -0.09999999999999432], "x": [275, 278, 292, 296, 307, 314, 321, 330, 333, 338, 339, 340, 346, 347, 351, 352, 354, 355, 356, 360, 364, 365, 366, 368, 369, 370, 371, 374, 375, 376, 377, 378, 382, 383, 384, 385, 388, 390, 391, 392, 393, 394, 395, 398, 399, 400, 401, 402, 403, 404, 406, 407, 409, 410, 411, 412, 413, 415, 416, 417, 419, 420, 421, 423, 424, 425, 426, 427, 428, 429, 430, 431, 433, 434, 435, 436, 437, 438, 439, 440, 441, 442, 443, 444, 445, 446, 447, 448, 449, 450, 451, 452, 453, 454, 455, 456, 457, 458, 459, 460, 461, 462, 463, 464, 465, 466, 467, 468, 469, 470, 471, 472, 473, 474, 476, 477, 478, 480, 481, 482, 483, 485, 487, 488, 489, 490, 491, 492, 493, 494, 495, 496, 497, 498, 499, 500, 501, 502, 504, 505, 506, 507, 508, 509, 510, 511, 512, 513, 514, 515, 516, 517, 518, 519, 520, 521, 522, 523, 524, 525, 526, 527, 528, 529, 530, 531, 532, 533, 534, 535, 536, 537, 538, 539, 540, 541, 542, 543, 544, 545, 546, 547, 548, 550, 551, 552, 554, 555, 557, 558, 559, 560, 561, 562, 563, 564, 565, 566, 567, 569, 570, 571, 572, 573, 574, 575, 576, 577, 578, 579, 580, 581, 582, 583, 584, 585, 586, 587, 588, 589, 590, 591, 592, 593, 595, 596, 597, 598, 599, 600, 601, 602, 603, 604, 605, 606, 607, 609, 610, 611, 612, 613, 614, 615, 616, 617, 618, 620, 621, 623, 624, 625, 626, 627, 628, 630, 631, 632, 633, 634, 635, 636, 637, 638, 640, 641, 643, 644, 645, 646, 647, 648, 650, 651, 653, 655, 656, 657, 658, 659, 660, 661, 662, 664, 665, 666, 667, 668, 669, 670, 671, 672, 675, 677, 678, 679, 680, 681, 682, 683, 684, 685, 686, 687, 688, 690, 692, 693, 694, 695, 696, 697, 698, 699, 700, 701, 702, 704, 705, 706, 707, 708, 709, 710, 712, 714, 715, 716, 717, 719, 720, 721, 722, 723, 724, 725, 726, 727, 728, 729, 730, 731, 732, 733, 734, 735, 736, 737, 738, 739, 740, 741, 742, 743, 745, 746, 747, 748, 749, 750, 751, 752, 753, 754, 755, 758, 761, 765, 767, 769, 772, 774, 779]}}