{"histogram": {"x": [360, 375, 390, 405, 420, 435, 450, 465, 480, 495, 510, 525, 540, 555, 570, 585, 600, 615, 630, 645, 660, 675, 690, 705, 720, 735, 750, 765, 780, 795, 810, 825, 840], "y": [1, 2, 3, 4, 2, 4, 10, 11, 16, 13, 6, 5, 8, 14, 10, 7, 5, 5, 11, 11, 7, 10, 6, 7, 26, 15, 5, 2, 0, 0, 0, 2, 0]}, "percentile": {"x": [369, 384, 385, 392, 397, 398, 410, 414, 415, 417, 424, 425, 437, 443, 446, 451, 452, 453, 455, 456, 457, 458, 462, 464, 465, 467, 468, 473, 474, 475, 478, 479, 480, 481, 483, 484, 488, 489, 490, 492, 498, 500, 501, 502, 503, 504, 505, 507, 512, 513, 517, 519, 520, 525, 527, 531, 534, 538, 540, 542, 546, 548, 550, 551, 552, 556, 557, 559, 561, 564, 565, 566, 567, 568, 569, 572, 574, 575, 578, 579, 580, 581, 582, 586, 590, 591, 592, 596, 597, 601, 607, 611, 612, 615, 618, 623, 629, 630, 631, 633, 635, 636, 639, 641, 642, 644, 645, 646, 647, 650, 652, 653, 655, 656, 657, 661, 665, 670, 671, 674, 675, 676, 677, 680, 685, 689, 690, 691, 694, 697, 701, 702, 708, 710, 715, 718, 720, 721, 722, 723, 724, 725, 726, 728, 729, 730, 735, 736, 737, 740, 741, 742, 744, 749, 753, 755, 758, 760, 762, 766, 778, 828, 829], "y": [99.6, 99.2, 98.7, 98.3, 97.8, 97.4, 97.0, 96.5, 96.1, 95.6, 95.2, 94.8, 93.9, 93.4, 93.0, 92.6, 92.1, 91.7, 91.2, 90.8, 90.4, 89.9, 89.5, 88.6, 88.2, 87.3, 86.8, 86.4, 85.5, 84.6, 84.2, 83.8, 82.4, 81.5, 80.7, 79.8, 78.9, 78.0, 77.6, 76.7, 75.8, 75.4, 74.1, 73.2, 72.7, 71.9, 71.4, 71.0, 70.1, 69.7, 69.2, 68.8, 68.3, 67.9, 67.5, 67.0, 66.6, 66.1, 65.7, 64.8, 64.4, 63.9, 63.5, 63.0, 62.6, 62.2, 61.3, 60.4, 60.0, 59.1, 58.2, 57.8, 57.3, 56.9, 56.4, 56.0, 55.1, 54.7, 54.2, 53.8, 52.9, 52.5, 52.0, 51.6, 51.2, 50.3, 49.8, 49.4, 48.9, 48.5, 48.1, 47.6, 46.7, 46.3, 45.9, 45.0, 44.5, 43.7, 43.2, 42.8, 42.3, 41.9, 41.5, 41.0, 40.1, 39.7, 38.8, 38.4, 37.9, 37.5, 37.1, 36.6, 36.2, 35.7, 34.900000000000006, 34.400000000000006, 34.0, 33.5, 32.599999999999994, 31.799999999999997, 30.400000000000006, 30.0, 29.599999999999994, 28.200000000000003, 27.799999999999997, 27.400000000000006, 26.900000000000006, 26.5, 26.0, 25.599999999999994, 25.200000000000003, 24.700000000000003, 23.400000000000006, 22.5, 22.099999999999994, 21.599999999999994, 19.0, 18.099999999999994, 17.200000000000003, 16.799999999999997, 15.900000000000006, 14.599999999999994, 14.099999999999994, 11.900000000000006, 11.099999999999994, 10.200000000000003, 9.700000000000003, 8.900000000000006, 8.400000000000006, 6.200000000000003, 5.799999999999997, 4.900000000000006, 4.0, 3.5999999999999943, 3.0999999999999943, 2.700000000000003, 2.299999999999997, 1.7999999999999972, 1.4000000000000057, 0.9000000000000057, 0.5, 0.0, -0.4000000000000057]}}