{"histogram": {"y": [1, 1, 0, 0, 1, 3, 1, 5, 2, 6, 4, 6, 6, 10, 4, 6, 3, 4, 6, 4, 3, 1, 5, 2, 4, 2, 3, 11, 3, 1, 0, 0], "x": [330, 345, 360, 375, 390, 405, 420, 435, 450, 465, 480, 495, 510, 525, 540, 555, 570, 585, 600, 615, 630, 645, 660, 675, 690, 705, 720, 735, 750, 765, 780, 795]}, "percentile": {"y": [99.1, 98.2, 97.2, 96.3, 95.4, 94.4, 93.5, 92.6, 91.6, 90.7, 89.8, 88.8, 87.9, 87.0, 86.0, 85.1, 84.2, 83.2, 82.3, 81.4, 80.4, 79.5, 78.6, 77.6, 76.7, 75.8, 74.8, 73.9, 72.9, 72.0, 71.1, 70.1, 69.2, 67.3, 66.4, 65.5, 64.5, 62.7, 61.7, 59.9, 58.9, 58.0, 57.1, 56.1, 55.2, 54.3, 53.3, 52.4, 51.5, 50.5, 49.6, 47.7, 46.8, 45.8, 44.9, 44.0, 43.0, 42.1, 41.2, 40.2, 38.4, 37.4, 36.5, 35.599999999999994, 34.599999999999994, 33.7, 32.8, 31.799999999999997, 30.900000000000006, 30.0, 29.0, 28.099999999999994, 27.200000000000003, 25.299999999999997, 24.299999999999997, 23.400000000000006, 22.5, 21.5, 20.599999999999994, 19.700000000000003, 17.799999999999997, 15.900000000000006, 15.0, 14.099999999999994, 13.099999999999994, 12.200000000000003, 11.299999999999997, 10.299999999999997, 7.5, 6.599999999999994, 5.700000000000003, 4.700000000000003, 2.9000000000000057, 1.9000000000000057, 1.0, 0.0, -0.9000000000000057], "x": [330, 346, 404, 411, 415, 419, 426, 435, 440, 444, 445, 449, 460, 463, 465, 467, 470, 474, 476, 478, 480, 482, 486, 494, 498, 499, 501, 502, 504, 505, 512, 518, 519, 521, 523, 528, 529, 530, 533, 534, 535, 537, 538, 541, 543, 549, 553, 558, 559, 563, 566, 569, 572, 577, 583, 587, 588, 589, 598, 601, 603, 604, 606, 614, 615, 622, 627, 629, 634, 638, 641, 653, 661, 662, 666, 667, 679, 687, 692, 694, 700, 717, 728, 729, 730, 735, 737, 739, 740, 741, 745, 748, 749, 755, 758, 759, 768]}}