{"percentile": {"x": [411, 433, 438, 450, 451, 453, 454, 458, 460, 464, 475, 478, 486, 491, 493, 500, 502, 511, 514, 515, 516, 517, 527, 528, 530, 531, 533, 539, 542, 548, 549, 557, 564, 566, 568, 569, 570, 576, 580, 590, 602, 611, 615, 616, 617, 618, 620, 634, 635, 641, 647, 648, 650, 658, 663, 665, 667, 668, 680, 686, 690, 691, 692, 700, 708, 709, 714, 720, 722, 725, 730, 736, 740, 741, 743, 747, 759, 766], "y": [98.9, 97.8, 96.6, 95.5, 94.3, 93.2, 92.0, 90.9, 89.7, 88.6, 87.4, 86.3, 85.1, 82.8, 81.7, 79.4, 78.2, 77.1, 75.9, 74.8, 72.5, 71.3, 70.2, 69.0, 67.9, 66.7, 65.6, 64.4, 63.3, 62.1, 61.0, 59.8, 58.7, 56.4, 55.2, 52.9, 51.8, 50.6, 49.5, 48.3, 47.2, 46.0, 43.7, 42.6, 41.4, 40.3, 39.1, 38.0, 36.8, 34.5, 33.400000000000006, 32.2, 31.099999999999994, 28.799999999999997, 27.599999999999994, 26.5, 25.299999999999997, 24.200000000000003, 23.0, 21.900000000000006, 20.700000000000003, 19.599999999999994, 17.299999999999997, 16.099999999999994, 15.0, 13.799999999999997, 12.700000000000003, 10.400000000000006, 9.200000000000003, 8.099999999999994, 6.900000000000006, 5.799999999999997, 4.599999999999994, 3.5, 2.299999999999997, 1.2000000000000028, 0.0, -1.0999999999999943]}, "histogram": {"x": [405, 420, 435, 450, 465, 480, 495, 510, 525, 540, 555, 570, 585, 600, 615, 630, 645, 660, 675, 690, 705, 720, 735, 750, 765, 780], "y": [1, 1, 1, 7, 2, 4, 3, 6, 6, 3, 7, 3, 1, 2, 6, 4, 5, 4, 2, 5, 3, 5, 5, 1, 1, 0]}}