{"histogram": {"y": [1, 0, 0, 1, 0, 2, 0, 2, 0, 0, 0, 2, 1, 1, 0, 1, 0, 4, 1, 2, 0, 0], "x": [465, 480, 495, 510, 525, 540, 555, 570, 585, 600, 615, 630, 645, 660, 675, 690, 705, 720, 735, 750, 765, 780]}, "percentile": {"y": [94.2, 88.3, 76.5, 70.6, 64.8, 58.9, 53.0, 47.1, 41.2, 35.3, 29.5, 17.700000000000003, 11.799999999999997, 5.900000000000006, 0.0, -5.799999999999997], "x": [471, 520, 550, 577, 578, 638, 644, 650, 663, 700, 727, 729, 730, 743, 754, 763]}}