{"histogram": {"y": [1, 1, 2, 4, 7, 18, 41, 90, 138, 208, 296, 410, 604, 758, 940, 1081, 1266, 1325, 1404, 1532, 1487, 1459, 1345, 1325, 1377, 1225, 1044, 1005, 934, 854, 718, 649, 564, 1568, 831, 223, 51, 16, 3, 11, 33, 0], "x": [225, 240, 255, 270, 285, 300, 315, 330, 345, 360, 375, 390, 405, 420, 435, 450, 465, 480, 495, 510, 525, 540, 555, 570, 585, 600, 615, 630, 645, 660, 675, 690, 705, 720, 735, 750, 765, 780, 795, 810, 825, 840]}, "percentile": {"y": [100.0, 100.0, 100.0, 100.0, 100.0, 100.0, 100.0, 100.0, 100.0, 100.0, 100.0, 100.0, 100.0, 100.0, 100.0, 100.0, 100.0, 100.0, 100.0, 99.9, 99.9, 99.9, 99.9, 99.9, 99.9, 99.9, 99.9, 99.9, 99.9, 99.8, 99.8, 99.8, 99.8, 99.8, 99.8, 99.8, 99.8, 99.8, 99.7, 99.7, 99.7, 99.7, 99.7, 99.7, 99.6, 99.6, 99.6, 99.6, 99.5, 99.5, 99.5, 99.4, 99.4, 99.4, 99.3, 99.3, 99.3, 99.2, 99.2, 99.2, 99.1, 99.1, 99.0, 99.0, 99.0, 98.9, 98.9, 98.9, 98.9, 98.8, 98.7, 98.7, 98.6, 98.6, 98.6, 98.5, 98.4, 98.4, 98.3, 98.3, 98.2, 98.2, 98.1, 98.0, 98.0, 97.9, 97.8, 97.7, 97.7, 97.6, 97.5, 97.4, 97.4, 97.3, 97.2, 97.1, 97.0, 96.9, 96.8, 96.7, 96.7, 96.6, 96.6, 96.4, 96.3, 96.2, 96.1, 96.0, 95.9, 95.7, 95.6, 95.5, 95.4, 95.2, 95.1, 94.9, 94.8, 94.6, 94.5, 94.4, 94.3, 94.1, 94.0, 93.8, 93.6, 93.5, 93.3, 93.1, 92.9, 92.7, 92.6, 92.4, 92.2, 92.1, 91.9, 91.7, 91.5, 91.3, 91.0, 90.8, 90.6, 90.4, 90.2, 89.9, 89.7, 89.5, 89.3, 89.0, 88.8, 88.6, 88.4, 88.2, 87.9, 87.7, 87.5, 87.2, 86.9, 86.7, 86.5, 86.2, 86.0, 85.7, 85.4, 85.1, 84.7, 84.5, 84.3, 84.0, 83.7, 83.4, 83.2, 82.9, 82.6, 82.3, 82.0, 81.8, 81.5, 81.0, 80.8, 80.4, 80.1, 79.8, 79.5, 79.2, 78.9, 78.5, 78.2, 77.7, 77.4, 77.1, 76.7, 76.5, 76.1, 75.8, 75.5, 75.2, 74.9, 74.5, 74.2, 73.9, 73.6, 73.3, 72.8, 72.5, 72.2, 71.8, 71.4, 71.0, 70.8, 70.5, 70.0, 69.7, 69.4, 69.0, 68.7, 68.4, 68.0, 67.5, 67.1, 66.7, 66.4, 66.1, 65.6, 65.3, 65.0, 64.5, 64.2, 63.7, 63.3, 63.0, 62.6, 62.3, 61.9, 61.6, 61.3, 60.9, 60.6, 60.1, 59.7, 59.4, 59.0, 58.6, 58.2, 57.9, 57.5, 57.2, 56.8, 56.2, 55.9, 55.5, 55.2, 54.8, 54.4, 54.0, 53.8, 53.5, 53.1, 52.7, 52.4, 52.0, 51.6, 51.4, 50.9, 50.6, 50.3, 50.0, 49.7, 49.3, 49.0, 48.7, 48.4, 48.1, 47.7, 47.4, 47.1, 46.7, 46.3, 45.8, 45.5, 45.2, 44.9, 44.6, 44.2, 43.9, 43.6, 43.2, 42.9, 42.5, 42.2, 41.9, 41.7, 41.4, 41.0, 40.7, 40.3, 39.9, 39.7, 39.2, 38.9, 38.6, 38.3, 38.0, 37.6, 37.3, 37.0, 36.6, 36.3, 35.7, 35.400000000000006, 35.0, 34.7, 34.5, 34.2, 33.900000000000006, 33.599999999999994, 33.400000000000006, 33.2, 32.7, 32.5, 32.2, 32.0, 31.700000000000003, 31.400000000000006, 31.099999999999994, 30.900000000000006, 30.599999999999994, 30.400000000000006, 30.099999999999994, 29.799999999999997, 29.599999999999994, 29.400000000000006, 29.200000000000003, 28.900000000000006, 28.599999999999994, 28.400000000000006, 28.0, 27.799999999999997, 27.299999999999997, 27.0, 26.799999999999997, 26.5, 26.299999999999997, 26.0, 25.799999999999997, 25.599999999999994, 25.299999999999997, 25.200000000000003, 24.799999999999997, 24.700000000000003, 24.400000000000006, 24.200000000000003, 24.099999999999994, 23.799999999999997, 23.599999999999994, 23.400000000000006, 23.200000000000003, 23.0, 22.599999999999994, 22.400000000000006, 22.200000000000003, 21.900000000000006, 21.700000000000003, 21.400000000000006, 21.299999999999997, 21.0, 20.799999999999997, 20.599999999999994, 20.200000000000003, 20.0, 19.799999999999997, 19.599999999999994, 19.400000000000006, 19.099999999999994, 19.0, 18.799999999999997, 18.599999999999994, 18.400000000000006, 18.099999999999994, 18.0, 17.799999999999997, 17.599999999999994, 17.400000000000006, 17.099999999999994, 17.0, 16.900000000000006, 16.700000000000003, 16.5, 16.200000000000003, 16.099999999999994, 15.900000000000006, 15.799999999999997, 15.599999999999994, 15.400000000000006, 15.200000000000003, 15.099999999999994, 14.900000000000006, 14.799999999999997, 14.299999999999997, 14.200000000000003, 14.0, 13.900000000000006, 13.799999999999997, 13.599999999999994, 13.5, 13.400000000000006, 13.200000000000003, 13.099999999999994, 12.799999999999997, 12.700000000000003, 12.599999999999994, 12.400000000000006, 12.299999999999997, 12.200000000000003, 12.099999999999994, 12.0, 11.799999999999997, 11.700000000000003, 11.400000000000006, 11.299999999999997, 11.200000000000003, 11.099999999999994, 11.0, 10.799999999999997, 10.599999999999994, 10.5, 10.400000000000006, 10.200000000000003, 9.400000000000006, 9.0, 8.599999999999994, 8.200000000000003, 7.700000000000003, 7.200000000000003, 6.799999999999997, 6.400000000000006, 6.0, 5.599999999999994, 5.099999999999994, 4.900000000000006, 4.799999999999997, 4.599999999999994, 4.400000000000006, 4.099999999999994, 4.0, 3.799999999999997, 3.5999999999999943, 3.5, 2.9000000000000057, 2.700000000000003, 2.5, 2.299999999999997, 2.0999999999999943, 1.9000000000000057, 1.7999999999999972, 1.7000000000000028, 1.5, 1.2999999999999972, 1.2999999999999972, 1.2000000000000028, 1.0999999999999943, 1.0, 1.0, 0.9000000000000057, 0.9000000000000057, 0.7999999999999972, 0.7000000000000028, 0.7000000000000028, 0.5999999999999943, 0.5999999999999943, 0.5999999999999943, 0.5, 0.5, 0.4000000000000057, 0.4000000000000057, 0.4000000000000057, 0.4000000000000057, 0.4000000000000057, 0.4000000000000057, 0.4000000000000057, 0.4000000000000057, 0.29999999999999716, 0.29999999999999716, 0.29999999999999716, 0.29999999999999716, 0.29999999999999716, 0.29999999999999716, 0.29999999999999716, 0.29999999999999716, 0.29999999999999716, 0.29999999999999716, 0.20000000000000284, 0.20000000000000284, 0.20000000000000284, 0.20000000000000284, 0.20000000000000284, 0.20000000000000284, 0.20000000000000284, 0.20000000000000284, 0.20000000000000284, 0.20000000000000284, 0.20000000000000284, 0.20000000000000284, 0.20000000000000284, 0.20000000000000284, 0.09999999999999432, 0.0],