{"histogram": {"x": [315, 330, 345, 360, 375, 390, 405, 420, 435, 450, 465, 480, 495, 510, 525, 540, 555, 570, 585, 600, 615, 630, 645, 660, 675, 690, 705, 720, 735, 750, 765, 780, 795], "y": [1, 1, 0, 2, 2, 1, 1, 0, 4, 4, 2, 1, 2, 4, 7, 1, 2, 4, 2, 3, 3, 1, 3, 4, 3, 3, 2, 5, 5, 0, 1, 0, 0]}, "percentile": {"x": [319, 333, 368, 373, 384, 388, 394, 406, 435, 438, 440, 441, 450, 462, 463, 475, 476, 491, 496, 518, 519, 521, 523, 525, 526, 528, 533, 535, 536, 553, 557, 566, 572, 575, 579, 582, 586, 597, 601, 602, 603, 615, 617, 622, 630, 645, 647, 660, 661, 673, 674, 675, 680, 681, 699, 700, 701, 710, 719, 726, 727, 730, 739, 740, 743, 746, 774], "y": [98.7, 97.3, 95.9, 94.6, 93.2, 91.8, 90.5, 89.1, 87.7, 86.4, 85.0, 83.6, 82.2, 80.9, 78.1, 76.8, 75.4, 74.0, 71.3, 69.9, 68.5, 67.2, 65.8, 64.4, 63.1, 61.7, 60.3, 57.6, 56.2, 54.8, 53.5, 52.1, 50.7, 49.4, 48.0, 46.6, 45.3, 43.9, 42.5, 41.1, 39.8, 38.4, 37.0, 35.7, 34.3, 31.599999999999994, 30.200000000000003, 28.799999999999997, 27.400000000000006, 26.099999999999994, 24.700000000000003, 23.299999999999997, 22.0, 20.599999999999994, 19.200000000000003, 17.900000000000006, 16.5, 15.099999999999994, 13.700000000000003, 12.400000000000006, 8.299999999999997, 6.900000000000006, 5.5, 2.799999999999997, 1.4000000000000057, 0.0, -1.2999999999999972]}}