{"histogram": {"y": [1, 1, 1, 5, 2, 5, 13, 8, 11, 13, 15, 15, 16, 23, 16, 31, 24, 21, 25, 20, 18, 21, 17, 20, 16, 11, 15, 13, 24, 23, 4, 6, 2, 0, 0], "x": [300, 315, 330, 345, 360, 375, 390, 405, 420, 435, 450, 465, 480, 495, 510, 525, 540, 555, 570, 585, 600, 615, 630, 645, 660, 675, 690, 705, 720, 735, 750, 765, 780, 795, 810]}, "percentile": {"y": [99.8, 99.6, 99.4, 99.2, 99.0, 98.7, 98.5, 98.3, 98.1, 97.9, 97.6, 97.4, 97.2, 97.0, 96.8, 96.3, 96.1, 95.9, 95.4, 95.2, 94.8, 94.6, 94.1, 93.9, 93.7, 93.5, 93.2, 92.8, 92.4, 92.1, 91.9, 91.7, 91.5, 91.3, 91.0, 90.8, 90.4, 90.2, 89.7, 89.5, 89.3, 89.1, 88.6, 88.0, 87.5, 87.1, 86.9, 86.4, 86.2, 86.0, 85.8, 85.5, 85.1, 84.9, 84.7, 84.2, 83.8, 83.6, 83.3, 83.1, 82.7, 82.5, 82.0, 81.4, 81.1, 80.3, 79.8, 79.4, 79.2, 79.0, 78.1, 77.9, 77.4, 77.2, 76.8, 76.5, 76.3, 75.4, 75.0, 74.6, 74.1, 73.2, 72.4, 71.9, 71.7, 71.0, 70.8, 70.4, 70.2, 69.9, 69.7, 68.8, 68.6, 68.4, 68.2, 67.3, 66.9, 66.6, 66.2, 65.8, 65.5, 65.1, 64.9, 64.4, 64.0, 63.3, 62.9, 62.2, 61.4, 60.7, 60.5, 60.3, 60.0, 59.4, 59.0, 58.1, 57.6, 57.4, 56.8, 56.1, 55.9, 55.2, 55.0, 54.8, 54.6, 53.7, 53.0, 52.8, 52.4, 51.7, 51.5, 51.0, 50.8, 50.6, 50.4, 49.9, 49.3, 48.6, 48.4, 48.0, 47.3, 47.1, 46.6, 46.2, 46.0, 45.8, 45.5, 45.3, 44.9, 44.4, 44.2, 44.0, 43.8, 43.6, 43.1, 42.9, 41.8, 41.6, 41.4, 41.1, 40.9, 40.5, 40.0, 39.8, 39.4, 39.2, 38.5, 38.3, 37.6, 36.5, 36.1, 35.900000000000006, 35.7, 35.2, 35.0, 34.8, 34.599999999999994, 34.3, 34.099999999999994, 33.7, 33.2, 33.0, 31.700000000000003, 31.0, 30.599999999999994, 30.400000000000006, 29.900000000000006, 29.299999999999997, 29.099999999999994, 28.799999999999997, 28.0, 27.700000000000003, 27.099999999999994, 26.400000000000006, 26.200000000000003, 25.799999999999997, 25.299999999999997, 24.900000000000006, 24.0, 23.799999999999997, 23.299999999999997, 22.900000000000006, 22.700000000000003, 22.5, 22.0, 21.799999999999997, 21.400000000000006, 21.099999999999994, 20.900000000000006, 20.5, 19.799999999999997, 19.599999999999994, 19.400000000000006, 19.200000000000003, 19.0, 18.099999999999994, 17.900000000000006, 17.599999999999994, 17.400000000000006, 17.200000000000003, 16.5, 16.299999999999997, 16.099999999999994, 15.900000000000006, 15.700000000000003, 15.400000000000006, 15.0, 14.599999999999994, 14.099999999999994, 13.900000000000006, 13.5, 13.200000000000003, 13.0, 12.799999999999997, 12.400000000000006, 12.099999999999994, 11.700000000000003, 11.299999999999997, 10.599999999999994, 9.5, 9.299999999999997, 8.799999999999997, 8.200000000000003, 8.0, 7.5, 6.599999999999994, 5.799999999999997, 5.299999999999997, 4.900000000000006, 4.700000000000003, 3.299999999999997, 3.0999999999999943, 2.9000000000000057, 2.700000000000003, 2.5, 2.200000000000003, 2.0, 1.7999999999999972, 1.5999999999999943, 1.4000000000000057, 1.0999999999999943, 0.5, 0.29999999999999716, 0.0, -0.20000000000000284], "x": [303, 315, 339, 345, 346, 349, 358, 359, 371, 373, 375, 380, 384, 385, 388, 390, 391, 392, 394, 397, 400, 401, 402, 403, 405, 410, 411, 413, 416, 418, 420, 421, 423, 426, 427, 429, 430, 433, 434, 435, 438, 440, 441, 443, 444, 445, 446, 450, 451, 453, 454, 455, 456, 457, 459, 461, 462, 464, 466, 467, 468, 469, 470, 474, 476, 477, 480, 481, 483, 484, 485, 487, 488, 489, 490, 496, 497, 498, 499, 500, 501, 502, 505, 508, 509, 510, 512, 515, 516, 518, 519, 520, 521, 522, 524, 525, 526, 528, 529, 530, 531, 532, 533, 534, 535, 536, 537, 538, 539, 540, 541, 542, 544, 545, 547, 549, 550, 551, 552, 554, 555, 556, 557, 558, 559, 560, 561, 563, 565, 566, 568, 570, 571, 573, 574, 575, 576, 577, 578, 579, 580, 581, 582, 583, 584, 585, 586, 587, 588, 589, 590, 591, 593, 594, 595, 596, 597, 598, 600, 602, 603, 604, 605, 606, 608, 609, 610, 613, 614, 615, 616, 617, 618, 619, 621, 622, 624, 625, 626, 627, 628, 629, 630, 632, 637, 638, 640, 644, 647, 648, 650, 651, 652, 653, 655, 657, 658, 659, 660, 661, 662, 663, 665, 668, 670, 671, 674, 675, 676, 679, 680, 683, 684, 686, 688, 690, 692, 694, 695, 696, 697, 698, 700, 701, 702, 705, 706, 708, 709, 712, 715, 716, 718, 719, 720, 722, 723, 725, 726, 727, 728, 729, 730, 731, 734, 735, 736, 737, 738, 739, 740, 741, 744, 746, 747, 752, 755, 759, 764, 765, 767, 772, 774, 780, 794]}}