{"histogram": {"y": [1, 2, 1, 1, 0, 1, 1, 3, 3, 2, 2, 5, 2, 4, 3, 3, 4, 3, 0, 1, 0, 3, 2, 2, 1, 2, 2, 0, 3, 3, 0, 0], "x": [300, 315, 330, 345, 360, 375, 390, 405, 420, 435, 450, 465, 480, 495, 510, 525, 540, 555, 570, 585, 600, 615, 630, 645, 660, 675, 690, 705, 720, 735, 750, 765]}, "percentile": {"y": [98.4, 96.7, 95.0, 93.3, 91.6, 89.9, 88.2, 86.5, 84.8, 83.1, 81.4, 79.7, 78.0, 76.3, 74.6, 72.9, 71.2, 69.5, 67.8, 66.2, 62.8, 61.1, 59.4, 57.7, 56.0, 54.3, 52.6, 50.9, 49.2, 47.5, 45.8, 44.1, 42.4, 39.0, 37.3, 35.599999999999994, 32.3, 30.599999999999994, 28.900000000000006, 27.200000000000003, 25.5, 23.799999999999997, 22.099999999999994, 20.400000000000006, 18.700000000000003, 17.0, 15.299999999999997, 13.599999999999994, 11.900000000000006, 10.200000000000003, 8.5, 6.799999999999997, 5.099999999999994, 3.4000000000000057, 1.7000000000000028, -1.5999999999999943], "x": [307, 328, 329, 341, 359, 381, 396, 408, 415, 418, 425, 428, 431, 435, 437, 454, 457, 465, 466, 468, 469, 485, 488, 496, 500, 501, 508, 522, 523, 524, 525, 530, 538, 545, 552, 553, 562, 567, 598, 620, 623, 628, 633, 635, 648, 650, 662, 680, 687, 690, 704, 725, 727, 728, 738, 744]}}