{"percentile": {"y": [98.9, 97.7, 96.5, 95.3, 94.1, 92.9, 91.7, 90.5, 87.0, 84.6, 83.4, 82.2, 81.0, 79.8, 78.6, 77.4, 76.2, 75.0, 73.9, 72.7, 71.5, 70.3, 69.1, 67.9, 65.5, 64.3, 63.1, 62.0, 59.6, 58.4, 54.8, 53.6, 52.4, 50.0, 48.9, 47.7, 46.5, 45.3, 44.1, 42.9, 41.7, 40.5, 39.3, 38.1, 37.0, 35.8, 34.599999999999994, 33.400000000000006, 32.2, 31.0, 29.799999999999997, 28.599999999999994, 27.400000000000006, 26.200000000000003, 25.0, 23.900000000000006, 22.700000000000003, 21.5, 20.299999999999997, 19.099999999999994, 17.900000000000006, 16.700000000000003, 15.5, 14.299999999999997, 13.099999999999994, 12.0, 10.799999999999997, 9.599999999999994, 8.400000000000006, 7.200000000000003, 6.0, 4.799999999999997, 3.5999999999999943, 2.4000000000000057, 1.2000000000000028, 0.0, -1.0999999999999943], "x": [376, 390, 399, 403, 419, 420, 422, 442, 445, 447, 450, 458, 460, 465, 467, 477, 478, 479, 480, 481, 486, 487, 492, 493, 495, 499, 508, 509, 510, 513, 514, 515, 518, 525, 529, 530, 533, 536, 539, 545, 546, 552, 553, 555, 558, 561, 563, 564, 566, 567, 572, 573, 575, 577, 579, 594, 600, 601, 614, 620, 621, 624, 658, 664, 695, 711, 720, 722, 723, 728, 734, 735, 740, 744, 745, 746, 758]}, "histogram": {"y": [1, 3, 1, 2, 6, 3, 5, 6, 5, 8, 7, 4, 7, 5, 1, 3, 3, 0, 1, 1, 0, 1, 1, 5, 5, 1, 0, 0], "x": [375, 390, 405, 420, 435, 450, 465, 480, 495, 510, 525, 540, 555, 570, 585, 600, 615, 630, 645, 660, 675, 690, 705, 720, 735, 750, 765, 780]}}