{"percentile": {"x": [393, 423, 497, 526, 535, 573, 586, 590, 607, 614, 697, 699, 715, 724, 726, 729, 730, 731, 732, 736, 754, 758], "y": [95.7, 91.4, 87.0, 82.7, 78.3, 74.0, 69.6, 65.3, 60.9, 56.6, 52.2, 47.9, 43.5, 39.2, 30.5, 26.099999999999994, 21.799999999999997, 17.400000000000006, 13.099999999999994, 8.700000000000003, 0.0, -4.299999999999997]}, "histogram": {"x": [390, 405, 420, 435, 450, 465, 480, 495, 510, 525, 540, 555, 570, 585, 600, 615, 630, 645, 660, 675, 690, 705, 720, 735, 750, 765, 780], "y": [1, 0, 1, 0, 0, 0, 0, 1, 0, 2, 0, 0, 1, 2, 2, 0, 0, 0, 0, 0, 2, 1, 7, 1, 3, 0, 0]}}