{"histogram": {"x": [405, 420, 435, 450, 465, 480, 495, 510, 525, 540, 555, 570, 585, 600, 615, 630, 645, 660, 675, 690, 705, 720, 735, 750, 765, 780], "y": [1, 0, 1, 0, 0, 2, 0, 0, 1, 1, 1, 1, 3, 3, 1, 0, 2, 0, 1, 0, 0, 1, 0, 1, 0, 0]}, "percentile": {"x": [413, 440, 484, 490, 530, 541, 555, 572, 586, 592, 597, 600, 602, 613, 620, 653, 655, 684, 723, 763], "y": [94.8, 89.5, 84.3, 79.0, 73.7, 68.5, 63.2, 57.9, 52.7, 47.4, 42.2, 36.9, 31.599999999999994, 26.400000000000006, 21.099999999999994, 15.799999999999997, 10.599999999999994, 5.299999999999997, 0.0, -5.200000000000003]}}