{"histogram": {"y": [1, 0, 1, 2, 7, 6, 10, 8, 22, 23, 33, 24, 35, 32, 31, 27, 27, 33, 24, 30, 29, 19, 19, 19, 14, 10, 6, 13, 22, 12, 2, 2, 0], "x": [300, 315, 330, 345, 360, 375, 390, 405, 420, 435, 450, 465, 480, 495, 510, 525, 540, 555, 570, 585, 600, 615, 630, 645, 660, 675, 690, 705, 720, 735, 750, 765, 780]}, "percentile": {"y": [99.9, 99.7, 99.5, 99.3, 99.1, 98.9, 98.8, 98.6, 98.4, 98.2, 98.0, 97.8, 97.7, 97.5, 97.1, 96.9, 96.7, 96.5, 96.4, 96.2, 96.0, 95.8, 95.6, 95.4, 95.1, 94.9, 94.5, 94.3, 94.1, 94.0, 93.6, 93.4, 93.0, 92.3, 92.1, 91.6, 90.8, 90.6, 90.3, 89.9, 89.7, 89.5, 88.6, 88.1, 87.9, 87.5, 87.3, 87.1, 87.0, 86.6, 86.2, 86.0, 85.8, 85.7, 85.3, 84.4, 84.2, 84.0, 83.4, 82.9, 82.3, 82.2, 81.8, 81.4, 81.2, 80.9, 79.8, 79.2, 78.8, 78.5, 77.9, 77.5, 77.4, 77.0, 76.6, 76.2, 75.7, 75.5, 75.1, 74.8, 74.4, 73.5, 73.1, 72.4, 72.0, 71.1, 70.5, 69.6, 69.2, 69.1, 68.3, 67.0, 66.7, 66.1, 65.9, 65.5, 65.0, 64.8, 63.9, 63.5, 63.3, 62.4, 61.9, 61.5, 60.9, 60.6, 60.4, 59.8, 59.5, 58.9, 58.7, 58.2, 58.0, 57.6, 56.7, 56.5, 56.3, 56.1, 55.8, 55.6, 55.2, 54.8, 54.7, 54.1, 53.9, 53.4, 53.2, 52.8, 52.1, 51.7, 50.6, 50.2, 49.9, 49.5, 48.6, 48.4, 48.0, 47.7, 47.5, 47.1, 46.7, 46.4, 46.0, 45.8, 45.6, 44.9, 44.0, 43.0, 42.9, 42.7, 41.7, 41.6, 41.0, 40.6, 40.3, 39.5, 39.3, 38.8, 38.6, 38.2, 38.1, 37.3, 37.1, 37.0, 36.6, 36.4, 36.2, 35.099999999999994, 34.7, 34.599999999999994, 33.599999999999994, 33.3, 33.099999999999994, 32.7, 32.0, 31.799999999999997, 31.200000000000003, 31.0, 30.700000000000003, 30.299999999999997, 30.099999999999994, 29.599999999999994, 29.200000000000003, 29.0, 28.799999999999997, 28.099999999999994, 27.700000000000003, 27.400000000000006, 26.099999999999994, 25.900000000000006, 25.700000000000003, 25.5, 25.299999999999997, 25.099999999999994, 24.799999999999997, 24.200000000000003, 23.299999999999997, 23.099999999999994, 22.700000000000003, 22.400000000000006, 22.200000000000003, 22.0, 21.799999999999997, 21.599999999999994, 21.299999999999997, 21.099999999999994, 20.900000000000006, 20.700000000000003, 20.299999999999997, 20.0, 19.200000000000003, 19.099999999999994, 18.900000000000006, 18.5, 18.299999999999997, 18.099999999999994, 17.900000000000006, 17.799999999999997, 17.599999999999994, 17.400000000000006, 17.0, 16.5, 16.099999999999994, 15.900000000000006, 15.400000000000006, 15.200000000000003, 14.799999999999997, 14.299999999999997, 14.099999999999994, 13.900000000000006, 13.5, 13.299999999999997, 13.099999999999994, 13.0, 12.799999999999997, 12.599999999999994, 12.400000000000006, 12.200000000000003, 12.0, 11.900000000000006, 11.700000000000003, 11.5, 11.299999999999997, 10.900000000000006, 10.799999999999997, 10.599999999999994, 10.400000000000006, 10.200000000000003, 10.0, 9.599999999999994, 9.5, 9.299999999999997, 8.700000000000003, 8.5, 8.0, 7.400000000000006, 7.200000000000003, 7.099999999999994, 6.900000000000006, 6.5, 6.099999999999994, 6.0, 5.599999999999994, 5.0, 4.700000000000003, 3.9000000000000057, 3.700000000000003, 3.5999999999999943, 3.4000000000000057, 2.799999999999997, 2.5999999999999943, 2.299999999999997, 2.0999999999999943, 1.7000000000000028, 1.2999999999999972, 1.2000000000000028, 1.0, 0.5999999999999943, 0.4000000000000057, 0.20000000000000284, 0.0, -0.09999999999999432], "x": [310, 344, 345, 357, 360, 361, 365, 366, 371, 372, 373, 375, 377, 380, 384, 388, 390, 392, 394, 396, 397, 399, 401, 402, 403, 407, 408, 411, 415, 417, 418, 420, 421, 423, 424, 425, 427, 428, 429, 432, 433, 434, 436, 437, 438, 440, 441, 442, 443, 444, 445, 446, 447, 448, 449, 450, 451, 452, 453, 454, 456, 457, 459, 460, 461, 462, 463, 464, 465, 466, 467, 468, 469, 470, 472, 473, 475, 476, 478, 479, 480, 481, 483, 485, 487, 488, 489, 490, 492, 493, 494, 495, 498, 499, 500, 501, 502, 503, 504, 506, 508, 509, 510, 511, 512, 513, 515, 516, 517, 518, 520, 521, 522, 523, 524, 525, 526, 527, 528, 529, 530, 531, 532, 533, 534, 535, 536, 537, 538, 539, 540, 542, 543, 544, 545, 546, 548, 550, 551, 552, 553, 555, 556, 557, 558, 560, 561, 562, 563, 564, 565, 567, 568, 569, 570, 571, 572, 573, 574, 575, 577, 578, 580, 581, 582, 583, 584, 585, 587, 588, 590, 591, 592, 593, 594, 595, 596, 597, 598, 600, 601, 602, 603, 604, 605, 606, 607, 608, 610, 611, 612, 613, 614, 615, 616, 617, 620, 621, 622, 625, 627, 628, 629, 630, 631, 632, 633, 634, 636, 638, 640, 641, 642, 643, 644, 645, 646, 647, 648, 649, 650, 652, 653, 655, 656, 657, 658, 660, 661, 662, 666, 667, 668, 669, 670, 671, 672, 674, 675, 677, 678, 679, 680, 683, 684, 687, 688, 690, 695, 696, 698, 703, 706, 707, 708, 710, 712, 714, 719, 720, 721, 722, 724, 725, 726, 727, 729, 730, 731, 734, 736, 740, 741, 742, 743, 745, 748, 749, 754, 759, 767, 768]}}