{"percentile": {"x": [318, 389, 391, 392, 425, 429, 432, 444, 445, 446, 456, 457, 458, 466, 468, 483, 486, 494, 503, 506, 508, 511, 518, 523, 524, 525, 527, 528, 541, 543, 544, 547, 552, 558, 560, 566, 569, 575, 582, 586, 588, 599, 600, 601, 603, 606, 607, 609, 610, 611, 616, 620, 624, 625, 631, 633, 640, 646, 654, 658, 661, 662, 670, 672, 678, 680, 682, 688, 689, 690, 691, 692, 693, 694, 695, 698, 700, 704, 712, 713, 714, 715, 719, 720, 721, 723, 724, 725, 726, 727, 729, 730, 732, 734, 735, 736, 739, 740, 742, 743, 744, 746, 749, 754, 755, 758, 784], "y": [99.3, 98.5, 97.7, 96.9, 96.2, 95.4, 94.6, 93.1, 92.3, 91.5, 90.7, 90.0, 89.2, 88.4, 87.6, 86.9, 86.1, 85.3, 84.5, 83.8, 83.0, 82.2, 81.4, 80.7, 79.9, 79.1, 78.3, 77.6, 76.8, 76.0, 75.2, 74.5, 73.7, 72.9, 72.1, 71.4, 70.6, 69.8, 69.0, 67.5, 66.7, 65.2, 64.4, 63.6, 62.8, 61.3, 60.5, 59.0, 58.2, 57.4, 56.6, 55.1, 54.3, 53.5, 52.8, 52.0, 51.2, 50.4, 49.7, 48.9, 48.1, 47.3, 46.6, 45.8, 45.0, 43.5, 41.9, 41.1, 40.4, 39.6, 38.8, 37.3, 36.5, 35.7, 34.900000000000006, 34.2, 33.400000000000006, 32.599999999999994, 31.799999999999997, 31.099999999999994, 30.299999999999997, 29.5, 28.700000000000003, 28.0, 26.400000000000006, 24.900000000000006, 24.099999999999994, 21.799999999999997, 19.400000000000006, 17.900000000000006, 14.799999999999997, 14.0, 13.200000000000003, 11.700000000000003, 10.900000000000006, 10.099999999999994, 9.400000000000006, 8.599999999999994, 7.799999999999997, 6.299999999999997, 5.5, 4.700000000000003, 3.9000000000000057, 3.200000000000003, 2.4000000000000057, 0.0, -0.7000000000000028]}, "histogram": {"x": [315, 330, 345, 360, 375, 390, 405, 420, 435, 450, 465, 480, 495, 510, 525, 540, 555, 570, 585, 600, 615, 630, 645, 660, 675, 690, 705, 720, 735, 750, 765, 780, 795, 810], "y": [1, 0, 0, 0, 1, 2, 0, 3, 4, 3, 2, 3, 3, 4, 3, 5, 4, 2, 5, 10, 5, 3, 3, 4, 7, 10, 5, 22, 10, 5, 0, 1, 0, 0]}}