{"percentile": {"y": [94.8, 89.5, 84.3, 79.0, 68.5, 63.2, 57.9, 52.7, 47.4, 42.2, 36.9, 31.599999999999994, 26.400000000000006, 21.099999999999994, 15.799999999999997, 10.599999999999994, 5.299999999999997, 0.0, -5.200000000000003], "x": [443, 445, 457, 458, 459, 469, 472, 485, 505, 540, 624, 632, 664, 673, 675, 695, 720, 741, 822]}, "histogram": {"y": [2, 4, 2, 1, 1, 0, 0, 1, 0, 0, 0, 0, 1, 1, 0, 2, 1, 1, 0, 1, 1, 0, 0, 0, 0, 1, 0, 0], "x": [435, 450, 465, 480, 495, 510, 525, 540, 555, 570, 585, 600, 615, 630, 645, 660, 675, 690, 705, 720, 735, 750, 765, 780, 795, 810, 825, 840]}}