{"percentile": {"x": [371, 390, 410, 428, 434, 435, 445, 450, 451, 455, 456, 468, 475, 476, 478, 481, 483, 484, 489, 491, 492, 493, 495, 498, 499, 504, 505, 508, 510, 525, 526, 528, 531, 538, 544, 545, 550, 551, 552, 555, 556, 557, 560, 565, 566, 568, 576, 580, 582, 583, 586, 587, 590, 591, 592, 593, 594, 596, 599, 600, 601, 605, 607, 609, 610, 613, 614, 619, 620, 621, 622, 623, 625, 632, 636, 641, 647, 651, 652, 653, 654, 655, 660, 662, 663, 665, 668, 669, 670, 672, 674, 675, 678, 685, 692, 694, 698, 704, 710, 715, 717, 718, 720, 721, 722, 723, 724, 725, 728, 729, 730, 732, 733, 735, 736, 740, 744, 745, 747, 750, 754, 767, 781, 788], "y": [99.4, 98.1, 97.5, 96.8, 96.2, 95.6, 94.9, 94.3, 93.6, 92.4, 91.7, 90.4, 89.8, 89.2, 88.5, 87.9, 87.2, 86.6, 85.9, 85.3, 84.7, 83.4, 82.7, 81.5, 80.8, 80.2, 79.5, 78.9, 78.3, 77.6, 77.0, 75.7, 75.0, 74.4, 73.8, 73.1, 72.5, 71.8, 69.9, 69.3, 68.6, 68.0, 67.4, 66.7, 66.1, 64.8, 64.2, 63.5, 62.2, 61.6, 59.7, 59.0, 58.4, 57.7, 56.5, 55.8, 53.9, 53.3, 52.6, 52.0, 50.7, 49.4, 48.8, 48.1, 46.8, 46.2, 45.6, 44.9, 44.3, 43.6, 42.4, 41.7, 41.1, 40.4, 39.8, 39.2, 38.5, 37.9, 37.2, 35.900000000000006, 34.7, 33.400000000000006, 32.7, 31.5, 30.799999999999997, 30.200000000000003, 29.5, 28.900000000000006, 28.299999999999997, 27.599999999999994, 27.0, 26.299999999999997, 25.0, 24.400000000000006, 23.799999999999997, 23.099999999999994, 22.5, 21.799999999999997, 21.200000000000003, 20.599999999999994, 19.900000000000006, 19.299999999999997, 17.400000000000006, 16.700000000000003, 16.099999999999994, 15.400000000000006, 14.799999999999997, 14.200000000000003, 12.900000000000006, 11.599999999999994, 10.299999999999997, 9.700000000000003, 8.400000000000006, 7.700000000000003, 7.099999999999994, 4.5, 3.9000000000000057, 3.299999999999997, 2.5999999999999943, 2.0, 1.2999999999999972, 0.7000000000000028, 0.0, -0.5999999999999943]}, "histogram": {"x": [360, 375, 390, 405, 420, 435, 450, 465, 480, 495, 510, 525, 540, 555, 570, 585, 600, 615, 630, 645, 660, 675, 690, 705, 720, 735, 750, 765, 780, 795], "y": [1, 0, 2, 1, 2, 2, 5, 5, 8, 7, 1, 6, 7, 8, 5, 14, 11, 7, 3, 9, 10, 4, 4, 4, 17, 9, 2, 1, 2, 0]}}