{"histogram": {"y": [2, 1, 0, 4, 14, 23, 21, 50, 79, 83, 136, 152, 189, 229, 257, 310, 289, 318, 333, 295, 346, 285, 271, 238, 204, 216, 203, 157, 169, 150, 463, 224, 55, 12, 6, 1, 5, 11, 0], "x": [270, 285, 300, 315, 330, 345, 360, 375, 390, 405, 420, 435, 450, 465, 480, 495, 510, 525, 540, 555, 570, 585, 600, 615, 630, 645, 660, 675, 690, 705, 720, 735, 750, 765, 780, 795, 810, 825, 840]}, "percentile": {"y": [100.0, 100.0, 100.0, 100.0, 100.0, 99.9, 99.9, 99.9, 99.9, 99.9, 99.8, 99.8, 99.8, 99.7, 99.7, 99.7, 99.7, 99.6, 99.6, 99.6, 99.5, 99.5, 99.4, 99.4, 99.4, 99.4, 99.3, 99.3, 99.3, 99.2, 99.2, 99.2, 99.1, 99.0, 99.0, 99.0, 99.0, 99.0, 98.9, 98.9, 98.8, 98.8, 98.7, 98.7, 98.7, 98.6, 98.5, 98.5, 98.4, 98.3, 98.2, 98.2, 98.1, 98.1, 98.0, 97.8, 97.8, 97.7, 97.6, 97.5, 97.4, 97.4, 97.3, 97.3, 97.1, 97.0, 96.9, 96.8, 96.7, 96.6, 96.5, 96.4, 96.4, 96.3, 96.2, 96.1, 96.1, 96.0, 95.9, 95.7, 95.5, 95.5, 95.4, 95.3, 95.1, 95.0, 94.8, 94.7, 94.5, 94.4, 94.4, 94.2, 94.1, 93.9, 93.8, 93.6, 93.4, 93.1, 92.9, 92.8, 92.5, 92.4, 92.3, 92.2, 91.9, 91.8, 91.6, 91.4, 91.2, 91.1, 90.9, 90.7, 90.5, 90.3, 90.1, 90.0, 89.8, 89.5, 89.2, 88.9, 88.7, 88.4, 88.2, 88.0, 87.7, 87.5, 87.3, 87.2, 87.0, 86.9, 86.6, 86.4, 86.0, 85.7, 85.3, 85.1, 84.9, 84.6, 84.4, 84.2, 83.9, 83.7, 83.4, 83.1, 82.6, 82.4, 82.1, 81.8, 81.5, 81.1, 80.9, 80.7, 80.4, 80.2, 79.8, 79.6, 79.2, 78.9, 78.7, 78.2, 78.0, 77.7, 77.5, 77.1, 76.6, 76.3, 75.9, 75.3, 74.9, 74.6, 74.3, 73.9, 73.7, 73.3, 72.8, 72.6, 72.2, 71.9, 71.6, 71.2, 70.9, 70.7, 70.5, 70.0, 69.5, 69.2, 68.9, 68.7, 68.3, 67.8, 67.5, 67.2, 66.8, 66.4, 66.1, 65.8, 65.4, 65.0, 64.7, 64.3, 64.0, 63.7, 63.2, 62.9, 62.2, 61.8, 61.5, 61.1, 60.7, 60.4, 60.0, 59.5, 59.2, 58.8, 58.4, 58.2, 57.6, 57.4, 57.1, 56.7, 56.4, 56.1, 55.8, 55.5, 55.1, 54.9, 54.5, 54.2, 53.9, 53.5, 53.1, 52.7, 52.4, 52.0, 51.5, 51.2, 50.7, 50.4, 50.0, 49.5, 49.0, 48.7, 48.2, 47.9, 47.4, 46.9, 46.7, 46.4, 46.1, 45.7, 45.4, 45.0, 44.7, 44.4, 44.0, 43.6, 43.3, 43.1, 42.9, 42.6, 42.3, 42.0, 41.5, 41.2, 40.7, 40.3, 39.9, 39.7, 39.4, 39.1, 38.8, 38.6, 38.3, 38.0, 37.7, 37.4, 37.1, 36.9, 36.5, 36.2, 35.8, 35.599999999999994, 35.3, 35.099999999999994, 34.7, 34.5, 34.3, 34.0, 33.7, 33.5, 33.099999999999994, 32.900000000000006, 32.599999999999994, 32.400000000000006, 31.900000000000006, 31.700000000000003, 31.5, 31.200000000000003, 31.0, 30.700000000000003, 30.5, 30.299999999999997, 30.099999999999994, 30.0, 29.700000000000003, 29.5, 29.299999999999997, 29.0, 28.900000000000006, 28.599999999999994, 28.400000000000006, 28.099999999999994, 27.799999999999997, 27.599999999999994, 27.099999999999994, 26.900000000000006, 26.700000000000003, 26.5, 26.400000000000006, 26.299999999999997, 26.0, 25.700000000000003, 25.299999999999997, 25.099999999999994, 24.700000000000003, 24.5, 24.200000000000003, 24.0, 23.799999999999997, 23.5, 23.400000000000006, 23.200000000000003, 22.900000000000006, 22.799999999999997, 22.400000000000006, 22.299999999999997, 22.0, 21.799999999999997, 21.599999999999994, 21.200000000000003, 21.0, 20.900000000000006, 20.700000000000003, 20.5, 20.299999999999997, 20.200000000000003, 20.0, 19.900000000000006, 19.799999999999997, 19.599999999999994, 19.5, 19.299999999999997, 19.099999999999994, 18.900000000000006, 18.400000000000006, 18.299999999999997, 18.200000000000003, 18.099999999999994, 18.0, 17.799999999999997, 17.599999999999994, 17.5, 17.299999999999997, 17.099999999999994, 16.700000000000003, 16.5, 16.299999999999997, 16.200000000000003, 16.0, 15.700000000000003, 15.599999999999994, 15.5, 15.400000000000006, 15.200000000000003, 14.799999999999997, 14.700000000000003, 14.5, 14.400000000000006, 14.200000000000003, 13.900000000000006, 13.799999999999997, 13.700000000000003, 13.5, 13.400000000000006, 12.200000000000003, 11.799999999999997, 11.299999999999997, 10.599999999999994, 10.0, 9.299999999999997, 8.900000000000006, 8.400000000000006, 7.799999999999997, 7.099999999999994, 6.299999999999997, 6.200000000000003, 6.0, 5.799999999999997, 5.400000000000006, 5.099999999999994, 5.0, 4.700000000000003, 4.5, 4.299999999999997, 3.4000000000000057, 3.299999999999997, 3.0, 2.799999999999997, 2.700000000000003, 2.5, 2.299999999999997, 2.0999999999999943, 1.9000000000000057, 1.5999999999999943, 1.5, 1.4000000000000057, 1.4000000000000057, 1.2999999999999972, 1.2000000000000028, 1.2000000000000028, 1.0999999999999943, 1.0999999999999943, 0.9000000000000057, 0.7999999999999972, 0.7999999999999972, 0.7000000000000028, 0.7000000000000028, 0.5999999999999943, 0.5999999999999943, 0.5999999999999943, 0.5999999999999943, 0.5, 0.5, 0.5, 0.5, 0.5, 0.4000000000000057, 0.4000000000000057, 0.4000000000000057, 0.4000000000000057, 0.29999999999999716, 0.29999999999999716, 0.29999999999999716, 0.29999999999999716, 0.29999999999999716, 0.20000000000000284, 0.20000000000000284, 0.0], "x": [275, 280, 296, 319, 320, 322, 326, 330, 331, 334, 335, 336, 340, 341, 342, 343, 344, 345, 346, 347, 348, 349, 350, 352, 354, 355, 356, 359, 361, 362, 364, 365, 366, 368, 369, 370, 371, 373, 374, 375, 376, 377, 378, 379, 380, 381, 382, 383, 384, 385, 386, 387, 388, 389, 390, 391, 392, 393, 394, 395, 396, 397, 398, 399, 400, 401, 402, 403, 404, 405, 406, 407, 408, 409, 410, 411, 412, 413, 414, 415, 416, 417, 418, 419, 420, 421, 422, 423, 424, 425, 426, 427, 428, 429, 430, 431, 432, 433, 434, 435, 436, 437, 438, 439, 440, 441, 442, 443, 444, 445, 446, 447, 448, 449, 450, 451, 452, 453, 454, 455, 456, 457, 458, 459, 460, 461, 462, 463, 464, 465, 466, 467, 468, 469, 470, 471, 472, 473, 474, 475, 476, 477, 478, 479, 480, 481, 482, 483, 484, 485, 486, 487, 488, 489, 490, 491, 492, 493, 494, 495, 496, 497, 498, 499, 500, 501, 502, 503, 504, 505, 506, 507, 508, 509, 510, 511, 512, 513, 514, 515, 516, 517, 518, 519, 520, 521, 522, 523, 524, 525, 526, 527, 528, 529, 530, 531, 532, 533, 534, 535, 536, 537, 538, 539, 540, 541, 542, 543, 544, 545, 546, 547, 548, 549, 550, 551, 552, 553, 554, 555, 556, 557, 558, 559, 560, 561, 562, 563, 564, 565, 566, 567, 568, 569, 570, 571, 572, 573, 574, 575, 576, 577, 578, 579, 580, 581, 582, 583, 584, 585, 586, 587, 588, 589, 590, 591, 592, 593, 594, 595, 596, 597, 598, 599, 600, 601, 602, 603, 604, 605, 606, 607, 608, 609, 610, 611, 612, 613, 614, 615, 616, 617, 618, 619, 620, 621, 622, 623, 624, 625, 626, 627, 628, 629, 630, 631, 632, 633, 634, 635, 636, 637, 638, 639, 640, 641, 642, 643, 644, 645, 646, 647, 648, 649, 650, 651, 652, 653, 654, 655, 656, 657, 658, 659, 660, 661, 662, 663, 664, 665, 666, 667, 668, 669, 670, 671, 672, 673, 674, 675, 676, 677, 678, 679, 680, 681, 682, 683, 684, 685, 686, 687, 688, 689, 690, 691, 692, 693, 694, 695, 696, 697, 698, 699, 700, 701, 702, 703, 704, 705, 706, 707, 708, 709, 710, 711, 712, 713, 714, 715, 716, 717, 718, 719, 720, 721, 722, 723, 724, 725, 726, 727, 728, 729, 730, 731, 732, 733, 734, 735, 736, 737, 738, 739, 740, 741, 742, 743, 744, 745, 746, 747, 748, 749, 750, 751, 752, 753, 754, 755, 756, 757, 758, 759, 760, 762, 763, 764, 765, 766, 768, 770, 771, 772, 773, 774, 779, 784, 788, 789, 791, 794, 798, 818, 821, 822, 828, 829]}}