{"percentile": {"x": [294, 340, 350, 360, 430, 440, 441, 442, 450, 458, 461, 464, 466, 473, 474, 480, 482, 492, 495, 499, 501, 511, 513, 516, 524, 534, 535, 549, 556, 558, 562, 565, 570, 573, 578, 583, 587, 588, 591, 592, 596, 600, 608, 611, 615, 619, 633, 635, 643, 645, 651, 654, 660, 668, 670, 671, 675, 678, 680, 681, 692, 703, 704, 705, 709, 715, 716, 723, 725, 726, 730, 737, 746, 758, 761], "y": [98.8, 97.6, 96.4, 95.2, 94.0, 92.7, 91.5, 90.3, 87.9, 86.6, 85.4, 84.2, 83.0, 80.5, 79.3, 76.9, 75.7, 74.4, 73.2, 72.0, 70.8, 69.6, 68.3, 67.1, 64.7, 63.5, 62.2, 61.0, 59.8, 58.6, 56.1, 54.9, 53.7, 52.5, 51.3, 50.0, 48.8, 47.6, 46.4, 45.2, 42.7, 41.5, 40.3, 39.1, 37.9, 36.6, 35.400000000000006, 34.2, 33.0, 31.799999999999997, 30.5, 29.299999999999997, 25.700000000000003, 24.400000000000006, 23.200000000000003, 22.0, 20.799999999999997, 19.599999999999994, 18.299999999999997, 17.099999999999994, 15.900000000000006, 14.700000000000003, 13.5, 12.200000000000003, 11.0, 9.799999999999997, 8.599999999999994, 7.400000000000006, 6.099999999999994, 4.900000000000006, 3.700000000000003, 2.5, 1.2999999999999972, 0.0, -1.2000000000000028]}, "histogram": {"x": [285, 300, 315, 330, 345, 360, 375, 390, 405, 420, 435, 450, 465, 480, 495, 510, 525, 540, 555, 570, 585, 600, 615, 630, 645, 660, 675, 690, 705, 720, 735, 750, 765, 780], "y": [1, 0, 0, 1, 1, 1, 0, 0, 0, 1, 3, 5, 4, 4, 3, 5, 2, 1, 5, 4, 6, 3, 2, 3, 3, 6, 4, 3, 4, 4, 2, 2, 0, 0]}}