{"percentile": {"y": [99.7, 99.3, 98.9, 98.5, 98.1, 97.7, 97.3, 96.9, 96.5, 96.1, 95.8, 95.4, 95.0, 94.6, 94.2, 93.8, 93.0, 92.2, 91.8, 91.5, 91.1, 90.7, 90.3, 89.5, 89.1, 88.7, 88.3, 87.9, 87.5, 87.2, 86.8, 86.4, 86.0, 85.6, 85.2, 84.8, 84.4, 83.6, 83.3, 81.7, 81.3, 80.9, 80.5, 80.1, 79.7, 79.0, 78.6, 77.8, 77.4, 77.0, 76.2, 75.8, 75.4, 75.0, 74.3, 73.9, 73.5, 72.7, 71.9, 71.5, 71.1, 70.8, 70.4, 70.0, 69.2, 68.4, 68.0, 67.6, 66.8, 66.5, 66.1, 65.7, 64.5, 63.7, 63.3, 62.9, 62.5, 62.2, 61.0, 60.6, 60.2, 59.0, 58.6, 57.9, 57.5, 57.1, 56.7, 56.3, 55.5, 55.1, 54.3, 54.0, 53.6, 52.8, 52.0, 50.8, 50.4, 50.0, 49.7, 49.3, 48.9, 48.1, 47.7, 46.9, 46.5, 46.1, 45.8, 45.4, 45.0, 44.2, 43.8, 43.4, 43.0, 41.8, 41.5, 41.1, 40.7, 40.3, 39.9, 39.5, 38.7, 37.2, 36.8, 36.4, 36.0, 35.599999999999994, 35.2, 33.599999999999994, 33.3, 32.900000000000006, 31.299999999999997, 30.900000000000006, 30.5, 29.700000000000003, 29.0, 28.200000000000003, 27.799999999999997, 27.400000000000006, 27.0, 26.599999999999994, 25.799999999999997, 24.700000000000003, 23.900000000000006, 23.099999999999994, 22.299999999999997, 19.599999999999994, 18.400000000000006, 17.599999999999994, 16.5, 14.900000000000006, 14.5, 13.299999999999997, 12.900000000000006, 11.400000000000006, 10.599999999999994, 10.200000000000003, 9.799999999999997, 9.0, 6.700000000000003, 5.099999999999994, 4.700000000000003, 4.299999999999997, 4.0, 3.200000000000003, 2.799999999999997, 2.4000000000000057, 2.0, 1.2000000000000028, 0.7999999999999972, 0.4000000000000057, 0.0, -0.29999999999999716], "x": [357, 368, 389, 397, 401, 407, 424, 430, 445, 450, 452, 455, 460, 462, 463, 466, 467, 473, 476, 478, 479, 480, 481, 484, 486, 488, 492, 493, 496, 497, 502, 510, 513, 515, 516, 517, 519, 524, 525, 526, 529, 532, 533, 534, 535, 536, 537, 540, 541, 542, 545, 546, 547, 549, 550, 551, 555, 556, 558, 565, 568, 572, 573, 574, 580, 581, 582, 584, 591, 593, 594, 595, 596, 597, 598, 600, 602, 603, 604, 606, 607, 610, 612, 613, 614, 616, 617, 618, 620, 621, 622, 623, 625, 627, 629, 630, 632, 635, 640, 641, 642, 645, 646, 648, 650, 651, 654, 659, 661, 663, 664, 665, 666, 668, 669, 670, 671, 673, 675, 676, 677, 680, 681, 682, 683, 684, 688, 690, 693, 694, 695, 701, 702, 705, 707, 712, 713, 715, 716, 717, 720, 721, 722, 723, 724, 725, 726, 728, 729, 730, 731, 732, 733, 734, 735, 736, 737, 738, 740, 741, 742, 745, 747, 749, 750, 755, 757, 758, 760, 765, 781, 808]}, "histogram": {"y": [1, 1, 1, 2, 1, 2, 1, 6, 8, 8, 3, 8, 13, 12, 7, 9, 11, 15, 14, 8, 9, 13, 13, 12, 10, 39, 21, 6, 1, 1, 1, 0, 0], "x": [345, 360, 375, 390, 405, 420, 435, 450, 465, 480, 495, 510, 525, 540, 555, 570, 585, 600, 615, 630, 645, 660, 675, 690, 705, 720, 735, 750, 765, 780, 795, 810, 825]}}