{"histogram": {"y": [2, 2, 2, 4, 5, 4, 13, 7, 14, 15, 10, 8, 13, 23, 23, 14, 18, 27, 19, 19, 16, 18, 15, 19, 15, 14, 11, 39, 16, 4, 2, 0, 0, 1, 0, 0], "x": [315, 330, 345, 360, 375, 390, 405, 420, 435, 450, 465, 480, 495, 510, 525, 540, 555, 570, 585, 600, 615, 630, 645, 660, 675, 690, 705, 720, 735, 750, 765, 780, 795, 810, 825, 840]}, "percentile": {"y": [99.6, 99.3, 99.1, 98.6, 98.3, 98.1, 97.9, 97.6, 97.1, 96.9, 96.6, 96.4, 96.2, 95.9, 95.7, 95.4, 94.7, 94.2, 94.0, 93.2, 92.8, 92.5, 92.3, 92.0, 91.8, 91.5, 91.3, 91.0, 90.8, 90.6, 90.1, 89.8, 89.6, 89.3, 88.9, 88.6, 88.4, 88.1, 87.4, 87.2, 86.4, 85.9, 85.7, 85.5, 85.2, 85.0, 84.7, 84.2, 84.0, 83.5, 82.8, 82.3, 82.0, 81.8, 81.3, 81.1, 80.6, 80.3, 79.9, 79.6, 79.4, 79.1, 78.6, 78.4, 78.2, 77.9, 77.4, 77.2, 76.7, 76.4, 76.2, 76.0, 75.5, 75.2, 75.0, 74.5, 74.3, 74.0, 73.8, 73.5, 73.3, 73.0, 72.6, 71.1, 70.4, 69.9, 68.7, 68.4, 68.2, 67.9, 67.4, 67.0, 66.7, 66.5, 65.7, 65.5, 65.0, 64.8, 64.3, 64.0, 63.8, 63.6, 63.3, 62.8, 62.3, 62.1, 61.6, 61.4, 61.1, 60.9, 60.4, 60.1, 59.7, 59.2, 58.7, 58.0, 57.7, 57.0, 56.5, 55.8, 55.3, 55.0, 54.8, 54.6, 54.1, 53.3, 51.9, 51.1, 50.9, 50.7, 50.4, 49.9, 49.7, 49.4, 49.0, 48.5, 48.2, 47.7, 46.5, 45.8, 45.3, 44.8, 44.6, 43.6, 42.9, 42.6, 42.4, 41.4, 41.2, 40.9, 40.7, 40.2, 40.0, 39.5, 38.7, 38.2, 37.8, 37.5, 37.3, 36.8, 36.5, 36.3, 35.8, 35.3, 34.599999999999994, 34.400000000000006, 33.900000000000006, 33.400000000000006, 33.099999999999994, 32.900000000000006, 32.400000000000006, 32.2, 31.700000000000003, 31.400000000000006, 31.200000000000003, 31.0, 30.5, 29.5, 29.200000000000003, 28.799999999999997, 28.5, 28.299999999999997, 28.0, 27.299999999999997, 27.099999999999994, 26.799999999999997, 26.599999999999994, 26.299999999999997, 26.099999999999994, 25.400000000000006, 25.099999999999994, 24.900000000000006, 24.599999999999994, 23.900000000000006, 23.400000000000006, 22.400000000000006, 21.700000000000003, 21.200000000000003, 21.0, 20.200000000000003, 20.0, 19.799999999999997, 19.5, 19.299999999999997, 19.0, 18.299999999999997, 17.799999999999997, 17.599999999999994, 16.799999999999997, 16.599999999999994, 16.099999999999994, 15.400000000000006, 14.900000000000006, 14.599999999999994, 12.900000000000006, 12.200000000000003, 11.5, 10.799999999999997, 9.299999999999997, 8.599999999999994, 8.099999999999994, 6.900000000000006, 6.400000000000006, 5.599999999999994, 5.400000000000006, 5.200000000000003, 4.900000000000006, 4.400000000000006, 4.200000000000003, 3.9000000000000057, 3.5, 3.0, 2.700000000000003, 2.0, 1.7999999999999972, 1.5, 0.7999999999999972, 0.5, 0.29999999999999716, 0.0, -0.20000000000000284], "x": [317, 335, 338, 355, 369, 371, 372, 373, 378, 379, 381, 385, 390, 397, 399, 402, 407, 409, 410, 411, 415, 416, 418, 422, 425, 427, 428, 430, 432, 434, 435, 437, 438, 440, 442, 443, 445, 446, 447, 449, 450, 452, 453, 454, 455, 456, 457, 458, 460, 463, 465, 467, 469, 470, 471, 474, 482, 485, 487, 488, 489, 490, 495, 496, 498, 501, 502, 503, 505, 506, 507, 508, 510, 511, 512, 513, 514, 515, 516, 518, 520, 521, 522, 523, 524, 525, 526, 527, 528, 529, 530, 531, 532, 534, 535, 536, 538, 539, 540, 541, 543, 544, 545, 547, 549, 550, 553, 554, 555, 557, 558, 559, 560, 563, 565, 567, 568, 569, 570, 571, 572, 573, 575, 576, 578, 579, 580, 581, 582, 583, 584, 585, 586, 587, 588, 589, 590, 594, 595, 599, 603, 604, 605, 606, 607, 610, 611, 612, 614, 616, 617, 618, 619, 620, 622, 623, 625, 627, 628, 630, 632, 633, 634, 635, 638, 639, 640, 642, 643, 644, 645, 647, 648, 650, 651, 652, 655, 657, 659, 660, 661, 662, 663, 664, 665, 666, 668, 669, 670, 671, 672, 673, 674, 675, 679, 680, 681, 682, 683, 690, 692, 693, 694, 695, 699, 700, 702, 703, 705, 706, 715, 716, 717, 721, 722, 723, 724, 725, 726, 727, 728, 729, 730, 732, 733, 736, 737, 738, 740, 741, 742, 745, 746, 747, 748, 749, 753, 757, 770, 774, 818]}}