{"percentile": {"x": [339, 347, 350, 377, 380, 383, 400, 407, 420, 422, 435, 440, 441, 442, 443, 444, 447, 449, 450, 455, 456, 458, 462, 465, 466, 469, 471, 474, 478, 482, 483, 484, 486, 487, 488, 490, 491, 494, 495, 497, 498, 502, 504, 505, 508, 511, 515, 516, 520, 521, 522, 525, 526, 534, 535, 536, 538, 540, 544, 546, 550, 557, 558, 561, 563, 565, 567, 568, 569, 571, 574, 576, 578, 583, 584, 588, 589, 590, 592, 593, 595, 597, 598, 599, 600, 601, 602, 603, 605, 609, 611, 612, 613, 614, 616, 618, 619, 625, 626, 628, 629, 630, 632, 636, 639, 642, 643, 644, 645, 646, 647, 648, 652, 656, 657, 659, 660, 663, 665, 666, 667, 668, 669, 671, 676, 677, 680, 681, 683, 684, 685, 687, 689, 690, 691, 693, 698, 700, 705, 706, 708, 709, 710, 711, 712, 717, 718, 720, 721, 723, 724, 725, 726, 728, 729, 730, 731, 732, 734, 735, 737, 740, 741, 742, 743, 748, 753, 755, 756, 757, 758, 774], "y": [99.7, 99.3, 98.9, 98.5, 98.1, 97.7, 97.3, 96.9, 96.5, 96.1, 95.7, 95.3, 94.9, 94.1, 93.8, 92.6, 92.2, 91.8, 91.0, 89.8, 89.4, 89.0, 88.6, 88.2, 87.8, 87.1, 86.7, 86.3, 85.9, 85.5, 84.3, 83.9, 83.5, 83.1, 82.7, 82.3, 81.9, 81.5, 81.2, 80.8, 80.4, 80.0, 79.2, 78.4, 77.6, 76.8, 76.4, 75.6, 74.9, 74.5, 74.1, 73.7, 73.3, 72.9, 72.1, 71.7, 71.3, 70.1, 68.9, 68.6, 68.2, 67.8, 67.4, 67.0, 66.2, 65.4, 65.0, 64.6, 64.2, 63.8, 63.4, 63.0, 62.6, 62.3, 61.1, 60.7, 59.9, 59.5, 58.7, 58.3, 57.9, 57.1, 56.3, 56.0, 54.8, 54.4, 53.6, 53.2, 52.8, 52.4, 51.6, 51.2, 50.8, 50.4, 50.0, 49.7, 49.3, 48.9, 48.5, 48.1, 47.7, 46.9, 46.5, 46.1, 45.7, 44.5, 44.1, 43.8, 43.4, 43.0, 42.6, 41.8, 41.0, 40.2, 39.8, 39.4, 38.2, 37.8, 36.7, 35.5, 34.7, 33.900000000000006, 33.5, 33.099999999999994, 31.900000000000006, 31.200000000000003, 30.400000000000006, 30.0, 29.200000000000003, 28.799999999999997, 28.400000000000006, 28.0, 26.799999999999997, 26.0, 25.599999999999994, 25.200000000000003, 24.900000000000006, 24.5, 24.099999999999994, 23.700000000000003, 23.299999999999997, 22.5, 20.900000000000006, 20.5, 20.099999999999994, 19.700000000000003, 18.599999999999994, 17.400000000000006, 16.599999999999994, 15.799999999999997, 15.400000000000006, 14.200000000000003, 12.599999999999994, 11.900000000000006, 11.5, 10.700000000000003, 10.299999999999997, 9.099999999999994, 8.299999999999997, 7.900000000000006, 7.099999999999994, 5.200000000000003, 4.799999999999997, 4.0, 3.200000000000003, 2.4000000000000057, 2.0, 1.5999999999999943, 1.2000000000000028, 0.4000000000000057, 0.0, -0.29999999999999716]}, "histogram": {"x": [330, 345, 360, 375, 390, 405, 420, 435, 450, 465, 480, 495, 510, 525, 540, 555, 570, 585, 600, 615, 630, 645, 660, 675, 690, 705, 720, 735, 750, 765, 780, 795], "y": [1, 2, 0, 3, 1, 1, 2, 11, 8, 7, 11, 10, 9, 7, 8, 10, 8, 13, 14, 7, 10, 11, 16, 16, 6, 15, 26, 15, 6, 1, 0, 0]}}