{"histogram": {"x": [345, 360, 375, 390, 405, 420, 435, 450, 465, 480, 495, 510, 525, 540, 555, 570, 585, 600, 615, 630, 645, 660, 675, 690, 705, 720, 735, 750, 765, 780, 795, 810, 825, 840, 855], "y": [3, 1, 5, 1, 4, 6, 5, 11, 5, 5, 6, 16, 8, 9, 6, 12, 9, 15, 11, 11, 5, 11, 11, 11, 12, 11, 15, 2, 3, 0, 0, 0, 2, 0, 0]}, "percentile": {"x": [347, 354, 369, 375, 378, 380, 384, 388, 390, 405, 413, 417, 419, 420, 424, 425, 434, 443, 444, 449, 452, 453, 454, 455, 457, 458, 460, 463, 464, 465, 467, 468, 471, 474, 482, 483, 484, 490, 493, 495, 497, 498, 505, 507, 509, 510, 511, 514, 516, 517, 518, 519, 520, 522, 523, 524, 525, 526, 530, 531, 533, 537, 545, 546, 547, 548, 552, 553, 554, 555, 560, 562, 565, 567, 572, 573, 574, 575, 579, 580, 582, 583, 585, 587, 590, 591, 592, 596, 599, 600, 602, 604, 605, 606, 608, 612, 613, 614, 615, 616, 618, 620, 625, 628, 630, 631, 635, 636, 638, 640, 645, 651, 655, 660, 664, 667, 669, 671, 675, 677, 678, 679, 681, 684, 685, 688, 689, 690, 691, 695, 698, 703, 704, 705, 707, 708, 710, 713, 715, 716, 718, 719, 720, 721, 724, 726, 727, 729, 730, 733, 735, 736, 737, 738, 739, 740, 741, 743, 750, 758, 765, 767, 770, 828, 829], "y": [99.2, 98.8, 98.3, 97.9, 97.5, 97.0, 96.6, 96.2, 95.7, 95.3, 94.9, 94.4, 94.0, 93.6, 92.7, 91.8, 91.4, 90.5, 89.7, 89.2, 88.8, 88.4, 87.5, 87.1, 86.6, 86.2, 85.3, 84.9, 84.5, 84.0, 83.6, 83.2, 82.7, 82.3, 81.9, 81.4, 81.0, 80.6, 80.1, 79.7, 79.3, 78.8, 78.4, 78.0, 77.5, 77.1, 76.2, 75.8, 75.4, 74.1, 73.6, 73.2, 72.3, 71.9, 71.5, 70.6, 70.2, 69.7, 68.4, 68.0, 67.6, 67.1, 66.7, 65.9, 65.4, 65.0, 64.6, 64.1, 63.3, 62.4, 62.0, 61.5, 61.1, 60.7, 60.2, 59.8, 59.4, 58.9, 58.5, 58.1, 56.8, 55.5, 54.6, 53.7, 53.3, 52.9, 52.4, 52.0, 51.6, 50.3, 49.4, 48.5, 48.1, 47.7, 47.2, 45.9, 45.5, 45.1, 44.2, 42.9, 42.5, 41.2, 40.7, 40.3, 38.6, 38.1, 37.7, 37.3, 36.0, 35.5, 34.2, 33.8, 33.400000000000006, 31.700000000000003, 31.200000000000003, 30.400000000000006, 29.5, 28.599999999999994, 28.200000000000003, 27.799999999999997, 27.299999999999997, 26.5, 26.0, 25.599999999999994, 25.200000000000003, 24.700000000000003, 23.900000000000006, 22.599999999999994, 22.099999999999994, 21.299999999999997, 20.400000000000006, 20.0, 19.099999999999994, 18.200000000000003, 17.799999999999997, 16.900000000000006, 16.5, 16.099999999999994, 15.599999999999994, 15.200000000000003, 14.799999999999997, 13.900000000000006, 13.5, 12.599999999999994, 11.700000000000003, 11.299999999999997, 10.900000000000006, 10.0, 9.599999999999994, 9.099999999999994, 8.700000000000003, 8.299999999999997, 7.799999999999997, 7.400000000000006, 6.099999999999994, 3.5, 3.0999999999999943, 2.5999999999999943, 2.200000000000003, 1.7999999999999972, 1.2999999999999972, 0.9000000000000057, 0.5, 0.0, -0.4000000000000057]}}