{"percentile": {"x": [319, 348, 359, 364, 375, 393, 413, 426, 453, 456, 481, 487, 490, 500, 515, 522, 527, 530, 536, 540, 549, 564, 567, 589, 600, 630, 631, 644, 661, 667, 670, 705, 720, 721, 726, 740, 747, 756], "y": [97.5, 94.9, 92.4, 89.8, 87.2, 84.7, 82.1, 79.5, 77.0, 74.4, 71.8, 69.3, 66.7, 64.2, 61.6, 59.0, 51.3, 48.8, 46.2, 43.6, 41.1, 38.5, 35.900000000000006, 33.400000000000006, 30.799999999999997, 28.299999999999997, 25.700000000000003, 23.099999999999994, 20.599999999999994, 18.0, 15.400000000000006, 12.900000000000006, 10.299999999999997, 7.700000000000003, 5.200000000000003, 2.5999999999999943, 0.0, -2.5]}, "histogram": {"x": [315, 330, 345, 360, 375, 390, 405, 420, 435, 450, 465, 480, 495, 510, 525, 540, 555, 570, 585, 600, 615, 630, 645, 660, 675, 690, 705, 720, 735, 750, 765, 780], "y": [1, 0, 2, 1, 1, 1, 1, 1, 0, 2, 0, 3, 1, 2, 5, 2, 2, 0, 1, 1, 0, 3, 0, 3, 0, 0, 1, 3, 2, 1, 0, 0]}}