{"percentile": {"y": [99.6, 99.1, 98.7, 98.2, 97.7, 97.3, 96.3, 95.9, 95.4, 94.9, 94.0, 93.5, 93.1, 92.6, 92.1, 91.7, 91.2, 89.8, 88.4, 87.0, 86.1, 85.2, 84.7, 83.8, 83.3, 81.0, 80.0, 78.7, 77.3, 76.3, 74.9, 74.5, 74.0, 73.1, 72.1, 71.2, 69.8, 68.9, 68.0, 67.0, 66.6, 66.1, 65.6, 64.7, 62.8, 61.9, 61.0, 58.2, 56.3, 54.9, 53.5, 51.7, 51.2, 49.4, 46.6, 46.1, 45.2, 44.2, 43.8, 41.9, 41.4, 39.6, 38.7, 38.2, 37.7, 37.3, 35.900000000000006, 34.0, 31.700000000000003, 30.700000000000003, 28.900000000000006, 28.400000000000006, 28.0, 27.5, 27.0, 26.599999999999994, 25.599999999999994, 25.200000000000003, 24.700000000000003, 23.799999999999997, 23.299999999999997, 22.799999999999997, 21.900000000000006, 21.0, 20.5, 19.599999999999994, 18.200000000000003, 17.299999999999997, 15.400000000000006, 14.900000000000006, 14.0, 13.5, 12.099999999999994, 11.200000000000003, 10.299999999999997, 9.799999999999997, 9.400000000000006, 8.900000000000006, 8.0, 7.5, 6.599999999999994, 6.099999999999994, 5.200000000000003, 4.700000000000003, 3.799999999999997, 2.799999999999997, 2.4000000000000057, 1.9000000000000057, 1.4000000000000057, 1.0, 0.0, -0.4000000000000057], "x": [257, 278, 281, 284, 305, 307, 313, 314, 315, 321, 327, 328, 330, 334, 335, 336, 338, 339, 340, 341, 343, 344, 345, 350, 353, 354, 357, 359, 360, 361, 362, 363, 365, 367, 369, 370, 372, 373, 375, 376, 377, 380, 381, 382, 383, 384, 385, 386, 387, 388, 389, 390, 391, 392, 393, 394, 396, 398, 399, 400, 401, 402, 404, 405, 406, 407, 409, 410, 412, 414, 415, 416, 417, 420, 421, 424, 425, 426, 427, 428, 430, 431, 432, 433, 434, 435, 436, 438, 440, 441, 443, 444, 447, 448, 450, 451, 452, 453, 454, 455, 457, 461, 462, 466, 467, 468, 473, 474, 480, 485, 492, 496]}, "histogram": {"y": [1, 3, 0, 5, 5, 18, 14, 21, 33, 32, 23, 16, 20, 13, 7, 4, 1, 0], "x": [255, 270, 285, 300, 315, 330, 345, 360, 375, 390, 405, 420, 435, 450, 465, 480, 495, 510]}}