{"histogram": {"y": [2, 2, 4, 4, 6, 7, 11, 16, 27, 24, 25, 31, 33, 37, 38, 39, 48, 27, 41, 58, 50, 39, 38, 42, 55, 38, 50, 40, 29, 75, 43, 20, 1, 1, 0, 1, 4, 0], "x": [285, 300, 315, 330, 345, 360, 375, 390, 405, 420, 435, 450, 465, 480, 495, 510, 525, 540, 555, 570, 585, 600, 615, 630, 645, 660, 675, 690, 705, 720, 735, 750, 765, 780, 795, 810, 825, 840]}, "percentile": {"y": [99.9, 99.8, 99.7, 99.5, 99.4, 99.3, 99.2, 99.1, 99.0, 98.9, 98.8, 98.6, 98.5, 98.4, 98.3, 98.2, 98.1, 98.0, 97.9, 97.8, 97.7, 97.6, 97.5, 97.1, 96.9, 96.8, 96.7, 96.5, 96.3, 96.1, 96.0, 95.9, 95.8, 95.7, 95.6, 95.2, 95.1, 95.0, 94.9, 94.6, 94.4, 94.2, 93.9, 93.7, 93.6, 93.4, 93.0, 92.8, 92.7, 92.4, 92.2, 91.9, 91.7, 91.4, 91.3, 91.0, 90.9, 90.8, 90.7, 90.3, 90.1, 89.8, 89.2, 89.0, 88.9, 88.7, 88.5, 88.4, 88.3, 88.1, 87.9, 87.7, 87.5, 87.4, 87.3, 87.1, 87.0, 86.9, 86.5, 86.3, 86.1, 85.9, 85.7, 85.6, 85.4, 85.1, 84.9, 84.4, 84.2, 84.1, 84.0, 83.8, 83.6, 83.5, 83.3, 82.9, 82.3, 81.9, 81.7, 81.4, 81.2, 80.9, 80.7, 80.4, 80.0, 80.0, 79.7, 79.5, 79.0, 78.7, 78.5, 78.1, 77.9, 77.8, 77.3, 77.2, 76.8, 76.5, 76.1, 75.9, 75.8, 75.5, 75.4, 75.1, 75.0, 74.6, 74.2, 73.6, 73.5, 73.3, 73.0, 72.6, 72.4, 72.0, 71.9, 71.5, 71.4, 71.2, 70.9, 70.7, 70.5, 69.8, 69.6, 69.2, 69.1, 68.4, 68.0, 67.7, 66.9, 66.8, 66.4, 66.1, 65.6, 65.3, 65.1, 65.0, 64.9, 64.8, 64.6, 64.5, 64.3, 64.1, 63.8, 63.7, 63.6, 63.4, 63.3, 63.0, 62.9, 62.5, 62.1, 61.9, 61.6, 61.5, 61.2, 60.6, 60.4, 60.1, 60.0, 59.8, 59.2, 58.9, 58.8, 58.4, 58.1, 57.6, 57.3, 57.1, 56.7, 56.1, 55.9, 55.4, 54.7, 54.6, 54.2, 53.6, 53.4, 52.9, 52.7, 52.3, 51.9, 51.6, 51.2, 51.0, 50.5, 50.2, 49.8, 49.5, 49.3, 48.9, 48.6, 48.5, 48.0, 47.5, 47.3, 46.8, 46.5, 46.2, 46.0, 45.9, 45.6, 45.3, 45.2, 44.9, 44.8, 44.5, 44.4, 44.0, 43.7, 43.4, 42.9, 42.7, 42.6, 42.4, 42.0, 41.7, 41.6, 41.4, 41.0, 40.7, 40.6, 40.2, 40.1, 39.8, 39.7, 39.6, 39.4, 38.9, 38.6, 38.5, 38.1, 37.8, 37.5, 37.1, 36.9, 36.8, 36.6, 36.3, 36.0, 35.5, 35.2, 35.0, 34.7, 34.5, 34.2, 33.8, 33.5, 32.599999999999994, 32.2, 32.0, 31.799999999999997, 31.0, 30.400000000000006, 30.0, 29.700000000000003, 29.200000000000003, 28.900000000000006, 28.5, 28.200000000000003, 27.900000000000006, 27.5, 27.200000000000003, 27.0, 26.900000000000006, 26.599999999999994, 26.5, 26.400000000000006, 26.200000000000003, 26.0, 25.5, 25.400000000000006, 25.200000000000003, 24.700000000000003, 24.400000000000006, 24.099999999999994, 23.700000000000003, 23.400000000000006, 23.299999999999997, 23.0, 22.5, 22.299999999999997, 21.599999999999994, 21.200000000000003, 20.400000000000006, 20.200000000000003, 20.0, 20.0, 19.799999999999997, 19.700000000000003, 19.299999999999997, 19.200000000000003, 18.700000000000003, 18.400000000000006, 18.299999999999997, 17.900000000000006, 17.799999999999997, 17.299999999999997, 17.200000000000003, 17.099999999999994, 17.0, 16.700000000000003, 16.599999999999994, 16.200000000000003, 16.099999999999994, 15.900000000000006, 15.700000000000003, 15.599999999999994, 15.5, 15.299999999999997, 15.200000000000003, 14.700000000000003, 14.400000000000006, 14.0, 13.799999999999997, 13.0, 12.200000000000003, 11.599999999999994, 10.900000000000006, 10.099999999999994, 9.799999999999997, 9.400000000000006, 8.799999999999997, 8.0, 7.900000000000006, 7.5, 7.299999999999997, 6.900000000000006, 6.5, 6.299999999999997, 5.799999999999997, 5.700000000000003, 5.599999999999994, 4.599999999999994, 4.5, 4.400000000000006, 4.099999999999994, 4.0, 3.700000000000003, 3.0999999999999943, 2.9000000000000057, 2.5999999999999943, 2.4000000000000057, 2.0, 1.9000000000000057, 1.7999999999999972, 1.5, 1.2000000000000028, 0.7999999999999972, 0.7000000000000028, 0.5999999999999943, 0.5, 0.4000000000000057, 0.29999999999999716, 0.20000000000000284, 0.0], "x": [295, 303, 312, 317, 327, 328, 332, 333, 335, 344, 351, 354, 356, 357, 358, 361, 362, 369, 371, 372, 373, 374, 375, 378, 382, 385, 386, 387, 392, 393, 395, 396, 397, 398, 399, 400, 401, 403, 404, 405, 406, 409, 410, 411, 412, 413, 414, 415, 416, 418, 419, 420, 421, 422, 424, 426, 428, 429, 430, 431, 432, 433, 435, 436, 438, 439, 440, 441, 442, 444, 445, 446, 447, 448, 449, 450, 451, 452, 453, 454, 455, 456, 457, 458, 460, 461, 462, 463, 464, 465, 468, 469, 470, 471, 472, 473, 474, 475, 476, 477, 478, 479, 480, 481, 482, 483, 484, 485, 487, 488, 489, 490, 491, 492, 493, 495, 496, 497, 498, 499, 500, 501, 503, 504, 505, 506, 507, 508, 509, 510, 511, 512, 513, 514, 515, 516, 517, 518, 519, 520, 521, 523, 524, 525, 526, 527, 528, 529, 530, 531, 532, 533, 534, 535, 536, 537, 538, 539, 540, 541, 542, 543, 544, 546, 547, 548, 549, 550, 552, 553, 554, 555, 556, 557, 558, 559, 560, 561, 562, 563, 564, 565, 567, 568, 569, 570, 571, 572, 573, 574, 575, 576, 577, 578, 579, 580, 581, 582, 583, 584, 585, 586, 587, 588, 589, 590, 591, 592, 593, 594, 595, 596, 597, 598, 599, 600, 601, 602, 603, 604, 605, 606, 607, 608, 609, 610, 611, 612, 613, 614, 615, 616, 617, 618, 619, 620, 621, 622, 623, 624, 625, 626, 627, 628, 629, 630, 631, 632, 633, 634, 635, 636, 637, 638, 639, 640, 641, 642, 643, 644, 645, 646, 647, 648, 649, 650, 651, 652, 653, 655, 656, 657, 658, 659, 660, 661, 662, 663, 664, 665, 666, 667, 668, 669, 670, 672, 673, 674, 675, 676, 677, 678, 679, 680, 681, 682, 683, 684, 685, 686, 687, 688, 689, 690, 691, 692, 693, 694, 695, 696, 697, 698, 700, 701, 702, 703, 704, 705, 706, 707, 708, 709, 710, 711, 712, 713, 714, 715, 716, 717, 718, 719, 720, 721, 722, 723, 724, 725, 726, 727, 728, 729, 730, 731, 732, 733, 734, 735, 736, 737, 738, 739, 740, 742, 743, 744, 745, 746, 747, 748, 749, 750, 752, 753, 754, 755, 756, 758, 761, 764, 774, 792, 818, 828, 829]}}