{"histogram": {"y": [4, 13, 8, 20, 29, 42, 36, 46, 63, 85, 113, 135, 133, 186, 196, 192, 192, 220, 218, 210, 212, 224, 252, 211, 211, 213, 189, 157, 177, 148, 130, 351, 246, 67, 15, 4, 1, 0, 3, 0], "x": [255, 270, 285, 300, 315, 330, 345, 360, 375, 390, 405, 420, 435, 450, 465, 480, 495, 510, 525, 540, 555, 570, 585, 600, 615, 630, 645, 660, 675, 690, 705, 720, 735, 750, 765, 780, 795, 810, 825, 840]}, "percentile": {"y": [100.0, 100.0, 100.0, 100.0, 99.9, 99.9, 99.9, 99.8, 99.8, 99.8, 99.8, 99.7, 99.7, 99.7, 99.6, 99.6, 99.6, 99.5, 99.5, 99.5, 99.4, 99.4, 99.4, 99.3, 99.3, 99.2, 99.2, 99.1, 99.1, 99.1, 99.0, 98.9, 98.9, 98.9, 98.8, 98.8, 98.7, 98.6, 98.6, 98.6, 98.6, 98.5, 98.5, 98.4, 98.4, 98.3, 98.3, 98.2, 98.1, 98.1, 97.9, 97.9, 97.9, 97.8, 97.7, 97.6, 97.6, 97.5, 97.4, 97.4, 97.4, 97.4, 97.3, 97.3, 97.2, 97.2, 97.1, 97.1, 97.0, 96.9, 96.8, 96.8, 96.8, 96.7, 96.6, 96.6, 96.5, 96.4, 96.4, 96.3, 96.2, 96.1, 96.1, 96.1, 96.0, 95.9, 95.7, 95.6, 95.6, 95.4, 95.4, 95.3, 95.2, 95.2, 95.0, 95.0, 94.9, 94.8, 94.8, 94.7, 94.5, 94.4, 94.4, 94.3, 94.1, 94.1, 93.9, 93.7, 93.6, 93.4, 93.3, 93.2, 93.2, 93.1, 93.0, 92.9, 92.7, 92.6, 92.4, 92.3, 92.2, 92.0, 91.8, 91.7, 91.5, 91.3, 91.1, 90.9, 90.8, 90.5, 90.4, 90.2, 90.0, 89.9, 89.7, 89.6, 89.4, 89.3, 89.0, 88.8, 88.6, 88.3, 88.2, 88.1, 87.9, 87.7, 87.5, 87.3, 87.1, 86.9, 86.7, 86.4, 86.2, 86.1, 86.1, 85.9, 85.8, 85.6, 85.4, 85.1, 84.9, 84.6, 84.5, 84.3, 84.0, 83.7, 83.5, 83.3, 83.1, 82.8, 82.5, 82.2, 81.9, 81.6, 81.3, 81.1, 80.9, 80.6, 80.4, 80.1, 79.8, 79.5, 79.2, 79.0, 78.7, 78.3, 78.1, 77.9, 77.7, 77.2, 77.1, 76.7, 76.6, 76.3, 76.0, 75.9, 75.7, 75.5, 75.2, 74.9, 74.6, 74.3, 74.0, 73.8, 73.5, 73.4, 73.2, 72.9, 72.7, 72.4, 72.2, 72.0, 71.6, 71.5, 71.2, 70.8, 70.5, 70.2, 69.9, 69.3, 68.9, 68.7, 68.5, 68.2, 67.8, 67.5, 67.2, 67.0, 66.8, 66.4, 66.3, 66.0, 65.8, 65.5, 65.0, 64.8, 64.4, 64.0, 63.8, 63.4, 63.1, 62.9, 62.6, 62.3, 62.0, 61.8, 61.6, 61.2, 61.0, 60.5, 60.3, 60.0, 59.8, 59.6, 59.1, 58.8, 58.6, 58.5, 58.2, 57.9, 57.7, 57.3, 57.0, 56.8, 56.3, 56.1, 55.9, 55.7, 55.5, 55.2, 54.9, 54.7, 54.4, 54.0, 53.8, 53.5, 53.1, 52.8, 52.5, 52.2, 52.0, 51.6, 51.3, 50.9, 50.5, 50.3, 50.0, 49.6, 49.3, 48.9, 48.7, 48.4, 48.2, 48.0, 47.7, 47.2, 46.7, 46.6, 46.3, 45.7, 45.5, 45.2, 44.9, 44.6, 44.3, 43.9, 43.6, 43.2, 42.9, 42.5, 42.3, 42.1, 41.9, 41.7, 41.4, 41.1, 40.8, 40.4, 40.0, 39.8, 39.5, 39.3, 39.0, 38.6, 38.4, 38.0, 37.8, 37.5, 37.3, 36.6, 36.5, 36.2, 36.0, 35.8, 35.5, 35.2, 34.900000000000006, 34.599999999999994, 34.400000000000006, 34.099999999999994, 33.8, 33.5, 33.2, 33.0, 32.8, 32.400000000000006, 32.2, 31.900000000000006, 31.700000000000003, 31.200000000000003, 31.0, 30.799999999999997, 30.400000000000006, 30.099999999999994, 29.700000000000003, 29.5, 29.099999999999994, 28.900000000000006, 28.700000000000003, 28.299999999999997, 28.299999999999997, 27.900000000000006, 27.700000000000003, 27.400000000000006, 27.200000000000003, 27.099999999999994, 26.799999999999997, 26.599999999999994, 26.299999999999997, 26.0, 25.799999999999997, 25.599999999999994, 25.299999999999997, 25.099999999999994, 24.799999999999997, 24.400000000000006, 24.299999999999997, 24.200000000000003, 24.0, 23.700000000000003, 23.5, 23.400000000000006, 23.299999999999997, 23.099999999999994, 22.900000000000006, 22.799999999999997, 22.599999999999994, 22.299999999999997, 22.0, 21.599999999999994, 21.5, 21.299999999999997, 21.099999999999994, 20.799999999999997, 20.5, 20.299999999999997, 19.900000000000006, 19.799999999999997, 19.5, 19.099999999999994, 18.799999999999997, 18.599999999999994, 18.400000000000006, 18.200000000000003, 18.0, 17.900000000000006, 17.799999999999997, 17.700000000000003, 17.5, 17.0, 17.0, 16.700000000000003, 16.599999999999994, 16.5, 16.400000000000006, 16.299999999999997, 16.200000000000003, 16.099999999999994, 15.900000000000006, 15.599999999999994, 15.5, 15.299999999999997, 15.200000000000003, 15.0, 14.799999999999997, 14.599999999999994, 14.5, 14.200000000000003, 13.900000000000006, 13.5, 12.900000000000006, 12.400000000000006, 11.799999999999997, 11.099999999999994, 10.5, 10.099999999999994, 9.599999999999994, 9.200000000000003, 8.599999999999994, 7.799999999999997, 7.599999999999994, 7.299999999999997, 7.099999999999994, 6.799999999999997, 6.400000000000006, 6.0, 5.700000000000003, 5.400000000000006, 5.299999999999997, 3.9000000000000057, 3.5999999999999943, 3.200000000000003, 3.0999999999999943, 2.700000000000003, 2.5999999999999943, 2.200000000000003, 2.0999999999999943, 2.0, 1.7999999999999972, 1.7999999999999972, 1.7999999999999972, 1.5999999999999943, 1.4000000000000057, 1.4000000000000057, 1.2000000000000028, 1.0999999999999943, 1.0999999999999943, 0.7999999999999972, 0.7999999999999972, 0.7000000000000028, 0.7000000000000028, 0.5999999999999943, 0.5, 0.5, 0.5, 0.5, 0.4000000000000057, 0.4000000000000057, 0.4000000000000057, 0.29999999999999716, 0.29999999999999716, 0.20000000000000284, 0.20000000000000284, 0.20000000000000284, 0.20000000000000284, 0.09999999999999432, 0.09999999999999432, 0.0], "x": [260, 262, 266, 269, 272, 274, 275, 276, 278, 280, 281, 283, 284, 290, 293, 295, 297, 298, 300, 302, 305, 306, 307, 308, 309, 310, 311, 314, 315, 316, 317, 318, 319, 320, 322, 324, 325, 326, 327, 328, 329, 330, 332, 333, 334, 335, 336, 337, 338, 339, 340, 341, 342, 343, 344, 345, 346, 348, 349, 350, 351, 352, 353, 354, 355, 356, 357, 358, 359, 360, 361, 362, 363, 364, 365, 366, 367, 368, 369, 370, 371, 372, 373, 374, 375, 376, 377, 378, 379, 380, 381, 382, 383, 384, 385, 386, 387, 388, 389, 390, 391, 392, 393, 394, 395, 396, 397, 398, 399, 400, 401, 402, 403, 404, 405, 406, 407, 408, 409, 410, 411, 412, 413, 414, 415, 416, 417, 418, 419, 420, 421, 422, 423, 424, 425, 426, 427, 428, 429, 430, 431, 432, 433, 434, 435, 436, 437, 438, 439, 440, 441, 442, 443, 444, 445, 446, 447, 448, 449, 450, 451, 452, 453, 454, 455, 456, 457, 458, 459, 460, 461, 462, 463, 464, 465, 466, 467, 468, 469, 470, 471, 472, 473, 474, 475, 476, 477, 478, 479, 480, 481, 482, 483, 484, 485, 486, 487, 488, 489, 490, 491, 492, 493, 494, 495, 496, 497, 498, 499, 500, 501, 502, 503, 504, 505, 506, 507, 508, 509, 510, 511, 512, 513, 514, 515, 516, 517, 518, 519, 520, 521, 522, 523, 524, 525, 526, 527, 528, 529, 530, 531, 532, 533, 534, 535, 536, 537, 538, 539, 540, 541, 542, 543, 544, 545, 546, 547, 548, 549, 550, 551, 552, 553, 554, 555, 556, 557, 558, 559, 560, 561, 562, 563, 564, 565, 566, 567, 568, 569, 570, 571, 572, 573, 574, 575, 576, 577, 578, 579, 580, 581, 582, 583, 584, 585, 586, 587, 588, 589, 590, 591, 592, 593, 594, 595, 596, 597, 598, 599, 600, 601, 602, 603, 604, 605, 606, 607, 608, 609, 610, 611, 612, 613, 614, 615, 616, 617, 618, 619, 620, 621, 622, 623, 624, 625, 626, 627, 628, 629, 630, 631, 632, 633, 634, 635, 636, 637, 638, 639, 640, 641, 642, 643, 644, 645, 646, 647, 648, 649, 650, 651, 652, 653, 654, 655, 656, 657, 658, 659, 660, 661, 662, 663, 664, 665, 666, 667, 668, 669, 670, 671, 672, 673, 674, 675, 676, 677, 678, 679, 680, 681, 682, 683, 684, 685, 686, 687, 688, 689, 690, 691, 692, 693, 694, 695, 696, 697, 698, 699, 700, 701, 702, 703, 704, 705, 706, 707, 708, 709, 710, 711, 712, 713, 714, 715, 716, 717, 718, 719, 720, 721, 722, 723, 724, 725, 726, 727, 728, 729, 730, 731, 732, 733, 734, 735, 736, 737, 738, 739, 740, 741, 742, 743, 744, 745, 746, 747, 748, 749, 750, 751, 752, 753, 754, 755, 756, 757, 758, 759, 760, 761, 762, 763, 764, 766, 767, 768, 769, 773, 774, 775, 778, 779, 780, 792, 794, 807, 829]}}