{"histogram": {"y": [2, 5, 6, 9, 6, 12, 21, 20, 23, 20, 20, 19, 18, 21, 13, 17, 19, 11, 15, 7, 9, 11, 7, 7, 14, 8, 2, 0, 0, 0, 0, 2, 0], "x": [360, 375, 390, 405, 420, 435, 450, 465, 480, 495, 510, 525, 540, 555, 570, 585, 600, 615, 630, 645, 660, 675, 690, 705, 720, 735, 750, 765, 780, 795, 810, 825, 840]}, "percentile": {"y": [99.8, 99.5, 99.2, 98.9, 98.6, 98.3, 98.0, 97.7, 97.4, 96.8, 96.6, 96.3, 96.0, 95.7, 95.1, 94.8, 94.5, 93.9, 93.6, 93.3, 93.1, 92.8, 92.5, 92.2, 91.9, 91.3, 91.0, 90.7, 90.4, 90.1, 89.8, 89.0, 88.7, 88.4, 88.1, 87.8, 87.5, 86.9, 86.3, 85.8, 85.5, 84.6, 84.0, 83.7, 83.1, 82.3, 82.0, 81.7, 81.1, 80.2, 79.4, 79.1, 78.8, 78.2, 77.0, 76.7, 76.4, 75.6, 75.3, 74.4, 73.5, 72.6, 72.4, 71.8, 71.5, 70.9, 70.0, 69.7, 69.4, 69.1, 68.6, 67.7, 67.4, 67.1, 65.6, 64.5, 64.2, 63.9, 63.6, 63.0, 62.1, 61.6, 61.3, 60.4, 60.1, 59.2, 58.7, 58.1, 56.9, 56.3, 56.0, 55.4, 54.9, 54.0, 53.4, 53.1, 52.8, 52.5, 51.9, 51.4, 51.1, 50.5, 50.2, 49.3, 49.0, 48.7, 48.4, 47.9, 47.6, 47.3, 46.7, 46.4, 45.8, 45.5, 44.4, 43.5, 43.2, 42.6, 42.3, 42.0, 41.4, 41.2, 40.6, 40.3, 39.1, 38.8, 38.5, 38.2, 37.7, 37.4, 37.1, 36.5, 35.900000000000006, 35.599999999999994, 35.3, 34.5, 33.3, 32.400000000000006, 32.099999999999994, 31.0, 30.700000000000003, 30.400000000000006, 30.099999999999994, 29.799999999999997, 29.5, 28.599999999999994, 27.700000000000003, 26.900000000000006, 26.299999999999997, 26.0, 25.700000000000003, 25.099999999999994, 24.799999999999997, 24.5, 23.700000000000003, 23.099999999999994, 22.799999999999997, 22.200000000000003, 21.900000000000006, 21.599999999999994, 21.0, 20.700000000000003, 20.200000000000003, 19.900000000000006, 19.299999999999997, 19.0, 18.400000000000006, 17.799999999999997, 17.5, 17.299999999999997, 16.700000000000003, 15.799999999999997, 15.200000000000003, 14.599999999999994, 13.799999999999997, 12.900000000000006, 12.599999999999994, 12.0, 11.700000000000003, 11.400000000000006, 11.099999999999994, 10.799999999999997, 10.5, 10.299999999999997, 10.0, 9.400000000000006, 9.099999999999994, 8.5, 7.900000000000006, 7.599999999999994, 7.299999999999997, 6.5, 6.200000000000003, 5.599999999999994, 5.299999999999997, 5.0, 4.700000000000003, 4.400000000000006, 3.799999999999997, 3.299999999999997, 3.0, 1.7999999999999972, 1.5, 1.2000000000000028, 0.9000000000000057, 0.5999999999999943, 0.29999999999999716, -0.20000000000000284], "x": [372, 373, 375, 379, 380, 385, 386, 391, 398, 399, 401, 404, 407, 408, 410, 411, 412, 418, 419, 421, 423, 425, 428, 431, 432, 435, 437, 439, 440, 443, 444, 447, 448, 449, 451, 452, 453, 454, 455, 456, 457, 458, 460, 461, 463, 464, 465, 466, 467, 468, 470, 471, 473, 476, 477, 478, 479, 480, 481, 482, 484, 485, 487, 488, 490, 491, 492, 493, 495, 496, 497, 498, 500, 502, 504, 506, 507, 509, 510, 511, 512, 515, 516, 518, 519, 520, 522, 524, 525, 527, 528, 529, 531, 533, 535, 536, 538, 539, 540, 541, 542, 543, 545, 546, 547, 548, 549, 550, 552, 553, 557, 558, 559, 560, 561, 562, 563, 564, 565, 566, 568, 569, 570, 571, 575, 576, 577, 579, 582, 583, 585, 587, 588, 589, 590, 592, 593, 599, 601, 602, 604, 606, 607, 610, 611, 612, 613, 614, 617, 618, 620, 623, 625, 627, 629, 630, 631, 632, 633, 637, 638, 639, 640, 642, 644, 645, 651, 652, 655, 657, 660, 662, 663, 674, 675, 676, 677, 683, 684, 687, 690, 691, 696, 697, 700, 703, 707, 709, 710, 711, 717, 720, 721, 723, 725, 726, 728, 729, 732, 733, 735, 740, 742, 745, 747, 751, 756, 829]}}