{"histogram": {"x": [390, 405, 420, 435, 450, 465, 480, 495, 510, 525, 540, 555, 570, 585, 600, 615, 630, 645, 660, 675, 690, 705, 720, 735, 750, 765, 780], "y": [1, 0, 1, 0, 0, 2, 0, 1, 1, 1, 0, 1, 0, 4, 1, 1, 0, 0, 0, 2, 1, 1, 3, 1, 0, 1, 0]}, "percentile": {"x": [400, 425, 469, 473, 506, 520, 528, 562, 586, 594, 596, 598, 606, 622, 680, 683, 700, 715, 721, 726, 733, 740, 773], "y": [95.5, 91.0, 86.4, 81.9, 77.3, 72.8, 68.2, 63.7, 59.1, 54.6, 50.0, 45.5, 41.0, 36.4, 31.900000000000006, 27.299999999999997, 22.799999999999997, 18.200000000000003, 13.700000000000003, 9.099999999999994, 4.599999999999994, 0.0, -4.5]}}