{"histogram": {"y": [1, 2, 2, 9, 9, 3, 9, 10, 11, 18, 13, 24, 17, 16, 23, 28, 27, 20, 34, 36, 19, 22, 20, 16, 13, 52, 44, 10, 5, 0, 0, 1, 0], "x": [345, 360, 375, 390, 405, 420, 435, 450, 465, 480, 495, 510, 525, 540, 555, 570, 585, 600, 615, 630, 645, 660, 675, 690, 705, 720, 735, 750, 765, 780, 795, 810, 825]}, "percentile": {"y": [99.9, 99.7, 99.5, 99.3, 99.1, 98.7, 98.5, 98.3, 97.7, 97.5, 97.3, 96.9, 96.7, 96.3, 96.2, 96.0, 95.6, 95.4, 95.0, 94.8, 94.4, 94.2, 94.0, 93.8, 93.6, 93.4, 93.2, 92.6, 92.3, 91.9, 91.5, 91.3, 91.1, 90.7, 90.5, 90.3, 90.1, 89.9, 89.7, 89.5, 89.3, 89.1, 88.7, 88.5, 88.4, 88.2, 87.8, 87.6, 87.4, 87.0, 86.8, 86.4, 85.8, 85.6, 85.4, 85.0, 84.8, 84.3, 83.9, 83.5, 83.1, 82.7, 82.3, 81.7, 81.3, 80.9, 80.8, 80.6, 80.2, 79.6, 79.2, 78.6, 78.4, 78.2, 78.0, 77.8, 77.6, 77.4, 77.2, 76.9, 76.7, 76.5, 75.9, 75.5, 75.1, 74.3, 74.1, 73.5, 73.3, 73.0, 72.8, 72.6, 72.4, 72.2, 72.0, 71.8, 71.6, 71.4, 70.6, 69.8, 69.4, 68.9, 68.7, 68.5, 68.3, 68.1, 67.7, 67.5, 66.9, 66.1, 65.7, 65.2, 65.0, 64.6, 64.2, 63.8, 63.0, 62.6, 62.0, 61.5, 61.1, 60.7, 60.1, 59.3, 58.7, 58.1, 57.7, 57.0, 56.8, 56.6, 56.2, 56.0, 55.6, 55.4, 55.2, 54.8, 54.6, 54.4, 54.0, 53.5, 52.9, 52.7, 52.5, 52.1, 51.1, 50.7, 50.5, 49.8, 49.2, 49.0, 47.6, 47.0, 46.8, 46.6, 46.2, 45.7, 45.5, 44.9, 44.3, 43.7, 43.5, 42.9, 42.7, 42.4, 41.8, 41.2, 41.0, 40.2, 39.2, 38.8, 38.6, 38.5, 38.1, 37.7, 37.5, 37.3, 36.9, 36.7, 36.3, 36.1, 35.5, 34.900000000000006, 34.2, 33.8, 33.0, 32.599999999999994, 32.0, 31.599999999999994, 31.400000000000006, 31.200000000000003, 30.799999999999997, 30.5, 30.099999999999994, 29.700000000000003, 29.099999999999994, 28.5, 28.299999999999997, 28.099999999999994, 27.900000000000006, 27.700000000000003, 27.5, 27.299999999999997, 27.099999999999994, 27.0, 26.799999999999997, 26.599999999999994, 26.200000000000003, 26.0, 25.0, 24.799999999999997, 24.400000000000006, 24.200000000000003, 23.599999999999994, 23.400000000000006, 23.099999999999994, 22.900000000000006, 22.700000000000003, 22.099999999999994, 21.700000000000003, 21.099999999999994, 20.299999999999997, 19.900000000000006, 19.299999999999997, 18.599999999999994, 17.400000000000006, 16.0, 15.400000000000006, 15.099999999999994, 14.5, 13.5, 13.099999999999994, 12.5, 12.099999999999994, 11.599999999999994, 10.799999999999997, 10.599999999999994, 10.200000000000003, 9.200000000000003, 8.599999999999994, 6.5, 5.900000000000006, 5.5, 4.900000000000006, 4.5, 4.299999999999997, 3.5999999999999943, 3.0, 2.799999999999997, 2.4000000000000057, 2.200000000000003, 1.5999999999999943, 1.4000000000000057, 1.2000000000000028, 1.0, 0.5999999999999943, 0.4000000000000057, 0.20000000000000284, 0.0, -0.09999999999999432], "x": [359, 370, 372, 378, 389, 390, 392, 399, 400, 402, 404, 405, 408, 413, 414, 417, 419, 420, 431, 436, 437, 438, 439, 440, 442, 447, 449, 450, 453, 455, 459, 463, 465, 466, 467, 469, 472, 474, 475, 476, 477, 479, 481, 482, 485, 486, 487, 488, 489, 490, 491, 492, 493, 494, 495, 496, 498, 500, 502, 505, 509, 510, 512, 514, 515, 516, 518, 519, 520, 521, 522, 523, 524, 525, 526, 528, 530, 531, 532, 533, 534, 536, 537, 538, 539, 540, 541, 544, 545, 546, 547, 549, 551, 553, 554, 555, 556, 557, 558, 559, 560, 561, 563, 564, 565, 566, 568, 569, 570, 571, 572, 574, 575, 577, 578, 580, 581, 582, 584, 585, 587, 588, 589, 591, 594, 595, 596, 597, 599, 600, 603, 604, 605, 606, 607, 608, 609, 610, 612, 613, 614, 615, 616, 618, 619, 620, 621, 622, 623, 624, 625, 626, 627, 628, 629, 630, 631, 632, 633, 634, 636, 637, 638, 639, 640, 641, 642, 643, 644, 645, 646, 647, 648, 650, 652, 653, 654, 655, 656, 657, 659, 660, 661, 663, 664, 666, 669, 670, 673, 674, 675, 676, 677, 678, 680, 681, 682, 684, 686, 687, 688, 689, 690, 692, 693, 695, 696, 697, 698, 700, 702, 704, 705, 707, 710, 712, 714, 716, 718, 720, 721, 722, 723, 724, 725, 726, 727, 728, 729, 730, 731, 732, 733, 734, 735, 736, 737, 738, 739, 740, 741, 743, 744, 745, 746, 747, 748, 753, 755, 756, 758, 759, 762, 764, 766, 770, 771, 773, 818]}}