{"histogram": {"y": [1, 0, 1, 1, 6, 6, 14, 10, 11, 17, 22, 34, 42, 31, 28, 38, 52, 49, 32, 42, 39, 41, 32, 49, 31, 30, 32, 21, 21, 63, 30, 8, 2, 1, 1, 0, 2, 0], "x": [285, 300, 315, 330, 345, 360, 375, 390, 405, 420, 435, 450, 465, 480, 495, 510, 525, 540, 555, 570, 585, 600, 615, 630, 645, 660, 675, 690, 705, 720, 735, 750, 765, 780, 795, 810, 825, 840]}, "percentile": {"y": [99.9, 99.8, 99.7, 99.6, 99.1, 99.0, 98.9, 98.7, 98.6, 98.5, 98.4, 98.3, 98.0, 97.9, 97.7, 97.5, 97.4, 97.3, 97.1, 97.0, 96.7, 96.6, 96.5, 96.4, 96.1, 96.0, 95.9, 95.6, 95.4, 95.2, 94.9, 94.8, 94.7, 94.4, 94.2, 94.1, 94.0, 93.7, 93.5, 93.4, 93.3, 92.9, 92.8, 92.3, 92.1, 91.8, 91.6, 91.3, 91.2, 90.9, 90.8, 90.4, 90.2, 90.0, 89.7, 89.4, 89.2, 88.7, 88.5, 88.0, 87.8, 87.4, 87.2, 86.9, 86.5, 86.2, 85.7, 85.6, 85.4, 85.2, 84.3, 84.2, 84.0, 83.2, 82.8, 82.5, 82.4, 81.9, 81.8, 81.3, 81.1, 80.9, 80.4, 80.0, 79.9, 79.5, 79.4, 79.3, 79.0, 78.6, 78.1, 78.0, 77.9, 77.8, 77.0, 76.7, 76.6, 76.5, 76.2, 76.0, 75.7, 75.6, 75.4, 75.3, 74.8, 74.7, 74.4, 73.9, 73.7, 73.4, 72.6, 72.5, 72.2, 72.0, 71.9, 71.8, 71.4, 70.8, 70.4, 70.1, 70.0, 69.9, 69.4, 69.1, 68.8, 68.6, 68.0, 67.2, 66.6, 66.3, 66.1, 65.6, 65.0, 64.4, 64.2, 64.1, 63.6, 62.7, 62.6, 61.9, 61.6, 61.0, 60.1, 60.0, 59.6, 59.4, 59.0, 58.9, 58.8, 58.5, 58.0, 57.7, 56.9, 56.8, 56.7, 56.1, 55.8, 55.7, 55.6, 55.1, 55.0, 54.6, 54.2, 53.9, 53.8, 53.4, 53.1, 53.0, 52.9, 52.5, 52.4, 51.8, 51.3, 51.2, 50.7, 50.3, 49.9, 49.8, 49.5, 49.2, 48.9, 48.0, 47.8, 47.2, 46.8, 46.2, 46.1, 45.9, 45.8, 45.7, 45.3, 45.0, 44.9, 44.5, 43.8, 43.4, 43.3, 42.6, 42.2, 41.9, 41.6, 40.8, 40.7, 40.3, 40.0, 39.5, 39.0, 38.8, 38.7, 38.4, 38.1, 37.7, 37.1, 37.0, 36.8, 36.2, 36.0, 35.900000000000006, 35.7, 35.400000000000006, 35.2, 35.099999999999994, 35.0, 34.7, 34.599999999999994, 33.8, 32.8, 32.599999999999994, 32.5, 32.400000000000006, 31.599999999999994, 31.200000000000003, 30.599999999999994, 30.400000000000006, 29.799999999999997, 29.599999999999994, 29.299999999999997, 28.799999999999997, 28.700000000000003, 28.400000000000006, 28.299999999999997, 27.900000000000006, 27.799999999999997, 27.099999999999994, 26.599999999999994, 26.400000000000006, 26.0, 25.900000000000006, 25.700000000000003, 25.200000000000003, 25.099999999999994, 24.400000000000006, 24.200000000000003, 24.0, 23.900000000000006, 23.5, 23.099999999999994, 22.900000000000006, 22.799999999999997, 22.5, 22.099999999999994, 22.0, 21.599999999999994, 21.5, 21.0, 20.900000000000006, 20.400000000000006, 20.299999999999997, 20.200000000000003, 19.700000000000003, 19.200000000000003, 18.900000000000006, 18.799999999999997, 18.599999999999994, 18.5, 18.400000000000006, 18.0, 17.700000000000003, 17.299999999999997, 17.200000000000003, 17.099999999999994, 16.900000000000006, 16.700000000000003, 16.400000000000006, 16.099999999999994, 15.900000000000006, 15.799999999999997, 15.400000000000006, 15.299999999999997, 15.200000000000003, 14.799999999999997, 14.700000000000003, 14.599999999999994, 14.400000000000006, 14.200000000000003, 14.099999999999994, 13.900000000000006, 13.799999999999997, 13.5, 13.299999999999997, 13.200000000000003, 12.700000000000003, 11.5, 11.099999999999994, 10.900000000000006, 10.700000000000003, 10.099999999999994, 9.5, 9.099999999999994, 8.200000000000003, 8.0, 7.200000000000003, 6.0, 5.900000000000006, 5.400000000000006, 5.200000000000003, 4.900000000000006, 4.5, 4.099999999999994, 4.0, 3.5, 3.0, 2.700000000000003, 2.5999999999999943, 2.299999999999997, 2.0999999999999943, 2.0, 1.5999999999999943, 1.5, 1.4000000000000057, 1.2000000000000028, 1.0999999999999943, 1.0, 0.9000000000000057, 0.7999999999999972, 0.5999999999999943, 0.5, 0.4000000000000057, 0.29999999999999716, 0.20000000000000284, -0.09999999999999432], "x": [295, 318, 330, 353, 355, 357, 360, 365, 367, 370, 373, 374, 377, 379, 380, 382, 383, 385, 386, 387, 388, 389, 391, 393, 397, 398, 400, 402, 403, 405, 407, 409, 410, 414, 416, 417, 420, 421, 422, 423, 424, 425, 428, 429, 433, 435, 437, 438, 440, 441, 442, 443, 444, 446, 447, 448, 450, 451, 453, 455, 456, 457, 458, 459, 460, 461, 462, 463, 464, 465, 466, 467, 468, 470, 471, 472, 473, 474, 475, 476, 477, 478, 479, 480, 481, 482, 483, 484, 485, 486, 488, 489, 491, 492, 493, 494, 495, 496, 497, 498, 499, 500, 501, 502, 503, 505, 506, 507, 508, 509, 510, 511, 512, 513, 514, 515, 516, 517, 518, 519, 520, 521, 522, 523, 524, 525, 526, 527, 528, 530, 531, 532, 533, 534, 535, 536, 537, 538, 539, 540, 541, 542, 543, 544, 545, 546, 547, 548, 549, 550, 551, 552, 553, 554, 555, 556, 557, 558, 559, 560, 561, 562, 563, 564, 565, 567, 568, 569, 570, 571, 572, 573, 574, 575, 576, 577, 578, 579, 580, 581, 582, 584, 585, 586, 587, 588, 589, 590, 591, 592, 593, 594, 595, 596, 597, 598, 599, 600, 601, 602, 604, 605, 606, 607, 609, 610, 611, 612, 613, 614, 615, 616, 617, 618, 619, 620, 621, 622, 623, 624, 625, 626, 627, 628, 629, 630, 631, 632, 633, 634, 636, 637, 638, 639, 640, 641, 642, 643, 645, 646, 648, 649, 650, 652, 653, 654, 655, 656, 657, 658, 659, 660, 661, 662, 663, 665, 666, 667, 668, 669, 670, 671, 672, 674, 675, 676, 677, 678, 679, 680, 681, 682, 683, 684, 685, 686, 687, 689, 690, 692, 693, 694, 696, 698, 699, 700, 701, 702, 703, 704, 705, 706, 707, 709, 710, 712, 713, 714, 716, 717, 718, 719, 720, 721, 722, 723, 724, 725, 726, 727, 728, 729, 730, 731, 733, 734, 735, 736, 737, 738, 740, 741, 742, 743, 744, 745, 747, 749, 751, 752, 753, 757, 758, 759, 762, 764, 765, 773, 781, 805, 829]}}