{"histogram": {"x": [330, 345, 360, 375, 390, 405, 420, 435, 450, 465, 480, 495, 510, 525, 540, 555, 570, 585, 600, 615, 630, 645, 660, 675, 690, 705, 720, 735, 750, 765, 780], "y": [1, 1, 1, 2, 2, 0, 3, 2, 1, 3, 4, 10, 3, 5, 9, 9, 8, 6, 6, 12, 10, 12, 11, 14, 6, 5, 22, 8, 3, 0, 0]}, "percentile": {"x": [340, 345, 371, 384, 387, 392, 401, 424, 427, 431, 439, 447, 457, 470, 476, 478, 481, 486, 496, 498, 499, 501, 504, 505, 507, 509, 514, 522, 523, 525, 533, 539, 542, 544, 546, 547, 548, 549, 550, 551, 553, 555, 556, 557, 560, 562, 564, 568, 569, 572, 574, 576, 577, 578, 582, 587, 589, 592, 598, 600, 601, 603, 607, 609, 614, 615, 618, 621, 625, 626, 629, 634, 635, 636, 637, 640, 642, 643, 645, 647, 650, 651, 652, 653, 655, 656, 658, 660, 664, 666, 668, 670, 674, 675, 676, 678, 679, 682, 683, 685, 689, 690, 693, 696, 700, 709, 710, 713, 714, 716, 720, 721, 722, 724, 725, 727, 729, 730, 732, 733, 738, 739, 740, 741, 745, 746, 748, 749, 758, 761], "y": [99.5, 98.9, 98.4, 97.8, 97.2, 96.7, 96.1, 95.6, 95.0, 94.4, 93.9, 93.3, 92.7, 92.2, 91.6, 91.1, 90.5, 88.8, 88.3, 87.7, 86.6, 86.0, 85.4, 84.9, 84.3, 83.2, 82.6, 82.1, 81.5, 80.4, 79.3, 78.7, 78.1, 77.6, 77.0, 76.5, 75.9, 75.3, 74.8, 74.2, 73.6, 73.1, 72.0, 71.4, 70.8, 70.3, 69.7, 69.2, 68.6, 66.9, 66.3, 65.8, 65.2, 64.7, 64.1, 63.0, 62.4, 61.8, 60.7, 60.2, 59.6, 59.0, 58.5, 57.9, 57.4, 55.7, 54.5, 54.0, 53.4, 52.3, 50.6, 50.0, 48.9, 47.8, 47.2, 46.7, 46.1, 45.0, 44.4, 43.9, 43.3, 42.2, 41.6, 40.5, 39.4, 38.8, 38.3, 37.1, 36.0, 35.400000000000006, 34.3, 33.2, 32.099999999999994, 29.299999999999997, 28.700000000000003, 28.099999999999994, 27.599999999999994, 26.5, 25.900000000000006, 24.799999999999997, 24.200000000000003, 23.099999999999994, 22.5, 22.0, 20.799999999999997, 20.299999999999997, 19.700000000000003, 19.200000000000003, 18.599999999999994, 18.0, 15.799999999999997, 14.099999999999994, 13.5, 11.799999999999997, 11.299999999999997, 10.700000000000003, 9.0, 7.400000000000006, 6.200000000000003, 5.700000000000003, 5.099999999999994, 4.5, 4.0, 3.4000000000000057, 2.9000000000000057, 2.299999999999997, 1.7000000000000028, 1.2000000000000028, 0.0, -0.5]}}