{"histogram": {"y": [1, 0, 0, 1, 2, 2, 3, 3, 8, 11, 13, 13, 27, 19, 20, 33, 25, 18, 29, 22, 19, 13, 21, 17, 18, 19, 18, 18, 32, 23, 8, 3, 2, 0, 3, 0, 0], "x": [300, 315, 330, 345, 360, 375, 390, 405, 420, 435, 450, 465, 480, 495, 510, 525, 540, 555, 570, 585, 600, 615, 630, 645, 660, 675, 690, 705, 720, 735, 750, 765, 780, 795, 810, 825, 840]}, "percentile": {"y": [99.8, 99.6, 99.4, 99.2, 99.0, 98.8, 98.3, 98.1, 97.9, 97.5, 97.0, 96.8, 96.6, 96.4, 96.2, 95.9, 95.7, 95.5, 95.3, 95.1, 94.7, 94.4, 93.8, 93.6, 93.4, 92.7, 92.5, 92.1, 91.8, 91.6, 91.4, 91.0, 90.8, 90.5, 90.3, 89.7, 89.5, 89.3, 88.8, 88.6, 88.2, 87.7, 87.5, 87.3, 87.1, 86.9, 86.4, 85.8, 85.1, 84.9, 84.7, 84.1, 83.0, 82.8, 82.6, 82.3, 81.9, 81.5, 80.8, 80.6, 80.4, 80.2, 79.7, 79.5, 78.9, 78.0, 77.8, 77.6, 77.2, 76.9, 76.7, 76.3, 75.9, 75.4, 75.2, 74.3, 73.9, 73.7, 73.5, 73.1, 72.2, 71.8, 71.5, 71.3, 70.2, 69.4, 68.7, 67.9, 67.4, 67.2, 67.0, 66.4, 65.9, 65.7, 65.5, 64.8, 64.2, 63.3, 63.1, 62.9, 62.7, 62.0, 61.4, 61.0, 60.5, 60.3, 60.1, 59.7, 59.0, 58.6, 58.4, 57.9, 57.5, 57.3, 57.1, 56.6, 56.4, 56.2, 54.7, 54.0, 53.4, 52.7, 51.9, 51.7, 51.2, 51.0, 50.8, 50.4, 49.9, 49.7, 49.3, 49.1, 48.6, 48.4, 48.2, 47.8, 47.6, 46.9, 46.5, 46.3, 46.1, 45.6, 45.2, 44.5, 44.3, 43.9, 43.7, 43.2, 42.8, 42.6, 42.4, 42.2, 42.0, 41.7, 41.5, 41.3, 41.1, 40.4, 40.2, 40.0, 39.6, 39.1, 38.3, 38.1, 37.4, 37.2, 36.8, 36.3, 35.900000000000006, 35.7, 35.5, 35.3, 34.599999999999994, 34.400000000000006, 34.2, 33.7, 33.3, 32.900000000000006, 32.7, 32.400000000000006, 31.599999999999994, 31.200000000000003, 30.900000000000006, 30.5, 30.299999999999997, 29.599999999999994, 28.799999999999997, 28.599999999999994, 28.299999999999997, 27.700000000000003, 27.5, 27.0, 26.0, 25.5, 25.299999999999997, 24.900000000000006, 24.700000000000003, 24.0, 23.799999999999997, 23.599999999999994, 23.200000000000003, 22.900000000000006, 21.599999999999994, 21.400000000000006, 21.0, 20.799999999999997, 20.599999999999994, 20.099999999999994, 19.700000000000003, 19.5, 19.299999999999997, 19.099999999999994, 18.400000000000006, 18.200000000000003, 18.0, 17.5, 16.200000000000003, 16.0, 15.799999999999997, 15.200000000000003, 14.099999999999994, 13.700000000000003, 13.200000000000003, 12.599999999999994, 11.900000000000006, 11.299999999999997, 11.099999999999994, 10.599999999999994, 9.799999999999997, 9.099999999999994, 8.5, 8.299999999999997, 7.799999999999997, 7.599999999999994, 7.400000000000006, 7.0, 6.099999999999994, 5.400000000000006, 5.0, 4.599999999999994, 4.400000000000006, 4.200000000000003, 3.9000000000000057, 3.700000000000003, 3.299999999999997, 2.9000000000000057, 2.5999999999999943, 2.4000000000000057, 2.200000000000003, 1.5999999999999943, 1.2999999999999972, 0.9000000000000057, 0.7000000000000028, 0.5, 0.29999999999999716, -0.20000000000000284], "x": [308, 345, 371, 374, 377, 379, 393, 404, 416, 419, 421, 423, 428, 429, 431, 432, 434, 435, 436, 438, 443, 444, 445, 446, 449, 450, 453, 454, 457, 459, 460, 461, 462, 463, 468, 469, 470, 472, 473, 476, 478, 479, 480, 481, 482, 483, 484, 485, 486, 487, 488, 489, 490, 491, 492, 493, 494, 495, 498, 500, 502, 504, 505, 506, 507, 508, 509, 510, 511, 512, 513, 514, 515, 517, 518, 520, 521, 522, 524, 525, 527, 528, 529, 530, 531, 532, 534, 535, 536, 537, 538, 539, 540, 541, 542, 543, 546, 547, 548, 549, 550, 551, 553, 554, 555, 556, 558, 559, 560, 561, 563, 564, 565, 567, 568, 570, 571, 573, 575, 576, 577, 578, 579, 581, 582, 583, 584, 585, 586, 587, 588, 589, 590, 592, 593, 594, 595, 596, 597, 598, 599, 600, 602, 603, 604, 605, 606, 608, 609, 610, 611, 613, 614, 615, 616, 617, 619, 620, 621, 622, 624, 627, 630, 632, 633, 635, 636, 637, 638, 639, 640, 642, 644, 645, 646, 647, 649, 651, 652, 653, 655, 656, 659, 660, 663, 664, 665, 667, 668, 669, 670, 672, 675, 677, 678, 680, 681, 682, 686, 687, 688, 689, 690, 692, 693, 694, 696, 697, 698, 699, 700, 702, 705, 709, 713, 714, 715, 716, 717, 718, 720, 721, 722, 723, 724, 725, 726, 727, 728, 729, 730, 733, 735, 736, 738, 739, 740, 741, 742, 743, 744, 745, 746, 747, 749, 750, 756, 759, 760, 761, 765, 777, 791, 793, 818, 821]}}