{"percentile": {"x": [349, 356, 394, 395, 408, 416, 435, 437, 438, 467, 470, 471, 479, 481, 486, 490, 497, 504, 515, 519, 520, 530, 535, 545, 547, 548, 549, 553, 555, 560, 561, 563, 566, 572, 573, 577, 590, 591, 600, 604, 606, 612, 613, 620, 630, 631, 635, 637, 640, 642, 650, 652, 665, 667, 670, 672, 684, 691, 693, 703, 705, 706, 712, 720, 721, 731, 739, 740, 742, 744, 752, 754, 763], "y": [98.8, 97.5, 96.3, 95.0, 93.8, 92.5, 91.3, 90.0, 88.8, 87.5, 86.3, 85.0, 83.8, 82.5, 80.0, 78.8, 77.5, 76.3, 75.0, 72.5, 71.3, 70.0, 68.8, 67.5, 66.3, 65.0, 63.8, 62.5, 61.3, 60.0, 58.8, 57.5, 56.3, 53.8, 52.5, 51.3, 50.0, 48.8, 47.5, 46.3, 45.0, 43.8, 42.5, 41.3, 38.8, 37.5, 36.3, 35.0, 33.8, 32.5, 31.299999999999997, 28.799999999999997, 27.5, 26.299999999999997, 25.0, 23.799999999999997, 20.0, 18.799999999999997, 17.5, 16.299999999999997, 15.0, 13.799999999999997, 12.5, 11.299999999999997, 10.0, 8.799999999999997, 7.5, 5.0, 3.799999999999997, 2.5, 1.2999999999999972, 0.0, -1.2000000000000028]}, "histogram": {"x": [345, 360, 375, 390, 405, 420, 435, 450, 465, 480, 495, 510, 525, 540, 555, 570, 585, 600, 615, 630, 645, 660, 675, 690, 705, 720, 735, 750, 765, 780], "y": [2, 0, 0, 2, 2, 0, 3, 0, 4, 4, 2, 4, 2, 5, 5, 4, 2, 5, 1, 7, 3, 4, 3, 3, 3, 3, 5, 3, 0, 0]}}