{"percentile": {"y": [99.4, 98.2, 97.5, 96.9, 96.3, 95.6, 95.0, 93.7, 93.1, 91.8, 90.6, 89.9, 89.3, 88.7, 88.0, 86.8, 86.1, 85.5, 84.9, 84.2, 83.0, 82.3, 81.1, 80.4, 79.2, 78.5, 77.9, 77.3, 76.6, 75.4, 74.7, 74.1, 72.8, 72.2, 70.9, 70.3, 69.7, 69.0, 67.8, 67.1, 66.5, 65.9, 64.6, 64.0, 62.7, 62.1, 61.4, 60.8, 60.2, 59.5, 58.3, 57.6, 57.0, 56.4, 55.1, 54.5, 53.8, 53.2, 51.9, 51.3, 50.7, 48.8, 48.2, 47.5, 46.3, 45.6, 44.4, 43.7, 43.1, 42.5, 41.2, 40.6, 39.9, 39.3, 38.7, 38.0, 37.4, 36.8, 35.5, 34.900000000000006, 34.2, 33.599999999999994, 33.0, 32.3, 31.099999999999994, 30.400000000000006, 29.799999999999997, 29.200000000000003, 28.5, 27.900000000000006, 27.299999999999997, 26.599999999999994, 25.400000000000006, 24.099999999999994, 23.5, 22.799999999999997, 22.200000000000003, 21.599999999999994, 20.900000000000006, 20.299999999999997, 19.700000000000003, 19.0, 18.400000000000006, 17.799999999999997, 17.099999999999994, 16.5, 15.900000000000006, 15.200000000000003, 14.599999999999994, 14.0, 12.700000000000003, 12.099999999999994, 11.400000000000006, 10.799999999999997, 10.200000000000003, 9.5, 8.900000000000006, 8.299999999999997, 7.599999999999994, 6.400000000000006, 5.099999999999994, 4.5, 3.799999999999997, 3.200000000000003, 1.9000000000000057, 1.2999999999999972, 0.7000000000000028, 0.0, -0.5999999999999943], "x": [391, 395, 398, 407, 410, 412, 419, 420, 433, 436, 437, 438, 442, 445, 447, 452, 453, 454, 457, 463, 464, 466, 468, 471, 473, 476, 477, 478, 487, 488, 493, 494, 495, 497, 500, 501, 508, 511, 514, 515, 519, 520, 525, 526, 527, 528, 529, 532, 535, 538, 543, 546, 547, 550, 551, 553, 554, 556, 559, 561, 565, 569, 570, 573, 574, 575, 576, 577, 580, 581, 582, 585, 590, 591, 592, 593, 594, 596, 601, 604, 606, 608, 609, 612, 613, 617, 620, 625, 626, 632, 643, 644, 645, 648, 650, 651, 657, 658, 659, 660, 662, 667, 672, 675, 676, 680, 681, 682, 688, 689, 690, 700, 703, 718, 719, 721, 722, 726, 728, 730, 733, 735, 737, 739, 745, 748, 758, 761, 807]}, "histogram": {"y": [4, 4, 3, 8, 8, 9, 5, 7, 6, 10, 9, 8, 12, 7, 9, 4, 3, 9, 4, 7, 4, 2, 8, 6, 2, 0, 0, 1, 0, 0], "x": [390, 405, 420, 435, 450, 465, 480, 495, 510, 525, 540, 555, 570, 585, 600, 615, 630, 645, 660, 675, 690, 705, 720, 735, 750, 765, 780, 795, 810, 825]}}