{"percentile": {"y": [99.5, 98.9, 98.3, 97.7, 97.1, 96.5, 95.3, 94.7, 94.1, 93.5, 92.3, 91.7, 91.1, 90.5, 89.9, 89.3, 88.7, 88.1, 87.5, 87.0, 86.4, 85.8, 85.2, 84.6, 84.0, 83.4, 82.8, 82.2, 81.0, 80.4, 79.8, 79.2, 78.6, 78.0, 77.4, 76.8, 75.6, 75.0, 74.5, 73.9, 73.3, 72.7, 72.1, 71.5, 70.9, 70.3, 69.7, 69.1, 68.5, 67.9, 66.1, 65.5, 63.7, 63.1, 62.5, 62.0, 60.8, 60.2, 59.6, 59.0, 58.4, 57.8, 57.2, 55.4, 54.8, 54.2, 53.6, 53.0, 52.4, 51.8, 50.6, 50.0, 49.5, 48.9, 47.7, 47.1, 46.5, 45.9, 45.3, 44.7, 44.1, 43.5, 42.9, 42.3, 41.7, 41.1, 39.9, 39.3, 38.7, 38.1, 37.5, 37.0, 36.4, 35.2, 34.0, 32.8, 32.2, 31.599999999999994, 31.0, 30.400000000000006, 29.799999999999997, 29.200000000000003, 28.599999999999994, 28.0, 27.400000000000006, 26.799999999999997, 26.200000000000003, 25.599999999999994, 24.5, 23.900000000000006, 23.299999999999997, 22.099999999999994, 21.5, 20.900000000000006, 20.299999999999997, 19.700000000000003, 19.099999999999994, 18.5, 17.299999999999997, 16.700000000000003, 16.099999999999994, 15.5, 14.900000000000006, 14.299999999999997, 13.700000000000003, 13.099999999999994, 12.5, 12.0, 11.400000000000006, 10.799999999999997, 9.599999999999994, 9.0, 7.200000000000003, 6.599999999999994, 6.0, 5.400000000000006, 4.200000000000003, 3.0, 2.4000000000000057, 1.7999999999999972, 1.2000000000000028, 0.5999999999999943, 0.0, -0.5], "x": [310, 323, 333, 343, 348, 349, 359, 365, 374, 378, 389, 390, 404, 407, 409, 411, 420, 423, 425, 431, 435, 441, 445, 447, 448, 451, 455, 459, 460, 462, 470, 472, 474, 475, 476, 478, 480, 481, 486, 488, 491, 495, 499, 503, 508, 511, 512, 513, 518, 519, 520, 524, 525, 526, 528, 530, 532, 536, 538, 543, 544, 548, 549, 550, 557, 559, 562, 564, 566, 570, 571, 573, 574, 575, 582, 583, 586, 588, 589, 590, 591, 594, 596, 597, 598, 600, 602, 603, 605, 606, 609, 612, 613, 617, 620, 621, 625, 626, 628, 640, 642, 645, 647, 650, 655, 657, 658, 662, 668, 670, 671, 672, 674, 681, 682, 686, 688, 691, 695, 696, 697, 698, 699, 701, 703, 704, 705, 710, 715, 717, 720, 721, 723, 725, 727, 728, 730, 731, 736, 739, 740, 741, 755, 774]}, "histogram": {"y": [1, 1, 2, 4, 2, 3, 2, 3, 4, 5, 6, 6, 6, 4, 9, 10, 7, 5, 9, 9, 9, 9, 2, 6, 8, 4, 10, 4, 13, 4, 1, 1, 0], "x": [300, 315, 330, 345, 360, 375, 390, 405, 420, 435, 450, 465, 480, 495, 510, 525, 540, 555, 570, 585, 600, 615, 630, 645, 660, 675, 690, 705, 720, 735, 750, 765, 780]}}