{"histogram": {"x": [300, 315, 330, 345, 360, 375, 390, 405, 420, 435, 450, 465, 480, 495, 510, 525, 540, 555, 570, 585, 600, 615, 630, 645, 660, 675, 690, 705, 720, 735, 750, 765, 780, 795], "y": [1, 0, 0, 1, 0, 4, 5, 7, 1, 5, 9, 7, 6, 11, 12, 10, 7, 12, 8, 11, 10, 13, 18, 10, 10, 6, 5, 7, 24, 9, 1, 2, 0, 0]}, "percentile": {"x": [312, 358, 378, 381, 385, 387, 391, 392, 399, 403, 404, 406, 412, 414, 415, 417, 418, 420, 440, 443, 450, 453, 456, 458, 463, 465, 471, 472, 475, 476, 478, 480, 482, 483, 490, 492, 495, 496, 500, 501, 504, 505, 506, 508, 509, 512, 513, 514, 515, 516, 518, 519, 521, 526, 528, 531, 533, 534, 536, 537, 540, 541, 545, 548, 552, 556, 557, 561, 563, 565, 569, 570, 574, 576, 578, 580, 583, 587, 591, 592, 594, 595, 597, 599, 600, 602, 608, 610, 611, 613, 614, 615, 620, 621, 622, 625, 626, 627, 628, 630, 631, 632, 633, 634, 635, 637, 640, 641, 642, 643, 644, 645, 647, 650, 651, 652, 653, 655, 656, 664, 665, 666, 667, 670, 672, 674, 676, 677, 680, 684, 687, 689, 692, 696, 700, 701, 703, 706, 707, 710, 712, 713, 716, 720, 721, 722, 724, 725, 726, 727, 728, 729, 730, 732, 733, 736, 739, 740, 741, 749, 754, 765, 777], "y": [99.6, 99.2, 98.8, 98.3, 97.9, 97.5, 97.0, 96.6, 96.2, 95.7, 95.3, 94.9, 94.0, 93.6, 93.1, 92.7, 92.3, 91.8, 91.0, 89.7, 89.2, 87.9, 87.1, 86.2, 85.8, 84.9, 84.5, 84.0, 83.6, 83.2, 82.7, 82.3, 81.9, 81.0, 80.6, 80.1, 79.7, 79.3, 78.8, 78.0, 77.5, 77.1, 76.2, 75.8, 75.4, 74.1, 73.6, 73.2, 71.9, 71.5, 71.0, 70.6, 70.2, 69.7, 68.9, 68.0, 67.6, 67.1, 66.7, 65.9, 65.4, 65.0, 64.6, 63.3, 62.8, 61.5, 60.7, 59.8, 59.4, 58.5, 57.6, 56.3, 55.9, 55.5, 55.0, 54.6, 54.2, 53.7, 53.3, 52.9, 52.4, 50.7, 49.8, 49.4, 48.5, 48.1, 47.7, 47.2, 46.8, 46.4, 45.1, 44.2, 42.5, 42.0, 41.2, 40.7, 40.3, 39.9, 39.4, 38.6, 38.1, 37.3, 36.8, 36.0, 35.5, 35.099999999999994, 34.7, 34.2, 33.8, 33.0, 31.700000000000003, 31.200000000000003, 30.799999999999997, 30.400000000000006, 29.900000000000006, 28.599999999999994, 28.200000000000003, 27.799999999999997, 27.299999999999997, 26.5, 25.599999999999994, 24.700000000000003, 24.299999999999997, 23.900000000000006, 23.400000000000006, 23.0, 22.599999999999994, 22.099999999999994, 21.700000000000003, 21.299999999999997, 20.799999999999997, 20.400000000000006, 20.0, 19.5, 19.099999999999994, 18.700000000000003, 18.200000000000003, 17.799999999999997, 17.400000000000006, 16.900000000000006, 16.5, 16.099999999999994, 15.200000000000003, 14.299999999999997, 13.900000000000006, 13.0, 11.700000000000003, 10.0, 9.599999999999994, 9.099999999999994, 8.700000000000003, 7.400000000000006, 5.700000000000003, 5.200000000000003, 4.799999999999997, 4.400000000000006, 3.0999999999999943, 1.7999999999999972, 1.2999999999999972, 0.9000000000000057, 0.5, 0.0, -0.4000000000000057]}}