{"percentile": {"y": [99.8, 99.6, 99.3, 99.1, 98.9, 98.4, 98.2, 97.9, 97.7, 97.4, 97.2, 97.0, 96.7, 96.5, 96.3, 95.8, 95.6, 95.3, 95.1, 94.8, 94.4, 94.1, 93.9, 93.7, 93.0, 92.7, 92.5, 92.2, 92.0, 91.5, 91.3, 91.1, 90.6, 90.1, 89.9, 89.6, 89.4, 89.2, 88.7, 88.5, 88.0, 87.5, 87.3, 87.0, 86.8, 86.6, 86.3, 86.1, 85.2, 84.2, 84.0, 83.7, 83.5, 83.0, 82.8, 82.6, 82.1, 81.8, 81.6, 81.4, 81.1, 80.9, 80.7, 80.4, 80.0, 79.5, 79.2, 79.0, 78.8, 78.1, 77.8, 77.1, 76.9, 76.6, 76.4, 75.9, 75.7, 75.5, 75.0, 74.8, 73.8, 72.9, 72.6, 71.9, 71.7, 71.4, 71.0, 70.7, 70.5, 70.3, 70.0, 69.8, 69.6, 69.1, 68.8, 68.4, 68.1, 67.7, 67.2, 66.7, 66.5, 66.2, 65.8, 65.5, 65.3, 65.1, 64.6, 64.4, 64.1, 63.9, 63.6, 63.4, 63.2, 62.9, 62.2, 62.0, 61.3, 61.0, 60.6, 60.1, 59.9, 59.6, 59.2, 58.0, 57.7, 57.3, 56.3, 56.1, 55.6, 55.4, 55.1, 54.4, 54.2, 53.5, 53.0, 52.3, 52.1, 51.8, 51.6, 51.1, 50.9, 50.2, 49.9, 49.7, 49.0, 48.7, 48.5, 48.3, 48.0, 47.8, 47.6, 47.1, 46.9, 46.4, 46.1, 45.9, 45.4, 44.7, 44.0, 43.8, 43.3, 43.1, 42.6, 42.4, 42.1, 41.7, 41.4, 41.2, 40.9, 40.5, 40.2, 39.5, 39.1, 38.1, 37.9, 36.9, 36.7, 36.5, 35.7, 35.3, 35.0, 34.8, 34.599999999999994, 34.3, 34.099999999999994, 33.400000000000006, 32.900000000000006, 32.400000000000006, 32.2, 31.700000000000003, 31.5, 31.299999999999997, 30.799999999999997, 30.099999999999994, 29.599999999999994, 29.099999999999994, 28.700000000000003, 28.400000000000006, 27.5, 27.0, 26.799999999999997, 26.5, 25.599999999999994, 24.599999999999994, 23.5, 22.5, 21.599999999999994, 20.900000000000006, 20.099999999999994, 19.700000000000003, 19.200000000000003, 18.299999999999997, 17.5, 16.400000000000006, 15.200000000000003, 14.0, 13.5, 13.299999999999997, 13.099999999999994, 11.900000000000006, 10.5, 10.0, 9.5, 8.799999999999997, 8.099999999999994, 7.400000000000006, 6.200000000000003, 6.0, 4.799999999999997, 4.5, 4.299999999999997, 4.099999999999994, 3.799999999999997, 2.9000000000000057, 2.700000000000003, 1.9000000000000057, 1.7000000000000028, 1.5, 1.2000000000000028, 1.0, 0.7999999999999972, 0.5, 0.29999999999999716, 0.0, -0.20000000000000284], "x": [326, 350, 354, 357, 358, 374, 379, 380, 385, 386, 392, 393, 405, 407, 414, 415, 424, 429, 431, 432, 433, 434, 435, 436, 437, 440, 441, 442, 445, 446, 447, 448, 450, 454, 458, 459, 460, 464, 466, 467, 468, 469, 472, 475, 477, 479, 480, 481, 482, 483, 488, 489, 491, 492, 493, 495, 496, 499, 500, 502, 504, 505, 506, 507, 508, 509, 512, 513, 514, 515, 516, 518, 520, 523, 525, 528, 529, 530, 531, 532, 533, 535, 538, 539, 540, 541, 543, 545, 546, 549, 551, 552, 554, 555, 556, 559, 560, 561, 562, 563, 566, 567, 568, 569, 570, 571, 572, 573, 574, 576, 578, 579, 580, 581, 582, 583, 585, 586, 587, 588, 590, 592, 594, 596, 597, 598, 600, 601, 602, 606, 608, 609, 610, 612, 614, 615, 619, 620, 621, 622, 623, 626, 627, 629, 630, 631, 632, 633, 634, 635, 636, 638, 643, 645, 646, 647, 648, 649, 650, 652, 653, 656, 658, 659, 660, 661, 662, 663, 664, 665, 666, 668, 669, 670, 672, 675, 676, 682, 683, 684, 687, 688, 690, 691, 692, 695, 697, 698, 699, 700, 701, 702, 703, 704, 705, 707, 709, 713, 715, 716, 717, 719, 720, 722, 723, 724, 725, 726, 727, 728, 729, 730, 732, 733, 734, 735, 736, 738, 739, 740, 741, 742, 743, 744, 745, 746, 747, 748, 749, 751, 753, 754, 755, 756, 757, 758, 759, 760, 766, 773, 774, 778, 788, 828, 829]}, "histogram": {"y": [1, 0, 4, 2, 4, 2, 5, 7, 13, 8, 11, 16, 14, 12, 20, 10, 17, 15, 20, 18, 14, 12, 19, 19, 13, 20, 15, 48, 44, 14, 4, 1, 0, 0, 2, 0], "x": [315, 330, 345, 360, 375, 390, 405, 420, 435, 450, 465, 480, 495, 510, 525, 540, 555, 570, 585, 600, 615, 630, 645, 660, 675, 690, 705, 720, 735, 750, 765, 780, 795, 810, 825, 840]}}