{"percentile": {"y": [97.9, 95.8, 93.7, 91.5, 89.4, 87.3, 85.2, 83.0, 80.9, 78.8, 76.6, 74.5, 72.4, 70.3, 68.1, 66.0, 63.9, 61.8, 59.6, 57.5, 55.4, 53.2, 51.1, 49.0, 46.9, 44.7, 42.6, 40.5, 38.3, 36.2, 34.099999999999994, 32.0, 29.799999999999997, 27.700000000000003, 25.599999999999994, 23.5, 21.299999999999997, 12.799999999999997, 10.700000000000003, 8.599999999999994, 6.400000000000006, 4.299999999999997, 2.200000000000003, -2.0999999999999943], "x": [411, 460, 491, 500, 505, 515, 542, 548, 573, 584, 596, 597, 600, 628, 638, 641, 642, 652, 658, 663, 681, 685, 689, 691, 695, 700, 704, 707, 708, 720, 723, 724, 726, 728, 730, 731, 733, 740, 741, 742, 743, 749, 757, 758]}, "histogram": {"y": [1, 0, 0, 1, 0, 1, 2, 1, 0, 2, 0, 2, 2, 1, 1, 3, 2, 1, 3, 4, 2, 8, 8, 3, 0, 0], "x": [405, 420, 435, 450, 465, 480, 495, 510, 525, 540, 555, 570, 585, 600, 615, 630, 645, 660, 675, 690, 705, 720, 735, 750, 765, 780]}}