{"percentile": {"y": [99.8, 99.5, 99.3, 99.0, 98.8, 98.5, 98.3, 97.8, 97.5, 97.0, 96.8, 96.5, 96.3, 96.0, 95.5, 95.0, 94.8, 94.3, 94.0, 93.8, 93.3, 92.8, 92.5, 92.3, 92.0, 91.3, 91.0, 90.8, 90.3, 90.0, 89.5, 89.3, 88.8, 88.5, 88.3, 88.0, 87.5, 86.8, 86.5, 85.8, 85.3, 85.0, 84.5, 84.3, 83.5, 83.0, 82.8, 82.3, 81.8, 81.5, 81.3, 80.8, 80.0, 79.8, 79.3, 79.0, 78.8, 78.5, 78.3, 78.0, 77.8, 77.5, 77.0, 76.5, 76.0, 75.8, 75.3, 75.0, 74.5, 74.3, 73.8, 73.3, 73.0, 72.3, 72.0, 71.3, 70.0, 69.8, 69.0, 68.5, 68.0, 67.5, 66.8, 66.5, 65.8, 65.0, 64.5, 64.0, 63.5, 63.3, 62.5, 62.0, 61.5, 61.3, 61.0, 60.5, 60.3, 60.0, 59.8, 59.0, 58.5, 58.3, 58.0, 57.5, 56.8, 56.3, 55.8, 55.3, 55.0, 54.0, 53.3, 53.0, 52.5, 52.3, 52.0, 51.0, 50.3, 49.8, 49.0, 48.8, 48.5, 48.3, 47.8, 47.5, 46.8, 46.5, 46.3, 45.8, 45.3, 45.0, 44.8, 44.5, 43.5, 42.8, 42.5, 42.0, 41.8, 40.8, 40.3, 40.0, 39.3, 39.0, 38.8, 38.5, 38.0, 37.5, 37.3, 37.0, 36.0, 34.8, 34.5, 34.3, 33.3, 33.0, 32.5, 32.3, 32.0, 31.799999999999997, 31.5, 31.299999999999997, 30.799999999999997, 30.299999999999997, 29.799999999999997, 29.5, 29.299999999999997, 29.0, 28.799999999999997, 28.299999999999997, 28.0, 27.5, 27.299999999999997, 26.799999999999997, 26.5, 26.299999999999997, 26.0, 25.299999999999997, 24.5, 24.299999999999997, 23.799999999999997, 23.5, 23.0, 22.799999999999997, 22.0, 21.799999999999997, 21.299999999999997, 20.799999999999997, 20.5, 20.299999999999997, 19.799999999999997, 19.0, 18.799999999999997, 18.299999999999997, 17.799999999999997, 17.5, 17.299999999999997, 17.0, 16.799999999999997, 16.5, 16.0, 15.5, 15.299999999999997, 15.0, 14.799999999999997, 14.5, 14.299999999999997, 13.799999999999997, 13.299999999999997, 13.0, 12.799999999999997, 12.299999999999997, 12.0, 11.5, 11.299999999999997, 11.0, 10.5, 10.299999999999997, 10.0, 9.5, 8.799999999999997, 8.299999999999997, 7.5, 7.299999999999997, 6.799999999999997, 6.0, 5.299999999999997, 4.799999999999997, 4.299999999999997, 4.0, 3.799999999999997, 3.299999999999997, 3.0, 2.799999999999997, 2.299999999999997, 1.7999999999999972, 1.5, 1.2999999999999972, 1.0, 0.5, 0.29999999999999716, 0.0, -0.20000000000000284], "x": [299, 314, 322, 327, 331, 353, 367, 370, 372, 374, 375, 377, 380, 381, 386, 387, 391, 392, 395, 397, 399, 400, 401, 405, 406, 407, 408, 411, 416, 419, 420, 421, 422, 424, 425, 427, 428, 430, 431, 432, 435, 436, 437, 438, 440, 442, 443, 446, 449, 450, 451, 452, 453, 454, 456, 457, 459, 461, 462, 463, 464, 470, 474, 475, 476, 478, 479, 480, 481, 482, 483, 484, 485, 495, 496, 497, 499, 501, 502, 504, 505, 506, 507, 508, 509, 510, 512, 513, 516, 517, 518, 519, 521, 522, 523, 524, 525, 526, 528, 529, 530, 531, 532, 533, 534, 535, 536, 537, 538, 539, 540, 542, 543, 545, 546, 547, 550, 551, 552, 554, 555, 557, 558, 559, 560, 562, 563, 565, 566, 567, 568, 569, 570, 572, 576, 577, 579, 580, 582, 584, 585, 586, 587, 588, 589, 590, 591, 592, 595, 596, 597, 598, 600, 602, 603, 605, 607, 608, 610, 611, 614, 615, 616, 617, 618, 620, 621, 622, 624, 627, 628, 630, 631, 632, 633, 636, 637, 639, 640, 641, 642, 643, 645, 647, 650, 651, 652, 654, 655, 660, 661, 662, 665, 666, 667, 669, 673, 674, 675, 676, 678, 683, 684, 688, 690, 692, 694, 700, 701, 703, 704, 705, 710, 711, 713, 715, 717, 719, 720, 721, 722, 723, 725, 726, 729, 730, 732, 733, 734, 735, 736, 737, 738, 740, 746, 747, 748, 754, 756, 758, 771]}, "histogram": {"y": [1, 1, 2, 1, 1, 6, 8, 10, 10, 17, 16, 16, 10, 9, 29, 21, 26, 21, 17, 18, 23, 14, 14, 18, 12, 13, 8, 10, 10, 23, 11, 4, 1, 0], "x": [285, 300, 315, 330, 345, 360, 375, 390, 405, 420, 435, 450, 465, 480, 495, 510, 525, 540, 555, 570, 585, 600, 615, 630, 645, 660, 675, 690, 705, 720, 735, 750, 765, 780]}}