{"histogram": {"y": [3, 1, 4, 3, 8, 6, 5, 3, 6, 3, 4, 4, 5, 4, 3, 9, 12, 4, 10, 6, 3, 8, 3, 10, 5, 2, 4, 2, 15, 13, 7, 4, 0, 1, 0, 0], "x": [300, 315, 330, 345, 360, 375, 390, 405, 420, 435, 450, 465, 480, 495, 510, 525, 540, 555, 570, 585, 600, 615, 630, 645, 660, 675, 690, 705, 720, 735, 750, 765, 780, 795, 810, 825]}, "percentile": {"y": [99.5, 98.9, 98.4, 97.8, 97.3, 96.7, 96.1, 95.6, 94.5, 93.9, 93.3, 92.8, 92.2, 91.7, 90.6, 89.4, 88.9, 88.3, 87.8, 87.2, 86.6, 86.1, 85.5, 85.0, 84.4, 83.8, 83.3, 82.7, 82.2, 81.6, 81.1, 80.5, 79.9, 79.4, 78.3, 77.7, 77.1, 76.6, 76.0, 75.5, 74.9, 74.4, 73.8, 73.2, 72.7, 72.1, 71.6, 71.0, 69.9, 69.3, 68.2, 67.6, 67.1, 66.5, 66.0, 65.4, 64.9, 64.3, 63.2, 62.6, 62.1, 61.5, 60.9, 60.4, 59.3, 58.7, 58.2, 57.0, 55.9, 55.4, 54.8, 53.7, 53.1, 52.6, 52.0, 51.4, 50.9, 50.3, 49.8, 48.7, 48.1, 47.0, 46.4, 45.9, 45.3, 44.7, 44.2, 43.6, 43.1, 42.5, 41.4, 40.8, 39.7, 38.6, 38.0, 37.5, 36.4, 35.8, 35.2, 34.7, 34.099999999999994, 33.599999999999994, 32.5, 31.900000000000006, 31.299999999999997, 30.799999999999997, 30.200000000000003, 29.700000000000003, 29.099999999999994, 28.5, 28.0, 27.400000000000006, 26.299999999999997, 25.700000000000003, 25.200000000000003, 24.599999999999994, 24.099999999999994, 23.0, 22.400000000000006, 21.799999999999997, 21.299999999999997, 20.700000000000003, 19.599999999999994, 19.0, 18.5, 17.400000000000006, 16.799999999999997, 15.700000000000003, 13.5, 12.299999999999997, 11.799999999999997, 11.200000000000003, 10.099999999999994, 9.0, 8.400000000000006, 6.799999999999997, 6.200000000000003, 5.599999999999994, 5.099999999999994, 4.5, 4.0, 3.4000000000000057, 2.799999999999997, 2.299999999999997, 1.7000000000000028, 1.2000000000000028, 0.5999999999999943, 0.0, -0.5], "x": [302, 307, 311, 318, 333, 336, 341, 342, 356, 359, 360, 361, 364, 365, 372, 374, 376, 382, 384, 386, 387, 389, 390, 392, 396, 403, 404, 415, 417, 418, 420, 423, 427, 429, 434, 438, 442, 449, 459, 461, 462, 463, 467, 470, 471, 478, 481, 485, 491, 492, 496, 502, 506, 510, 516, 521, 525, 526, 527, 530, 532, 534, 535, 539, 541, 544, 545, 546, 547, 551, 552, 553, 557, 560, 564, 565, 570, 572, 573, 574, 576, 578, 579, 580, 586, 587, 590, 592, 594, 598, 603, 609, 615, 620, 622, 626, 628, 630, 635, 641, 645, 647, 649, 651, 652, 653, 655, 658, 659, 660, 662, 668, 671, 682, 685, 691, 693, 695, 705, 714, 721, 722, 723, 724, 725, 727, 730, 733, 734, 735, 736, 738, 739, 740, 741, 747, 749, 750, 751, 753, 754, 755, 758, 763, 766, 768, 769, 771, 809]}}