{"percentile": {"y": [99.6, 99.2, 98.0, 97.6, 97.2, 96.7, 96.3, 95.9, 95.5, 95.1, 94.3, 93.9, 93.4, 92.6, 92.2, 91.8, 91.4, 91.0, 90.5, 89.7, 88.9, 88.5, 88.1, 87.7, 87.2, 86.4, 85.6, 85.2, 84.8, 83.9, 83.5, 83.1, 82.7, 82.3, 81.9, 81.0, 80.6, 80.2, 79.8, 79.4, 79.0, 78.1, 77.7, 77.3, 76.9, 76.5, 76.1, 75.7, 75.3, 74.8, 74.4, 73.6, 73.2, 72.8, 72.4, 72.0, 71.1, 70.3, 69.9, 69.1, 68.6, 68.2, 67.8, 67.0, 66.6, 65.8, 65.3, 63.7, 62.4, 61.2, 60.8, 60.4, 60.0, 59.6, 58.3, 57.9, 57.5, 57.1, 56.7, 56.2, 55.4, 55.0, 54.6, 54.2, 53.4, 52.9, 52.1, 51.3, 50.0, 48.8, 48.4, 48.0, 47.6, 47.2, 46.7, 46.3, 45.1, 44.7, 44.3, 43.9, 43.4, 42.6, 42.2, 41.8, 41.4, 41.0, 40.5, 40.1, 39.7, 38.9, 38.5, 37.2, 36.8, 36.4, 36.0, 35.599999999999994, 35.2, 34.8, 34.3, 33.900000000000006, 33.5, 33.099999999999994, 31.900000000000006, 31.5, 31.0, 30.599999999999994, 29.799999999999997, 29.400000000000006, 28.599999999999994, 27.700000000000003, 27.299999999999997, 26.5, 25.700000000000003, 25.299999999999997, 24.799999999999997, 24.0, 23.599999999999994, 22.799999999999997, 22.400000000000006, 22.0, 21.5, 20.700000000000003, 20.299999999999997, 19.900000000000006, 19.099999999999994, 18.599999999999994, 17.799999999999997, 17.0, 16.599999999999994, 16.200000000000003, 15.799999999999997, 15.299999999999997, 14.5, 13.700000000000003, 12.400000000000006, 12.0, 11.599999999999994, 10.799999999999997, 10.0, 8.299999999999997, 7.099999999999994, 6.700000000000003, 6.200000000000003, 3.799999999999997, 3.4000000000000057, 2.5, 2.0999999999999943, 1.2999999999999972, 0.9000000000000057, 0.5, 0.0, -0.4000000000000057], "x": [338, 360, 381, 390, 399, 410, 423, 425, 434, 435, 439, 440, 441, 443, 444, 445, 447, 455, 458, 459, 463, 467, 472, 473, 477, 478, 480, 482, 484, 485, 490, 491, 492, 495, 499, 500, 501, 503, 504, 505, 511, 512, 515, 516, 518, 519, 520, 522, 523, 524, 526, 528, 531, 532, 535, 536, 542, 543, 546, 548, 550, 554, 555, 556, 557, 560, 561, 563, 564, 565, 567, 569, 570, 573, 574, 575, 576, 578, 579, 580, 585, 587, 588, 589, 590, 592, 593, 594, 595, 596, 597, 598, 599, 600, 601, 602, 606, 607, 608, 609, 610, 611, 613, 614, 615, 616, 619, 620, 621, 624, 628, 630, 632, 633, 636, 637, 639, 640, 641, 642, 645, 647, 648, 650, 652, 654, 658, 659, 660, 663, 664, 666, 668, 669, 672, 673, 678, 679, 681, 685, 688, 691, 692, 696, 698, 699, 700, 702, 705, 706, 711, 715, 721, 722, 723, 725, 727, 728, 729, 730, 735, 736, 737, 740, 741, 743, 745, 748, 749, 758, 772, 829]}, "histogram": {"y": [1, 0, 1, 3, 2, 1, 3, 10, 6, 6, 9, 8, 11, 7, 9, 19, 10, 21, 14, 8, 11, 11, 13, 6, 11, 4, 17, 18, 1, 1, 0, 0, 0, 1, 0], "x": [330, 345, 360, 375, 390, 405, 420, 435, 450, 465, 480, 495, 510, 525, 540, 555, 570, 585, 600, 615, 630, 645, 660, 675, 690, 705, 720, 735, 750, 765, 780, 795, 810, 825, 840]}}