{"histogram": {"x": [345, 360, 375, 390, 405, 420, 435, 450, 465, 480, 495, 510, 525, 540, 555, 570, 585, 600, 615, 630, 645, 660, 675, 690, 705, 720, 735, 750, 765, 780, 795], "y": [3, 4, 2, 2, 5, 2, 1, 4, 3, 2, 5, 4, 5, 6, 2, 5, 12, 5, 0, 10, 4, 5, 7, 5, 4, 15, 9, 4, 1, 0, 0]}, "percentile": {"x": [345, 353, 354, 360, 364, 366, 368, 381, 387, 396, 411, 413, 414, 415, 425, 431, 447, 451, 458, 460, 468, 474, 478, 488, 489, 498, 499, 500, 511, 521, 524, 526, 527, 530, 536, 540, 547, 552, 561, 562, 570, 571, 573, 584, 585, 586, 587, 588, 592, 594, 596, 600, 605, 610, 612, 630, 631, 640, 642, 643, 648, 650, 652, 654, 662, 664, 671, 674, 676, 679, 681, 682, 685, 686, 690, 692, 694, 696, 704, 706, 710, 711, 714, 721, 722, 724, 726, 729, 730, 732, 733, 734, 736, 737, 738, 740, 743, 748, 751, 754, 756, 761, 765], "y": [99.3, 98.6, 97.8, 97.1, 96.3, 95.6, 94.9, 94.1, 93.4, 91.9, 90.4, 89.7, 88.9, 88.2, 87.5, 86.7, 86.0, 85.2, 84.5, 83.0, 82.3, 81.5, 80.8, 80.0, 79.3, 77.8, 76.3, 75.6, 74.9, 74.1, 72.6, 71.9, 71.2, 69.7, 68.9, 66.7, 66.0, 64.5, 63.8, 63.0, 61.5, 60.8, 60.0, 59.3, 57.8, 56.3, 55.6, 54.9, 52.6, 51.2, 50.4, 49.7, 48.9, 47.5, 46.7, 44.5, 43.0, 41.5, 40.8, 39.3, 38.6, 37.8, 37.1, 36.3, 35.599999999999994, 34.900000000000006, 33.400000000000006, 32.599999999999994, 31.900000000000006, 31.200000000000003, 30.400000000000006, 28.900000000000006, 28.200000000000003, 27.5, 26.700000000000003, 26.0, 25.200000000000003, 24.5, 23.799999999999997, 23.0, 22.299999999999997, 21.5, 20.799999999999997, 20.0, 17.799999999999997, 15.599999999999994, 14.900000000000006, 14.099999999999994, 12.599999999999994, 11.900000000000006, 10.400000000000006, 9.700000000000003, 8.900000000000006, 6.700000000000003, 5.200000000000003, 4.5, 3.799999999999997, 3.0, 2.299999999999997, 1.5, 0.7999999999999972, 0.0, -0.7000000000000028]}}