{"percentile": {"y": [98.1, 97.1, 96.2, 95.2, 94.2, 92.3, 91.3, 90.3, 89.4, 87.4, 86.5, 85.5, 84.5, 82.6, 81.6, 79.7, 78.7, 77.7, 76.7, 75.8, 74.8, 73.8, 72.9, 71.9, 70.9, 70.0, 69.0, 68.0, 67.0, 66.1, 65.1, 63.2, 62.2, 61.2, 60.2, 59.3, 56.4, 54.4, 53.4, 52.5, 49.6, 48.6, 47.6, 46.7, 45.7, 44.7, 42.8, 41.8, 40.8, 38.9, 36.9, 35.0, 34.0, 33.099999999999994, 32.099999999999994, 29.200000000000003, 28.200000000000003, 26.299999999999997, 24.299999999999997, 22.400000000000006, 20.400000000000006, 19.5, 18.5, 16.599999999999994, 15.599999999999994, 14.599999999999994, 12.700000000000003, 11.700000000000003, 10.700000000000003, 9.799999999999997, 7.799999999999997, 6.799999999999997, 5.900000000000006, 4.900000000000006, 3.9000000000000057, 3.0, 1.0, 0.0, -0.9000000000000057], "x": [275, 278, 292, 296, 307, 314, 321, 330, 333, 339, 340, 346, 347, 352, 354, 355, 356, 360, 364, 365, 366, 368, 369, 370, 371, 374, 375, 377, 378, 382, 384, 385, 388, 390, 393, 394, 395, 398, 400, 401, 404, 406, 407, 410, 411, 413, 415, 416, 419, 420, 423, 425, 426, 428, 430, 434, 436, 439, 440, 443, 444, 447, 450, 451, 453, 454, 456, 457, 458, 459, 460, 461, 468, 473, 483, 490, 495, 497, 506]}, "histogram": {"y": [3, 2, 3, 1, 5, 8, 9, 8, 13, 9, 12, 10, 13, 2, 2, 4, 0, 0], "x": [270, 285, 300, 315, 330, 345, 360, 375, 390, 405, 420, 435, 450, 465, 480, 495, 510, 525]}}