{"histogram": {"y": [1, 2, 7, 21, 35, 29, 42, 60, 91, 107, 153, 170, 203, 209, 241, 244, 298, 256, 271, 274, 263, 220, 221, 236, 203, 183, 170, 135, 169, 162, 131, 95, 92, 263, 127, 43, 11, 6, 1, 0, 19, 0], "x": [225, 240, 255, 270, 285, 300, 315, 330, 345, 360, 375, 390, 405, 420, 435, 450, 465, 480, 495, 510, 525, 540, 555, 570, 585, 600, 615, 630, 645, 660, 675, 690, 705, 720, 735, 750, 765, 780, 795, 810, 825, 840]}, "percentile": {"y": [100.0, 100.0, 100.0, 100.0, 100.0, 99.9, 99.9, 99.9, 99.9, 99.8, 99.8, 99.8, 99.8, 99.7, 99.7, 99.7, 99.7, 99.6, 99.6, 99.5, 99.4, 99.3, 99.2, 99.2, 99.1, 99.1, 99.0, 99.0, 99.0, 98.9, 98.9, 98.8, 98.8, 98.8, 98.8, 98.8, 98.7, 98.7, 98.6, 98.5, 98.5, 98.5, 98.4, 98.3, 98.3, 98.1, 98.1, 98.0, 98.0, 98.0, 97.9, 97.9, 97.8, 97.7, 97.7, 97.6, 97.6, 97.5, 97.5, 97.4, 97.3, 97.3, 97.2, 97.1, 97.1, 97.0, 97.0, 96.9, 96.7, 96.7, 96.6, 96.5, 96.4, 96.4, 96.3, 96.2, 96.1, 96.0, 95.9, 95.8, 95.7, 95.6, 95.5, 95.3, 95.1, 95.0, 94.9, 94.8, 94.7, 94.6, 94.4, 94.3, 94.2, 94.1, 94.1, 93.9, 93.7, 93.7, 93.5, 93.4, 93.2, 93.0, 92.8, 92.7, 92.5, 92.4, 92.2, 92.1, 91.9, 91.6, 91.3, 91.1, 91.0, 90.8, 90.6, 90.5, 90.2, 90.0, 89.9, 89.6, 89.4, 89.2, 89.0, 89.0, 88.7, 88.4, 88.1, 87.9, 87.7, 87.4, 87.1, 87.0, 86.9, 86.6, 86.4, 86.2, 85.9, 85.7, 85.4, 85.2, 85.1, 84.6, 84.4, 84.2, 84.0, 83.8, 83.4, 83.2, 83.0, 82.7, 82.5, 82.2, 82.0, 81.7, 81.5, 81.3, 81.0, 80.8, 80.5, 80.2, 79.9, 79.6, 79.4, 79.2, 79.0, 78.9, 78.6, 78.2, 77.8, 77.5, 77.2, 76.7, 76.5, 76.2, 75.9, 75.6, 75.2, 75.0, 74.5, 74.3, 73.9, 73.6, 73.3, 73.0, 72.8, 72.4, 72.1, 71.8, 71.5, 71.3, 70.9, 70.7, 70.5, 70.1, 69.8, 69.5, 69.2, 68.8, 68.4, 67.9, 67.6, 67.2, 66.8, 66.6, 66.2, 65.8, 65.4, 65.0, 64.7, 64.5, 64.1, 63.8, 63.6, 63.2, 63.0, 62.6, 62.1, 61.9, 61.6, 61.4, 61.0, 60.8, 60.3, 60.1, 59.7, 59.5, 59.2, 58.8, 58.5, 58.1, 57.7, 57.4, 57.1, 56.7, 56.4, 56.1, 55.8, 55.4, 54.8, 54.6, 54.2, 54.0, 53.6, 53.3, 52.9, 52.6, 52.2, 52.0, 51.5, 51.2, 50.9, 50.6, 50.4, 50.0, 49.8, 49.4, 49.2, 48.8, 48.4, 48.0, 47.7, 47.4, 47.1, 46.7, 46.5, 46.2, 45.9, 45.6, 45.2, 45.0, 44.7, 44.4, 44.0, 43.9, 43.7, 43.5, 43.2, 42.9, 42.5, 42.2, 42.0, 41.7, 41.5, 41.2, 40.9, 40.5, 40.3, 40.2, 39.9, 39.6, 39.3, 38.9, 38.7, 38.3, 38.2, 37.8, 37.6, 37.5, 37.1, 36.8, 36.5, 36.2, 35.900000000000006, 35.7, 35.400000000000006, 35.099999999999994, 34.8, 34.599999999999994, 34.3, 34.0, 33.7, 33.3, 33.2, 32.8, 32.7, 32.2, 32.0, 31.799999999999997, 31.599999999999994, 31.400000000000006, 31.099999999999994, 30.799999999999997, 30.599999999999994, 30.400000000000006, 30.200000000000003, 30.0, 29.599999999999994, 29.400000000000006, 29.299999999999997, 29.0, 28.799999999999997, 28.700000000000003, 28.5, 28.200000000000003, 28.0, 27.700000000000003, 27.5, 27.299999999999997, 27.0, 26.799999999999997, 26.5, 26.400000000000006, 26.099999999999994, 25.900000000000006, 25.599999999999994, 25.400000000000006, 25.299999999999997, 25.099999999999994, 24.799999999999997, 24.5, 24.299999999999997, 24.099999999999994, 23.900000000000006, 23.700000000000003, 23.599999999999994, 23.400000000000006, 23.200000000000003, 23.0, 22.700000000000003, 22.5, 22.299999999999997, 22.200000000000003, 22.0, 21.900000000000006, 21.700000000000003, 21.599999999999994, 21.400000000000006, 21.400000000000006, 21.099999999999994, 20.900000000000006, 20.700000000000003, 20.599999999999994, 20.5, 20.200000000000003, 20.0, 19.799999999999997, 19.599999999999994, 19.400000000000006, 19.099999999999994, 19.0, 18.799999999999997, 18.599999999999994, 18.400000000000006, 18.200000000000003, 18.099999999999994, 18.0, 17.599999999999994, 17.400000000000006, 17.299999999999997, 17.200000000000003, 17.0, 16.799999999999997, 16.599999999999994, 16.299999999999997, 16.200000000000003, 15.900000000000006, 15.799999999999997, 15.599999999999994, 15.299999999999997, 15.099999999999994, 14.900000000000006, 14.700000000000003, 14.5, 14.099999999999994, 14.0, 13.900000000000006, 13.799999999999997, 13.700000000000003, 13.5, 13.299999999999997, 13.200000000000003, 13.099999999999994, 13.0, 12.799999999999997, 12.700000000000003, 12.5, 12.200000000000003, 12.099999999999994, 11.900000000000006, 11.799999999999997, 11.599999999999994, 11.5, 11.5, 11.299999999999997, 11.200000000000003, 11.099999999999994, 11.0, 10.900000000000006, 10.799999999999997, 10.599999999999994, 10.5, 10.5, 10.299999999999997, 10.099999999999994, 10.099999999999994, 9.900000000000006, 9.799999999999997, 9.700000000000003, 9.5, 9.5, 9.299999999999997, 9.299999999999997, 9.299999999999997, 9.200000000000003, 9.099999999999994, 8.900000000000006, 8.700000000000003, 8.599999999999994, 8.400000000000006, 8.099999999999994, 7.700000000000003, 7.299999999999997, 7.0, 6.700000000000003, 6.400000000000006, 6.099999999999994, 5.599999999999994, 5.299999999999997, 4.799999999999997, 4.700000000000003, 4.5, 4.099999999999994, 3.799999999999997, 3.5, 3.299999999999997, 3.0999999999999943, 2.9000000000000057, 2.9000000000000057, 2.4000000000000057, 2.299999999999997, 2.299999999999997, 2.0999999999999943, 2.0, 1.9000000000000057, 1.7000000000000028, 1.5999999999999943, 1.5999999999999943, 1.5, 1.5, 1.4000000000000057, 1.2999999999999972, 1.2000000000000028, 1.0999999999999943, 1.0999999999999943, 1.0999999999999943, 1.0, 0.7999999999999972, 0.7999999999999972, 0.7999999999999972, 0.7000000000000028, 0.7000000000000028, 0.7000000000000028, 0.7000000000000028, 0.5999999999999943, 0.5999999999999943, 0.5999999999999943, 0.5999999999999943, 0.5, 0.5, 0.5, 0.5, 0.4000000000000057, 0.4000000000000057, 0.4000000000000057, 0.29999999999999716, 0.0],