{"percentile": {"x": [351, 352, 357, 373, 376, 379, 382, 390, 406, 413, 416, 420, 424, 427, 430, 436, 439, 440, 443, 447, 449, 452, 456, 459, 460, 467, 468, 473, 476, 477, 478, 481, 486, 489, 491, 493, 494, 496, 497, 500, 501, 503, 505, 506, 509, 510, 514, 520, 521, 526, 528, 529, 530, 533, 538, 541, 542, 543, 544, 545, 547, 549, 550, 552, 556, 559, 560, 561, 562, 565, 568, 569, 571, 573, 576, 580, 581, 582, 584, 585, 586, 588, 589, 590, 591, 592, 594, 595, 596, 597, 599, 600, 602, 603, 604, 606, 607, 608, 609, 610, 612, 613, 614, 615, 616, 617, 618, 620, 622, 623, 625, 626, 627, 628, 634, 635, 638, 639, 641, 644, 646, 647, 650, 652, 654, 655, 656, 657, 662, 663, 665, 667, 669, 678, 679, 680, 681, 682, 683, 684, 685, 686, 688, 689, 690, 692, 695, 696, 697, 698, 699, 702, 703, 704, 709, 710, 713, 717, 719, 720, 721, 722, 723, 724, 725, 726, 727, 728, 729, 730, 731, 732, 733, 734, 735, 736, 737, 738, 739, 740, 743, 744, 745, 746, 747, 749, 753, 754, 755, 756, 758, 759, 761, 765, 767, 770, 773, 783, 785, 810, 818], "y": [99.7, 99.4, 99.1, 98.8, 98.5, 98.2, 97.5, 96.9, 96.6, 96.3, 96.0, 95.7, 95.0, 94.7, 94.1, 93.8, 93.5, 93.2, 92.8, 92.5, 92.2, 91.9, 91.6, 91.3, 90.6, 90.3, 89.7, 88.8, 88.1, 87.8, 87.2, 86.6, 86.3, 85.3, 85.0, 84.7, 84.4, 84.1, 83.7, 82.8, 82.5, 82.2, 81.9, 81.6, 80.9, 80.3, 80.0, 79.7, 79.4, 79.0, 78.4, 77.5, 77.2, 76.5, 75.6, 75.3, 75.0, 74.3, 74.0, 73.7, 73.4, 73.1, 72.5, 72.2, 71.8, 71.5, 70.9, 70.6, 70.0, 69.6, 69.3, 69.0, 68.7, 68.4, 67.8, 67.1, 66.8, 65.9, 65.6, 65.3, 64.9, 64.6, 64.3, 64.0, 63.4, 62.7, 62.4, 61.8, 61.2, 60.6, 59.9, 59.6, 59.0, 58.7, 58.0, 57.4, 57.1, 56.2, 55.8, 55.5, 55.2, 54.6, 53.7, 53.3, 53.0, 52.7, 52.1, 51.8, 51.1, 50.8, 50.5, 50.2, 49.9, 49.6, 49.3, 49.0, 48.6, 48.0, 47.7, 47.1, 46.8, 45.8, 45.2, 44.6, 44.3, 43.6, 43.3, 43.0, 42.4, 42.1, 41.1, 40.8, 39.9, 39.5, 39.2, 38.6, 38.3, 37.7, 37.4, 37.0, 36.7, 36.4, 36.1, 35.8, 34.8, 34.2, 33.599999999999994, 33.3, 33.0, 32.3, 32.0, 31.700000000000003, 31.400000000000006, 31.099999999999994, 30.799999999999997, 30.099999999999994, 29.799999999999997, 29.5, 28.900000000000006, 28.599999999999994, 27.0, 26.400000000000006, 25.400000000000006, 24.5, 23.200000000000003, 21.700000000000003, 20.400000000000006, 19.200000000000003, 18.5, 17.599999999999994, 17.0, 16.700000000000003, 14.799999999999997, 14.5, 13.200000000000003, 12.900000000000006, 12.0, 11.299999999999997, 10.400000000000006, 8.200000000000003, 7.599999999999994, 7.299999999999997, 6.900000000000006, 6.299999999999997, 6.0, 5.400000000000006, 5.099999999999994, 4.799999999999997, 4.400000000000006, 4.099999999999994, 3.200000000000003, 2.9000000000000057, 2.5999999999999943, 2.200000000000003, 1.9000000000000057, 1.5999999999999943, 1.0, 0.7000000000000028, 0.4000000000000057, 0.0, -0.29999999999999716]}, "histogram": {"x": [345, 360, 375, 390, 405, 420, 435, 450, 465, 480, 495, 510, 525, 540, 555, 570, 585, 600, 615, 630, 645, 660, 675, 690, 705, 720, 735, 750, 765, 780, 795, 810, 825, 840], "y": [3, 1, 4, 2, 3, 6, 6, 5, 11, 9, 11, 5, 12, 11, 10, 11, 18, 20, 13, 8, 13, 10, 13, 15, 7, 46, 29, 9, 5, 2, 0, 2, 0, 0]}}