{"histogram": {"x": [300, 315, 330, 345, 360, 375, 390, 405, 420, 435, 450, 465, 480, 495, 510, 525, 540, 555, 570, 585, 600, 615, 630, 645, 660, 675, 690, 705, 720, 735, 750, 765], "y": [1, 0, 0, 0, 0, 1, 0, 2, 2, 2, 2, 3, 4, 5, 6, 8, 4, 4, 8, 5, 2, 2, 1, 3, 4, 3, 7, 3, 5, 4, 0, 0]}, "percentile": {"x": [312, 385, 413, 419, 421, 428, 435, 439, 450, 455, 470, 472, 477, 487, 491, 492, 494, 498, 499, 500, 503, 505, 511, 512, 514, 516, 524, 526, 527, 528, 530, 531, 535, 536, 541, 547, 548, 551, 561, 563, 564, 573, 575, 577, 578, 582, 585, 586, 591, 593, 598, 604, 622, 626, 633, 648, 650, 662, 665, 669, 678, 679, 681, 690, 695, 696, 700, 718, 719, 724, 726, 729, 731, 737, 740, 747], "y": [98.9, 97.8, 96.7, 95.6, 94.5, 93.4, 92.3, 91.2, 90.0, 88.9, 87.8, 86.7, 85.6, 84.5, 83.4, 82.3, 81.2, 80.0, 78.9, 77.8, 76.7, 75.6, 73.4, 72.3, 71.2, 70.0, 68.9, 67.8, 66.7, 65.6, 64.5, 63.4, 62.3, 60.0, 58.9, 57.8, 56.7, 55.6, 53.4, 52.3, 51.2, 48.9, 47.8, 46.7, 44.5, 42.3, 41.2, 40.0, 38.9, 37.8, 36.7, 34.5, 33.400000000000006, 32.3, 31.200000000000003, 30.0, 27.799999999999997, 25.599999999999994, 24.5, 23.400000000000006, 22.299999999999997, 21.200000000000003, 20.0, 16.700000000000003, 15.599999999999994, 14.5, 12.299999999999997, 10.0, 8.900000000000006, 7.799999999999997, 6.700000000000003, 4.5, 3.4000000000000057, 2.299999999999997, 0.0, -1.0999999999999943]}}