{"histogram": {"y": [1, 3, 3, 1, 5, 4, 8, 12, 8, 10, 6, 12, 13, 4, 12, 11, 15, 14, 13, 6, 6, 11, 7, 10, 14, 16, 1, 1, 1, 0, 0, 1, 0], "x": [360, 375, 390, 405, 420, 435, 450, 465, 480, 495, 510, 525, 540, 555, 570, 585, 600, 615, 630, 645, 660, 675, 690, 705, 720, 735, 750, 765, 780, 795, 810, 825, 840]}, "percentile": {"y": [99.6, 99.2, 98.7, 98.3, 97.9, 97.4, 97.0, 96.5, 96.1, 95.7, 94.8, 94.3, 93.9, 93.5, 92.6, 92.2, 91.3, 90.8, 90.4, 90.0, 89.5, 89.1, 87.8, 87.3, 86.5, 86.0, 85.1, 84.7, 83.8, 82.9, 82.5, 82.1, 81.6, 81.2, 80.8, 80.3, 79.9, 79.4, 79.0, 78.6, 78.1, 77.7, 75.9, 75.5, 75.0, 74.6, 74.2, 73.3, 72.9, 71.5, 71.1, 69.8, 69.3, 68.9, 68.0, 67.2, 66.7, 66.3, 65.8, 65.4, 64.1, 63.6, 63.2, 62.8, 62.3, 61.9, 61.5, 61.0, 60.6, 59.7, 59.3, 58.4, 57.9, 56.6, 55.8, 55.3, 54.4, 53.6, 53.1, 52.7, 52.2, 51.8, 51.4, 50.5, 48.7, 47.9, 47.4, 47.0, 45.7, 44.8, 44.3, 43.9, 42.6, 42.2, 41.7, 41.3, 40.8, 40.4, 39.5, 39.1, 38.6, 37.8, 36.5, 36.0, 35.599999999999994, 34.7, 33.8, 33.400000000000006, 32.5, 32.099999999999994, 31.599999999999994, 31.200000000000003, 30.299999999999997, 29.900000000000006, 29.400000000000006, 29.0, 28.599999999999994, 28.099999999999994, 27.700000000000003, 27.200000000000003, 26.799999999999997, 26.400000000000006, 25.900000000000006, 25.0, 24.599999999999994, 23.700000000000003, 23.299999999999997, 22.900000000000006, 22.400000000000006, 22.0, 21.5, 21.099999999999994, 20.700000000000003, 19.799999999999997, 19.299999999999997, 18.900000000000006, 18.5, 18.0, 17.200000000000003, 16.299999999999997, 15.799999999999997, 14.5, 13.599999999999994, 13.200000000000003, 12.799999999999997, 11.0, 10.599999999999994, 10.099999999999994, 9.700000000000003, 9.299999999999997, 8.799999999999997, 8.400000000000006, 7.5, 6.599999999999994, 4.400000000000006, 4.0, 2.700000000000003, 2.200000000000003, 1.7999999999999972, 1.4000000000000057, 0.9000000000000057, 0.5, 0.0, -0.4000000000000057], "x": [370, 378, 383, 386, 394, 397, 403, 407, 420, 421, 423, 429, 439, 441, 443, 450, 455, 456, 457, 458, 459, 460, 468, 470, 473, 474, 475, 476, 479, 480, 481, 483, 484, 485, 488, 492, 500, 501, 502, 503, 506, 507, 508, 514, 519, 520, 521, 523, 525, 527, 532, 533, 535, 536, 539, 540, 541, 543, 544, 547, 548, 549, 550, 552, 553, 555, 556, 561, 563, 571, 572, 575, 577, 579, 581, 584, 585, 586, 589, 590, 592, 595, 597, 598, 601, 602, 603, 605, 608, 610, 612, 613, 615, 616, 617, 619, 620, 621, 622, 626, 628, 629, 630, 631, 633, 635, 636, 638, 640, 641, 645, 647, 654, 655, 659, 660, 662, 666, 672, 673, 674, 675, 676, 679, 680, 682, 686, 687, 688, 689, 690, 691, 695, 700, 702, 703, 705, 708, 715, 716, 718, 719, 720, 722, 723, 724, 725, 726, 728, 730, 733, 734, 735, 736, 740, 741, 745, 746, 747, 749, 758, 765, 787, 829]}}