{"histogram": {"x": [345, 360, 375, 390, 405, 420, 435, 450, 465, 480, 495, 510, 525, 540, 555, 570, 585, 600, 615, 630, 645, 660, 675, 690, 705, 720, 735, 750, 765, 780, 795], "y": [1, 2, 0, 2, 1, 4, 3, 6, 3, 1, 6, 10, 4, 4, 2, 3, 3, 6, 7, 7, 5, 5, 7, 3, 4, 7, 11, 1, 0, 1, 0]}, "percentile": {"x": [355, 370, 373, 391, 400, 419, 421, 431, 432, 435, 438, 448, 455, 458, 459, 461, 463, 473, 475, 478, 494, 498, 499, 501, 502, 505, 508, 511, 513, 515, 517, 518, 521, 523, 530, 533, 538, 540, 541, 546, 551, 556, 561, 573, 575, 580, 585, 594, 599, 601, 605, 607, 609, 610, 616, 618, 619, 620, 622, 628, 629, 630, 631, 637, 638, 639, 640, 647, 650, 653, 659, 660, 661, 669, 674, 677, 679, 683, 687, 689, 690, 695, 703, 705, 713, 715, 719, 723, 724, 725, 726, 734, 735, 737, 740, 741, 742, 752, 780], "y": [99.2, 98.4, 97.5, 96.7, 95.8, 95.0, 93.3, 92.4, 91.6, 90.7, 89.9, 89.0, 88.2, 87.3, 86.5, 84.8, 83.9, 83.1, 82.3, 81.4, 80.6, 79.7, 78.9, 78.0, 77.2, 76.3, 75.5, 73.8, 72.9, 70.4, 69.5, 68.7, 67.8, 67.0, 66.2, 65.3, 63.6, 62.8, 61.9, 61.1, 60.2, 59.4, 58.5, 57.7, 56.8, 56.0, 55.1, 54.3, 53.4, 52.6, 51.7, 50.0, 49.2, 48.4, 47.5, 46.7, 45.8, 45.0, 44.1, 43.3, 42.4, 41.6, 40.7, 39.9, 39.0, 38.2, 36.5, 35.599999999999994, 34.8, 33.099999999999994, 32.3, 31.400000000000006, 29.700000000000003, 28.900000000000006, 28.0, 26.299999999999997, 25.5, 24.599999999999994, 23.799999999999997, 22.099999999999994, 21.200000000000003, 20.400000000000006, 19.5, 18.700000000000003, 17.799999999999997, 17.0, 16.200000000000003, 14.5, 13.599999999999994, 11.900000000000006, 11.099999999999994, 10.200000000000003, 9.400000000000006, 8.5, 5.099999999999994, 3.4000000000000057, 0.9000000000000057, 0.0, -0.7999999999999972]}}