{"percentile": {"x": [395, 404, 406, 416, 466, 479, 488, 493, 500, 505, 517, 520, 523, 524, 528, 529, 537, 538, 553, 560, 562, 573, 589, 600, 609, 615, 617, 626, 629, 643, 660, 679, 680, 685, 690, 691, 693, 694, 699, 713, 714, 719, 724, 730, 733, 739, 756], "y": [98.1, 96.1, 94.2, 92.2, 90.2, 86.3, 84.4, 82.4, 80.4, 78.5, 76.5, 74.6, 72.6, 70.6, 68.7, 66.7, 64.8, 62.8, 58.9, 56.9, 55.0, 53.0, 51.0, 49.1, 47.1, 45.1, 43.2, 41.2, 39.3, 37.3, 35.3, 33.400000000000006, 31.400000000000006, 29.5, 27.5, 25.5, 23.599999999999994, 21.599999999999994, 19.700000000000003, 17.700000000000003, 15.700000000000003, 13.799999999999997, 11.799999999999997, 5.900000000000006, 4.0, 0.0, -1.9000000000000057]}, "histogram": {"x": [390, 405, 420, 435, 450, 465, 480, 495, 510, 525, 540, 555, 570, 585, 600, 615, 630, 645, 660, 675, 690, 705, 720, 735, 750, 765, 780], "y": [2, 2, 0, 0, 0, 3, 2, 2, 4, 4, 2, 2, 1, 1, 2, 4, 1, 0, 1, 3, 5, 3, 5, 2, 1, 0, 0]}}