{"percentile": {"y": [99.8, 99.5, 99.2, 99.0, 98.7, 98.4, 98.1, 97.6, 97.3, 96.8, 96.5, 96.2, 95.4, 95.1, 94.9, 94.6, 94.3, 94.0, 93.8, 93.5, 92.9, 92.7, 92.4, 92.1, 91.9, 91.6, 91.3, 91.0, 90.5, 89.9, 89.7, 89.4, 89.1, 88.0, 87.8, 87.2, 86.9, 86.7, 86.1, 85.8, 85.3, 84.7, 84.5, 84.2, 83.9, 83.7, 83.4, 83.1, 82.6, 82.3, 82.0, 81.2, 80.7, 79.8, 79.6, 79.3, 78.7, 78.2, 77.9, 77.4, 77.1, 76.6, 76.0, 75.7, 75.5, 75.2, 74.9, 74.6, 74.4, 73.8, 73.3, 72.7, 72.2, 71.6, 70.5, 70.0, 69.7, 68.9, 68.6, 68.4, 68.1, 67.5, 67.0, 66.2, 65.9, 65.6, 65.4, 65.1, 64.5, 64.3, 63.4, 63.2, 62.9, 62.6, 62.3, 61.8, 61.3, 60.7, 59.9, 59.6, 58.5, 58.2, 58.0, 57.7, 56.9, 55.5, 55.2, 54.7, 54.4, 53.3, 53.1, 52.5, 52.2, 51.7, 51.1, 50.9, 50.6, 50.0, 49.8, 49.5, 49.2, 49.0, 48.7, 48.4, 48.1, 47.6, 47.0, 46.8, 46.2, 46.0, 45.1, 44.9, 44.6, 43.8, 43.5, 42.9, 42.7, 41.9, 41.6, 41.3, 41.0, 39.7, 39.1, 38.8, 38.3, 38.0, 37.8, 37.5, 37.2, 36.9, 36.7, 36.4, 36.1, 35.8, 35.599999999999994, 35.3, 34.7, 33.900000000000006, 33.7, 33.099999999999994, 32.8, 32.599999999999994, 32.0, 31.700000000000003, 30.900000000000006, 29.799999999999997, 29.599999999999994, 28.5, 27.900000000000006, 27.400000000000006, 26.299999999999997, 26.0, 25.200000000000003, 24.400000000000006, 24.099999999999994, 23.799999999999997, 23.299999999999997, 22.5, 21.599999999999994, 21.099999999999994, 20.5, 20.299999999999997, 20.0, 19.400000000000006, 18.599999999999994, 17.5, 17.299999999999997, 16.700000000000003, 16.400000000000006, 16.200000000000003, 15.599999999999994, 15.400000000000006, 15.099999999999994, 14.5, 12.900000000000006, 12.299999999999997, 12.099999999999994, 11.5, 11.0, 9.900000000000006, 9.299999999999997, 9.099999999999994, 8.5, 8.0, 7.400000000000006, 6.599999999999994, 6.299999999999997, 5.799999999999997, 4.099999999999994, 3.9000000000000057, 3.299999999999997, 3.0999999999999943, 2.799999999999997, 2.0, 1.7000000000000028, 1.4000000000000057, 1.0999999999999943, 0.5999999999999943, 0.29999999999999716, 0.0, -0.20000000000000284], "x": [288, 303, 314, 353, 357, 368, 380, 384, 391, 396, 397, 399, 403, 405, 406, 408, 410, 413, 417, 418, 419, 420, 423, 428, 430, 432, 433, 434, 435, 440, 441, 443, 445, 446, 447, 448, 449, 450, 451, 455, 458, 459, 460, 461, 462, 464, 466, 470, 471, 472, 473, 478, 479, 480, 482, 483, 486, 487, 489, 490, 492, 493, 495, 496, 497, 499, 501, 502, 503, 504, 505, 506, 511, 516, 517, 518, 519, 520, 521, 522, 526, 527, 528, 531, 532, 534, 535, 536, 538, 540, 542, 543, 544, 545, 547, 548, 550, 551, 552, 554, 555, 556, 559, 560, 562, 566, 568, 570, 572, 573, 574, 575, 576, 578, 581, 583, 585, 590, 592, 593, 594, 595, 596, 597, 598, 600, 601, 602, 603, 604, 606, 608, 609, 610, 611, 612, 613, 614, 615, 616, 618, 621, 622, 623, 624, 626, 628, 629, 630, 633, 634, 635, 637, 640, 641, 643, 644, 645, 648, 649, 651, 652, 653, 655, 657, 658, 659, 660, 664, 668, 669, 670, 671, 675, 680, 687, 688, 689, 690, 692, 695, 697, 700, 702, 703, 705, 706, 709, 712, 714, 715, 716, 717, 719, 720, 721, 722, 723, 725, 726, 727, 728, 729, 730, 733, 735, 736, 737, 740, 742, 743, 745, 747, 748, 749, 752, 753, 757, 758, 769, 828]}, "histogram": {"y": [1, 2, 0, 0, 2, 1, 3, 8, 9, 7, 15, 12, 11, 15, 14, 16, 14, 18, 16, 16, 10, 23, 16, 10, 19, 16, 10, 14, 15, 26, 21, 5, 1, 0, 0, 0, 1, 0, 0], "x": [285, 300, 315, 330, 345, 360, 375, 390, 405, 420, 435, 450, 465, 480, 495, 510, 525, 540, 555, 570, 585, 600, 615, 630, 645, 660, 675, 690, 705, 720, 735, 750, 765, 780, 795, 810, 825, 840, 855]}}