{"histogram": {"y": [1, 2, 2, 2, 8, 15, 13, 14, 24, 18, 36, 39, 34, 39, 29, 40, 44, 40, 30, 35, 38, 25, 29, 19, 21, 29, 26, 20, 22, 51, 30, 20, 6, 0, 2, 1, 0], "x": [285, 300, 315, 330, 345, 360, 375, 390, 405, 420, 435, 450, 465, 480, 495, 510, 525, 540, 555, 570, 585, 600, 615, 630, 645, 660, 675, 690, 705, 720, 735, 750, 765, 780, 795, 810, 825]}, "percentile": {"y": [99.9, 99.8, 99.7, 99.6, 99.4, 99.3, 99.2, 99.1, 98.9, 98.7, 98.4, 98.2, 97.9, 97.6, 97.3, 97.2, 97.1, 96.8, 96.7, 96.4, 96.3, 96.2, 96.1, 95.8, 95.7, 95.6, 95.4, 95.3, 95.1, 94.8, 94.7, 94.4, 94.3, 94.1, 93.9, 93.8, 93.4, 93.3, 93.2, 93.1, 93.0, 92.7, 92.5, 92.2, 92.1, 91.6, 91.3, 91.2, 91.1, 90.7, 90.6, 90.0, 89.8, 89.6, 89.3, 89.2, 89.0, 88.8, 88.6, 88.5, 88.1, 87.7, 87.2, 86.8, 86.6, 85.7, 85.0, 84.9, 84.5, 84.1, 83.9, 83.6, 83.5, 83.4, 83.2, 82.6, 82.2, 81.7, 81.2, 80.9, 80.5, 80.2, 80.1, 79.9, 79.8, 79.0, 78.9, 78.4, 78.3, 78.0, 77.9, 77.8, 77.3, 77.0, 76.8, 76.4, 76.1, 75.8, 75.5, 75.0, 74.6, 74.4, 74.1, 73.6, 73.3, 72.7, 72.2, 71.7, 71.4, 71.2, 70.9, 70.5, 70.2, 69.7, 69.3, 69.2, 68.8, 68.5, 68.4, 68.0, 67.8, 67.5, 67.4, 67.2, 67.0, 66.4, 66.1, 65.7, 65.4, 64.8, 64.7, 64.4, 64.1, 63.9, 63.8, 63.3, 62.8, 62.6, 62.1, 61.7, 61.2, 60.8, 60.7, 60.2, 59.8, 59.5, 59.3, 59.0, 58.7, 58.3, 57.6, 57.3, 57.1, 56.5, 56.1, 55.6, 55.2, 54.7, 54.3, 54.0, 53.2, 53.1, 52.9, 52.7, 52.4, 52.2, 51.9, 51.7, 51.5, 50.6, 50.2, 50.0, 49.7, 49.5, 49.2, 48.7, 48.2, 48.1, 48.0, 47.7, 47.4, 47.0, 46.9, 46.7, 46.5, 46.3, 45.5, 45.4, 45.0, 44.9, 44.4, 43.8, 43.6, 43.5, 43.0, 42.8, 42.5, 42.3, 42.1, 42.0, 41.6, 41.3, 41.1, 40.9, 40.6, 40.3, 39.7, 39.4, 39.3, 38.9, 38.3, 38.0, 37.4, 37.2, 36.7, 36.3, 36.2, 35.8, 35.400000000000006, 35.3, 34.8, 34.400000000000006, 34.3, 34.0, 33.900000000000006, 33.400000000000006, 33.2, 32.900000000000006, 32.400000000000006, 31.900000000000006, 31.799999999999997, 31.599999999999994, 31.400000000000006, 30.700000000000003, 30.599999999999994, 30.200000000000003, 30.099999999999994, 29.900000000000006, 29.700000000000003, 28.900000000000006, 28.799999999999997, 28.599999999999994, 28.299999999999997, 28.200000000000003, 28.099999999999994, 27.900000000000006, 27.799999999999997, 26.900000000000006, 26.799999999999997, 26.700000000000003, 26.5, 26.299999999999997, 26.200000000000003, 26.099999999999994, 25.700000000000003, 25.5, 24.799999999999997, 24.299999999999997, 24.0, 23.799999999999997, 23.299999999999997, 23.0, 22.700000000000003, 22.299999999999997, 22.099999999999994, 21.200000000000003, 21.099999999999994, 21.0, 20.799999999999997, 20.5, 20.299999999999997, 20.099999999999994, 19.700000000000003, 19.200000000000003, 19.0, 18.900000000000006, 18.5, 18.0, 17.700000000000003, 17.599999999999994, 17.5, 17.200000000000003, 17.0, 16.900000000000006, 16.700000000000003, 16.599999999999994, 16.5, 16.400000000000006, 15.700000000000003, 15.599999999999994, 15.5, 15.099999999999994, 14.900000000000006, 14.599999999999994, 14.5, 14.200000000000003, 14.0, 13.900000000000006, 13.599999999999994, 13.099999999999994, 12.900000000000006, 12.599999999999994, 12.299999999999997, 11.799999999999997, 11.400000000000006, 11.0, 10.599999999999994, 10.0, 9.599999999999994, 8.599999999999994, 8.299999999999997, 7.900000000000006, 7.599999999999994, 7.299999999999997, 6.900000000000006, 6.799999999999997, 6.5, 6.200000000000003, 6.0, 4.799999999999997, 4.5, 4.200000000000003, 4.0, 3.9000000000000057, 3.799999999999997, 3.700000000000003, 3.5, 3.4000000000000057, 3.299999999999997, 3.0, 2.5, 2.4000000000000057, 2.299999999999997, 2.0, 1.7000000000000028, 1.5, 1.2999999999999972, 1.2000000000000028, 1.0, 0.9000000000000057, 0.7000000000000028, 0.5, 0.29999999999999716, 0.20000000000000284, 0.0, -0.09999999999999432], "x": [292, 304, 305, 322, 329, 340, 344, 350, 351, 352, 356, 357, 361, 362, 365, 366, 369, 370, 371, 373, 374, 375, 376, 379, 380, 382, 384, 386, 387, 388, 389, 390, 393, 394, 395, 396, 399, 400, 401, 402, 404, 405, 406, 407, 408, 409, 412, 413, 416, 417, 418, 419, 420, 423, 424, 425, 426, 427, 428, 430, 432, 433, 435, 436, 438, 439, 440, 441, 443, 444, 445, 446, 447, 448, 449, 450, 451, 454, 455, 456, 457, 458, 459, 460, 461, 462, 463, 464, 465, 466, 467, 468, 469, 470, 471, 472, 473, 474, 475, 476, 477, 478, 479, 480, 481, 482, 483, 484, 485, 487, 488, 490, 491, 492, 493, 495, 496, 497, 498, 499, 500, 501, 502, 503, 504, 506, 508, 509, 510, 511, 512, 513, 514, 515, 516, 517, 518, 519, 520, 521, 522, 523, 524, 525, 526, 527, 528, 529, 530, 531, 532, 534, 535, 536, 537, 538, 539, 540, 541, 542, 543, 544, 545, 546, 547, 548, 549, 551, 552, 553, 554, 555, 556, 557, 559, 560, 561, 562, 563, 564, 565, 566, 567, 568, 569, 570, 572, 573, 574, 575, 576, 577, 578, 579, 580, 581, 582, 583, 584, 585, 587, 588, 589, 590, 591, 592, 593, 594, 595, 596, 597, 598, 599, 600, 601, 602, 603, 604, 605, 606, 610, 613, 614, 615, 616, 617, 618, 619, 620, 622, 623, 625, 627, 629, 630, 634, 636, 637, 639, 640, 642, 643, 644, 645, 646, 648, 649, 650, 651, 652, 653, 654, 655, 658, 659, 660, 661, 664, 665, 667, 668, 669, 671, 673, 674, 675, 676, 677, 678, 680, 682, 683, 684, 685, 686, 689, 690, 692, 693, 694, 695, 696, 697, 698, 700, 701, 702, 703, 705, 706, 707, 710, 713, 714, 715, 716, 717, 718, 719, 720, 721, 722, 723, 724, 725, 726, 727, 728, 729, 730, 731, 732, 733, 734, 735, 736, 737, 738, 739, 740, 741, 743, 744, 745, 746, 747, 749, 750, 751, 752, 753, 754, 755, 756, 757, 758, 759, 761, 762, 766, 768, 770, 774, 796, 800, 816]}}