{"histogram": {"y": [3, 3, 1, 14, 14, 10, 28, 25, 39, 31, 57, 50, 56, 48, 52, 66, 83, 70, 80, 53, 67, 68, 54, 59, 46, 42, 37, 115, 83, 13, 9, 2, 0, 2, 1, 0], "x": [315, 330, 345, 360, 375, 390, 405, 420, 435, 450, 465, 480, 495, 510, 525, 540, 555, 570, 585, 600, 615, 630, 645, 660, 675, 690, 705, 720, 735, 750, 765, 780, 795, 810, 825, 840]}, "percentile": {"y": [100.0, 99.8, 99.8, 99.7, 99.6, 99.5, 99.5, 99.3, 99.3, 99.0, 98.9, 98.8, 98.7, 98.5, 98.4, 98.3, 98.2, 98.2, 98.1, 97.9, 97.7, 97.6, 97.5, 97.4, 97.4, 97.0, 96.9, 96.9, 96.8, 96.5, 96.2, 96.1, 95.9, 95.8, 95.7, 95.6, 95.5, 95.3, 95.0, 94.9, 94.8, 94.7, 94.6, 94.3, 94.2, 94.0, 93.8, 93.7, 93.6, 93.5, 93.2, 93.0, 92.9, 92.7, 92.4, 92.3, 92.2, 91.6, 91.4, 91.2, 91.1, 91.0, 90.7, 90.6, 90.1, 90.0, 89.7, 89.6, 89.5, 89.4, 89.2, 89.1, 88.9, 88.7, 88.6, 88.3, 88.1, 87.9, 87.9, 87.7, 87.6, 87.2, 86.9, 86.9, 86.4, 86.1, 85.8, 85.6, 85.3, 84.9, 84.8, 84.5, 84.2, 83.7, 83.3, 82.8, 82.5, 82.3, 81.9, 81.8, 81.5, 81.3, 81.0, 80.8, 80.7, 80.4, 80.3, 80.1, 79.5, 79.1, 78.8, 78.6, 78.5, 78.1, 77.9, 77.7, 77.3, 76.9, 76.8, 76.6, 76.4, 76.1, 75.7, 75.5, 75.1, 74.9, 74.6, 74.3, 73.9, 73.5, 73.1, 73.0, 72.9, 72.7, 72.6, 72.2, 72.1, 72.0, 71.6, 71.1, 70.8, 70.5, 70.1, 70.0, 69.9, 69.8, 69.8, 69.5, 69.1, 68.8, 67.9, 67.8, 67.4, 67.3, 66.9, 66.3, 66.1, 65.6, 65.5, 65.3, 65.0, 64.7, 64.5, 64.3, 64.0, 63.2, 63.0, 62.5, 62.2, 61.7, 61.2, 61.1, 61.0, 60.7, 60.1, 59.5, 59.1, 58.8, 58.5, 58.0, 56.9, 56.8, 56.4, 56.1, 55.9, 55.7, 55.3, 55.0, 54.8, 54.3, 54.0, 53.5, 53.3, 53.1, 52.9, 52.6, 52.3, 51.8, 51.1, 51.0, 50.3, 50.0, 49.7, 49.3, 48.5, 48.3, 47.8, 47.7, 47.4, 47.2, 46.6, 46.4, 46.1, 46.0, 45.8, 45.6, 45.3, 45.1, 45.0, 44.8, 44.1, 43.8, 43.7, 43.4, 43.3, 43.0, 42.7, 42.6, 42.2, 41.8, 41.1, 40.9, 40.6, 40.3, 39.8, 39.5, 39.3, 39.0, 38.8, 38.5, 37.9, 37.5, 37.4, 37.2, 36.9, 36.2, 35.599999999999994, 35.2, 34.900000000000006, 34.5, 34.2, 34.0, 33.8, 33.7, 33.5, 33.0, 32.7, 32.400000000000006, 31.900000000000006, 31.700000000000003, 31.400000000000006, 31.299999999999997, 31.099999999999994, 31.0, 30.700000000000003, 30.5, 30.400000000000006, 30.200000000000003, 29.900000000000006, 29.599999999999994, 29.0, 28.799999999999997, 28.5, 28.299999999999997, 27.900000000000006, 27.599999999999994, 27.400000000000006, 27.200000000000003, 27.0, 26.900000000000006, 26.400000000000006, 26.0, 25.599999999999994, 25.299999999999997, 25.0, 25.0, 24.599999999999994, 24.5, 24.299999999999997, 24.200000000000003, 24.0, 23.799999999999997, 23.599999999999994, 23.299999999999997, 23.099999999999994, 22.700000000000003, 22.299999999999997, 22.0, 21.299999999999997, 21.099999999999994, 21.0, 20.900000000000006, 20.799999999999997, 20.599999999999994, 20.400000000000006, 20.099999999999994, 20.0, 20.0, 19.200000000000003, 19.099999999999994, 19.0, 19.0, 18.599999999999994, 18.400000000000006, 18.299999999999997, 18.200000000000003, 17.700000000000003, 17.700000000000003, 17.400000000000006, 17.200000000000003, 16.900000000000006, 16.799999999999997, 16.700000000000003, 16.5, 16.299999999999997, 15.200000000000003, 14.400000000000006, 13.599999999999994, 13.200000000000003, 12.400000000000006, 11.900000000000006, 11.599999999999994, 10.599999999999994, 10.0, 9.299999999999997, 8.700000000000003, 8.700000000000003, 8.400000000000006, 8.299999999999997, 7.900000000000006, 7.299999999999997, 6.700000000000003, 6.400000000000006, 6.200000000000003, 5.900000000000006, 4.299999999999997, 3.9000000000000057, 3.700000000000003, 3.200000000000003, 3.0999999999999943, 2.799999999999997, 2.700000000000003, 2.5999999999999943, 2.4000000000000057, 1.9000000000000057, 1.9000000000000057, 1.7000000000000028, 1.5999999999999943, 1.5, 1.4000000000000057, 1.2999999999999972, 1.2000000000000028, 1.0999999999999943, 1.0999999999999943, 1.0, 0.9000000000000057, 0.7999999999999972, 0.7999999999999972, 0.5999999999999943, 0.5, 0.4000000000000057, 0.29999999999999716, 0.29999999999999716, 0.20000000000000284, 0.09999999999999432, 0.0, 0.0], "x": [322, 327, 342, 343, 344, 358, 360, 363, 365, 370, 371, 372, 373, 374, 375, 376, 377, 378, 379, 382, 385, 386, 387, 392, 396, 397, 398, 400, 403, 405, 407, 408, 409, 410, 411, 412, 413, 414, 415, 416, 418, 420, 424, 425, 426, 427, 428, 429, 430, 431, 432, 433, 434, 435, 436, 437, 439, 440, 442, 443, 444, 445, 447, 448, 449, 450, 451, 452, 453, 454, 455, 456, 457, 458, 459, 460, 461, 463, 464, 465, 466, 467, 468, 469, 470, 471, 472, 473, 474, 475, 476, 477, 478, 479, 480, 482, 483, 484, 485, 486, 487, 488, 489, 490, 491, 492, 493, 494, 495, 496, 497, 498, 499, 500, 501, 502, 503, 504, 505, 507, 508, 509, 510, 511, 512, 513, 515, 517, 518, 519, 520, 521, 522, 523, 524, 525, 526, 527, 528, 529, 530, 531, 532, 533, 534, 535, 536, 537, 538, 539, 540, 541, 542, 543, 544, 545, 546, 547, 548, 549, 550, 551, 552, 553, 554, 555, 556, 557, 558, 559, 560, 561, 562, 563, 564, 565, 566, 567, 568, 569, 570, 571, 572, 573, 574, 575, 576, 577, 578, 579, 580, 581, 582, 583, 584, 585, 586, 587, 588, 589, 590, 591, 592, 593, 594, 595, 596, 597, 598, 599, 600, 601, 602, 603, 604, 605, 606, 607, 608, 609, 610, 611, 612, 613, 614, 615, 616, 617, 618, 619, 620, 621, 622, 623, 624, 625, 626, 627, 628, 629, 630, 631, 632, 633, 634, 635, 636, 637, 638, 639, 640, 641, 642, 643, 644, 645, 646, 647, 648, 649, 650, 651, 652, 653, 654, 655, 656, 657, 658, 659, 660, 661, 662, 663, 664, 665, 666, 667, 668, 669, 670, 671, 672, 673, 675, 676, 677, 678, 680, 681, 682, 683, 684, 685, 686, 687, 688, 689, 690, 691, 692, 693, 694, 695, 696, 697, 698, 699, 700, 701, 702, 704, 705, 706, 707, 708, 710, 711, 712, 714, 715, 716, 717, 718, 719, 720, 721, 722, 723, 724, 725, 726, 727, 728, 729, 730, 731, 732, 733, 734, 735, 736, 737, 738, 739, 740, 741, 742, 743, 744, 745, 746, 747, 748, 749, 750, 752, 753, 756, 757, 758, 759, 760, 763, 764, 765, 767, 771, 774, 775, 777, 778, 784, 785, 822, 824, 826]}}