{"percentile": {"x": [360, 423, 426, 428, 461, 464, 474, 481, 486, 491, 500, 521, 525, 536, 540, 542, 557, 559, 562, 567, 581, 586, 593, 596, 598, 605, 611, 613, 620, 622, 623, 625, 633, 643, 648, 652, 653, 654, 655, 656, 659, 661, 667, 676, 678, 680, 684, 691, 692, 699, 700, 705, 718, 720, 725, 726, 727, 729, 730, 731, 740, 742, 760, 770, 790, 824, 829], "y": [98.8, 97.5, 96.3, 95.0, 93.7, 92.5, 91.2, 89.9, 88.7, 87.4, 86.1, 84.9, 83.6, 82.3, 81.1, 77.3, 76.0, 74.7, 73.5, 72.2, 70.9, 69.7, 68.4, 67.1, 64.6, 63.3, 60.8, 59.5, 58.3, 57.0, 55.7, 54.5, 51.9, 50.7, 49.4, 48.2, 45.6, 44.4, 43.1, 41.8, 40.6, 39.3, 38.0, 36.8, 35.5, 34.2, 33.0, 31.700000000000003, 30.400000000000006, 27.900000000000006, 25.400000000000006, 24.099999999999994, 22.799999999999997, 20.299999999999997, 17.799999999999997, 16.5, 15.200000000000003, 14.0, 12.700000000000003, 10.200000000000003, 7.599999999999994, 5.099999999999994, 3.799999999999997, 2.5999999999999943, 1.2999999999999972, 0.0, -1.2000000000000028]}, "histogram": {"x": [360, 375, 390, 405, 420, 435, 450, 465, 480, 495, 510, 525, 540, 555, 570, 585, 600, 615, 630, 645, 660, 675, 690, 705, 720, 735, 750, 765, 780, 795, 810, 825, 840, 855], "y": [1, 0, 0, 0, 3, 0, 2, 1, 3, 1, 1, 2, 4, 4, 1, 5, 4, 4, 3, 8, 2, 4, 6, 2, 10, 4, 1, 1, 1, 0, 1, 1, 0, 0]}}