{"histogram": {"y": [2, 0, 0, 3, 0, 4, 1, 4, 2, 7, 1, 3, 3, 1, 5, 10, 1, 7, 1, 2, 1, 2, 3, 0, 1, 3, 0, 1, 3, 1, 0, 0, 0, 0, 0, 1, 0], "x": [300, 315, 330, 345, 360, 375, 390, 405, 420, 435, 450, 465, 480, 495, 510, 525, 540, 555, 570, 585, 600, 615, 630, 645, 660, 675, 690, 705, 720, 735, 750, 765, 780, 795, 810, 825, 840]}, "percentile": {"y": [98.7, 97.3, 95.9, 94.5, 93.1, 91.7, 90.3, 88.9, 87.5, 86.2, 84.8, 83.4, 82.0, 80.6, 79.2, 77.8, 76.4, 75.0, 73.7, 72.3, 68.1, 66.7, 65.3, 63.9, 62.5, 61.2, 59.8, 58.4, 57.0, 55.6, 54.2, 52.8, 51.4, 50.0, 48.7, 45.9, 44.5, 43.1, 41.7, 38.9, 37.5, 36.2, 34.8, 33.400000000000006, 30.599999999999994, 29.200000000000003, 27.799999999999997, 25.0, 23.700000000000003, 20.900000000000006, 19.5, 18.099999999999994, 16.700000000000003, 15.299999999999997, 13.900000000000006, 12.5, 11.200000000000003, 9.799999999999997, 8.400000000000006, 7.0, 5.599999999999994, 4.200000000000003, 2.799999999999997, 1.4000000000000057, 0.0, -1.2999999999999972], "x": [312, 313, 346, 348, 350, 375, 376, 378, 386, 394, 408, 412, 416, 417, 422, 423, 436, 443, 444, 445, 446, 457, 469, 476, 477, 489, 490, 494, 497, 515, 517, 519, 521, 523, 527, 528, 529, 530, 532, 533, 537, 538, 543, 555, 557, 558, 560, 568, 575, 598, 605, 622, 625, 637, 638, 639, 661, 680, 685, 688, 711, 724, 730, 733, 742, 829]}}