{"histogram": {"y": [1, 0, 2, 3, 0, 0, 5, 4, 2, 6, 5, 4, 4, 5, 3, 8, 3, 8, 5, 8, 3, 2, 3, 3, 3, 7, 3, 1, 1, 0], "x": [345, 360, 375, 390, 405, 420, 435, 450, 465, 480, 495, 510, 525, 540, 555, 570, 585, 600, 615, 630, 645, 660, 675, 690, 705, 720, 735, 750, 765, 780]}, "percentile": {"y": [99.1, 98.1, 97.1, 96.1, 95.1, 94.1, 93.1, 92.1, 91.1, 89.2, 88.2, 87.2, 85.2, 84.2, 83.2, 82.2, 80.2, 79.3, 78.3, 77.3, 75.3, 73.3, 72.3, 70.3, 69.4, 68.4, 67.4, 65.4, 64.4, 62.4, 61.4, 60.4, 59.5, 58.5, 57.5, 56.5, 55.5, 52.5, 51.5, 49.6, 48.6, 47.6, 46.6, 45.6, 44.6, 43.6, 42.6, 41.6, 40.6, 39.7, 37.7, 36.7, 35.7, 33.7, 32.7, 31.700000000000003, 30.700000000000003, 29.799999999999997, 27.799999999999997, 26.799999999999997, 25.799999999999997, 24.799999999999997, 23.799999999999997, 22.799999999999997, 21.799999999999997, 20.799999999999997, 19.900000000000006, 18.900000000000006, 17.900000000000006, 16.900000000000006, 15.900000000000006, 14.900000000000006, 13.900000000000006, 12.900000000000006, 11.900000000000006, 10.900000000000006, 9.0, 8.0, 7.0, 6.0, 5.0, 4.0, 2.0, 1.0, 0.0, -0.9000000000000057], "x": [357, 380, 386, 390, 396, 398, 437, 440, 445, 448, 452, 455, 457, 473, 477, 480, 482, 485, 492, 494, 495, 500, 507, 519, 520, 521, 529, 535, 537, 543, 544, 545, 553, 562, 564, 567, 570, 576, 580, 581, 582, 587, 589, 597, 607, 609, 610, 611, 612, 613, 614, 621, 623, 627, 628, 630, 633, 636, 640, 642, 643, 644, 646, 652, 653, 665, 667, 675, 680, 685, 690, 700, 703, 706, 712, 715, 720, 723, 728, 729, 730, 734, 736, 745, 750, 774]}}