{"percentile": {"x": [351, 357, 371, 378, 381, 383, 384, 390, 396, 400, 408, 413, 415, 419, 428, 430, 432, 433, 435, 437, 442, 447, 450, 454, 456, 458, 467, 468, 469, 470, 473, 474, 478, 480, 481, 483, 484, 486, 490, 491, 494, 495, 496, 498, 500, 508, 509, 512, 513, 515, 517, 518, 520, 521, 522, 526, 527, 528, 530, 531, 532, 533, 535, 539, 540, 541, 542, 543, 545, 547, 548, 550, 554, 555, 556, 560, 563, 566, 567, 570, 571, 573, 574, 575, 576, 577, 580, 581, 585, 586, 587, 588, 590, 592, 595, 596, 598, 599, 602, 605, 606, 607, 609, 610, 612, 613, 615, 617, 619, 620, 621, 623, 625, 627, 629, 630, 631, 632, 633, 634, 635, 636, 638, 639, 640, 643, 645, 646, 648, 650, 651, 652, 655, 656, 657, 658, 660, 661, 667, 668, 673, 674, 675, 676, 680, 682, 685, 687, 688, 690, 692, 697, 698, 700, 701, 704, 705, 706, 708, 710, 718, 720, 721, 723, 724, 725, 726, 727, 730, 731, 732, 733, 734, 735, 737, 739, 740, 742, 743, 745, 746, 747, 750, 753, 755, 757, 758, 759, 774, 779], "y": [99.7, 99.3, 98.9, 98.5, 98.1, 97.8, 97.4, 97.0, 96.6, 96.2, 95.8, 95.5, 95.1, 94.7, 94.3, 93.9, 93.5, 93.2, 92.4, 91.6, 91.2, 90.9, 90.5, 90.1, 89.7, 89.3, 88.9, 88.2, 87.8, 87.4, 87.0, 86.6, 86.3, 85.9, 85.1, 84.7, 84.3, 83.6, 83.2, 82.4, 81.7, 80.9, 80.5, 80.1, 79.4, 79.0, 78.6, 78.2, 77.8, 77.4, 77.1, 76.7, 76.3, 75.5, 75.1, 74.8, 74.4, 74.0, 73.6, 73.2, 72.8, 72.1, 71.3, 70.9, 70.2, 69.8, 69.4, 69.0, 68.2, 67.9, 67.5, 67.1, 66.0, 65.2, 64.8, 64.4, 64.0, 63.7, 63.3, 61.7, 61.0, 60.2, 59.8, 59.4, 59.1, 58.7, 58.3, 57.9, 57.5, 57.1, 56.8, 56.4, 55.6, 54.5, 54.1, 53.3, 52.5, 51.8, 51.4, 51.0, 50.6, 50.2, 49.9, 49.5, 49.1, 48.3, 47.2, 46.8, 46.4, 46.0, 45.6, 44.5, 44.1, 43.7, 42.6, 41.8, 41.0, 40.7, 40.3, 39.9, 38.4, 38.0, 36.8, 36.4, 36.1, 35.7, 35.3, 34.900000000000006, 34.099999999999994, 33.400000000000006, 33.0, 32.2, 31.5, 31.099999999999994, 30.299999999999997, 29.900000000000006, 29.599999999999994, 29.200000000000003, 28.400000000000006, 27.599999999999994, 27.299999999999997, 26.900000000000006, 26.5, 26.099999999999994, 25.700000000000003, 25.299999999999997, 25.0, 24.599999999999994, 23.0, 21.5, 21.099999999999994, 20.400000000000006, 20.0, 19.200000000000003, 18.799999999999997, 18.400000000000006, 18.099999999999994, 17.700000000000003, 16.900000000000006, 16.5, 16.099999999999994, 15.400000000000006, 15.0, 14.599999999999994, 14.200000000000003, 13.799999999999997, 12.700000000000003, 12.299999999999997, 10.0, 9.599999999999994, 9.200000000000003, 8.900000000000006, 8.099999999999994, 7.299999999999997, 6.599999999999994, 5.799999999999997, 4.599999999999994, 4.299999999999997, 3.9000000000000057, 3.5, 3.0999999999999943, 2.700000000000003, 2.299999999999997, 2.0, 1.5999999999999943, 1.2000000000000028, 0.7999999999999972, 0.4000000000000057, 0.0, -0.29999999999999716]}, "histogram": {"x": [345, 360, 375, 390, 405, 420, 435, 450, 465, 480, 495, 510, 525, 540, 555, 570, 585, 600, 615, 630, 645, 660, 675, 690, 705, 720, 735, 750, 765, 780, 795], "y": [2, 1, 4, 3, 4, 4, 6, 4, 8, 12, 8, 9, 11, 13, 7, 14, 16, 9, 15, 18, 15, 8, 10, 12, 6, 21, 14, 6, 2, 0, 0]}}