{"percentile": {"y": [99.4, 98.0, 97.3, 96.7, 95.3, 94.6, 94.0, 93.3, 92.6, 91.9, 91.3, 90.6, 89.9, 89.2, 88.6, 87.9, 87.2, 86.5, 85.9, 85.2, 84.5, 83.8, 83.2, 82.5, 81.8, 81.1, 80.5, 79.8, 79.1, 77.8, 77.1, 76.4, 74.4, 73.7, 73.0, 72.3, 71.7, 71.0, 70.3, 69.6, 69.0, 67.6, 66.9, 66.3, 65.6, 64.2, 63.6, 62.9, 61.5, 60.9, 60.2, 59.5, 58.8, 58.2, 56.8, 56.1, 55.5, 54.8, 54.1, 53.4, 52.8, 52.1, 51.4, 50.7, 48.7, 48.0, 46.7, 45.3, 44.6, 44.0, 43.3, 42.6, 41.3, 40.6, 39.9, 39.2, 38.6, 37.9, 37.2, 36.5, 35.900000000000006, 35.2, 34.5, 33.8, 32.5, 31.099999999999994, 30.5, 29.799999999999997, 29.099999999999994, 28.400000000000006, 27.799999999999997, 25.700000000000003, 25.0, 24.400000000000006, 23.700000000000003, 23.0, 22.299999999999997, 21.700000000000003, 21.0, 20.299999999999997, 19.0, 18.299999999999997, 17.599999999999994, 16.900000000000006, 16.299999999999997, 15.599999999999994, 14.900000000000006, 14.200000000000003, 13.599999999999994, 12.200000000000003, 11.5, 10.900000000000006, 10.200000000000003, 8.799999999999997, 8.200000000000003, 6.799999999999997, 6.099999999999994, 5.5, 4.799999999999997, 4.099999999999994, 3.4000000000000057, 2.799999999999997, 2.0999999999999943, 0.7000000000000028, -0.5999999999999943], "x": [365, 368, 400, 401, 408, 409, 410, 426, 429, 430, 431, 440, 442, 446, 448, 449, 451, 454, 455, 456, 459, 460, 462, 463, 468, 469, 471, 474, 476, 478, 480, 481, 484, 490, 491, 492, 493, 494, 497, 502, 503, 510, 512, 521, 523, 525, 527, 532, 533, 535, 541, 543, 544, 546, 547, 549, 553, 555, 559, 562, 565, 566, 567, 569, 572, 573, 575, 577, 578, 582, 583, 585, 588, 589, 592, 595, 596, 599, 603, 604, 608, 610, 612, 615, 616, 618, 620, 622, 623, 624, 625, 630, 633, 641, 642, 643, 649, 660, 661, 674, 675, 679, 681, 683, 690, 692, 701, 705, 716, 720, 721, 722, 724, 727, 728, 730, 733, 734, 735, 739, 740, 741, 744, 746, 754]}, "histogram": {"y": [3, 0, 2, 4, 4, 5, 8, 7, 10, 3, 5, 7, 8, 7, 11, 8, 5, 10, 7, 1, 3, 5, 3, 2, 12, 7, 2, 0], "x": [360, 375, 390, 405, 420, 435, 450, 465, 480, 495, 510, 525, 540, 555, 570, 585, 600, 615, 630, 645, 660, 675, 690, 705, 720, 735, 750, 765]}}