{"percentile": {"x": [340, 349, 362, 398, 401, 404, 423, 426, 434, 451, 457, 459, 462, 466, 481, 490, 503, 505, 517, 525, 526, 528, 529, 547, 550, 551, 556, 560, 562, 567, 571, 578, 581, 582, 583, 589, 590, 595, 596, 600, 601, 603, 607, 615, 631, 634, 635, 637, 641, 648, 652, 653, 656, 660, 664, 665, 670, 679, 700, 701, 703, 707, 711, 714, 715, 722, 725, 726, 727, 728, 729, 730, 733, 734, 736, 737, 738, 740, 742, 744, 745, 746, 751, 758, 766, 784, 788], "y": [99.1, 98.1, 97.2, 95.2, 93.3, 92.4, 91.4, 90.4, 89.5, 88.5, 87.5, 86.6, 85.6, 84.7, 83.7, 82.7, 81.8, 80.8, 79.9, 78.9, 77.9, 77.0, 76.0, 75.0, 72.2, 71.2, 70.2, 69.3, 68.3, 66.4, 65.4, 64.5, 62.5, 61.6, 60.6, 59.7, 58.7, 57.7, 55.8, 54.9, 53.9, 52.9, 52.0, 51.0, 50.0, 49.1, 48.1, 47.2, 46.2, 44.3, 43.3, 42.4, 41.4, 40.4, 39.5, 38.5, 37.5, 36.6, 35.599999999999994, 32.7, 31.799999999999997, 30.799999999999997, 29.900000000000006, 28.900000000000006, 27.900000000000006, 26.0, 23.099999999999994, 22.200000000000003, 21.200000000000003, 20.200000000000003, 19.299999999999997, 18.299999999999997, 17.400000000000006, 15.400000000000006, 14.5, 13.5, 11.599999999999994, 9.700000000000003, 8.700000000000003, 7.700000000000003, 5.799999999999997, 3.9000000000000057, 2.9000000000000057, 2.0, 1.0, 0.0, -0.9000000000000057]}, "histogram": {"x": [330, 345, 360, 375, 390, 405, 420, 435, 450, 465, 480, 495, 510, 525, 540, 555, 570, 585, 600, 615, 630, 645, 660, 675, 690, 705, 720, 735, 750, 765, 780, 795], "y": [1, 1, 1, 0, 5, 0, 3, 0, 4, 1, 2, 2, 1, 4, 5, 5, 6, 5, 4, 1, 5, 5, 4, 1, 5, 4, 13, 12, 2, 1, 2, 0]}}