{"percentile": {"x": [310, 344, 345, 357, 360, 361, 365, 366, 371, 372, 373, 375, 377, 380, 384, 388, 390, 392, 394, 396, 397, 399, 401, 402, 403, 407, 408, 411, 415, 417, 418, 420, 421, 423, 424, 425, 427, 428, 429, 432, 433, 434, 436, 437, 438, 440, 441, 443, 444, 445, 446, 447, 448, 449, 450, 451, 452, 453, 454, 456, 457, 459, 460, 461, 462, 463, 464, 465, 466, 467, 468, 469, 470, 472, 473, 475, 476, 478, 479, 480, 481, 483, 485, 487, 488, 489, 490, 492, 493, 494, 495, 498, 499, 501, 502, 503, 504, 506, 508, 509, 510, 511, 512, 513, 515, 516, 517, 518, 520, 521, 522, 523, 524, 525, 526, 527, 528, 529, 530, 531, 532, 533, 534, 535, 536, 537, 538, 539, 540, 542, 543, 544, 545, 546, 548, 550, 551, 552, 553, 555, 556, 557, 558, 560, 561, 562, 563, 564, 565, 567, 568, 569, 570, 571, 572, 573, 574, 575, 577, 578, 580, 581, 582, 583, 584, 585, 587, 588, 590, 591, 592, 593, 594, 595, 596, 597, 598, 600, 601, 602, 603, 604, 605, 606, 607, 608, 610, 611, 612, 613, 614, 615, 616, 617, 620, 621, 622, 625, 627, 628, 630, 631, 632, 633, 634, 636, 638, 640, 641, 642, 643, 644, 645, 646, 647, 648, 649, 650, 652, 653, 655, 656, 657, 658, 660, 661, 662, 666, 667, 668, 669, 670, 671, 672, 674, 675, 677, 678, 679, 680, 683, 684, 687, 688, 690, 695, 696, 698, 703, 706, 707, 708, 710, 712, 714, 719, 720, 721, 722, 724, 725, 726, 727, 729, 730, 731, 734, 736, 740, 741, 742, 743, 745, 748, 749, 754, 759, 767, 768], "y": [99.9, 99.7, 99.5, 99.3, 99.1, 99.0, 98.8, 98.6, 98.4, 98.2, 98.0, 97.9, 97.7, 97.5, 97.1, 96.9, 96.8, 96.6, 96.4, 96.2, 96.0, 95.8, 95.7, 95.3, 94.7, 94.6, 94.2, 94.0, 93.8, 93.6, 93.3, 93.1, 92.7, 92.0, 91.8, 91.1, 90.5, 90.3, 90.0, 89.6, 89.4, 89.1, 88.1, 87.4, 87.2, 86.9, 86.7, 86.5, 86.3, 85.9, 85.8, 85.6, 85.4, 85.0, 84.1, 83.9, 83.7, 83.2, 82.7, 82.1, 81.9, 81.6, 81.2, 81.0, 80.3, 79.2, 78.6, 78.3, 77.9, 77.5, 77.0, 76.8, 76.4, 76.1, 75.7, 75.1, 75.0, 74.6, 74.2, 73.9, 72.9, 72.6, 71.8, 71.5, 70.7, 70.2, 69.5, 69.1, 68.9, 68.4, 66.9, 66.5, 66.0, 65.4, 64.9, 64.7, 63.6, 63.2, 63.1, 62.1, 61.6, 61.2, 60.9, 60.5, 60.3, 59.8, 59.4, 58.7, 58.5, 57.9, 57.7, 57.4, 56.5, 56.3, 56.1, 55.9, 55.5, 55.4, 55.0, 54.6, 54.4, 53.9, 53.7, 53.2, 53.0, 52.6, 52.2, 51.7, 50.6, 50.2, 49.9, 49.5, 48.8, 48.6, 48.2, 47.9, 47.7, 47.3, 46.9, 46.6, 46.2, 46.0, 45.8, 45.1, 44.0, 42.9, 42.7, 42.5, 41.6, 41.4, 40.9, 40.5, 40.2, 39.4, 39.2, 38.7, 38.5, 38.1, 38.0, 37.2, 37.0, 36.9, 36.5, 36.3, 36.1, 35.0, 34.5, 34.3, 33.599999999999994, 33.400000000000006, 33.2, 32.8, 32.099999999999994, 31.900000000000006, 31.400000000000006, 31.200000000000003, 31.0, 30.599999999999994, 30.5, 29.900000000000006, 29.5, 29.400000000000006, 29.200000000000003, 28.400000000000006, 28.099999999999994, 27.700000000000003, 26.599999999999994, 26.400000000000006, 26.200000000000003, 26.099999999999994, 25.900000000000006, 25.700000000000003, 25.299999999999997, 24.799999999999997, 23.900000000000006, 23.700000000000003, 23.099999999999994, 22.900000000000006, 22.799999999999997, 22.599999999999994, 22.400000000000006, 22.0, 21.700000000000003, 21.5, 21.299999999999997, 20.900000000000006, 20.599999999999994, 19.799999999999997, 19.5, 19.299999999999997, 18.900000000000006, 18.700000000000003, 18.5, 18.400000000000006, 18.200000000000003, 18.0, 17.799999999999997, 17.599999999999994, 17.099999999999994, 16.700000000000003, 16.5, 16.0, 15.799999999999997, 15.400000000000006, 14.900000000000006, 14.700000000000003, 14.5, 14.0, 13.799999999999997, 13.599999999999994, 13.400000000000006, 13.200000000000003, 13.099999999999994, 12.900000000000006, 12.700000000000003, 12.5, 12.299999999999997, 12.099999999999994, 12.0, 11.799999999999997, 11.400000000000006, 11.200000000000003, 11.0, 10.900000000000006, 10.700000000000003, 10.5, 10.099999999999994, 9.900000000000006, 9.799999999999997, 9.0, 8.799999999999997, 8.299999999999997, 7.700000000000003, 7.599999999999994, 7.200000000000003, 7.0, 6.599999999999994, 6.299999999999997, 6.099999999999994, 5.700000000000003, 5.200000000000003, 4.799999999999997, 4.299999999999997, 4.099999999999994, 3.9000000000000057, 3.5, 2.799999999999997, 2.5999999999999943, 2.200000000000003, 2.0999999999999943, 1.7000000000000028, 1.2999999999999972, 1.0999999999999943, 1.0, 0.5999999999999943, 0.4000000000000057, 0.20000000000000284, 0.0, -0.09999999999999432]}, "histogram": {"x": [300, 315, 330, 345, 360, 375, 390, 405, 420, 435, 450, 465, 480, 495, 510, 525, 540, 555, 570, 585, 600, 615, 630, 645, 660, 675, 690, 705, 720, 735, 750, 765, 780], "y": [1, 0, 1, 2, 7, 6, 12, 8, 23, 22, 35, 24, 32, 34, 31, 26, 26, 35, 24, 28, 28, 18, 21, 18, 15, 10, 6, 15, 23, 12, 2, 2, 0]}}