{"percentile": {"x": [405, 446, 456, 499, 531, 535, 546, 557, 576, 580, 583, 598, 615, 639, 645, 650, 659, 676, 700, 705, 710, 718, 724, 729, 730, 740, 747, 748, 758, 829], "y": [97.3, 94.5, 91.7, 88.9, 83.4, 80.6, 75.0, 72.3, 69.5, 66.7, 58.4, 55.6, 52.8, 50.0, 47.3, 44.5, 41.7, 38.9, 36.2, 33.400000000000006, 30.599999999999994, 27.799999999999997, 25.0, 22.299999999999997, 16.700000000000003, 8.400000000000006, 5.599999999999994, 2.799999999999997, 0.0, -2.700000000000003]}, "histogram": {"x": [405, 420, 435, 450, 465, 480, 495, 510, 525, 540, 555, 570, 585, 600, 615, 630, 645, 660, 675, 690, 705, 720, 735, 750, 765, 780, 795, 810, 825, 840, 855], "y": [1, 0, 1, 1, 0, 0, 1, 0, 3, 2, 1, 5, 1, 0, 1, 1, 3, 0, 1, 1, 3, 4, 5, 1, 0, 0, 0, 0, 1, 0, 0]}}