{"histogram": {"x": [300, 315, 330, 345, 360, 375, 390, 405, 420, 435, 450, 465, 480, 495, 510, 525, 540, 555, 570, 585, 600, 615, 630, 645, 660, 675, 690, 705, 720, 735, 750, 765, 780, 795, 810, 825, 840], "y": [1, 1, 2, 0, 5, 5, 5, 8, 11, 8, 8, 9, 7, 8, 10, 10, 8, 5, 8, 8, 8, 4, 4, 7, 9, 7, 9, 3, 9, 2, 1, 0, 0, 0, 1, 0, 0]}, "percentile": {"x": [308, 324, 332, 339, 361, 369, 372, 376, 377, 380, 381, 389, 390, 393, 395, 409, 410, 412, 416, 417, 419, 421, 422, 424, 425, 426, 427, 430, 431, 432, 436, 438, 439, 441, 442, 444, 447, 453, 454, 455, 457, 458, 460, 465, 467, 468, 469, 470, 471, 473, 474, 480, 483, 487, 490, 492, 493, 495, 496, 497, 503, 506, 507, 509, 510, 518, 520, 522, 523, 524, 525, 527, 529, 533, 534, 537, 538, 540, 547, 548, 550, 551, 552, 555, 556, 557, 564, 568, 570, 572, 575, 577, 581, 582, 584, 587, 589, 592, 595, 596, 597, 600, 601, 607, 610, 611, 613, 615, 621, 623, 628, 636, 637, 640, 645, 651, 653, 655, 657, 658, 660, 664, 665, 668, 669, 670, 677, 679, 684, 686, 687, 688, 690, 691, 696, 698, 699, 700, 701, 703, 712, 714, 716, 720, 723, 725, 726, 728, 730, 740, 749, 763, 821], "y": [99.5, 99.0, 98.5, 97.9, 97.4, 95.8, 95.3, 94.8, 94.3, 93.7, 93.2, 92.7, 91.1, 90.6, 90.0, 89.5, 89.0, 88.5, 87.9, 87.4, 85.8, 85.3, 84.8, 83.7, 83.2, 82.7, 82.2, 81.6, 80.6, 80.0, 79.0, 78.5, 77.9, 77.4, 76.9, 76.4, 75.8, 75.3, 74.8, 74.3, 73.7, 72.2, 71.6, 70.6, 70.0, 69.5, 69.0, 68.5, 67.9, 67.4, 66.9, 66.4, 65.8, 65.3, 64.8, 63.7, 63.2, 62.2, 61.6, 61.1, 60.6, 60.0, 59.5, 59.0, 57.4, 56.9, 55.3, 54.8, 54.3, 53.7, 53.2, 52.2, 51.6, 50.6, 49.5, 49.0, 48.5, 47.9, 46.9, 46.4, 45.3, 44.8, 44.3, 43.7, 43.2, 42.7, 42.2, 41.6, 41.1, 40.6, 40.0, 39.5, 39.0, 37.9, 37.4, 36.9, 36.4, 35.8, 34.8, 34.3, 33.2, 32.7, 31.599999999999994, 31.099999999999994, 30.0, 29.5, 29.0, 28.5, 27.900000000000006, 27.400000000000006, 26.900000000000006, 26.400000000000006, 25.299999999999997, 24.799999999999997, 24.299999999999997, 23.700000000000003, 23.200000000000003, 22.200000000000003, 21.599999999999994, 21.099999999999994, 20.599999999999994, 20.0, 18.5, 17.900000000000006, 16.900000000000006, 16.400000000000006, 15.799999999999997, 15.299999999999997, 14.799999999999997, 14.299999999999997, 13.700000000000003, 12.700000000000003, 12.200000000000003, 11.599999999999994, 11.099999999999994, 10.599999999999994, 10.0, 9.0, 8.5, 7.900000000000006, 7.400000000000006, 6.900000000000006, 6.400000000000006, 5.299999999999997, 4.799999999999997, 3.700000000000003, 3.200000000000003, 2.200000000000003, 1.5999999999999943, 1.0999999999999943, 0.5999999999999943, 0.0, -0.5]}}