{"histogram": {"y": [1, 3, 4, 1, 13, 16, 15, 18, 20, 32, 22, 35, 24, 31, 30, 35, 36, 30, 35, 30, 25, 27, 30, 16, 18, 20, 31, 20, 5, 0, 0, 0, 1, 1, 0, 0], "x": [330, 345, 360, 375, 390, 405, 420, 435, 450, 465, 480, 495, 510, 525, 540, 555, 570, 585, 600, 615, 630, 645, 660, 675, 690, 705, 720, 735, 750, 765, 780, 795, 810, 825, 840, 855]}, "percentile": {"y": [99.9, 99.7, 99.6, 99.4, 99.2, 99.1, 98.9, 98.8, 98.6, 98.3, 98.1, 97.8, 97.6, 97.5, 97.3, 97.2, 97.0, 96.8, 96.5, 96.4, 96.0, 95.9, 95.7, 95.4, 95.2, 94.9, 94.8, 94.4, 94.3, 94.0, 93.6, 93.5, 93.3, 93.2, 93.0, 92.5, 92.2, 91.9, 91.6, 91.4, 90.9, 90.8, 90.6, 90.4, 90.1, 89.8, 89.3, 89.0, 88.8, 88.7, 88.5, 88.2, 87.9, 87.7, 87.5, 87.4, 86.9, 86.6, 86.3, 85.9, 85.5, 85.0, 84.8, 84.3, 84.0, 83.9, 83.4, 83.1, 82.6, 82.3, 81.9, 81.1, 80.8, 80.5, 80.3, 80.0, 79.4, 79.2, 78.9, 78.4, 78.1, 77.8, 77.5, 77.3, 77.0, 76.8, 76.7, 76.3, 75.7, 75.0, 74.7, 74.6, 74.2, 73.9, 73.6, 73.1, 72.3, 72.2, 71.7, 71.4, 71.2, 70.7, 70.6, 70.2, 69.8, 69.4, 69.0, 68.6, 68.3, 68.2, 68.0, 67.7, 67.4, 67.2, 66.7, 66.6, 66.2, 66.1, 65.6, 65.4, 64.8, 64.6, 64.5, 64.0, 63.4, 63.0, 62.4, 61.9, 61.6, 61.4, 61.3, 60.5, 59.7, 59.5, 58.5, 58.4, 58.2, 57.7, 57.6, 57.1, 56.6, 56.3, 55.5, 55.3, 54.5, 54.2, 53.9, 53.7, 53.6, 52.9, 52.8, 52.3, 52.0, 51.8, 51.2, 50.4, 49.7, 49.4, 49.2, 49.1, 48.8, 48.6, 48.3, 47.8, 47.3, 46.7, 46.2, 45.9, 45.7, 45.2, 44.9, 44.4, 44.1, 43.6, 43.0, 42.7, 42.5, 42.2, 41.9, 41.4, 41.1, 40.9, 40.4, 40.1, 39.6, 39.3, 38.8, 38.4, 37.9, 37.1, 36.4, 35.900000000000006, 35.8, 35.599999999999994, 35.5, 35.3, 34.8, 34.5, 33.900000000000006, 33.400000000000006, 33.099999999999994, 32.7, 31.799999999999997, 31.5, 31.099999999999994, 31.0, 30.5, 30.299999999999997, 30.0, 29.700000000000003, 29.400000000000006, 29.099999999999994, 28.400000000000006, 27.799999999999997, 27.5, 27.299999999999997, 27.0, 26.799999999999997, 26.299999999999997, 26.200000000000003, 26.0, 25.700000000000003, 25.200000000000003, 25.0, 24.200000000000003, 23.599999999999994, 23.400000000000006, 23.099999999999994, 22.599999999999994, 22.0, 21.799999999999997, 21.5, 21.0, 20.900000000000006, 20.599999999999994, 20.400000000000006, 20.200000000000003, 20.099999999999994, 19.799999999999997, 19.400000000000006, 19.099999999999994, 18.799999999999997, 17.799999999999997, 17.5, 17.400000000000006, 17.0, 16.700000000000003, 16.599999999999994, 16.400000000000006, 16.099999999999994, 15.900000000000006, 15.799999999999997, 15.599999999999994, 15.299999999999997, 15.0, 14.599999999999994, 14.200000000000003, 14.0, 13.799999999999997, 13.0, 12.700000000000003, 12.5, 12.400000000000006, 12.200000000000003, 12.099999999999994, 11.299999999999997, 11.099999999999994, 10.799999999999997, 10.599999999999994, 10.299999999999997, 10.0, 9.299999999999997, 9.200000000000003, 8.5, 8.400000000000006, 7.900000000000006, 7.400000000000006, 6.799999999999997, 6.299999999999997, 6.099999999999994, 5.799999999999997, 5.700000000000003, 5.0, 4.900000000000006, 4.700000000000003, 4.5, 4.200000000000003, 4.099999999999994, 3.9000000000000057, 3.5999999999999943, 3.4000000000000057, 2.0999999999999943, 2.0, 1.5, 1.2999999999999972, 1.2000000000000028, 1.0, 0.9000000000000057, 0.7000000000000028, 0.5, 0.4000000000000057, 0.20000000000000284, 0.0, -0.09999999999999432], "x": [332, 345, 351, 353, 362, 366, 372, 373, 375, 390, 392, 394, 395, 396, 397, 399, 402, 403, 404, 405, 406, 408, 409, 410, 411, 415, 416, 417, 418, 419, 423, 424, 425, 426, 427, 430, 432, 433, 434, 435, 436, 438, 441, 442, 443, 444, 445, 446, 448, 449, 450, 453, 454, 455, 456, 458, 459, 460, 461, 462, 463, 465, 466, 468, 469, 470, 471, 472, 473, 474, 475, 476, 477, 478, 479, 480, 481, 482, 483, 486, 488, 489, 490, 491, 493, 494, 495, 496, 497, 498, 499, 500, 501, 502, 503, 504, 505, 506, 507, 508, 509, 510, 511, 513, 514, 515, 516, 517, 518, 519, 520, 522, 523, 525, 526, 527, 528, 529, 530, 531, 532, 533, 534, 535, 536, 537, 538, 540, 541, 542, 543, 544, 545, 547, 549, 550, 551, 552, 553, 555, 556, 557, 558, 559, 560, 561, 562, 563, 564, 565, 566, 568, 569, 570, 571, 572, 573, 574, 575, 577, 578, 579, 580, 581, 582, 583, 584, 585, 586, 588, 590, 591, 592, 593, 594, 595, 596, 597, 598, 599, 600, 601, 602, 604, 605, 606, 607, 608, 609, 610, 611, 613, 614, 615, 616, 617, 618, 619, 620, 621, 622, 624, 625, 627, 628, 629, 630, 631, 632, 633, 635, 639, 640, 641, 642, 643, 644, 645, 646, 647, 648, 650, 651, 652, 653, 654, 656, 658, 659, 660, 661, 662, 663, 664, 665, 666, 667, 668, 669, 670, 671, 672, 673, 675, 676, 677, 678, 679, 680, 681, 683, 684, 686, 689, 690, 691, 694, 695, 699, 700, 701, 703, 704, 707, 708, 710, 711, 712, 713, 714, 715, 717, 718, 720, 721, 723, 724, 725, 726, 727, 728, 729, 730, 731, 732, 733, 734, 735, 736, 737, 738, 740, 745, 746, 747, 748, 749, 753, 754, 755, 756, 758, 824, 829]}}