{"histogram": {"y": [1, 4, 6, 12, 13, 13, 17, 27, 35, 27, 45, 50, 56, 61, 73, 48, 62, 69, 52, 57, 67, 62, 66, 68, 61, 50, 40, 39, 53, 108, 70, 16, 6, 0, 2, 1, 2, 0], "x": [285, 300, 315, 330, 345, 360, 375, 390, 405, 420, 435, 450, 465, 480, 495, 510, 525, 540, 555, 570, 585, 600, 615, 630, 645, 660, 675, 690, 705, 720, 735, 750, 765, 780, 795, 810, 825, 840]}, "percentile": {"y": [100.0, 99.9, 99.8, 99.8, 99.7, 99.6, 99.5, 99.4, 99.4, 99.3, 99.2, 99.1, 99.0, 98.9, 98.8, 98.7, 98.7, 98.5, 98.5, 98.4, 98.3, 98.2, 98.2, 98.1, 98.0, 98.0, 97.8, 97.7, 97.5, 97.5, 97.3, 97.2, 97.1, 97.0, 96.9, 96.8, 96.7, 96.6, 96.4, 96.3, 96.2, 96.2, 96.1, 96.0, 95.9, 95.9, 95.7, 95.5, 95.4, 95.0, 94.8, 94.8, 94.6, 94.4, 94.3, 94.2, 94.1, 93.9, 93.9, 93.8, 93.7, 93.6, 93.4, 93.2, 93.1, 93.0, 92.7, 92.6, 92.4, 92.2, 92.1, 91.9, 91.7, 91.6, 91.4, 91.1, 91.1, 91.0, 90.9, 90.7, 90.6, 90.4, 90.3, 90.2, 90.0, 90.0, 89.8, 89.7, 89.4, 89.3, 89.1, 88.9, 88.6, 88.4, 88.2, 88.0, 87.9, 87.8, 87.6, 87.5, 87.0, 86.9, 86.6, 86.3, 86.1, 85.9, 85.5, 85.4, 85.4, 84.9, 84.6, 84.3, 84.3, 84.0, 83.8, 83.5, 83.3, 82.9, 82.7, 82.7, 82.5, 81.8, 81.7, 81.3, 81.1, 80.8, 80.5, 80.0, 79.8, 79.6, 79.4, 79.2, 79.0, 78.8, 78.8, 78.4, 78.2, 78.0, 77.7, 77.5, 77.2, 77.0, 76.7, 76.1, 75.8, 75.5, 75.3, 74.9, 74.7, 74.5, 74.1, 73.7, 73.2, 72.9, 72.6, 72.4, 72.1, 72.0, 71.5, 71.1, 70.7, 70.5, 70.2, 69.9, 69.5, 69.2, 69.0, 69.0, 68.7, 68.2, 68.0, 67.9, 67.5, 67.2, 67.0, 66.9, 66.7, 66.3, 66.1, 65.9, 65.6, 65.3, 65.0, 64.6, 64.5, 64.2, 64.0, 63.5, 63.3, 62.8, 62.6, 62.4, 62.3, 61.8, 61.4, 61.0, 60.9, 60.7, 60.5, 59.9, 59.8, 59.4, 59.2, 58.8, 58.3, 58.2, 57.8, 57.4, 57.0, 56.7, 56.6, 56.2, 56.0, 55.8, 55.6, 55.2, 55.1, 54.8, 54.5, 54.4, 54.2, 53.9, 53.5, 53.4, 53.0, 52.8, 52.7, 52.6, 52.3, 52.2, 52.0, 51.6, 51.2, 51.0, 50.7, 50.5, 50.3, 49.9, 49.4, 49.1, 48.9, 48.7, 48.2, 48.1, 47.5, 47.2, 46.7, 46.4, 45.9, 45.7, 45.3, 45.0, 44.8, 44.6, 44.3, 44.1, 43.9, 43.1, 42.7, 42.6, 42.4, 42.1, 41.6, 41.2, 40.9, 40.7, 40.5, 40.0, 39.7, 39.3, 38.9, 38.7, 38.4, 38.1, 37.9, 37.7, 37.4, 36.7, 36.6, 36.5, 36.3, 35.900000000000006, 35.5, 35.400000000000006, 34.900000000000006, 34.599999999999994, 34.3, 33.900000000000006, 33.400000000000006, 33.3, 32.7, 32.5, 32.2, 32.0, 31.900000000000006, 31.799999999999997, 31.099999999999994, 30.900000000000006, 30.599999999999994, 30.200000000000003, 29.799999999999997, 29.700000000000003, 29.299999999999997, 29.299999999999997, 29.200000000000003, 29.0, 28.799999999999997, 28.400000000000006, 28.099999999999994, 27.599999999999994, 27.200000000000003, 26.900000000000006, 26.5, 26.400000000000006, 26.099999999999994, 25.799999999999997, 25.700000000000003, 25.400000000000006, 25.0, 24.700000000000003, 24.299999999999997, 24.099999999999994, 23.900000000000006, 23.799999999999997, 23.400000000000006, 22.900000000000006, 22.700000000000003, 22.599999999999994, 22.400000000000006, 22.200000000000003, 21.900000000000006, 21.799999999999997, 21.400000000000006, 21.299999999999997, 21.099999999999994, 21.0, 20.799999999999997, 20.599999999999994, 20.400000000000006, 20.099999999999994, 20.099999999999994, 20.0, 19.900000000000006, 19.700000000000003, 19.5, 19.299999999999997, 19.0, 18.799999999999997, 18.5, 18.400000000000006, 18.099999999999994, 17.900000000000006, 17.299999999999997, 16.900000000000006, 16.799999999999997, 16.400000000000006, 16.299999999999997, 16.0, 15.599999999999994, 15.5, 15.200000000000003, 15.0, 14.900000000000006, 14.700000000000003, 14.200000000000003, 14.099999999999994, 13.5, 13.099999999999994, 12.5, 11.900000000000006, 11.200000000000003, 10.299999999999997, 9.900000000000006, 9.099999999999994, 8.5, 8.0, 7.799999999999997, 7.599999999999994, 7.200000000000003, 6.700000000000003, 6.200000000000003, 6.0, 5.799999999999997, 5.200000000000003, 5.099999999999994, 4.299999999999997, 4.099999999999994, 3.799999999999997, 3.5999999999999943, 3.4000000000000057, 3.0, 2.799999999999997, 2.0999999999999943, 1.9000000000000057, 1.7999999999999972, 1.5999999999999943, 1.2999999999999972, 1.2000000000000028, 1.0999999999999943, 1.0, 0.9000000000000057, 0.7999999999999972, 0.7000000000000028, 0.7000000000000028, 0.5999999999999943, 0.5, 0.5, 0.4000000000000057, 0.29999999999999716, 0.29999999999999716, 0.20000000000000284, 0.09999999999999432, 0.0], "x": [297, 300, 301, 313, 314, 317, 321, 323, 327, 329, 330, 331, 332, 334, 336, 338, 339, 342, 343, 345, 346, 348, 349, 350, 351, 352, 353, 354, 356, 360, 361, 364, 365, 367, 369, 371, 372, 373, 375, 378, 380, 381, 383, 385, 386, 387, 388, 389, 390, 391, 392, 393, 395, 396, 397, 398, 399, 400, 401, 402, 403, 404, 405, 406, 407, 408, 409, 410, 412, 413, 414, 415, 416, 417, 418, 419, 420, 422, 423, 424, 425, 426, 427, 428, 429, 430, 431, 432, 433, 434, 435, 436, 437, 438, 439, 440, 441, 442, 443, 444, 445, 446, 447, 448, 449, 450, 451, 452, 453, 454, 455, 456, 457, 458, 459, 460, 461, 462, 463, 464, 465, 466, 467, 468, 469, 470, 471, 472, 473, 474, 475, 476, 477, 478, 479, 480, 481, 482, 483, 484, 485, 486, 487, 488, 489, 490, 491, 492, 493, 494, 495, 496, 497, 498, 499, 500, 501, 502, 503, 504, 505, 506, 507, 508, 509, 510, 511, 512, 513, 514, 515, 516, 517, 518, 519, 520, 521, 522, 523, 525, 526, 527, 528, 529, 530, 531, 532, 533, 534, 535, 536, 537, 538, 539, 540, 541, 542, 543, 544, 545, 546, 547, 548, 549, 550, 551, 552, 553, 554, 555, 556, 557, 558, 559, 560, 561, 562, 563, 564, 565, 566, 567, 568, 569, 570, 571, 572, 573, 574, 575, 576, 577, 578, 579, 580, 581, 582, 583, 584, 585, 586, 587, 588, 589, 590, 591, 592, 593, 595, 596, 597, 598, 599, 600, 602, 603, 604, 605, 606, 607, 608, 609, 610, 611, 612, 613, 614, 615, 616, 617, 618, 619, 620, 621, 622, 623, 624, 625, 626, 627, 628, 629, 630, 631, 632, 633, 634, 635, 636, 637, 638, 639, 640, 641, 642, 643, 644, 645, 646, 647, 648, 649, 650, 651, 652, 653, 654, 655, 656, 657, 658, 659, 660, 661, 662, 663, 665, 666, 667, 668, 669, 671, 672, 673, 674, 675, 677, 678, 679, 680, 681, 682, 683, 684, 685, 686, 688, 689, 690, 691, 692, 693, 694, 695, 696, 697, 698, 699, 700, 702, 703, 704, 705, 706, 709, 710, 711, 712, 713, 714, 715, 716, 717, 718, 719, 720, 721, 722, 723, 724, 725, 726, 727, 728, 729, 730, 731, 732, 733, 734, 735, 736, 737, 738, 739, 740, 741, 742, 743, 744, 745, 746, 747, 749, 750, 751, 753, 755, 757, 758, 760, 762, 764, 765, 766, 767, 770, 774, 776, 799, 800, 818, 828]}}