{"histogram": {"y": [1, 2, 4, 2, 9, 11, 17, 18, 27, 32, 34, 63, 62, 64, 77, 82, 90, 72, 86, 92, 95, 98, 89, 90, 77, 81, 69, 64, 70, 49, 49, 120, 109, 60, 31, 6, 2, 2, 1, 0], "x": [255, 270, 285, 300, 315, 330, 345, 360, 375, 390, 405, 420, 435, 450, 465, 480, 495, 510, 525, 540, 555, 570, 585, 600, 615, 630, 645, 660, 675, 690, 705, 720, 735, 750, 765, 780, 795, 810, 825, 840]}, "percentile": {"y": [100.0, 100.0, 99.9, 99.9, 99.8, 99.8, 99.7, 99.7, 99.6, 99.6, 99.5, 99.4, 99.4, 99.3, 99.3, 99.2, 99.2, 99.1, 99.1, 99.0, 99.0, 98.9, 98.8, 98.7, 98.7, 98.6, 98.6, 98.5, 98.4, 98.4, 98.3, 98.2, 98.1, 98.1, 98.0, 97.8, 97.8, 97.7, 97.6, 97.6, 97.5, 97.4, 97.2, 97.2, 97.1, 97.0, 96.9, 96.9, 96.7, 96.7, 96.6, 96.6, 96.5, 96.4, 96.2, 96.1, 96.0, 95.8, 95.7, 95.6, 95.5, 95.5, 95.3, 95.1, 95.0, 94.9, 94.9, 94.8, 94.8, 94.7, 94.5, 94.3, 94.3, 94.1, 94.0, 93.9, 93.9, 93.7, 93.6, 93.5, 93.3, 93.2, 93.1, 93.0, 92.9, 92.7, 92.6, 92.4, 92.4, 92.2, 92.0, 91.8, 91.5, 91.5, 91.1, 90.7, 90.5, 90.4, 90.3, 90.0, 89.8, 89.6, 89.5, 89.2, 89.1, 88.8, 88.5, 88.4, 88.2, 88.1, 87.7, 87.6, 87.5, 87.2, 87.0, 86.5, 86.4, 86.3, 86.2, 86.0, 85.8, 85.6, 85.4, 85.1, 84.8, 84.6, 84.1, 84.1, 83.8, 83.7, 83.6, 83.4, 83.2, 83.1, 82.8, 82.5, 82.2, 82.1, 82.0, 81.6, 81.4, 81.0, 80.6, 80.3, 80.1, 79.9, 79.6, 79.4, 79.0, 78.6, 78.4, 78.3, 78.1, 77.9, 77.5, 77.3, 77.0, 76.7, 76.4, 76.0, 75.6, 75.1, 75.0, 74.9, 74.8, 74.5, 74.2, 74.1, 73.8, 73.3, 73.0, 72.7, 72.3, 71.8, 71.5, 71.4, 71.0, 70.7, 70.4, 70.1, 69.9, 69.7, 69.6, 69.3, 68.9, 68.7, 68.5, 68.4, 68.1, 67.8, 67.4, 67.3, 67.1, 66.8, 66.4, 66.1, 65.9, 65.6, 65.4, 64.8, 64.6, 64.3, 64.0, 63.7, 63.5, 63.2, 63.1, 62.9, 62.5, 61.9, 61.6, 61.5, 61.2, 61.0, 60.8, 60.7, 60.5, 60.2, 60.0, 59.8, 59.2, 58.8, 58.4, 57.9, 57.4, 57.0, 56.6, 56.3, 55.8, 55.5, 55.2, 54.9, 54.7, 54.2, 54.0, 53.8, 53.6, 53.3, 53.2, 52.6, 52.4, 52.1, 52.0, 51.7, 51.4, 51.0, 50.6, 50.3, 50.1, 49.7, 49.5, 49.2, 48.7, 48.3, 48.1, 47.8, 47.5, 47.5, 47.2, 46.9, 46.7, 46.3, 45.9, 45.7, 45.3, 44.9, 44.6, 44.3, 43.9, 43.4, 43.1, 42.7, 42.5, 42.4, 41.9, 41.8, 41.6, 41.2, 41.1, 40.6, 40.2, 39.9, 39.5, 39.4, 39.2, 38.9, 38.7, 38.5, 38.3, 37.9, 37.5, 37.3, 37.0, 36.6, 36.3, 36.2, 36.0, 35.7, 35.5, 34.8, 34.7, 34.400000000000006, 34.3, 34.099999999999994, 33.8, 33.7, 33.400000000000006, 33.099999999999994, 32.900000000000006, 32.400000000000006, 32.3, 32.099999999999994, 31.900000000000006, 31.5, 31.299999999999997, 31.0, 30.700000000000003, 30.599999999999994, 30.299999999999997, 30.099999999999994, 29.900000000000006, 29.599999999999994, 29.400000000000006, 29.299999999999997, 28.799999999999997, 28.700000000000003, 28.400000000000006, 28.099999999999994, 27.700000000000003, 27.299999999999997, 27.0, 26.599999999999994, 26.599999999999994, 26.299999999999997, 26.099999999999994, 26.099999999999994, 25.900000000000006, 25.700000000000003, 25.599999999999994, 25.400000000000006, 25.099999999999994, 25.0, 24.900000000000006, 24.299999999999997, 24.099999999999994, 24.0, 23.799999999999997, 23.5, 23.200000000000003, 23.099999999999994, 23.0, 22.799999999999997, 22.400000000000006, 22.099999999999994, 21.799999999999997, 21.599999999999994, 21.400000000000006, 20.900000000000006, 20.799999999999997, 20.599999999999994, 20.400000000000006, 20.400000000000006, 20.200000000000003, 20.099999999999994, 19.900000000000006, 19.900000000000006, 19.799999999999997, 19.5, 19.400000000000006, 19.200000000000003, 19.099999999999994, 18.900000000000006, 18.5, 18.400000000000006, 18.200000000000003, 18.099999999999994, 18.0, 17.900000000000006, 17.799999999999997, 17.599999999999994, 17.299999999999997, 17.200000000000003, 16.900000000000006, 16.700000000000003, 16.700000000000003, 16.700000000000003, 16.5, 16.200000000000003, 16.0, 15.5, 14.900000000000006, 14.5, 13.799999999999997, 13.299999999999997, 12.700000000000003, 12.299999999999997, 12.200000000000003, 11.599999999999994, 11.599999999999994, 11.299999999999997, 10.900000000000006, 10.5, 9.599999999999994, 9.299999999999997, 9.099999999999994, 8.799999999999997, 8.599999999999994, 7.299999999999997, 7.099999999999994, 6.799999999999997, 6.5, 6.200000000000003, 5.799999999999997, 5.599999999999994, 5.400000000000006, 5.299999999999997, 5.099999999999994, 5.0, 4.599999999999994, 4.400000000000006, 4.200000000000003, 3.9000000000000057, 3.5, 3.299999999999997, 3.200000000000003, 2.5999999999999943, 2.5, 2.4000000000000057, 2.299999999999997, 2.200000000000003, 2.0999999999999943, 1.9000000000000057, 1.9000000000000057, 1.7999999999999972, 1.7000000000000028, 1.4000000000000057, 1.2999999999999972, 1.2000000000000028, 0.5999999999999943, 0.5999999999999943, 0.5, 0.5, 0.4000000000000057, 0.29999999999999716, 0.20000000000000284, 0.20000000000000284, 0.09999999999999432, 0.09999999999999432, 0.0, 0.0], "x": [261, 275, 282, 291, 292, 296, 297, 303, 305, 316, 317, 318, 321, 322, 323, 327, 329, 330, 331, 336, 338, 339, 340, 342, 343, 344, 346, 347, 348, 349, 350, 351, 352, 354, 356, 357, 358, 360, 361, 365, 366, 367, 368, 369, 370, 372, 373, 374, 375, 376, 377, 378, 379, 380, 381, 382, 384, 385, 387, 388, 389, 390, 391, 392, 393, 394, 395, 396, 397, 398, 399, 400, 401, 402, 403, 404, 405, 406, 407, 408, 409, 411, 412, 413, 414, 415, 416, 417, 418, 419, 420, 421, 422, 423, 424, 425, 426, 427, 428, 429, 430, 431, 432, 433, 434, 435, 436, 437, 438, 439, 440, 441, 442, 443, 444, 445, 446, 447, 448, 449, 450, 451, 452, 453, 454, 455, 456, 457, 458, 459, 460, 461, 462, 463, 464, 465, 466, 467, 468, 469, 470, 471, 472, 473, 475, 476, 477, 478, 479, 480, 481, 482, 483, 484, 485, 486, 487, 488, 489, 490, 491, 492, 493, 494, 495, 496, 497, 498, 499, 500, 501, 502, 503, 504, 505, 506, 507, 508, 509, 510, 511, 512, 513, 514, 515, 516, 517, 518, 519, 520, 521, 522, 523, 524, 525, 526, 527, 528, 529, 530, 531, 532, 533, 534, 535, 536, 537, 538, 539, 540, 541, 542, 543, 544, 545, 546, 547, 548, 549, 550, 551, 552, 553, 554, 555, 556, 557, 558, 559, 560, 561, 562, 563, 564, 565, 566, 567, 568, 569, 570, 571, 572, 573, 574, 575, 576, 577, 578, 579, 580, 581, 582, 583, 584, 585, 586, 587, 588, 589, 590, 591, 592, 593, 594, 595, 596, 597, 598, 599, 600, 601, 602, 603, 604, 605, 606, 607, 608, 609, 610, 611, 612, 613, 614, 615, 616, 617, 618, 619, 620, 621, 622, 623, 624, 625, 626, 627, 628, 629, 630, 631, 632, 633, 634, 635, 636, 637, 638, 639, 640, 641, 642, 643, 644, 645, 646, 647, 648, 649, 650, 651, 652, 653, 654, 655, 657, 658, 659, 660, 661, 662, 663, 664, 665, 666, 667, 668, 669, 670, 671, 672, 673, 674, 675, 676, 677, 678, 679, 680, 681, 682, 683, 684, 685, 687, 688, 689, 690, 691, 692, 693, 694, 695, 696, 697, 698, 699, 700, 701, 702, 703, 704, 705, 706, 707, 708, 709, 710, 711, 712, 713, 714, 715, 716, 717, 718, 719, 720, 721, 722, 723, 724, 725, 726, 727, 728, 729, 730, 731, 732, 733, 734, 735, 736, 737, 738, 739, 740, 741, 742, 743, 744, 745, 746, 747, 748, 749, 750, 751, 752, 753, 754, 755, 756, 757, 758, 759, 760, 761, 762, 763, 765, 766, 768, 769, 770, 771, 772, 774, 775, 776, 780, 782, 785, 788, 803, 804, 810, 824, 829]}}