{"histogram": {"y": [1, 1, 2, 2, 2, 5, 1, 2, 9, 3, 2, 3, 4, 1, 5, 7, 4, 7, 7, 0, 5, 2, 4, 6, 4, 7, 2, 0, 0, 0, 0, 0, 1, 0], "x": [345, 360, 375, 390, 405, 420, 435, 450, 465, 480, 495, 510, 525, 540, 555, 570, 585, 600, 615, 630, 645, 660, 675, 690, 705, 720, 735, 750, 765, 780, 795, 810, 825, 840]}, "percentile": {"y": [99.0, 98.0, 97.0, 96.0, 94.9, 93.9, 92.9, 91.9, 90.9, 89.8, 88.8, 87.8, 86.8, 85.8, 84.7, 83.7, 82.7, 80.7, 79.6, 78.6, 77.6, 76.6, 74.5, 73.5, 72.5, 71.5, 70.5, 69.4, 68.4, 67.4, 66.4, 64.3, 63.3, 62.3, 61.3, 60.3, 59.2, 58.2, 57.2, 56.2, 55.2, 54.1, 52.1, 51.1, 50.0, 49.0, 48.0, 47.0, 46.0, 44.9, 42.9, 41.9, 39.8, 38.8, 37.8, 35.8, 33.7, 32.7, 31.700000000000003, 30.700000000000003, 28.599999999999994, 27.599999999999994, 26.599999999999994, 25.599999999999994, 24.5, 23.5, 21.5, 20.5, 19.400000000000006, 18.400000000000006, 17.400000000000006, 16.400000000000006, 15.400000000000006, 14.299999999999997, 13.299999999999997, 12.299999999999997, 11.299999999999997, 10.299999999999997, 9.200000000000003, 7.200000000000003, 6.200000000000003, 5.200000000000003, 4.099999999999994, 3.0999999999999943, 2.0999999999999943, 1.0999999999999943, 0.0, -1.0], "x": [355, 363, 379, 388, 399, 403, 405, 406, 420, 422, 430, 431, 433, 448, 450, 453, 465, 467, 468, 470, 475, 477, 479, 480, 481, 491, 498, 507, 510, 522, 523, 532, 533, 537, 544, 556, 557, 562, 568, 569, 572, 573, 575, 577, 578, 580, 590, 593, 597, 598, 600, 601, 605, 607, 614, 620, 625, 626, 627, 628, 646, 648, 650, 658, 660, 671, 675, 685, 687, 690, 692, 696, 698, 699, 704, 707, 708, 714, 716, 724, 725, 726, 727, 729, 730, 738, 743, 829]}}