{"histogram": {"y": [1, 0, 1, 3, 1, 11, 7, 16, 22, 29, 38, 53, 54, 92, 83, 103, 99, 121, 129, 92, 79, 111, 103, 91, 83, 77, 76, 68, 54, 64, 46, 106, 49, 9, 3, 0, 1, 0, 3, 0], "x": [255, 270, 285, 300, 315, 330, 345, 360, 375, 390, 405, 420, 435, 450, 465, 480, 495, 510, 525, 540, 555, 570, 585, 600, 615, 630, 645, 660, 675, 690, 705, 720, 735, 750, 765, 780, 795, 810, 825, 840]}, "percentile": {"y": [100.0, 99.9, 99.9, 99.8, 99.8, 99.7, 99.7, 99.5, 99.4, 99.3, 99.2, 99.2, 99.1, 99.0, 98.9, 98.9, 98.8, 98.7, 98.7, 98.6, 98.6, 98.5, 98.4, 98.3, 98.2, 98.2, 98.1, 98.1, 98.0, 98.0, 97.9, 97.8, 97.5, 97.5, 97.4, 97.4, 97.2, 97.1, 97.0, 96.9, 96.8, 96.7, 96.6, 96.6, 96.5, 96.4, 96.1, 95.9, 95.9, 95.6, 95.5, 95.4, 95.3, 95.2, 94.9, 94.8, 94.7, 94.4, 94.2, 94.2, 94.1, 94.0, 93.9, 93.5, 93.3, 93.1, 92.9, 92.9, 92.8, 92.5, 92.4, 92.2, 91.9, 91.7, 91.5, 91.2, 91.0, 90.9, 90.8, 90.6, 90.4, 90.2, 90.1, 90.0, 89.9, 89.7, 89.6, 89.4, 89.2, 89.1, 89.0, 88.8, 88.5, 88.1, 87.9, 87.8, 87.5, 87.2, 86.9, 86.5, 86.0, 85.8, 85.5, 85.3, 84.9, 84.5, 84.0, 83.8, 83.5, 83.2, 82.9, 82.7, 82.3, 82.0, 81.8, 81.4, 81.2, 81.1, 81.0, 80.7, 80.3, 80.0, 79.6, 79.3, 78.9, 78.7, 78.4, 78.0, 77.7, 77.4, 77.2, 76.5, 76.3, 76.1, 75.8, 75.1, 74.7, 74.4, 74.1, 73.8, 73.3, 72.9, 72.7, 72.4, 72.2, 71.9, 71.7, 71.1, 70.8, 70.3, 69.9, 69.6, 69.4, 69.0, 68.5, 68.2, 67.9, 67.4, 66.9, 66.5, 66.2, 65.9, 65.3, 64.7, 64.2, 64.0, 63.7, 63.3, 62.9, 62.6, 62.3, 62.1, 61.5, 61.1, 60.6, 60.0, 59.6, 59.2, 58.8, 58.7, 58.1, 57.4, 56.9, 56.4, 55.9, 55.6, 55.2, 54.9, 54.7, 54.5, 54.2, 53.9, 53.6, 53.5, 53.2, 52.9, 52.5, 52.0, 51.7, 51.3, 51.1, 50.9, 50.6, 50.2, 50.2, 50.0, 49.8, 49.4, 49.1, 48.9, 48.6, 48.4, 48.0, 47.7, 47.3, 46.9, 46.4, 46.1, 45.8, 45.4, 45.1, 44.6, 44.2, 43.9, 43.2, 42.8, 42.6, 42.4, 42.1, 41.7, 41.5, 41.2, 40.7, 40.3, 39.8, 39.6, 39.4, 38.8, 38.6, 38.1, 38.0, 37.8, 37.3, 36.9, 36.4, 36.0, 35.8, 35.5, 35.099999999999994, 34.7, 34.5, 34.099999999999994, 33.900000000000006, 33.5, 33.2, 32.8, 32.599999999999994, 32.5, 32.3, 32.0, 31.799999999999997, 31.5, 31.099999999999994, 31.0, 30.900000000000006, 30.799999999999997, 30.299999999999997, 29.599999999999994, 29.5, 29.200000000000003, 29.0, 28.700000000000003, 28.299999999999997, 28.099999999999994, 27.799999999999997, 27.700000000000003, 27.299999999999997, 27.099999999999994, 26.900000000000006, 26.599999999999994, 26.5, 26.400000000000006, 25.900000000000006, 25.700000000000003, 25.299999999999997, 25.200000000000003, 24.900000000000006, 24.5, 24.200000000000003, 23.799999999999997, 23.400000000000006, 23.099999999999994, 22.900000000000006, 22.799999999999997, 22.299999999999997, 22.099999999999994, 21.900000000000006, 21.700000000000003, 21.599999999999994, 21.200000000000003, 21.0, 20.799999999999997, 20.5, 20.400000000000006, 20.0, 19.599999999999994, 19.099999999999994, 18.900000000000006, 18.700000000000003, 18.299999999999997, 18.099999999999994, 18.0, 17.900000000000006, 17.5, 17.400000000000006, 17.299999999999997, 17.0, 16.900000000000006, 16.5, 16.299999999999997, 16.099999999999994, 15.900000000000006, 15.599999999999994, 15.400000000000006, 15.200000000000003, 14.900000000000006, 14.799999999999997, 14.700000000000003, 14.400000000000006, 14.299999999999997, 14.299999999999997, 14.200000000000003, 13.799999999999997, 13.700000000000003, 13.599999999999994, 13.400000000000006, 13.200000000000003, 12.799999999999997, 12.700000000000003, 12.599999999999994, 12.400000000000006, 12.299999999999997, 11.900000000000006, 11.599999999999994, 11.400000000000006, 11.299999999999997, 11.0, 10.5, 10.400000000000006, 10.099999999999994, 10.0, 9.799999999999997, 9.700000000000003, 9.599999999999994, 9.400000000000006, 9.299999999999997, 9.099999999999994, 9.0, 8.799999999999997, 8.700000000000003, 8.599999999999994, 7.700000000000003, 7.400000000000006, 6.900000000000006, 6.5, 6.200000000000003, 5.799999999999997, 5.5, 4.900000000000006, 4.799999999999997, 4.400000000000006, 4.0, 3.700000000000003, 3.700000000000003, 3.5, 3.299999999999997, 3.200000000000003, 3.0999999999999943, 2.9000000000000057, 2.9000000000000057, 2.5999999999999943, 2.0999999999999943, 1.9000000000000057, 1.7000000000000028, 1.5999999999999943, 1.5, 1.2999999999999972, 1.2000000000000028, 1.0999999999999943, 0.7999999999999972, 0.7999999999999972, 0.7000000000000028, 0.7000000000000028, 0.5999999999999943, 0.5, 0.4000000000000057, 0.4000000000000057, 0.29999999999999716, 0.29999999999999716, 0.20000000000000284, 0.20000000000000284, 0.09999999999999432, 0.0], "x": [268, 298, 302, 311, 312, 315, 335, 337, 338, 341, 343, 344, 345, 346, 352, 353, 359, 360, 362, 364, 365, 367, 368, 369, 370, 371, 372, 373, 374, 375, 376, 377, 380, 382, 383, 384, 385, 386, 388, 389, 390, 391, 392, 393, 395, 396, 397, 398, 399, 400, 402, 404, 406, 407, 408, 409, 411, 412, 413, 414, 416, 417, 418, 419, 420, 421, 422, 423, 424, 425, 426, 427, 428, 429, 430, 431, 432, 433, 434, 435, 436, 437, 438, 439, 440, 441, 442, 443, 444, 445, 446, 447, 448, 449, 450, 451, 452, 453, 454, 455, 456, 457, 458, 459, 460, 461, 462, 463, 464, 465, 466, 467, 468, 469, 470, 471, 472, 473, 474, 475, 476, 477, 478, 479, 480, 481, 482, 483, 484, 485, 486, 487, 488, 489, 490, 491, 492, 493, 494, 495, 496, 497, 498, 499, 500, 501, 502, 503, 504, 505, 506, 507, 508, 509, 510, 511, 512, 513, 514, 515, 516, 517, 518, 519, 520, 521, 522, 523, 524, 525, 526, 527, 528, 529, 530, 531, 532, 533, 534, 535, 536, 537, 538, 539, 540, 541, 542, 543, 544, 545, 546, 547, 548, 549, 550, 551, 552, 553, 554, 555, 556, 557, 558, 559, 560, 561, 562, 563, 564, 565, 566, 567, 568, 569, 570, 571, 572, 573, 574, 575, 576, 577, 578, 579, 580, 581, 582, 583, 584, 585, 586, 587, 588, 589, 590, 591, 592, 593, 594, 595, 596, 597, 598, 599, 600, 601, 602, 603, 604, 605, 606, 607, 608, 609, 610, 611, 612, 613, 614, 615, 616, 617, 618, 619, 620, 621, 622, 623, 624, 625, 626, 627, 628, 629, 630, 631, 632, 633, 634, 635, 636, 637, 638, 639, 640, 641, 642, 643, 644, 645, 646, 647, 648, 649, 650, 651, 652, 653, 654, 655, 656, 657, 658, 659, 660, 661, 662, 663, 664, 665, 666, 668, 669, 670, 671, 672, 673, 674, 675, 676, 678, 679, 680, 681, 682, 683, 684, 685, 686, 687, 688, 689, 690, 691, 692, 693, 694, 695, 696, 697, 698, 699, 700, 701, 702, 703, 704, 705, 706, 707, 709, 710, 711, 712, 713, 714, 715, 716, 717, 718, 719, 720, 721, 722, 723, 724, 725, 726, 727, 728, 729, 730, 731, 732, 733, 734, 735, 736, 737, 738, 739, 740, 741, 742, 743, 744, 745, 747, 748, 749, 750, 752, 754, 755, 757, 761, 762, 766, 770, 774, 798, 826, 829]}}