{"histogram": {"y": [3, 4, 3, 9, 15, 20, 28, 24, 37, 36, 42, 57, 55, 59, 53, 53, 61, 51, 39, 46, 30, 35, 30, 31, 22, 17, 24, 64, 24, 9, 2, 1, 0, 0, 1, 0, 0], "x": [315, 330, 345, 360, 375, 390, 405, 420, 435, 450, 465, 480, 495, 510, 525, 540, 555, 570, 585, 600, 615, 630, 645, 660, 675, 690, 705, 720, 735, 750, 765, 780, 795, 810, 825, 840, 855]}, "percentile": {"y": [99.9, 99.8, 99.7, 99.6, 99.5, 99.4, 99.3, 99.2, 99.1, 99.0, 98.9, 98.7, 98.6, 98.5, 98.4, 98.3, 98.2, 98.1, 98.0, 97.6, 97.4, 97.3, 97.2, 97.0, 96.7, 96.6, 96.3, 96.1, 95.9, 95.7, 95.5, 95.4, 95.2, 95.0, 94.9, 94.8, 94.7, 94.6, 94.5, 94.3, 94.2, 93.9, 93.4, 93.1, 92.8, 92.6, 92.3, 92.2, 92.1, 92.0, 91.7, 91.6, 91.3, 91.2, 91.0, 90.7, 90.6, 90.5, 90.3, 90.2, 90.1, 89.8, 89.5, 89.3, 88.9, 88.8, 88.7, 88.5, 88.3, 87.8, 87.5, 87.1, 86.7, 86.4, 86.0, 85.6, 85.5, 85.2, 85.0, 84.7, 84.5, 84.3, 84.2, 84.1, 84.0, 83.7, 83.4, 83.0, 82.6, 81.9, 81.6, 81.4, 81.0, 80.8, 80.7, 80.3, 79.8, 79.7, 79.4, 79.0, 78.8, 78.6, 78.4, 77.8, 77.6, 77.2, 76.8, 76.4, 76.1, 75.8, 75.6, 74.9, 74.5, 73.9, 73.6, 73.2, 73.0, 72.8, 72.5, 71.8, 71.2, 71.1, 70.7, 70.1, 69.5, 69.2, 69.1, 68.1, 68.0, 67.6, 67.1, 66.9, 66.4, 66.2, 65.3, 64.9, 64.7, 64.3, 63.9, 63.0, 62.8, 62.3, 61.6, 61.5, 61.2, 61.0, 60.8, 60.6, 60.2, 59.4, 58.9, 58.6, 58.4, 58.2, 57.8, 57.5, 57.3, 57.0, 56.7, 56.6, 56.0, 55.5, 55.2, 54.8, 54.4, 54.3, 54.0, 53.8, 53.6, 53.3, 52.7, 52.5, 51.9, 51.3, 50.8, 50.7, 50.3, 49.8, 49.4, 49.1, 49.0, 48.5, 47.5, 47.2, 46.8, 46.6, 46.3, 45.7, 45.3, 45.2, 44.2, 43.5, 43.2, 42.9, 42.8, 42.1, 42.0, 41.5, 41.0, 40.5, 40.0, 39.7, 39.2, 38.9, 38.4, 38.1, 37.5, 37.4, 37.0, 36.6, 36.4, 36.2, 36.0, 35.7, 35.400000000000006, 35.099999999999994, 34.900000000000006, 34.7, 34.599999999999994, 34.099999999999994, 33.5, 32.900000000000006, 32.599999999999994, 32.3, 31.700000000000003, 31.400000000000006, 31.099999999999994, 30.799999999999997, 30.700000000000003, 30.599999999999994, 30.5, 30.400000000000006, 30.0, 29.599999999999994, 29.400000000000006, 29.200000000000003, 29.099999999999994, 28.700000000000003, 28.0, 27.900000000000006, 27.700000000000003, 27.200000000000003, 27.0, 26.900000000000006, 26.5, 26.400000000000006, 25.900000000000006, 25.799999999999997, 25.599999999999994, 25.299999999999997, 24.900000000000006, 24.400000000000006, 24.200000000000003, 24.0, 23.799999999999997, 23.700000000000003, 23.5, 23.0, 22.799999999999997, 22.599999999999994, 22.200000000000003, 22.0, 21.900000000000006, 21.799999999999997, 21.400000000000006, 21.200000000000003, 20.900000000000006, 20.599999999999994, 20.5, 20.400000000000006, 20.299999999999997, 19.799999999999997, 19.299999999999997, 19.200000000000003, 19.099999999999994, 18.599999999999994, 18.400000000000006, 18.200000000000003, 17.900000000000006, 17.799999999999997, 17.5, 17.400000000000006, 17.299999999999997, 16.799999999999997, 16.700000000000003, 16.599999999999994, 16.5, 16.400000000000006, 16.099999999999994, 15.599999999999994, 15.200000000000003, 15.099999999999994, 15.0, 14.900000000000006, 14.700000000000003, 14.599999999999994, 14.400000000000006, 14.299999999999997, 14.200000000000003, 14.099999999999994, 14.0, 13.799999999999997, 13.5, 13.400000000000006, 13.200000000000003, 13.0, 12.900000000000006, 12.700000000000003, 12.400000000000006, 12.299999999999997, 12.099999999999994, 11.799999999999997, 11.599999999999994, 11.5, 11.400000000000006, 11.099999999999994, 10.799999999999997, 10.5, 10.400000000000006, 10.200000000000003, 9.299999999999997, 8.900000000000006, 8.599999999999994, 8.200000000000003, 7.700000000000003, 7.099999999999994, 6.599999999999994, 5.700000000000003, 5.5, 5.0, 4.0, 3.9000000000000057, 3.799999999999997, 3.700000000000003, 3.5999999999999943, 3.299999999999997, 3.200000000000003, 2.700000000000003, 2.5, 2.299999999999997, 2.200000000000003, 2.0999999999999943, 1.7999999999999972, 1.7000000000000028, 1.5999999999999943, 1.2999999999999972, 1.2000000000000028, 1.0, 0.7000000000000028, 0.5999999999999943, 0.4000000000000057, 0.29999999999999716, 0.20000000000000284, 0.0, -0.09999999999999432], "x": [319, 325, 326, 330, 334, 341, 343, 345, 346, 351, 360, 362, 364, 367, 368, 369, 373, 374, 376, 380, 382, 383, 384, 385, 387, 389, 390, 391, 392, 393, 395, 396, 397, 398, 399, 400, 402, 403, 405, 406, 407, 408, 409, 410, 411, 412, 413, 414, 415, 417, 419, 420, 421, 422, 423, 425, 426, 427, 428, 430, 431, 432, 433, 434, 435, 437, 438, 440, 441, 442, 443, 444, 445, 446, 447, 448, 449, 450, 451, 452, 453, 454, 455, 456, 457, 458, 459, 460, 462, 463, 465, 466, 467, 468, 469, 470, 471, 472, 473, 474, 475, 476, 477, 478, 479, 480, 481, 482, 483, 484, 485, 486, 487, 488, 489, 490, 491, 492, 493, 494, 495, 496, 497, 499, 500, 501, 502, 503, 504, 505, 506, 507, 508, 509, 510, 511, 512, 513, 514, 515, 516, 517, 518, 519, 520, 521, 522, 523, 524, 525, 526, 527, 528, 529, 530, 531, 532, 533, 534, 535, 536, 537, 538, 539, 540, 541, 542, 543, 544, 545, 546, 547, 548, 549, 550, 551, 552, 553, 554, 555, 556, 557, 558, 559, 561, 562, 563, 564, 565, 566, 567, 568, 569, 570, 571, 572, 573, 575, 576, 577, 578, 579, 580, 581, 582, 584, 585, 586, 587, 588, 589, 590, 591, 592, 593, 594, 595, 596, 598, 599, 600, 601, 602, 603, 604, 605, 606, 607, 608, 609, 610, 611, 612, 613, 614, 615, 618, 619, 620, 621, 624, 625, 626, 627, 628, 629, 630, 631, 632, 633, 634, 635, 637, 638, 639, 640, 641, 642, 644, 645, 646, 647, 648, 649, 650, 651, 652, 654, 655, 656, 657, 658, 660, 661, 662, 663, 664, 665, 667, 668, 669, 670, 671, 672, 673, 674, 676, 677, 678, 680, 683, 684, 685, 686, 687, 688, 689, 690, 691, 692, 693, 694, 695, 697, 698, 700, 701, 702, 705, 706, 707, 710, 711, 712, 713, 714, 715, 717, 718, 719, 720, 721, 722, 723, 724, 725, 726, 727, 728, 729, 730, 731, 733, 734, 735, 736, 739, 740, 741, 743, 744, 745, 746, 747, 748, 749, 751, 754, 758, 762, 763, 765, 774, 782, 829]}}