{"histogram": {"x": [330, 345, 360, 375, 390, 405, 420, 435, 450, 465, 480, 495, 510, 525, 540, 555, 570, 585, 600, 615, 630, 645, 660, 675, 690, 705, 720, 735, 750, 765, 780, 795, 810, 825, 840], "y": [1, 1, 1, 3, 2, 0, 1, 2, 1, 8, 5, 6, 3, 10, 4, 5, 6, 6, 5, 6, 7, 7, 4, 7, 4, 9, 16, 10, 3, 2, 0, 0, 0, 1, 0]}, "percentile": {"x": [336, 354, 363, 379, 381, 384, 392, 401, 420, 435, 453, 467, 469, 471, 474, 477, 483, 484, 491, 492, 497, 499, 502, 505, 506, 507, 510, 515, 517, 527, 529, 530, 531, 532, 533, 536, 538, 544, 548, 550, 555, 559, 562, 566, 567, 571, 576, 578, 579, 583, 587, 588, 592, 594, 598, 606, 608, 609, 610, 613, 617, 619, 625, 627, 628, 630, 632, 635, 640, 641, 643, 645, 646, 647, 655, 659, 662, 663, 673, 676, 677, 680, 682, 684, 689, 690, 691, 696, 710, 713, 715, 717, 718, 719, 720, 721, 722, 725, 726, 728, 729, 730, 732, 733, 736, 738, 741, 744, 746, 747, 749, 754, 760, 762, 766, 779, 829], "y": [99.4, 98.7, 98.0, 97.3, 96.6, 95.9, 95.2, 94.5, 93.8, 92.5, 91.8, 91.1, 90.4, 89.0, 88.3, 86.3, 85.6, 84.9, 83.5, 82.8, 82.1, 81.4, 80.7, 80.0, 79.4, 78.7, 78.0, 77.3, 76.6, 75.9, 74.5, 73.8, 73.2, 72.5, 71.8, 70.4, 69.7, 69.0, 67.6, 66.9, 66.3, 65.6, 64.9, 64.2, 63.5, 62.8, 62.1, 60.7, 60.0, 59.4, 58.7, 58.0, 57.3, 56.6, 55.2, 54.5, 53.8, 53.2, 52.5, 51.8, 51.1, 50.4, 49.7, 48.3, 47.6, 46.9, 46.3, 45.6, 44.2, 43.5, 42.8, 42.1, 40.7, 40.0, 38.7, 38.0, 37.3, 35.900000000000006, 35.2, 34.5, 33.8, 33.2, 32.5, 31.799999999999997, 30.400000000000006, 29.0, 28.299999999999997, 27.599999999999994, 26.299999999999997, 25.599999999999994, 24.200000000000003, 22.799999999999997, 22.099999999999994, 21.400000000000006, 20.0, 18.0, 17.299999999999997, 15.200000000000003, 14.5, 13.799999999999997, 13.200000000000003, 11.799999999999997, 11.099999999999994, 10.400000000000006, 9.700000000000003, 9.0, 7.599999999999994, 6.299999999999997, 5.599999999999994, 4.900000000000006, 3.5, 2.799999999999997, 2.0999999999999943, 1.4000000000000057, 0.7000000000000028, 0.0, -0.5999999999999943]}}