{"percentile": {"y": [96.3, 92.6, 88.9, 85.2, 81.5, 77.8, 74.1, 70.4, 66.7, 63.0, 59.3, 55.6, 51.9, 48.2, 40.8, 37.1, 33.400000000000006, 29.700000000000003, 26.0, 22.299999999999997, 18.599999999999994, 14.900000000000006, 11.200000000000003, 7.5, 3.799999999999997, 0.0, -3.700000000000003], "x": [340, 354, 380, 391, 393, 420, 424, 471, 474, 489, 508, 532, 538, 543, 555, 560, 573, 576, 611, 618, 621, 672, 688, 714, 726, 746, 755]}, "histogram": {"y": [1, 1, 0, 1, 2, 0, 2, 0, 0, 2, 1, 1, 0, 2, 1, 3, 2, 0, 1, 2, 0, 0, 1, 1, 0, 1, 1, 1, 1, 0], "x": [330, 345, 360, 375, 390, 405, 420, 435, 450, 465, 480, 495, 510, 525, 540, 555, 570, 585, 600, 615, 630, 645, 660, 675, 690, 705, 720, 735, 750, 765]}}