{"percentile": {"y": [97.3, 94.6, 91.9, 86.5, 83.8, 81.1, 78.4, 73.0, 70.3, 67.6, 64.9, 62.2, 59.5, 56.8, 54.1, 51.4, 48.7, 46.0, 43.3, 40.6, 37.9, 35.2, 32.5, 29.799999999999997, 27.099999999999994, 24.400000000000006, 21.700000000000003, 19.0, 16.299999999999997, 13.599999999999994, 10.900000000000006, 8.200000000000003, 5.5, 2.799999999999997, 0.0, -2.700000000000003], "x": [341, 373, 400, 401, 405, 408, 419, 432, 446, 453, 463, 471, 479, 480, 507, 510, 515, 516, 519, 532, 548, 562, 577, 585, 586, 597, 600, 611, 612, 629, 652, 655, 700, 705, 738, 755]}, "histogram": {"y": [1, 0, 1, 0, 3, 3, 2, 1, 2, 2, 1, 1, 4, 1, 1, 1, 1, 3, 3, 1, 0, 2, 0, 0, 1, 1, 0, 1, 1, 0], "x": [330, 345, 360, 375, 390, 405, 420, 435, 450, 465, 480, 495, 510, 525, 540, 555, 570, 585, 600, 615, 630, 645, 660, 675, 690, 705, 720, 735, 750, 765]}}