{"histogram": {"y": [1, 2, 1, 10, 8, 20, 32, 43, 54, 47, 78, 103, 107, 139, 110, 149, 113, 111, 124, 86, 112, 94, 71, 89, 65, 72, 47, 45, 42, 101, 50, 9, 6, 1, 0, 1, 8, 0], "x": [285, 300, 315, 330, 345, 360, 375, 390, 405, 420, 435, 450, 465, 480, 495, 510, 525, 540, 555, 570, 585, 600, 615, 630, 645, 660, 675, 690, 705, 720, 735, 750, 765, 780, 795, 810, 825, 840]}, "percentile": {"y": [100.0, 99.9, 99.9, 99.8, 99.8, 99.7, 99.6, 99.5, 99.4, 99.4, 99.3, 99.2, 99.2, 99.1, 99.1, 99.0, 98.9, 98.9, 98.8, 98.8, 98.7, 98.7, 98.6, 98.5, 98.4, 98.3, 98.1, 97.9, 97.8, 97.6, 97.5, 97.4, 97.4, 97.3, 97.2, 97.1, 97.0, 96.9, 96.8, 96.6, 96.5, 96.4, 96.2, 96.1, 96.0, 96.0, 95.8, 95.6, 95.5, 95.3, 95.1, 95.0, 94.8, 94.7, 94.6, 94.5, 94.4, 94.3, 94.2, 94.1, 93.9, 93.8, 93.7, 93.5, 93.5, 93.2, 92.9, 92.5, 92.2, 92.1, 92.0, 92.0, 91.9, 91.8, 91.7, 91.6, 91.5, 91.3, 91.0, 90.9, 90.4, 90.2, 90.1, 90.1, 89.9, 89.5, 89.2, 89.2, 89.0, 88.7, 88.5, 88.3, 88.2, 88.0, 87.7, 87.4, 87.4, 87.0, 86.7, 86.3, 86.1, 85.7, 85.4, 85.0, 84.7, 84.3, 84.0, 83.7, 83.5, 83.4, 82.8, 82.7, 82.3, 81.8, 81.5, 81.3, 81.1, 80.8, 80.3, 80.0, 79.4, 79.1, 78.7, 78.3, 78.1, 77.9, 77.6, 77.3, 76.9, 76.5, 76.1, 75.6, 75.2, 75.0, 74.6, 73.9, 73.8, 73.4, 73.1, 72.8, 72.0, 71.5, 70.9, 70.3, 70.0, 69.7, 69.0, 68.7, 68.2, 68.0, 67.6, 67.4, 67.2, 66.9, 66.6, 66.3, 65.9, 65.7, 65.3, 64.9, 64.4, 64.0, 63.4, 63.2, 63.1, 62.4, 61.9, 61.5, 60.8, 60.3, 59.6, 59.1, 58.9, 58.5, 58.0, 57.4, 57.3, 56.8, 56.4, 56.0, 55.6, 55.2, 55.0, 54.6, 54.1, 53.9, 53.6, 53.4, 53.0, 52.7, 52.3, 51.9, 51.6, 51.3, 51.3, 51.0, 50.8, 50.3, 50.0, 49.7, 49.1, 48.8, 48.3, 47.9, 47.6, 47.1, 46.8, 46.3, 45.9, 45.6, 45.0, 44.6, 44.3, 43.9, 43.5, 43.0, 42.5, 42.3, 42.0, 41.8, 41.4, 41.1, 40.8, 40.7, 40.5, 40.0, 39.9, 39.6, 39.3, 39.1, 38.7, 38.5, 38.2, 38.0, 37.8, 37.3, 37.1, 36.6, 36.1, 35.8, 35.2, 34.900000000000006, 34.599999999999994, 34.2, 33.900000000000006, 33.7, 33.5, 33.2, 32.900000000000006, 32.599999999999994, 32.2, 31.900000000000006, 31.5, 31.400000000000006, 31.099999999999994, 30.799999999999997, 30.599999999999994, 30.400000000000006, 30.200000000000003, 30.0, 29.599999999999994, 29.400000000000006, 28.900000000000006, 28.599999999999994, 28.200000000000003, 27.900000000000006, 27.700000000000003, 27.400000000000006, 27.299999999999997, 27.0, 26.5, 26.400000000000006, 26.200000000000003, 26.0, 25.900000000000006, 25.599999999999994, 25.400000000000006, 25.299999999999997, 25.200000000000003, 24.900000000000006, 24.599999999999994, 24.299999999999997, 24.0, 23.700000000000003, 23.5, 23.099999999999994, 22.900000000000006, 22.799999999999997, 22.599999999999994, 22.099999999999994, 21.599999999999994, 21.400000000000006, 21.200000000000003, 21.0, 20.799999999999997, 20.5, 20.400000000000006, 20.200000000000003, 20.0, 19.700000000000003, 19.400000000000006, 19.099999999999994, 18.799999999999997, 18.700000000000003, 18.5, 18.299999999999997, 18.099999999999994, 18.0, 17.799999999999997, 17.400000000000006, 17.299999999999997, 17.0, 16.700000000000003, 16.599999999999994, 16.5, 16.299999999999997, 16.299999999999997, 16.0, 15.900000000000006, 15.5, 15.299999999999997, 15.0, 14.700000000000003, 14.400000000000006, 14.200000000000003, 14.0, 13.799999999999997, 13.700000000000003, 13.599999999999994, 13.400000000000006, 13.299999999999997, 13.099999999999994, 12.900000000000006, 12.799999999999997, 12.700000000000003, 12.5, 12.400000000000006, 12.299999999999997, 12.200000000000003, 12.0, 11.799999999999997, 11.799999999999997, 11.700000000000003, 11.599999999999994, 11.599999999999994, 11.5, 11.299999999999997, 11.200000000000003, 11.099999999999994, 10.599999999999994, 10.5, 10.400000000000006, 10.200000000000003, 10.099999999999994, 10.0, 9.900000000000006, 9.700000000000003, 9.599999999999994, 9.5, 9.200000000000003, 9.099999999999994, 8.900000000000006, 8.799999999999997, 8.700000000000003, 8.599999999999994, 8.5, 8.400000000000006, 8.400000000000006, 8.200000000000003, 7.700000000000003, 7.400000000000006, 7.0, 6.5, 6.299999999999997, 6.0, 5.5, 5.099999999999994, 4.700000000000003, 4.400000000000006, 4.200000000000003, 4.099999999999994, 3.799999999999997, 3.700000000000003, 3.5, 3.299999999999997, 3.299999999999997, 3.0999999999999943, 3.0, 2.9000000000000057, 2.4000000000000057, 2.299999999999997, 2.0999999999999943, 1.9000000000000057, 1.5999999999999943, 1.4000000000000057, 1.2999999999999972, 1.2000000000000028, 1.0999999999999943, 1.0, 1.0, 0.9000000000000057, 0.7999999999999972, 0.7999999999999972, 0.7000000000000028, 0.7000000000000028, 0.7000000000000028, 0.5999999999999943, 0.5999999999999943, 0.5, 0.5, 0.4000000000000057, 0.4000000000000057, 0.0], "x": [298, 307, 322, 335, 336, 337, 341, 342, 343, 345, 352, 354, 355, 356, 357, 358, 361, 362, 363, 364, 365, 367, 370, 371, 372, 373, 374, 375, 376, 377, 379, 380, 381, 382, 383, 385, 386, 387, 388, 389, 390, 391, 392, 393, 394, 395, 396, 397, 398, 399, 400, 401, 402, 403, 404, 405, 406, 407, 408, 409, 410, 411, 412, 413, 414, 415, 416, 417, 418, 419, 420, 421, 422, 423, 424, 425, 426, 427, 428, 429, 430, 431, 432, 433, 434, 435, 436, 437, 438, 439, 440, 441, 442, 443, 444, 445, 446, 447, 448, 449, 450, 451, 452, 453, 454, 455, 456, 457, 458, 459, 460, 461, 462, 463, 464, 465, 466, 467, 468, 469, 470, 471, 472, 473, 474, 475, 476, 477, 478, 479, 480, 481, 482, 483, 484, 485, 486, 487, 488, 489, 490, 491, 492, 493, 494, 495, 496, 497, 498, 499, 500, 501, 502, 503, 504, 505, 506, 507, 508, 509, 510, 511, 512, 513, 514, 515, 516, 517, 518, 519, 520, 521, 522, 523, 524, 525, 526, 527, 528, 529, 530, 531, 532, 533, 534, 535, 536, 537, 538, 539, 540, 541, 542, 543, 544, 545, 546, 547, 548, 549, 550, 551, 552, 553, 554, 555, 556, 557, 558, 559, 560, 561, 562, 563, 564, 565, 566, 567, 568, 569, 570, 571, 572, 573, 574, 575, 576, 577, 578, 579, 580, 581, 582, 583, 584, 585, 586, 587, 588, 589, 590, 591, 592, 593, 594, 595, 596, 597, 598, 599, 600, 601, 602, 603, 604, 605, 606, 607, 608, 609, 610, 611, 612, 613, 614, 615, 616, 617, 618, 619, 620, 621, 622, 623, 624, 625, 626, 627, 628, 629, 630, 631, 632, 633, 634, 635, 636, 637, 638, 639, 640, 641, 642, 643, 644, 645, 646, 647, 648, 649, 650, 651, 652, 653, 654, 655, 656, 657, 658, 660, 661, 662, 663, 664, 665, 666, 667, 668, 669, 670, 671, 672, 673, 674, 675, 676, 677, 678, 679, 680, 681, 682, 683, 684, 685, 686, 687, 688, 689, 690, 691, 692, 693, 694, 695, 696, 697, 698, 699, 700, 701, 702, 703, 704, 705, 706, 707, 708, 709, 710, 711, 712, 713, 714, 715, 716, 717, 718, 719, 720, 721, 722, 723, 724, 725, 726, 727, 728, 729, 730, 731, 732, 733, 734, 735, 736, 737, 738, 739, 740, 742, 743, 744, 745, 746, 747, 749, 751, 754, 755, 756, 757, 759, 763, 766, 772, 773, 775, 776, 777, 781, 823, 829]}}