{"histogram": {"y": [4, 3, 6, 13, 21, 27, 42, 48, 69, 42, 72, 72, 92, 87, 96, 92, 103, 97, 99, 102, 126, 110, 75, 71, 94, 63, 73, 62, 64, 137, 114, 39, 4, 2, 1, 0, 5, 0, 0], "x": [285, 300, 315, 330, 345, 360, 375, 390, 405, 420, 435, 450, 465, 480, 495, 510, 525, 540, 555, 570, 585, 600, 615, 630, 645, 660, 675, 690, 705, 720, 735, 750, 765, 780, 795, 810, 825, 840, 855]}, "percentile": {"y": [100.0, 100.0, 99.9, 99.9, 99.8, 99.8, 99.7, 99.7, 99.6, 99.6, 99.6, 99.5, 99.5, 99.4, 99.3, 99.2, 99.2, 99.2, 99.1, 99.0, 98.9, 98.9, 98.8, 98.7, 98.6, 98.5, 98.4, 98.4, 98.3, 98.3, 98.2, 98.1, 98.1, 97.9, 97.9, 97.8, 97.7, 97.5, 97.5, 97.2, 97.1, 97.0, 96.8, 96.7, 96.5, 96.5, 96.3, 96.2, 96.1, 96.0, 95.9, 95.8, 95.6, 95.5, 95.2, 95.1, 95.0, 94.9, 94.8, 94.7, 94.7, 94.5, 94.3, 94.3, 94.1, 94.0, 93.9, 93.8, 93.4, 93.2, 93.1, 93.0, 92.9, 92.7, 92.5, 92.3, 92.2, 92.1, 91.8, 91.7, 91.6, 91.1, 91.0, 90.8, 90.4, 90.3, 90.2, 90.0, 89.6, 89.4, 89.2, 89.2, 89.0, 88.8, 88.6, 88.5, 88.5, 88.3, 88.2, 88.0, 87.9, 87.7, 87.4, 87.2, 87.0, 86.8, 86.6, 86.3, 86.1, 85.9, 85.8, 85.5, 85.4, 85.1, 84.9, 84.6, 84.5, 84.1, 84.0, 83.7, 83.6, 83.5, 83.4, 83.2, 82.9, 82.6, 82.5, 82.3, 81.9, 81.8, 81.5, 81.2, 81.0, 80.8, 80.6, 80.4, 80.1, 79.8, 79.7, 79.3, 79.2, 78.9, 78.3, 77.9, 77.5, 77.3, 77.1, 76.9, 76.6, 76.5, 76.3, 76.0, 75.8, 75.5, 75.2, 74.8, 74.4, 74.1, 73.9, 73.6, 73.4, 73.2, 72.8, 72.6, 72.4, 72.1, 71.8, 71.6, 71.3, 70.8, 70.7, 70.3, 70.0, 69.8, 69.5, 69.1, 68.9, 68.7, 68.4, 68.3, 68.1, 67.7, 67.4, 67.2, 66.9, 66.3, 66.2, 65.7, 65.5, 65.2, 65.1, 64.7, 64.4, 64.1, 63.8, 63.4, 63.2, 62.9, 62.6, 62.2, 61.9, 61.4, 61.2, 61.1, 60.7, 60.5, 60.1, 59.7, 59.6, 59.3, 58.9, 58.6, 58.3, 57.9, 57.7, 57.4, 57.2, 57.0, 56.8, 56.3, 56.1, 55.8, 55.4, 55.3, 54.9, 54.6, 54.4, 54.0, 53.4, 53.0, 52.7, 52.6, 52.3, 52.2, 51.7, 51.4, 51.3, 51.1, 50.8, 50.6, 50.3, 50.0, 49.8, 49.3, 49.2, 48.8, 48.5, 48.4, 48.0, 47.6, 47.0, 46.7, 46.5, 46.4, 46.1, 45.8, 45.3, 44.7, 44.3, 43.9, 43.7, 43.4, 42.9, 42.6, 42.1, 41.4, 41.1, 40.6, 40.3, 39.8, 39.6, 39.3, 39.0, 38.8, 38.2, 37.9, 37.7, 37.4, 37.1, 36.7, 36.4, 36.1, 35.900000000000006, 35.8, 35.7, 35.400000000000006, 35.3, 35.0, 35.0, 34.8, 34.400000000000006, 34.3, 34.0, 33.7, 33.3, 33.2, 32.8, 32.400000000000006, 32.099999999999994, 31.900000000000006, 31.799999999999997, 31.700000000000003, 31.599999999999994, 31.299999999999997, 31.099999999999994, 30.900000000000006, 30.799999999999997, 30.5, 30.200000000000003, 30.0, 29.900000000000006, 29.599999999999994, 29.299999999999997, 29.200000000000003, 28.700000000000003, 28.400000000000006, 28.099999999999994, 27.700000000000003, 27.5, 27.299999999999997, 26.900000000000006, 26.700000000000003, 26.599999999999994, 26.299999999999997, 26.200000000000003, 25.700000000000003, 25.299999999999997, 25.299999999999997, 25.200000000000003, 24.900000000000006, 24.700000000000003, 24.5, 24.299999999999997, 24.099999999999994, 23.900000000000006, 23.799999999999997, 23.5, 23.200000000000003, 23.099999999999994, 22.900000000000006, 22.799999999999997, 22.5, 22.0, 21.5, 21.400000000000006, 21.200000000000003, 21.200000000000003, 20.700000000000003, 20.599999999999994, 20.5, 20.299999999999997, 20.099999999999994, 19.799999999999997, 19.5, 19.400000000000006, 19.400000000000006, 19.200000000000003, 18.799999999999997, 18.700000000000003, 18.400000000000006, 18.200000000000003, 18.200000000000003, 18.0, 17.799999999999997, 17.700000000000003, 17.599999999999994, 17.299999999999997, 17.099999999999994, 16.799999999999997, 16.599999999999994, 16.400000000000006, 16.200000000000003, 16.0, 15.700000000000003, 15.5, 15.299999999999997, 14.900000000000006, 14.799999999999997, 14.700000000000003, 14.5, 14.299999999999997, 14.200000000000003, 14.0, 13.799999999999997, 13.700000000000003, 13.599999999999994, 13.200000000000003, 12.900000000000006, 12.400000000000006, 11.900000000000006, 11.400000000000006, 10.700000000000003, 10.400000000000006, 9.799999999999997, 9.200000000000003, 8.799999999999997, 8.299999999999997, 8.099999999999994, 7.900000000000006, 7.599999999999994, 7.400000000000006, 7.099999999999994, 6.700000000000003, 6.099999999999994, 5.700000000000003, 5.5, 4.5, 4.400000000000006, 4.099999999999994, 4.0, 3.5999999999999943, 3.4000000000000057, 3.0999999999999943, 2.9000000000000057, 2.5999999999999943, 2.299999999999997, 2.200000000000003, 2.0999999999999943, 1.7999999999999972, 1.7999999999999972, 1.5999999999999943, 1.4000000000000057, 1.2999999999999972, 1.2999999999999972, 0.9000000000000057, 0.7000000000000028, 0.5, 0.5, 0.5, 0.4000000000000057, 0.29999999999999716, 0.20000000000000284, 0.09999999999999432, 0.0], "x": [287, 289, 296, 297, 300, 304, 312, 317, 324, 325, 327, 328, 329, 330, 332, 335, 336, 337, 338, 340, 341, 344, 345, 346, 348, 350, 351, 352, 353, 354, 355, 356, 357, 358, 360, 361, 362, 365, 367, 368, 369, 370, 371, 372, 375, 376, 377, 378, 379, 380, 381, 382, 383, 384, 385, 386, 387, 388, 389, 390, 391, 392, 393, 394, 395, 396, 397, 398, 399, 400, 401, 402, 403, 404, 405, 406, 407, 408, 409, 410, 411, 412, 413, 414, 415, 416, 417, 418, 419, 420, 421, 422, 423, 424, 425, 427, 428, 430, 431, 432, 433, 434, 435, 436, 437, 438, 439, 440, 441, 442, 443, 444, 445, 446, 447, 448, 449, 450, 451, 452, 453, 454, 455, 456, 457, 458, 459, 460, 461, 462, 463, 464, 465, 466, 467, 468, 469, 470, 471, 472, 473, 474, 475, 476, 477, 478, 479, 480, 481, 482, 483, 484, 485, 486, 487, 488, 489, 490, 491, 492, 493, 494, 495, 496, 497, 498, 499, 500, 501, 502, 503, 504, 505, 506, 507, 508, 509, 510, 511, 512, 513, 514, 515, 516, 517, 518, 519, 520, 521, 522, 523, 524, 525, 526, 527, 528, 529, 530, 531, 532, 533, 534, 535, 536, 537, 538, 539, 540, 541, 542, 543, 544, 545, 546, 547, 548, 549, 550, 551, 552, 553, 554, 555, 556, 557, 558, 559, 560, 561, 562, 563, 564, 565, 566, 567, 568, 569, 570, 571, 572, 573, 574, 575, 576, 577, 578, 579, 580, 581, 582, 583, 584, 585, 586, 587, 588, 589, 590, 591, 592, 593, 594, 595, 596, 597, 598, 599, 600, 601, 602, 603, 604, 605, 606, 607, 608, 609, 610, 611, 612, 613, 614, 615, 616, 617, 618, 619, 620, 621, 622, 623, 624, 625, 626, 627, 628, 629, 630, 631, 632, 633, 634, 635, 636, 637, 638, 639, 640, 641, 642, 643, 644, 645, 646, 647, 648, 649, 650, 651, 652, 653, 654, 655, 656, 657, 658, 659, 660, 661, 662, 663, 664, 665, 666, 667, 668, 669, 670, 671, 672, 673, 674, 675, 676, 677, 678, 679, 680, 681, 682, 683, 684, 685, 686, 687, 688, 689, 690, 691, 692, 693, 694, 695, 697, 698, 699, 700, 701, 702, 703, 704, 705, 706, 707, 708, 709, 710, 711, 712, 713, 714, 715, 716, 717, 718, 719, 720, 721, 722, 723, 724, 725, 726, 727, 728, 729, 730, 731, 732, 733, 734, 735, 736, 737, 738, 739, 740, 741, 742, 743, 744, 745, 746, 747, 748, 749, 750, 751, 752, 753, 754, 755, 756, 757, 758, 761, 763, 765, 766, 774, 788, 800, 828, 829]}}