{"histogram": {"x": [345, 360, 375, 390, 405, 420, 435, 450, 465, 480, 495, 510, 525, 540, 555, 570, 585, 600, 615, 630, 645, 660, 675, 690, 705, 720, 735, 750, 765, 780, 795, 810, 825, 840], "y": [1, 3, 6, 4, 4, 10, 8, 4, 11, 6, 12, 9, 8, 8, 11, 9, 9, 16, 4, 9, 10, 8, 4, 5, 5, 14, 10, 2, 0, 0, 1, 0, 2, 0]}, "percentile": {"x": [356, 366, 367, 373, 382, 385, 387, 388, 391, 400, 402, 408, 413, 416, 421, 423, 426, 428, 429, 430, 432, 433, 437, 438, 439, 440, 441, 442, 443, 448, 451, 459, 460, 461, 465, 466, 468, 471, 473, 476, 477, 480, 487, 488, 490, 492, 496, 499, 500, 501, 502, 506, 509, 510, 511, 515, 516, 518, 520, 524, 525, 528, 529, 530, 531, 537, 539, 542, 544, 548, 549, 551, 554, 555, 556, 557, 561, 562, 563, 564, 571, 572, 573, 574, 575, 582, 585, 586, 587, 590, 591, 592, 596, 599, 601, 602, 603, 604, 605, 607, 608, 609, 611, 612, 614, 615, 617, 629, 630, 632, 633, 634, 638, 640, 646, 647, 648, 652, 653, 654, 655, 660, 665, 667, 670, 671, 674, 675, 683, 686, 689, 690, 698, 702, 703, 705, 707, 709, 718, 719, 720, 721, 722, 724, 727, 729, 730, 733, 734, 735, 736, 737, 738, 740, 741, 745, 757, 758, 800, 828, 829], "y": [99.6, 99.1, 98.6, 98.2, 97.7, 97.2, 96.3, 95.3, 94.9, 93.9, 93.4, 93.0, 92.5, 91.6, 90.1, 89.7, 89.2, 88.7, 88.3, 87.8, 87.3, 86.8, 86.4, 85.9, 85.4, 85.0, 84.5, 84.0, 83.5, 83.1, 82.6, 82.1, 81.7, 81.2, 80.7, 79.8, 79.3, 78.8, 77.4, 76.5, 76.0, 75.5, 75.0, 74.1, 73.6, 73.2, 72.7, 72.2, 71.3, 70.3, 69.9, 69.4, 67.5, 66.6, 65.6, 65.1, 64.7, 64.2, 63.7, 63.3, 62.8, 62.3, 61.8, 61.4, 60.4, 60.0, 59.5, 59.0, 58.5, 57.1, 56.7, 56.2, 55.7, 55.2, 54.8, 53.8, 52.9, 51.9, 51.5, 50.5, 50.0, 49.6, 49.1, 48.6, 48.2, 46.3, 45.8, 45.3, 44.9, 44.4, 43.9, 43.4, 42.5, 42.0, 41.1, 40.6, 40.1, 38.7, 37.8, 36.8, 36.4, 35.900000000000006, 35.400000000000006, 35.0, 34.5, 34.0, 33.5, 32.599999999999994, 32.099999999999994, 31.200000000000003, 30.700000000000003, 29.799999999999997, 29.299999999999997, 28.400000000000006, 27.900000000000006, 26.900000000000006, 26.0, 25.5, 25.0, 24.099999999999994, 23.599999999999994, 23.200000000000003, 22.700000000000003, 21.700000000000003, 21.299999999999997, 20.299999999999997, 19.900000000000006, 19.400000000000006, 18.900000000000006, 18.400000000000006, 18.0, 17.5, 17.0, 16.099999999999994, 15.599999999999994, 15.099999999999994, 14.700000000000003, 14.200000000000003, 13.700000000000003, 13.299999999999997, 12.799999999999997, 12.299999999999997, 11.799999999999997, 11.400000000000006, 10.900000000000006, 10.400000000000006, 8.5, 7.599999999999994, 6.700000000000003, 5.200000000000003, 4.799999999999997, 4.299999999999997, 3.799999999999997, 3.4000000000000057, 2.4000000000000057, 1.9000000000000057, 1.5, 1.0, 0.5, 0.0, -0.4000000000000057]}}