{"histogram": {"x": [360, 375, 390, 405, 420, 435, 450, 465, 480, 495, 510, 525, 540, 555, 570, 585, 600, 615, 630, 645, 660, 675, 690, 705, 720, 735, 750, 765], "y": [1, 3, 1, 2, 2, 2, 4, 2, 1, 6, 4, 2, 4, 5, 4, 1, 3, 4, 3, 0, 4, 0, 4, 1, 1, 1, 2, 0]}, "percentile": {"x": [371, 380, 386, 389, 395, 410, 433, 434, 440, 442, 451, 453, 460, 464, 475, 484, 495, 502, 503, 509, 515, 520, 521, 536, 539, 541, 543, 546, 554, 555, 563, 564, 566, 572, 580, 581, 584, 593, 600, 606, 617, 625, 626, 628, 632, 640, 660, 664, 668, 671, 691, 695, 700, 702, 716, 720, 742, 750, 754], "y": [98.5, 97.0, 95.5, 94.0, 92.5, 89.4, 87.9, 86.4, 84.9, 83.4, 81.9, 80.4, 78.8, 77.3, 74.3, 72.8, 71.3, 69.7, 66.7, 63.7, 62.2, 59.1, 57.6, 56.1, 54.6, 53.1, 51.6, 50.0, 48.5, 47.0, 45.5, 42.5, 41.0, 39.4, 37.9, 36.4, 34.900000000000006, 33.400000000000006, 30.400000000000006, 28.799999999999997, 27.299999999999997, 25.799999999999997, 24.299999999999997, 22.799999999999997, 19.700000000000003, 18.200000000000003, 16.700000000000003, 15.200000000000003, 13.700000000000003, 12.200000000000003, 10.700000000000003, 9.099999999999994, 7.599999999999994, 6.099999999999994, 4.599999999999994, 3.0999999999999943, 1.5999999999999943, 0.0, -1.5]}}