{"histogram": {"y": [1, 8, 4, 8, 13, 28, 38, 42, 41, 52, 71, 75, 68, 86, 82, 74, 89, 89, 69, 56, 64, 70, 62, 68, 52, 36, 97, 70, 24, 3, 2, 0, 1, 2, 0], "x": [330, 345, 360, 375, 390, 405, 420, 435, 450, 465, 480, 495, 510, 525, 540, 555, 570, 585, 600, 615, 630, 645, 660, 675, 690, 705, 720, 735, 750, 765, 780, 795, 810, 825, 840]}, "percentile": {"y": [100.0, 99.9, 99.9, 99.7, 99.7, 99.6, 99.5, 99.5, 99.4, 99.3, 99.3, 99.2, 99.1, 98.9, 98.8, 98.8, 98.7, 98.6, 98.6, 98.4, 98.4, 98.3, 98.2, 98.1, 97.8, 97.8, 97.5, 97.3, 97.3, 97.1, 97.0, 96.9, 96.8, 96.5, 96.4, 96.4, 96.2, 96.0, 95.8, 95.7, 95.5, 95.3, 94.9, 94.8, 94.7, 94.5, 94.3, 94.1, 93.8, 93.7, 93.6, 93.4, 93.3, 93.1, 92.9, 92.5, 92.3, 92.1, 92.0, 91.6, 91.4, 91.2, 91.0, 90.9, 90.7, 90.5, 90.3, 90.0, 89.7, 89.4, 89.2, 89.0, 88.9, 88.7, 88.4, 88.3, 88.2, 88.1, 87.6, 87.2, 87.1, 87.0, 86.5, 86.4, 86.3, 86.1, 85.7, 85.6, 85.4, 85.2, 84.9, 84.8, 84.2, 83.6, 83.4, 82.9, 82.8, 82.2, 81.9, 81.7, 81.4, 81.1, 80.8, 80.4, 80.2, 79.8, 79.5, 79.1, 78.9, 78.6, 78.2, 77.9, 77.6, 77.3, 76.9, 76.7, 76.3, 75.8, 75.4, 74.9, 74.7, 74.3, 73.9, 73.6, 73.2, 73.2, 73.0, 72.7, 72.5, 71.8, 71.7, 71.4, 71.1, 71.0, 70.3, 70.1, 69.7, 69.5, 69.2, 68.6, 68.3, 68.1, 67.8, 67.3, 66.7, 66.6, 66.1, 66.0, 65.4, 65.0, 64.4, 64.4, 64.0, 63.6, 63.2, 63.0, 62.6, 62.3, 62.0, 61.3, 61.1, 60.5, 60.2, 60.1, 59.3, 59.2, 59.2, 58.9, 58.7, 57.8, 57.7, 57.2, 56.9, 56.5, 56.3, 56.1, 55.9, 55.6, 55.3, 54.3, 54.2, 53.9, 53.6, 53.3, 52.7, 52.4, 52.2, 51.8, 51.6, 50.7, 50.1, 49.9, 49.7, 49.5, 48.9, 48.6, 48.0, 47.7, 47.1, 46.6, 46.2, 45.9, 45.5, 45.3, 45.1, 44.7, 44.4, 43.8, 43.2, 42.8, 42.3, 42.1, 41.8, 41.6, 41.3, 41.2, 40.9, 40.7, 40.1, 39.9, 39.8, 39.8, 39.3, 39.2, 38.9, 38.7, 38.5, 38.4, 38.1, 37.8, 37.5, 37.4, 36.8, 36.4, 36.3, 36.2, 35.7, 35.7, 34.8, 34.599999999999994, 34.2, 34.099999999999994, 33.900000000000006, 33.7, 33.400000000000006, 33.099999999999994, 32.8, 32.3, 32.099999999999994, 31.900000000000006, 31.700000000000003, 31.5, 31.099999999999994, 31.0, 30.900000000000006, 30.400000000000006, 30.0, 29.299999999999997, 29.299999999999997, 29.200000000000003, 29.099999999999994, 28.900000000000006, 28.099999999999994, 28.0, 27.599999999999994, 27.400000000000006, 27.0, 26.5, 26.299999999999997, 25.799999999999997, 25.599999999999994, 25.400000000000006, 25.0, 24.799999999999997, 24.599999999999994, 24.200000000000003, 23.900000000000006, 23.599999999999994, 23.400000000000006, 23.299999999999997, 23.099999999999994, 23.0, 22.5, 22.299999999999997, 22.099999999999994, 21.900000000000006, 21.5, 21.200000000000003, 21.099999999999994, 20.599999999999994, 20.5, 20.299999999999997, 19.900000000000006, 19.599999999999994, 19.200000000000003, 18.799999999999997, 18.599999999999994, 18.200000000000003, 18.099999999999994, 17.700000000000003, 17.5, 17.200000000000003, 17.0, 17.0, 16.599999999999994, 16.400000000000006, 16.099999999999994, 15.700000000000003, 15.299999999999997, 15.200000000000003, 14.900000000000006, 14.799999999999997, 14.599999999999994, 14.5, 14.0, 14.0, 13.900000000000006, 13.700000000000003, 13.5, 13.5, 13.299999999999997, 13.099999999999994, 13.099999999999994, 12.900000000000006, 12.0, 11.599999999999994, 10.900000000000006, 10.599999999999994, 10.299999999999997, 9.799999999999997, 9.299999999999997, 8.900000000000006, 8.700000000000003, 7.900000000000006, 7.400000000000006, 7.200000000000003, 7.0, 6.700000000000003, 6.599999999999994, 6.200000000000003, 5.900000000000006, 5.700000000000003, 5.599999999999994, 5.200000000000003, 4.599999999999994, 4.299999999999997, 4.099999999999994, 3.5999999999999943, 3.200000000000003, 3.0, 2.5999999999999943, 2.4000000000000057, 2.0999999999999943, 1.9000000000000057, 1.7999999999999972, 1.7000000000000028, 1.5, 1.2999999999999972, 1.2000000000000028, 0.9000000000000057, 0.7999999999999972, 0.7999999999999972, 0.5999999999999943, 0.5, 0.4000000000000057, 0.4000000000000057, 0.29999999999999716, 0.20000000000000284, 0.20000000000000284, 0.09999999999999432, 0.0], "x": [339, 347, 348, 355, 356, 357, 358, 359, 360, 365, 366, 373, 380, 381, 385, 387, 389, 390, 391, 393, 395, 398, 399, 402, 404, 407, 408, 409, 410, 411, 412, 413, 414, 415, 416, 417, 418, 419, 420, 421, 422, 423, 424, 425, 427, 428, 429, 430, 431, 433, 434, 435, 437, 438, 439, 440, 441, 442, 443, 445, 446, 447, 448, 449, 450, 452, 453, 454, 455, 456, 457, 458, 459, 460, 461, 462, 463, 465, 466, 467, 468, 469, 470, 471, 472, 473, 474, 475, 476, 477, 478, 479, 480, 482, 483, 484, 485, 486, 487, 488, 489, 490, 491, 492, 493, 495, 496, 497, 498, 499, 500, 501, 502, 503, 504, 505, 506, 507, 508, 510, 511, 512, 513, 514, 515, 516, 517, 518, 519, 520, 521, 522, 523, 524, 525, 526, 527, 528, 529, 530, 531, 532, 533, 534, 535, 536, 537, 538, 539, 540, 541, 542, 543, 544, 545, 546, 547, 548, 549, 550, 551, 552, 553, 554, 555, 556, 557, 558, 559, 560, 561, 562, 563, 564, 565, 566, 567, 568, 569, 570, 571, 572, 573, 574, 575, 576, 577, 578, 579, 580, 581, 582, 583, 584, 585, 586, 587, 588, 589, 590, 591, 592, 593, 594, 595, 597, 598, 599, 600, 601, 602, 603, 604, 605, 606, 607, 608, 609, 610, 611, 612, 613, 614, 615, 616, 617, 618, 619, 620, 621, 622, 623, 624, 625, 626, 627, 628, 629, 630, 631, 632, 633, 634, 635, 636, 637, 638, 640, 641, 642, 643, 644, 645, 646, 647, 648, 649, 650, 651, 652, 653, 654, 655, 656, 657, 658, 659, 660, 661, 662, 663, 664, 665, 666, 667, 668, 669, 670, 671, 672, 673, 674, 675, 676, 677, 678, 679, 680, 681, 682, 683, 684, 685, 686, 687, 688, 689, 690, 691, 692, 694, 695, 696, 697, 698, 699, 700, 702, 703, 704, 705, 707, 708, 709, 710, 711, 712, 713, 714, 715, 716, 717, 718, 719, 720, 721, 722, 723, 724, 725, 726, 727, 728, 729, 730, 731, 732, 733, 734, 735, 736, 737, 738, 739, 740, 741, 742, 743, 744, 745, 746, 747, 749, 751, 752, 753, 754, 755, 757, 758, 759, 761, 763, 764, 766, 773, 774, 783, 785, 820, 829]}}