{"percentile": {"y": [99.7, 99.3, 98.9, 98.1, 97.7, 97.3, 96.9, 96.5, 95.7, 95.3, 94.6, 94.2, 93.8, 93.4, 93.0, 92.6, 92.2, 91.8, 91.0, 90.2, 89.1, 88.3, 87.9, 87.1, 86.7, 85.9, 84.8, 84.4, 84.0, 83.6, 83.2, 82.8, 82.0, 81.6, 81.2, 80.4, 80.0, 78.5, 78.1, 76.9, 76.5, 76.1, 75.0, 74.6, 74.2, 73.0, 72.2, 71.0, 70.6, 69.1, 68.7, 67.9, 67.1, 66.3, 65.9, 64.8, 64.0, 63.6, 63.2, 62.8, 61.6, 60.4, 59.3, 58.5, 57.3, 56.1, 54.6, 53.4, 51.0, 50.6, 50.2, 47.9, 46.3, 45.5, 45.1, 44.0, 42.8, 40.8, 40.0, 39.7, 37.7, 37.3, 36.9, 36.5, 36.1, 35.0, 34.2, 33.400000000000006, 33.0, 32.2, 31.799999999999997, 31.400000000000006, 30.599999999999994, 30.200000000000003, 29.099999999999994, 28.299999999999997, 27.900000000000006, 27.099999999999994, 26.299999999999997, 25.900000000000006, 25.5, 25.099999999999994, 24.799999999999997, 23.200000000000003, 21.599999999999994, 21.200000000000003, 20.400000000000006, 19.299999999999997, 17.700000000000003, 17.299999999999997, 16.900000000000006, 16.5, 16.099999999999994, 15.700000000000003, 15.299999999999997, 15.0, 14.200000000000003, 13.0, 12.599999999999994, 12.200000000000003, 11.799999999999997, 11.400000000000006, 10.200000000000003, 9.5, 8.700000000000003, 8.299999999999997, 7.900000000000006, 7.099999999999994, 6.299999999999997, 5.900000000000006, 5.5, 5.099999999999994, 4.400000000000006, 4.0, 3.5999999999999943, 3.200000000000003, 2.799999999999997, 2.4000000000000057, 2.0, 1.5999999999999943, 1.2000000000000028, 0.7999999999999972, 0.4000000000000057, 0.0, -0.29999999999999716], "x": [280, 284, 285, 286, 296, 297, 299, 305, 311, 312, 313, 314, 315, 318, 321, 322, 323, 326, 327, 329, 331, 335, 338, 341, 342, 343, 345, 346, 347, 348, 349, 352, 354, 359, 360, 361, 362, 364, 365, 366, 367, 369, 370, 371, 372, 373, 375, 376, 377, 378, 379, 380, 382, 383, 384, 385, 387, 388, 389, 390, 391, 392, 393, 394, 396, 397, 398, 399, 400, 401, 402, 403, 404, 405, 406, 407, 408, 409, 410, 411, 412, 414, 415, 417, 418, 421, 422, 424, 425, 426, 427, 428, 429, 430, 431, 432, 433, 434, 435, 436, 438, 439, 440, 441, 442, 443, 445, 446, 450, 451, 452, 454, 455, 456, 458, 459, 460, 461, 462, 463, 464, 465, 466, 467, 470, 471, 472, 473, 474, 475, 479, 481, 483, 488, 490, 496, 499, 501, 504, 507, 516, 518, 519, 521, 547]}, "histogram": {"y": [2, 6, 7, 10, 11, 11, 22, 25, 43, 26, 23, 20, 19, 16, 5, 5, 4, 0, 1, 0], "x": [270, 285, 300, 315, 330, 345, 360, 375, 390, 405, 420, 435, 450, 465, 480, 495, 510, 525, 540, 555]}}