{"histogram": {"y": [1, 0, 3, 1, 8, 13, 19, 28, 29, 52, 67, 60, 80, 96, 86, 107, 112, 116, 121, 88, 97, 96, 93, 102, 78, 98, 72, 61, 46, 67, 152, 72, 20, 9, 1, 0, 2, 5, 0], "x": [270, 285, 300, 315, 330, 345, 360, 375, 390, 405, 420, 435, 450, 465, 480, 495, 510, 525, 540, 555, 570, 585, 600, 615, 630, 645, 660, 675, 690, 705, 720, 735, 750, 765, 780, 795, 810, 825, 840]}, "percentile": {"y": [100.0, 100.0, 99.9, 99.9, 99.8, 99.8, 99.7, 99.7, 99.6, 99.5, 99.4, 99.4, 99.3, 99.3, 99.1, 99.1, 99.0, 98.8, 98.7, 98.6, 98.6, 98.5, 98.3, 98.2, 98.1, 98.0, 98.0, 97.9, 97.7, 97.5, 97.4, 97.3, 97.1, 97.0, 96.9, 96.7, 96.7, 96.4, 96.4, 96.3, 96.2, 96.2, 95.9, 95.7, 95.7, 95.6, 95.5, 95.4, 95.3, 95.1, 94.9, 94.8, 94.7, 94.6, 94.4, 94.3, 94.1, 93.8, 93.7, 93.6, 93.3, 93.3, 93.1, 92.9, 92.7, 92.3, 92.2, 92.0, 91.8, 91.5, 91.3, 91.2, 91.0, 90.9, 90.7, 90.5, 90.2, 89.9, 89.8, 89.7, 89.6, 89.4, 89.1, 88.8, 88.6, 88.5, 88.2, 88.1, 88.0, 87.8, 87.7, 87.3, 87.3, 87.0, 86.3, 86.0, 85.9, 85.7, 85.5, 85.4, 85.2, 84.9, 84.8, 84.5, 84.2, 84.1, 83.8, 83.5, 83.3, 83.1, 82.7, 82.5, 82.2, 81.9, 81.5, 81.2, 81.1, 80.8, 80.3, 80.0, 79.7, 79.3, 79.0, 78.9, 78.4, 78.0, 77.9, 77.6, 77.3, 77.2, 76.9, 76.7, 76.4, 75.9, 75.7, 75.6, 75.2, 75.1, 74.9, 74.3, 74.1, 73.8, 73.6, 73.1, 72.7, 72.5, 72.1, 71.6, 71.3, 70.9, 70.8, 70.2, 70.1, 69.9, 69.3, 68.9, 68.8, 68.4, 68.2, 67.8, 67.4, 67.2, 66.7, 66.2, 66.0, 65.6, 65.2, 65.0, 64.7, 64.3, 64.1, 63.3, 62.9, 62.6, 62.1, 61.5, 61.4, 61.0, 60.8, 60.5, 60.2, 59.9, 59.7, 59.3, 58.7, 58.3, 57.9, 57.5, 57.2, 56.8, 56.3, 56.1, 55.9, 55.6, 55.3, 54.9, 54.5, 54.2, 53.7, 53.3, 53.0, 52.9, 52.7, 52.1, 51.8, 51.6, 51.5, 51.1, 50.9, 50.8, 50.6, 50.4, 49.8, 49.7, 49.2, 48.7, 48.4, 48.0, 47.6, 47.5, 47.2, 46.9, 46.6, 46.3, 46.0, 45.8, 45.6, 45.4, 45.2, 44.9, 44.7, 44.3, 44.2, 44.0, 43.7, 43.2, 42.9, 42.7, 42.4, 42.0, 41.7, 41.5, 41.1, 40.7, 40.4, 40.2, 39.9, 39.4, 39.0, 38.6, 38.3, 38.2, 38.0, 37.9, 37.7, 37.3, 36.8, 36.7, 36.4, 36.1, 35.8, 35.3, 35.099999999999994, 34.8, 34.5, 34.099999999999994, 33.900000000000006, 33.7, 33.400000000000006, 33.0, 32.5, 32.099999999999994, 31.799999999999997, 31.700000000000003, 31.299999999999997, 31.099999999999994, 30.799999999999997, 30.299999999999997, 30.099999999999994, 29.900000000000006, 29.799999999999997, 29.599999999999994, 29.400000000000006, 29.299999999999997, 28.799999999999997, 28.599999999999994, 28.400000000000006, 28.299999999999997, 28.099999999999994, 27.599999999999994, 27.5, 27.400000000000006, 26.900000000000006, 26.799999999999997, 26.400000000000006, 26.400000000000006, 25.900000000000006, 25.5, 25.5, 25.0, 24.799999999999997, 24.400000000000006, 23.700000000000003, 23.5, 23.099999999999994, 23.0, 23.0, 22.799999999999997, 22.5, 21.900000000000006, 21.799999999999997, 21.5, 21.299999999999997, 21.200000000000003, 21.0, 20.700000000000003, 20.400000000000006, 20.299999999999997, 20.200000000000003, 19.900000000000006, 19.599999999999994, 19.400000000000006, 19.200000000000003, 18.799999999999997, 18.799999999999997, 18.700000000000003, 18.299999999999997, 18.0, 17.900000000000006, 17.700000000000003, 17.599999999999994, 17.400000000000006, 17.299999999999997, 17.0, 16.799999999999997, 16.599999999999994, 16.400000000000006, 16.299999999999997, 16.099999999999994, 16.099999999999994, 16.0, 15.900000000000006, 15.799999999999997, 15.599999999999994, 15.599999999999994, 15.400000000000006, 15.299999999999997, 15.200000000000003, 14.900000000000006, 14.900000000000006, 14.799999999999997, 14.5, 14.299999999999997, 13.900000000000006, 13.799999999999997, 13.400000000000006, 13.400000000000006, 13.200000000000003, 12.900000000000006, 12.700000000000003, 12.599999999999994, 12.299999999999997, 12.099999999999994, 11.0, 10.200000000000003, 9.799999999999997, 9.400000000000006, 8.799999999999997, 8.299999999999997, 7.799999999999997, 7.200000000000003, 6.700000000000003, 6.400000000000006, 5.700000000000003, 5.299999999999997, 5.299999999999997, 5.099999999999994, 5.099999999999994, 4.599999999999994, 4.599999999999994, 4.299999999999997, 4.200000000000003, 4.099999999999994, 3.299999999999997, 3.200000000000003, 2.799999999999997, 2.5, 2.4000000000000057, 2.200000000000003, 2.0999999999999943, 2.0, 1.9000000000000057, 1.7000000000000028, 1.7000000000000028, 1.5999999999999943, 1.5, 1.2999999999999972, 1.2999999999999972, 1.2000000000000028, 1.2000000000000028, 1.0999999999999943, 1.0, 1.0, 0.7999999999999972, 0.7000000000000028, 0.5999999999999943, 0.5999999999999943, 0.5, 0.5, 0.4000000000000057, 0.4000000000000057, 0.29999999999999716, 0.29999999999999716, 0.20000000000000284, 0.20000000000000284, 0.0], "x": [278, 306, 311, 312, 329, 331, 332, 333, 335, 342, 344, 345, 346, 350, 352, 353, 354, 358, 360, 364, 366, 367, 368, 369, 370, 371, 374, 377, 379, 381, 382, 383, 384, 385, 386, 388, 389, 390, 392, 393, 394, 396, 397, 399, 400, 401, 402, 403, 404, 405, 406, 407, 408, 409, 410, 411, 412, 413, 414, 415, 416, 417, 418, 419, 420, 421, 422, 423, 424, 425, 426, 427, 428, 429, 430, 431, 432, 433, 434, 435, 436, 437, 438, 439, 440, 441, 442, 443, 444, 445, 446, 447, 448, 449, 450, 451, 452, 453, 454, 455, 456, 457, 458, 459, 460, 461, 462, 463, 464, 465, 466, 467, 468, 469, 470, 471, 472, 473, 474, 475, 476, 477, 478, 479, 480, 481, 482, 483, 484, 485, 486, 487, 488, 489, 490, 491, 492, 493, 494, 495, 496, 497, 498, 499, 500, 501, 502, 503, 504, 505, 506, 507, 508, 509, 510, 511, 512, 513, 514, 515, 516, 517, 518, 519, 520, 521, 522, 523, 524, 525, 526, 527, 528, 529, 530, 531, 532, 533, 534, 535, 536, 537, 538, 539, 540, 541, 542, 543, 544, 545, 546, 547, 548, 549, 550, 551, 552, 553, 554, 555, 556, 557, 558, 559, 560, 561, 562, 563, 564, 565, 566, 567, 568, 569, 570, 571, 572, 573, 574, 575, 576, 577, 578, 579, 580, 581, 582, 583, 584, 585, 586, 587, 588, 589, 590, 591, 592, 593, 594, 595, 596, 597, 598, 599, 600, 601, 602, 603, 604, 605, 606, 607, 608, 609, 610, 611, 612, 613, 614, 615, 616, 617, 618, 619, 620, 621, 622, 623, 624, 625, 626, 627, 628, 629, 630, 631, 632, 633, 634, 635, 636, 637, 638, 639, 640, 641, 642, 643, 644, 645, 646, 647, 648, 649, 650, 651, 652, 653, 654, 655, 656, 657, 658, 659, 660, 661, 662, 663, 664, 665, 666, 667, 668, 669, 670, 671, 672, 673, 674, 675, 677, 678, 679, 680, 681, 682, 683, 684, 685, 686, 687, 688, 689, 690, 691, 692, 693, 694, 695, 696, 697, 698, 699, 700, 701, 702, 703, 704, 705, 706, 707, 708, 709, 710, 711, 712, 713, 714, 715, 716, 717, 718, 719, 720, 721, 722, 723, 724, 725, 726, 727, 728, 729, 730, 731, 732, 733, 734, 735, 736, 737, 738, 739, 740, 741, 742, 743, 744, 745, 746, 747, 748, 749, 750, 751, 752, 753, 754, 755, 756, 759, 760, 762, 764, 765, 766, 767, 770, 772, 774, 776, 780, 813, 821, 825, 829]}}