{"histogram": {"y": [2, 1, 8, 18, 26, 30, 32, 57, 58, 72, 93, 111, 129, 137, 160, 159, 183, 145, 179, 196, 169, 172, 179, 196, 167, 148, 132, 153, 111, 130, 123, 93, 262, 181, 68, 22, 4, 1, 3, 7, 0], "x": [240, 255, 270, 285, 300, 315, 330, 345, 360, 375, 390, 405, 420, 435, 450, 465, 480, 495, 510, 525, 540, 555, 570, 585, 600, 615, 630, 645, 660, 675, 690, 705, 720, 735, 750, 765, 780, 795, 810, 825, 840]}, "percentile": {"y": [100.0, 100.0, 100.0, 100.0, 99.9, 99.9, 99.8, 99.8, 99.7, 99.7, 99.7, 99.7, 99.6, 99.6, 99.5, 99.5, 99.4, 99.4, 99.4, 99.3, 99.3, 99.2, 99.1, 99.1, 99.0, 99.0, 99.0, 98.9, 98.7, 98.6, 98.6, 98.5, 98.5, 98.4, 98.3, 98.3, 98.2, 98.1, 98.1, 98.1, 98.0, 97.9, 97.9, 97.8, 97.8, 97.8, 97.7, 97.6, 97.5, 97.5, 97.5, 97.4, 97.3, 97.2, 97.1, 97.0, 96.9, 96.8, 96.7, 96.5, 96.4, 96.3, 96.2, 96.2, 96.1, 95.9, 95.9, 95.8, 95.7, 95.6, 95.5, 95.4, 95.2, 95.1, 95.0, 94.9, 94.9, 94.7, 94.7, 94.7, 94.6, 94.4, 94.3, 94.1, 94.1, 93.9, 93.8, 93.7, 93.6, 93.5, 93.4, 93.3, 93.1, 93.0, 92.9, 92.8, 92.7, 92.5, 92.4, 92.2, 92.1, 92.0, 91.8, 91.6, 91.4, 91.3, 91.1, 91.0, 90.8, 90.7, 90.6, 90.4, 90.3, 90.1, 89.9, 89.8, 89.6, 89.5, 89.4, 89.2, 89.0, 88.8, 88.7, 88.5, 88.2, 88.0, 87.7, 87.5, 87.3, 87.1, 86.9, 86.7, 86.5, 86.3, 86.1, 85.7, 85.5, 85.4, 85.2, 84.9, 84.8, 84.6, 84.4, 84.3, 84.1, 83.9, 83.8, 83.5, 83.4, 83.1, 82.9, 82.7, 82.4, 82.3, 81.8, 81.5, 81.2, 81.0, 80.8, 80.6, 80.3, 80.1, 79.6, 79.4, 79.1, 78.9, 78.7, 78.4, 78.2, 77.9, 77.6, 77.4, 77.1, 76.9, 76.6, 76.3, 76.1, 75.7, 75.4, 75.1, 75.0, 74.8, 74.5, 74.3, 74.0, 73.8, 73.5, 73.1, 72.9, 72.7, 72.3, 71.9, 71.6, 71.4, 71.0, 70.8, 70.5, 70.2, 69.8, 69.4, 69.3, 69.0, 68.9, 68.6, 68.4, 68.2, 68.0, 67.7, 67.5, 67.3, 67.1, 66.6, 66.4, 66.3, 66.0, 65.8, 65.5, 65.2, 64.8, 64.4, 64.0, 63.8, 63.5, 63.3, 63.0, 62.8, 62.7, 62.3, 62.0, 61.8, 61.5, 61.2, 60.7, 60.5, 60.1, 59.9, 59.7, 59.3, 59.0, 58.6, 58.3, 58.0, 57.5, 57.2, 56.9, 56.6, 56.4, 56.1, 55.8, 55.6, 55.3, 55.2, 54.9, 54.7, 54.5, 54.2, 53.9, 53.5, 53.3, 53.0, 52.5, 52.3, 52.0, 51.7, 51.5, 51.3, 51.0, 50.7, 50.3, 50.0, 49.6, 49.3, 49.2, 48.9, 48.6, 48.3, 48.1, 47.8, 47.6, 47.4, 47.1, 46.8, 46.5, 46.1, 45.8, 45.4, 45.2, 44.9, 44.6, 44.2, 43.9, 43.8, 43.3, 43.1, 42.7, 42.5, 42.1, 41.7, 41.5, 41.2, 40.8, 40.6, 40.3, 39.9, 39.7, 39.4, 39.0, 38.7, 38.5, 38.1, 37.9, 37.6, 37.2, 36.9, 36.6, 36.4, 36.2, 35.900000000000006, 35.5, 35.3, 35.2, 35.0, 34.7, 34.5, 34.400000000000006, 34.2, 33.900000000000006, 33.599999999999994, 33.400000000000006, 33.099999999999994, 32.900000000000006, 32.7, 32.400000000000006, 32.099999999999994, 31.900000000000006, 31.700000000000003, 31.400000000000006, 30.900000000000006, 30.799999999999997, 30.599999999999994, 30.400000000000006, 30.299999999999997, 30.200000000000003, 30.0, 29.799999999999997, 29.599999999999994, 29.299999999999997, 28.900000000000006, 28.799999999999997, 28.599999999999994, 28.5, 28.200000000000003, 27.900000000000006, 27.700000000000003, 27.5, 27.0, 26.900000000000006, 26.5, 26.200000000000003, 26.0, 25.900000000000006, 25.700000000000003, 25.299999999999997, 25.200000000000003, 25.0, 24.700000000000003, 24.400000000000006, 24.200000000000003, 24.0, 23.700000000000003, 23.400000000000006, 23.200000000000003, 22.900000000000006, 22.799999999999997, 22.700000000000003, 22.5, 22.400000000000006, 22.299999999999997, 22.200000000000003, 22.0, 21.900000000000006, 21.700000000000003, 21.400000000000006, 21.299999999999997, 21.099999999999994, 20.900000000000006, 20.799999999999997, 20.5, 20.299999999999997, 20.099999999999994, 19.900000000000006, 19.700000000000003, 19.400000000000006, 19.200000000000003, 19.0, 18.799999999999997, 18.599999999999994, 18.099999999999994, 18.0, 17.900000000000006, 17.599999999999994, 17.5, 17.299999999999997, 17.099999999999994, 17.0, 16.799999999999997, 16.5, 16.200000000000003, 16.0, 15.799999999999997, 15.700000000000003, 15.599999999999994, 15.400000000000006, 15.299999999999997, 15.299999999999997, 15.200000000000003, 15.099999999999994, 14.900000000000006, 14.799999999999997, 14.700000000000003, 14.5, 14.400000000000006, 14.299999999999997, 14.099999999999994, 13.799999999999997, 13.599999999999994, 13.299999999999997, 12.799999999999997, 12.400000000000006, 11.900000000000006, 11.400000000000006, 11.0, 10.5, 10.0, 9.5, 9.0, 8.700000000000003, 8.099999999999994, 7.900000000000006, 7.599999999999994, 7.200000000000003, 7.0, 6.599999999999994, 6.299999999999997, 6.099999999999994, 5.900000000000006, 5.599999999999994, 4.700000000000003, 4.400000000000006, 4.099999999999994, 4.0, 3.799999999999997, 3.5, 3.200000000000003, 2.9000000000000057, 2.700000000000003, 2.5999999999999943, 2.5, 2.4000000000000057, 2.200000000000003, 2.0999999999999943, 2.0, 1.9000000000000057, 1.9000000000000057, 1.7999999999999972, 1.4000000000000057, 1.2999999999999972, 1.2000000000000028, 1.0999999999999943, 1.0999999999999943, 1.0, 0.9000000000000057, 0.9000000000000057, 0.7000000000000028, 0.5999999999999943, 0.5999999999999943, 0.5999999999999943, 0.5, 0.5, 0.5, 0.4000000000000057, 0.4000000000000057, 0.4000000000000057, 0.29999999999999716, 0.29999999999999716, 0.29999999999999716, 0.29999999999999716, 0.20000000000000284, 0.20000000000000284, 0.09999999999999432, 0.0], "x": [245, 252, 261, 271, 276, 278, 279, 284, 285, 286, 288, 289, 290, 291, 293, 294, 295, 296, 298, 299, 300, 303, 304, 305, 306, 308, 311, 312, 314, 316, 317, 319, 321, 322, 323, 324, 325, 326, 327, 328, 329, 330, 331, 332, 333, 334, 335, 336, 337, 338, 340, 342, 343, 344, 345, 346, 347, 348, 349, 350, 351, 352, 353, 354, 355, 357, 358, 359, 360, 361, 362, 364, 365, 366, 367, 368, 369, 370, 371, 372, 373, 374, 375, 376, 377, 378, 379, 380, 381, 382, 383, 384, 385, 386, 387, 388, 389, 390, 391, 392, 393, 394, 395, 396, 397, 398, 399, 400, 401, 402, 403, 404, 405, 406, 407, 408, 409, 410, 411, 412, 413, 414, 415, 416, 417, 418, 419, 420, 421, 422, 423, 424, 425, 426, 427, 428, 429, 430, 431, 432, 433, 434, 435, 436, 437, 438, 439, 440, 441, 442, 443, 444, 445, 446, 447, 448, 449, 450, 451, 452, 453, 454, 455, 456, 457, 458, 459, 460, 461, 462, 463, 464, 465, 466, 467, 468, 469, 470, 471, 472, 473, 474, 475, 476, 477, 478, 479, 480, 481, 482, 483, 484, 485, 486, 487, 488, 489, 490, 491, 492, 493, 494, 495, 496, 497, 498, 499, 500, 501, 502, 503, 504, 505, 506, 507, 508, 509, 510, 511, 512, 513, 514, 515, 516, 517, 518, 519, 520, 521, 522, 523, 524, 525, 526, 527, 528, 529, 530, 531, 532, 533, 534, 535, 536, 537, 538, 539, 540, 541, 542, 543, 544, 545, 546, 547, 548, 549, 550, 551, 552, 553, 554, 555, 556, 557, 558, 559, 560, 561, 562, 563, 564, 565, 566, 567, 568, 569, 570, 571, 572, 573, 574, 575, 576, 577, 578, 579, 580, 581, 582, 583, 584, 585, 586, 587, 588, 589, 590, 591, 592, 593, 594, 595, 596, 597, 598, 599, 600, 601, 602, 603, 604, 605, 606, 607, 608, 609, 610, 611, 612, 613, 614, 615, 616, 617, 618, 619, 620, 621, 622, 623, 624, 625, 626, 627, 628, 629, 630, 631, 632, 633, 634, 635, 636, 637, 638, 639, 640, 641, 642, 643, 644, 645, 646, 647, 648, 649, 650, 651, 652, 653, 654, 655, 656, 657, 658, 659, 660, 661, 662, 663, 664, 665, 666, 667, 668, 669, 670, 671, 672, 673, 674, 675, 676, 677, 678, 679, 680, 681, 682, 683, 684, 685, 686, 687, 688, 689, 690, 691, 692, 693, 694, 695, 696, 697, 698, 699, 700, 701, 702, 703, 704, 705, 706, 707, 708, 709, 710, 711, 712, 713, 714, 715, 716, 717, 718, 719, 720, 721, 722, 723, 724, 725, 726, 727, 728, 729, 730, 731, 732, 733, 734, 735, 736, 737, 738, 739, 740, 741, 742, 743, 744, 745, 746, 747, 748, 749, 750, 751, 752, 753, 754, 755, 756, 757, 758, 759, 760, 761, 762, 763, 764, 765, 766, 767, 768, 769, 770, 771, 772, 774, 776, 785, 786, 787, 788, 797, 821, 824, 828, 829]}}