{"histogram": {"y": [1, 3, 1, 1, 0, 1, 2, 2, 1, 2, 3, 5, 3, 7, 2, 6, 4, 4, 7, 1, 7, 4, 7, 4, 1, 1, 5, 5, 4, 1, 4, 5, 2, 2, 0], "x": [255, 270, 285, 300, 315, 330, 345, 360, 375, 390, 405, 420, 435, 450, 465, 480, 495, 510, 525, 540, 555, 570, 585, 600, 615, 630, 645, 660, 675, 690, 705, 720, 735, 750, 765]}, "percentile": {"y": [99.1, 98.2, 97.2, 96.3, 95.4, 94.4, 93.5, 91.6, 90.7, 89.8, 88.8, 87.9, 87.0, 85.1, 84.2, 82.3, 81.4, 80.4, 79.5, 78.6, 77.6, 76.7, 75.8, 73.9, 72.9, 71.1, 70.1, 69.2, 68.3, 67.3, 66.4, 65.5, 64.5, 63.6, 62.7, 60.8, 59.9, 58.9, 58.0, 57.1, 56.1, 55.2, 53.3, 52.4, 51.5, 50.5, 49.6, 48.6, 47.7, 46.8, 45.8, 44.9, 44.0, 43.0, 42.1, 41.2, 40.2, 39.3, 38.4, 37.4, 35.599999999999994, 34.599999999999994, 32.8, 31.799999999999997, 30.900000000000006, 30.0, 29.0, 28.099999999999994, 27.200000000000003, 26.200000000000003, 25.299999999999997, 24.299999999999997, 23.400000000000006, 22.5, 21.5, 20.599999999999994, 18.700000000000003, 17.799999999999997, 16.900000000000006, 15.900000000000006, 15.0, 14.099999999999994, 12.200000000000003, 11.299999999999997, 10.299999999999997, 9.400000000000006, 8.5, 7.5, 6.599999999999994, 5.700000000000003, 4.700000000000003, 3.799999999999997, 2.9000000000000057, 1.9000000000000057, 1.0, 0.0, -0.9000000000000057], "x": [263, 272, 275, 283, 293, 311, 344, 347, 368, 373, 389, 390, 399, 414, 416, 420, 424, 426, 427, 440, 445, 446, 450, 454, 456, 459, 463, 466, 474, 480, 482, 483, 485, 491, 493, 495, 497, 502, 510, 514, 516, 524, 527, 528, 532, 533, 536, 539, 543, 555, 557, 559, 563, 565, 568, 569, 573, 574, 579, 584, 586, 587, 588, 593, 594, 601, 606, 608, 612, 618, 631, 647, 648, 650, 657, 659, 660, 665, 669, 671, 680, 683, 684, 690, 707, 710, 711, 718, 720, 722, 724, 730, 734, 741, 744, 755, 757]}}