{"percentile": {"y": [99.7, 99.3, 98.9, 98.5, 98.2, 97.8, 97.4, 97.0, 96.7, 96.3, 95.9, 95.5, 95.1, 94.4, 94.0, 93.6, 93.3, 92.5, 92.1, 91.7, 91.0, 90.2, 89.9, 89.1, 88.0, 87.6, 87.2, 86.8, 86.1, 85.0, 84.2, 83.1, 81.9, 81.6, 80.4, 79.3, 78.9, 78.2, 77.8, 77.4, 77.0, 76.7, 75.9, 75.5, 75.1, 74.8, 74.0, 72.1, 71.4, 69.9, 69.5, 68.7, 68.4, 66.5, 65.7, 65.0, 64.2, 63.1, 62.3, 61.9, 60.8, 60.4, 59.7, 59.3, 58.5, 57.8, 57.4, 56.3, 55.9, 55.1, 54.0, 52.9, 52.1, 51.7, 51.4, 51.0, 49.9, 49.5, 48.7, 47.6, 46.8, 45.7, 44.6, 41.6, 41.2, 40.0, 39.3, 37.8, 37.0, 36.3, 34.8, 33.3, 32.900000000000006, 32.099999999999994, 30.200000000000003, 28.700000000000003, 28.400000000000006, 28.0, 25.700000000000003, 25.0, 24.200000000000003, 23.400000000000006, 22.299999999999997, 21.200000000000003, 20.799999999999997, 20.0, 19.299999999999997, 18.900000000000006, 18.200000000000003, 17.400000000000006, 16.700000000000003, 16.299999999999997, 15.900000000000006, 15.5, 14.799999999999997, 12.900000000000006, 12.5, 12.099999999999994, 11.700000000000003, 11.0, 10.599999999999994, 10.200000000000003, 9.900000000000006, 9.5, 9.099999999999994, 8.400000000000006, 8.0, 7.200000000000003, 6.799999999999997, 6.5, 6.099999999999994, 5.700000000000003, 5.299999999999997, 4.599999999999994, 4.200000000000003, 3.799999999999997, 3.4000000000000057, 2.700000000000003, 2.299999999999997, 1.9000000000000057, 1.5999999999999943, 1.2000000000000028, 0.7999999999999972, 0.4000000000000057, 0.0, -0.29999999999999716], "x": [251, 275, 286, 289, 296, 297, 298, 300, 302, 307, 310, 312, 318, 319, 320, 321, 323, 324, 325, 327, 328, 329, 330, 331, 332, 333, 334, 335, 337, 338, 339, 340, 341, 343, 344, 345, 346, 347, 348, 350, 351, 352, 353, 354, 355, 356, 357, 358, 360, 361, 362, 364, 365, 367, 368, 371, 372, 373, 374, 375, 376, 377, 378, 380, 381, 382, 383, 384, 385, 386, 387, 388, 389, 390, 391, 392, 393, 394, 395, 396, 397, 398, 399, 400, 401, 403, 404, 405, 406, 407, 408, 409, 410, 411, 412, 413, 414, 415, 417, 418, 419, 421, 423, 424, 426, 428, 429, 430, 431, 433, 434, 435, 437, 438, 439, 440, 441, 442, 443, 444, 445, 446, 447, 448, 450, 451, 452, 454, 456, 458, 459, 461, 463, 465, 468, 469, 472, 475, 479, 483, 487, 491, 495, 499, 503, 521]}, "histogram": {"y": [1, 0, 1, 5, 5, 14, 26, 22, 26, 27, 34, 40, 20, 19, 11, 8, 3, 3, 1, 0, 0], "x": [240, 255, 270, 285, 300, 315, 330, 345, 360, 375, 390, 405, 420, 435, 450, 465, 480, 495, 510, 525, 540]}}