{"percentile": {"x": [356, 363, 366, 396, 408, 410, 413, 414, 416, 422, 426, 427, 435, 438, 439, 442, 450, 453, 457, 458, 459, 460, 462, 469, 470, 473, 475, 479, 481, 482, 484, 486, 487, 488, 490, 491, 493, 494, 496, 497, 499, 500, 501, 503, 504, 505, 506, 507, 510, 511, 513, 514, 516, 517, 521, 522, 524, 525, 526, 527, 529, 531, 532, 533, 535, 538, 540, 541, 543, 544, 545, 546, 548, 549, 552, 553, 555, 556, 558, 560, 561, 562, 565, 566, 567, 568, 569, 570, 572, 573, 575, 576, 577, 579, 580, 581, 582, 583, 585, 587, 588, 589, 590, 591, 592, 598, 599, 600, 601, 603, 604, 605, 606, 607, 608, 610, 611, 612, 613, 614, 616, 617, 621, 624, 625, 626, 627, 628, 630, 632, 638, 639, 641, 642, 645, 646, 647, 650, 651, 652, 655, 656, 657, 658, 659, 660, 661, 662, 665, 667, 669, 670, 674, 675, 679, 680, 684, 685, 687, 690, 693, 696, 698, 700, 701, 702, 705, 706, 707, 708, 710, 713, 716, 720, 721, 722, 723, 724, 725, 726, 727, 728, 729, 730, 733, 735, 737, 738, 740, 743, 744, 745, 747, 749, 753, 755, 759, 761, 771, 781, 829], "y": [99.7, 99.4, 99.0, 98.7, 98.4, 98.0, 97.7, 97.4, 97.0, 96.4, 95.7, 95.4, 95.0, 94.7, 94.3, 93.7, 93.3, 93.0, 92.7, 92.3, 92.0, 91.0, 90.7, 90.3, 89.6, 89.3, 89.0, 88.6, 88.3, 88.0, 87.6, 87.3, 87.0, 86.3, 86.0, 85.6, 85.3, 84.6, 84.3, 83.3, 82.9, 82.6, 81.9, 81.3, 80.3, 79.6, 79.2, 78.9, 78.2, 77.9, 77.2, 76.2, 75.9, 75.6, 75.2, 74.9, 74.5, 74.2, 73.5, 72.9, 72.2, 71.9, 71.5, 70.9, 70.2, 69.8, 69.2, 68.8, 68.5, 68.2, 67.5, 66.8, 66.5, 66.2, 65.8, 65.5, 65.2, 64.1, 63.8, 63.5, 62.5, 61.8, 61.5, 61.1, 60.8, 60.1, 59.8, 59.1, 58.8, 58.1, 57.1, 56.4, 56.1, 55.4, 54.7, 54.4, 54.1, 53.7, 53.1, 52.4, 51.7, 50.4, 50.0, 49.7, 49.4, 48.7, 48.4, 47.7, 47.4, 46.7, 46.0, 45.4, 44.7, 44.3, 43.3, 42.7, 42.3, 41.7, 41.0, 40.7, 40.3, 40.0, 39.6, 39.3, 38.3, 38.0, 37.0, 36.3, 36.0, 35.3, 34.900000000000006, 33.900000000000006, 33.599999999999994, 33.3, 32.599999999999994, 32.3, 31.900000000000006, 31.599999999999994, 31.299999999999997, 30.299999999999997, 29.900000000000006, 28.900000000000006, 27.900000000000006, 27.200000000000003, 26.900000000000006, 26.200000000000003, 25.599999999999994, 25.200000000000003, 24.900000000000006, 24.200000000000003, 23.900000000000006, 23.5, 22.900000000000006, 22.5, 22.200000000000003, 21.5, 21.200000000000003, 20.900000000000006, 20.5, 19.200000000000003, 18.799999999999997, 18.5, 17.799999999999997, 17.200000000000003, 16.5, 16.200000000000003, 15.799999999999997, 15.5, 15.200000000000003, 14.799999999999997, 14.5, 14.099999999999994, 13.799999999999997, 13.5, 12.5, 12.099999999999994, 11.099999999999994, 10.799999999999997, 10.099999999999994, 9.799999999999997, 8.799999999999997, 8.400000000000006, 7.799999999999997, 7.099999999999994, 6.400000000000006, 5.799999999999997, 5.400000000000006, 5.099999999999994, 4.700000000000003, 3.4000000000000057, 3.0999999999999943, 2.700000000000003, 2.4000000000000057, 2.0999999999999943, 1.7000000000000028, 1.4000000000000057, 1.0999999999999943, 0.7000000000000028, 0.4000000000000057, 0.0, -0.29999999999999716]}, "histogram": {"x": [345, 360, 375, 390, 405, 420, 435, 450, 465, 480, 495, 510, 525, 540, 555, 570, 585, 600, 615, 630, 645, 660, 675, 690, 705, 720, 735, 750, 765, 780, 795, 810, 825, 840], "y": [1, 2, 0, 1, 5, 5, 5, 9, 6, 12, 17, 13, 14, 13, 17, 18, 16, 23, 13, 9, 19, 12, 7, 13, 7, 22, 13, 4, 1, 1, 0, 0, 1, 0]}}