{"percentile": {"y": [98.7, 97.4, 96.1, 94.8, 92.2, 90.8, 89.5, 88.2, 86.9, 85.6, 84.3, 82.9, 81.6, 80.3, 79.0, 77.7, 76.4, 73.7, 72.4, 71.1, 69.8, 68.5, 67.2, 65.8, 64.5, 63.2, 61.9, 60.6, 59.3, 57.9, 56.6, 55.3, 54.0, 52.7, 51.4, 50.0, 46.1, 44.8, 43.5, 42.2, 40.8, 39.5, 38.2, 36.9, 35.599999999999994, 34.3, 32.900000000000006, 31.599999999999994, 30.299999999999997, 29.0, 27.700000000000003, 26.400000000000006, 22.400000000000006, 21.099999999999994, 18.5, 14.5, 13.200000000000003, 9.299999999999997, 7.900000000000006, 6.599999999999994, 5.299999999999997, 4.0, 2.700000000000003, 1.4000000000000057, 0.0, -1.2999999999999972], "x": [319, 380, 404, 405, 430, 432, 434, 438, 461, 465, 470, 476, 497, 501, 504, 508, 510, 518, 523, 526, 533, 535, 544, 554, 565, 571, 576, 577, 578, 584, 589, 591, 598, 613, 615, 623, 624, 631, 640, 656, 660, 667, 675, 676, 680, 685, 690, 691, 696, 702, 709, 711, 720, 723, 724, 728, 729, 730, 735, 740, 744, 749, 754, 764, 766, 779]}, "histogram": {"y": [1, 0, 0, 0, 1, 1, 1, 4, 1, 1, 3, 0, 4, 4, 3, 2, 1, 5, 3, 1, 5, 2, 1, 2, 4, 4, 2, 13, 4, 2, 2, 0, 0], "x": [315, 330, 345, 360, 375, 390, 405, 420, 435, 450, 465, 480, 495, 510, 525, 540, 555, 570, 585, 600, 615, 630, 645, 660, 675, 690, 705, 720, 735, 750, 765, 780, 795]}}