{"percentile": {"x": [393, 433, 435, 437, 444, 521, 537, 606, 623, 628, 633, 661, 667, 675, 707, 721, 734, 737, 747], "y": [94.8, 89.5, 84.3, 79.0, 73.7, 68.5, 63.2, 57.9, 52.7, 47.4, 36.9, 31.599999999999994, 26.400000000000006, 21.099999999999994, 15.799999999999997, 10.599999999999994, 5.299999999999997, 0.0, -5.200000000000003]}, "histogram": {"x": [390, 405, 420, 435, 450, 465, 480, 495, 510, 525, 540, 555, 570, 585, 600, 615, 630, 645, 660, 675, 690, 705, 720, 735, 750, 765], "y": [1, 0, 1, 3, 0, 0, 0, 0, 1, 1, 0, 0, 0, 0, 1, 2, 2, 0, 2, 1, 0, 1, 2, 2, 0, 0]}}