{"percentile": {"y": [98.5, 97.0, 93.9, 92.4, 90.8, 89.3, 87.7, 86.2, 84.7, 83.1, 81.6, 80.0, 78.5, 75.4, 73.9, 72.4, 70.8, 69.3, 67.7, 66.2, 64.7, 63.1, 61.6, 60.0, 58.5, 57.0, 55.4, 52.4, 50.8, 49.3, 46.2, 44.7, 43.1, 41.6, 40.0, 38.5, 37.0, 35.400000000000006, 33.900000000000006, 32.400000000000006, 29.299999999999997, 27.700000000000003, 26.200000000000003, 24.700000000000003, 23.099999999999994, 21.599999999999994, 18.5, 17.0, 15.400000000000006, 13.900000000000006, 12.400000000000006, 10.799999999999997, 9.299999999999997, 7.700000000000003, 6.200000000000003, 4.700000000000003, 3.0999999999999943, 1.5999999999999943, 0.0, -1.5], "x": [327, 340, 352, 371, 406, 422, 433, 436, 458, 461, 475, 482, 498, 504, 516, 517, 524, 538, 542, 546, 547, 552, 553, 565, 569, 575, 578, 584, 585, 588, 599, 602, 607, 614, 624, 625, 646, 659, 665, 682, 685, 695, 697, 700, 710, 713, 716, 720, 721, 723, 729, 730, 737, 738, 745, 747, 749, 755, 767, 829]}, "histogram": {"y": [1, 1, 2, 1, 0, 0, 1, 2, 1, 2, 1, 1, 3, 3, 1, 5, 2, 4, 4, 3, 2, 0, 2, 1, 3, 3, 4, 5, 5, 1, 1, 0, 0, 0, 1, 0], "x": [315, 330, 345, 360, 375, 390, 405, 420, 435, 450, 465, 480, 495, 510, 525, 540, 555, 570, 585, 600, 615, 630, 645, 660, 675, 690, 705, 720, 735, 750, 765, 780, 795, 810, 825, 840]}}