{"histogram": {"y": [1, 0, 0, 0, 1, 1, 0, 2, 0, 3, 3, 2, 4, 2, 3, 6, 4, 3, 1, 0, 3, 2, 1, 6, 5, 2, 2, 2, 2, 1, 1, 0], "x": [300, 315, 330, 345, 360, 375, 390, 405, 420, 435, 450, 465, 480, 495, 510, 525, 540, 555, 570, 585, 600, 615, 630, 645, 660, 675, 690, 705, 720, 735, 750, 765]}, "percentile": {"y": [98.4, 96.8, 95.2, 93.6, 92.0, 90.4, 88.8, 87.1, 83.9, 82.3, 80.7, 79.1, 77.5, 75.9, 72.6, 71.0, 69.4, 67.8, 66.2, 64.6, 63.0, 61.3, 59.7, 58.1, 56.5, 54.9, 53.3, 51.7, 50.0, 48.4, 46.8, 45.2, 43.6, 42.0, 40.4, 38.8, 37.1, 35.5, 33.900000000000006, 32.3, 27.5, 25.900000000000006, 24.200000000000003, 22.599999999999994, 21.0, 19.400000000000006, 17.799999999999997, 16.200000000000003, 14.599999999999994, 11.299999999999997, 9.700000000000003, 8.099999999999994, 6.5, 4.900000000000006, 3.299999999999997, 1.7000000000000028, 0.0, -1.5999999999999943], "x": [305, 365, 388, 406, 412, 440, 443, 444, 455, 456, 472, 479, 484, 488, 492, 506, 509, 511, 517, 523, 528, 530, 531, 532, 537, 538, 540, 543, 547, 554, 556, 566, 568, 582, 601, 604, 610, 616, 629, 639, 650, 652, 654, 658, 660, 661, 667, 668, 669, 683, 692, 703, 705, 716, 725, 732, 743, 753]}}