{"percentile": {"x": [247, 279, 332, 341, 357, 366, 368, 375, 381, 392, 397, 404, 410, 419, 421, 442, 453, 466, 470, 474, 484, 490, 520, 532, 538, 550, 558, 560, 573, 576, 581, 583, 603, 604, 605, 615, 616, 625, 630, 632, 640, 650, 669, 674, 690, 697, 733, 738, 745, 747, 788, 800], "y": [98.2, 96.3, 94.4, 92.5, 90.6, 88.7, 86.8, 85.0, 83.1, 81.2, 79.3, 77.4, 75.5, 73.6, 69.9, 68.0, 66.1, 64.2, 62.3, 60.4, 58.5, 54.8, 52.9, 51.0, 49.1, 47.2, 45.3, 43.4, 41.6, 39.7, 37.8, 35.900000000000006, 34.0, 32.099999999999994, 30.200000000000003, 28.400000000000006, 26.5, 24.599999999999994, 22.700000000000003, 20.799999999999997, 18.900000000000006, 17.0, 15.099999999999994, 13.299999999999997, 11.400000000000006, 9.5, 7.599999999999994, 5.700000000000003, 3.799999999999997, 1.9000000000000057, 0.0, -1.7999999999999972]}, "histogram": {"x": [240, 255, 270, 285, 300, 315, 330, 345, 360, 375, 390, 405, 420, 435, 450, 465, 480, 495, 510, 525, 540, 555, 570, 585, 600, 615, 630, 645, 660, 675, 690, 705, 720, 735, 750, 765, 780, 795, 810], "y": [1, 0, 1, 0, 0, 0, 2, 1, 2, 2, 3, 2, 2, 1, 1, 3, 3, 0, 1, 2, 1, 2, 4, 0, 3, 3, 3, 1, 2, 0, 2, 0, 1, 3, 0, 0, 1, 1, 0]}}