{"percentile": {"x": [371, 390, 410, 428, 434, 435, 445, 450, 451, 455, 456, 468, 475, 476, 478, 481, 483, 484, 489, 491, 492, 493, 495, 498, 499, 504, 505, 508, 510, 525, 526, 528, 531, 538, 544, 545, 550, 551, 552, 555, 556, 557, 560, 565, 566, 568, 576, 580, 582, 583, 586, 587, 590, 591, 592, 593, 594, 596, 599, 600, 601, 605, 607, 609, 610, 613, 614, 619, 620, 621, 622, 623, 625, 632, 636, 641, 647, 651, 652, 653, 654, 655, 660, 662, 663, 665, 668, 669, 670, 672, 674, 675, 678, 685, 692, 694, 698, 704, 710, 715, 717, 718, 720, 721, 722, 723, 724, 725, 728, 729, 730, 732, 733, 735, 736, 740, 744, 745, 747, 750, 754, 767, 781, 788], "y": [99.4, 98.1, 97.5, 96.8, 96.2, 95.5, 94.9, 94.2, 93.6, 92.3, 91.7, 90.4, 89.7, 89.1, 88.4, 87.8, 87.1, 86.5, 85.9, 85.2, 84.6, 83.3, 82.6, 81.3, 80.7, 80.0, 79.4, 78.8, 78.1, 77.5, 76.8, 75.5, 74.9, 74.2, 73.6, 73.0, 72.3, 71.7, 69.7, 69.1, 68.4, 67.8, 67.1, 66.5, 65.9, 64.6, 63.9, 63.3, 62.0, 61.3, 59.4, 58.8, 58.1, 57.5, 56.8, 56.2, 54.2, 53.6, 53.0, 52.3, 51.0, 49.7, 49.1, 48.4, 47.1, 46.5, 45.9, 45.2, 44.6, 43.9, 42.6, 42.0, 41.3, 40.7, 40.0, 39.4, 38.8, 38.1, 37.5, 36.2, 34.900000000000006, 33.599999999999994, 33.0, 31.700000000000003, 31.0, 30.400000000000006, 29.700000000000003, 29.099999999999994, 28.400000000000006, 27.799999999999997, 27.099999999999994, 26.5, 25.200000000000003, 24.599999999999994, 23.900000000000006, 23.299999999999997, 22.599999999999994, 22.0, 21.299999999999997, 20.700000000000003, 20.0, 19.400000000000006, 17.5, 16.799999999999997, 16.200000000000003, 15.5, 14.900000000000006, 14.200000000000003, 13.0, 11.700000000000003, 10.400000000000006, 9.700000000000003, 8.400000000000006, 7.799999999999997, 7.099999999999994, 4.599999999999994, 3.9000000000000057, 3.299999999999997, 2.5999999999999943, 2.0, 1.2999999999999972, 0.7000000000000028, 0.0, -0.5999999999999943]}, "histogram": {"x": [360, 375, 390, 405, 420, 435, 450, 465, 480, 495, 510, 525, 540, 555, 570, 585, 600, 615, 630, 645, 660, 675, 690, 705, 720, 735, 750, 765, 780, 795], "y": [1, 0, 2, 1, 2, 2, 5, 5, 8, 7, 1, 6, 7, 8, 5, 13, 11, 7, 3, 9, 10, 4, 4, 4, 17, 9, 2, 1, 2, 0]}}