{"percentile": {"x": [306, 351, 354, 362, 367, 370, 373, 375, 385, 386, 390, 392, 395, 397, 402, 404, 405, 407, 410, 413, 414, 416, 417, 418, 419, 420, 422, 423, 425, 428, 429, 430, 431, 432, 433, 435, 437, 439, 440, 443, 444, 445, 448, 449, 450, 451, 452, 453, 454, 455, 457, 459, 460, 462, 463, 464, 465, 466, 467, 468, 470, 471, 472, 473, 474, 475, 476, 477, 478, 479, 480, 482, 483, 484, 485, 486, 487, 488, 489, 490, 491, 492, 493, 495, 497, 499, 500, 501, 502, 505, 506, 507, 508, 511, 512, 513, 514, 517, 518, 519, 520, 521, 522, 524, 525, 526, 527, 528, 529, 531, 532, 533, 534, 535, 536, 537, 538, 539, 540, 541, 542, 543, 545, 546, 547, 548, 549, 550, 551, 552, 553, 554, 555, 556, 557, 558, 559, 560, 561, 562, 566, 568, 571, 572, 573, 574, 575, 578, 579, 580, 581, 582, 583, 585, 586, 587, 589, 590, 591, 592, 595, 596, 597, 598, 599, 600, 601, 602, 603, 604, 605, 607, 608, 609, 610, 611, 612, 613, 615, 617, 618, 619, 620, 621, 622, 623, 624, 625, 628, 629, 630, 631, 632, 634, 638, 639, 640, 643, 645, 647, 650, 651, 652, 653, 654, 655, 656, 658, 660, 662, 663, 666, 667, 668, 669, 670, 671, 672, 674, 675, 677, 678, 679, 680, 681, 682, 683, 685, 686, 687, 688, 690, 692, 694, 695, 696, 698, 700, 701, 703, 705, 707, 711, 716, 717, 719, 720, 724, 725, 726, 727, 728, 730, 731, 732, 735, 739, 740, 743, 744, 745, 748, 766, 774], "y": [99.8, 99.6, 99.4, 99.2, 99.0, 98.8, 98.6, 98.4, 98.0, 97.8, 97.6, 97.4, 97.2, 97.0, 96.8, 96.6, 96.3, 95.9, 95.7, 95.3, 95.1, 94.7, 94.5, 94.3, 93.9, 93.7, 93.5, 93.3, 92.8, 92.4, 92.2, 92.0, 91.8, 91.6, 91.4, 91.2, 90.8, 90.6, 90.4, 90.0, 89.8, 89.6, 89.4, 89.1, 88.7, 88.3, 87.9, 87.7, 87.5, 87.3, 86.9, 86.7, 86.3, 86.1, 85.9, 85.2, 85.0, 84.8, 84.6, 84.4, 83.6, 83.4, 83.0, 82.6, 82.4, 82.1, 81.9, 81.7, 80.9, 80.5, 80.1, 79.9, 79.3, 79.1, 78.2, 77.8, 77.6, 77.2, 76.8, 76.6, 76.2, 75.4, 74.9, 74.3, 73.9, 73.7, 73.5, 73.3, 72.7, 71.9, 71.4, 71.2, 71.0, 70.6, 70.2, 69.8, 69.2, 68.4, 68.2, 68.0, 67.1, 66.7, 65.7, 65.1, 64.7, 63.8, 63.6, 63.4, 62.8, 62.6, 62.0, 61.6, 61.2, 60.1, 59.9, 59.5, 59.1, 58.7, 57.7, 57.5, 56.8, 56.6, 56.4, 55.4, 55.0, 54.8, 54.6, 54.2, 54.0, 53.5, 53.3, 52.9, 52.5, 52.3, 51.3, 51.1, 50.5, 50.3, 49.6, 49.0, 48.6, 47.8, 47.6, 47.2, 46.8, 46.6, 46.3, 46.1, 45.7, 44.9, 44.3, 43.9, 43.7, 43.1, 42.4, 42.2, 41.6, 41.0, 40.8, 40.2, 40.0, 39.1, 38.9, 38.3, 38.1, 37.7, 37.3, 36.5, 35.900000000000006, 35.400000000000006, 35.0, 34.8, 34.2, 33.8, 32.400000000000006, 32.099999999999994, 31.700000000000003, 31.5, 31.299999999999997, 31.099999999999994, 30.299999999999997, 30.099999999999994, 29.700000000000003, 29.099999999999994, 28.400000000000006, 27.799999999999997, 27.400000000000006, 27.200000000000003, 27.0, 26.0, 25.599999999999994, 24.900000000000006, 24.299999999999997, 24.099999999999994, 23.5, 23.299999999999997, 22.900000000000006, 22.700000000000003, 22.299999999999997, 22.099999999999994, 21.700000000000003, 21.0, 20.799999999999997, 20.599999999999994, 20.400000000000006, 20.200000000000003, 19.799999999999997, 19.599999999999994, 19.400000000000006, 19.0, 18.799999999999997, 18.200000000000003, 17.099999999999994, 16.900000000000006, 16.700000000000003, 16.5, 16.299999999999997, 16.099999999999994, 15.299999999999997, 14.5, 14.200000000000003, 13.200000000000003, 13.0, 12.400000000000006, 12.200000000000003, 11.799999999999997, 11.400000000000006, 10.700000000000003, 10.5, 10.299999999999997, 9.900000000000006, 9.5, 9.099999999999994, 8.900000000000006, 8.5, 8.299999999999997, 7.900000000000006, 7.700000000000003, 7.0, 6.799999999999997, 6.400000000000006, 6.0, 5.599999999999994, 5.400000000000006, 5.200000000000003, 5.0, 4.400000000000006, 4.0, 3.799999999999997, 3.5, 3.299999999999997, 2.9000000000000057, 2.700000000000003, 2.5, 2.299999999999997, 1.9000000000000057, 1.5, 1.0999999999999943, 0.9000000000000057, 0.7000000000000028, 0.5, 0.29999999999999716, 0.0, -0.20000000000000284]}, "histogram": {"x": [300, 315, 330, 345, 360, 375, 390, 405, 420, 435, 450, 465, 480, 495, 510, 525, 540, 555, 570, 585, 600, 615, 630, 645, 660, 675, 690, 705, 720, 735, 750, 765, 780, 795], "y": [1, 0, 0, 2, 4, 4, 6, 13, 12, 11, 19, 23, 27, 19, 29, 31, 28, 25, 20, 27, 32, 27, 16, 15, 21, 26, 15, 9, 13, 10, 0, 2, 0, 0]}}