{"percentile": {"x": [381, 480, 503, 528, 530, 533, 534, 573, 582, 597, 627, 650, 710, 721, 729, 735], "y": [93.4, 86.7, 80.0, 73.4, 66.7, 60.0, 53.4, 46.7, 40.0, 33.400000000000006, 26.700000000000003, 20.0, 13.400000000000006, 6.700000000000003, 0.0, -6.599999999999994]}, "histogram": {"x": [375, 390, 405, 420, 435, 450, 465, 480, 495, 510, 525, 540, 555, 570, 585, 600, 615, 630, 645, 660, 675, 690, 705, 720, 735, 750], "y": [1, 0, 0, 0, 0, 0, 0, 1, 1, 0, 4, 0, 0, 2, 1, 0, 1, 0, 1, 0, 0, 0, 1, 2, 1, 0]}}