{"histogram": {"x": [390, 405, 420, 435, 450, 465, 480, 495, 510, 525, 540, 555, 570, 585, 600, 615, 630, 645, 660, 675, 690, 705, 720, 735, 750, 765], "y": [1, 0, 1, 3, 0, 0, 0, 0, 1, 1, 0, 0, 0, 0, 1, 2, 2, 0, 2, 0, 0, 1, 2, 2, 0, 0]}, "percentile": {"x": [393, 433, 435, 437, 444, 521, 537, 606, 623, 628, 633, 661, 667, 707, 721, 734, 737, 747], "y": [94.5, 88.9, 83.4, 77.8, 72.3, 66.7, 61.2, 55.6, 50.0, 44.5, 33.400000000000006, 27.799999999999997, 22.299999999999997, 16.700000000000003, 11.200000000000003, 5.599999999999994, 0.0, -5.5]}}