{"percentile": {"x": [255, 282, 308, 317, 324, 357, 369, 371, 389, 392, 394, 396, 397, 409, 419, 428, 431, 436, 437, 445, 446, 447, 448, 450, 453, 456, 461, 462, 465, 468, 474, 476, 477, 485, 496, 497, 503, 504, 513, 515, 516, 518, 524, 526, 539, 542, 544, 545, 556, 570, 590, 600, 613, 618, 624, 640, 643, 644, 648, 655, 663, 665, 669, 670, 677, 694, 718, 726, 732, 740, 754, 757, 785], "y": [98.8, 97.5, 96.3, 95.0, 93.7, 92.5, 91.2, 89.9, 88.7, 87.4, 86.1, 83.6, 82.3, 81.1, 78.5, 77.3, 76.0, 74.7, 73.5, 72.2, 70.9, 69.7, 68.4, 67.1, 65.9, 64.6, 62.1, 59.5, 58.3, 57.0, 55.7, 53.2, 51.9, 50.7, 49.4, 48.2, 46.9, 45.6, 44.4, 43.1, 41.8, 40.6, 39.3, 38.0, 36.8, 35.5, 34.2, 33.0, 31.700000000000003, 30.400000000000006, 29.200000000000003, 27.900000000000006, 26.599999999999994, 25.400000000000006, 22.799999999999997, 21.599999999999994, 20.299999999999997, 19.0, 17.799999999999997, 16.5, 15.200000000000003, 14.0, 12.700000000000003, 11.400000000000006, 10.200000000000003, 8.900000000000006, 7.599999999999994, 5.099999999999994, 3.799999999999997, 2.5999999999999943, 1.2999999999999972, 0.0, -1.2000000000000028]}, "histogram": {"x": [255, 270, 285, 300, 315, 330, 345, 360, 375, 390, 405, 420, 435, 450, 465, 480, 495, 510, 525, 540, 555, 570, 585, 600, 615, 630, 645, 660, 675, 690, 705, 720, 735, 750, 765, 780, 795, 810], "y": [1, 1, 0, 1, 2, 0, 1, 2, 1, 5, 3, 2, 6, 7, 6, 1, 4, 5, 2, 3, 1, 1, 1, 2, 3, 3, 2, 4, 1, 1, 1, 3, 1, 2, 0, 1, 0, 0]}}