{"histogram": {"x": [375, 390, 405, 420, 435, 450, 465, 480, 495, 510, 525, 540, 555, 570, 585, 600, 615, 630, 645, 660, 675, 690, 705, 720, 735, 750, 765, 780, 795, 810], "y": [1, 0, 0, 1, 2, 0, 4, 3, 0, 0, 3, 2, 1, 2, 2, 1, 1, 0, 3, 1, 1, 1, 2, 4, 2, 0, 1, 1, 0, 0]}, "percentile": {"x": [378, 433, 440, 443, 466, 468, 470, 479, 488, 494, 525, 527, 536, 541, 554, 562, 573, 584, 585, 599, 606, 625, 647, 648, 653, 670, 680, 704, 705, 714, 720, 721, 727, 740, 748, 772, 784], "y": [97.4, 94.8, 92.2, 89.5, 86.9, 84.3, 81.6, 79.0, 73.7, 71.1, 68.5, 65.8, 63.2, 60.6, 57.9, 55.3, 52.7, 50.0, 47.4, 44.8, 42.2, 39.5, 36.9, 34.3, 31.599999999999994, 29.0, 26.400000000000006, 23.700000000000003, 21.099999999999994, 18.5, 13.200000000000003, 10.599999999999994, 7.900000000000006, 5.299999999999997, 2.700000000000003, 0.0, -2.5999999999999943]}}