{"histogram": {"y": [1, 0, 1, 0, 4, 4, 3, 7, 6, 3, 9, 10, 14, 7, 19, 14, 13, 14, 13, 19, 9, 14, 17, 12, 8, 13, 22, 17, 11, 11, 12, 31, 15, 2, 0, 1, 0, 0, 1, 0], "x": [255, 270, 285, 300, 315, 330, 345, 360, 375, 390, 405, 420, 435, 450, 465, 480, 495, 510, 525, 540, 555, 570, 585, 600, 615, 630, 645, 660, 675, 690, 705, 720, 735, 750, 765, 780, 795, 810, 825, 840]}, "percentile": {"y": [99.8, 99.5, 98.9, 98.4, 98.1, 97.8, 97.5, 97.2, 97.0, 96.7, 96.4, 95.8, 95.6, 95.3, 95.0, 94.7, 94.4, 94.2, 93.3, 93.0, 92.7, 92.5, 92.2, 91.9, 91.6, 91.3, 91.1, 90.8, 90.5, 90.2, 89.7, 89.4, 89.1, 88.8, 88.5, 88.0, 87.7, 87.4, 87.1, 86.6, 86.0, 85.4, 85.2, 84.6, 84.3, 84.0, 83.8, 82.9, 82.6, 82.4, 82.1, 81.8, 81.2, 80.9, 80.7, 80.1, 79.5, 79.0, 78.4, 78.1, 77.6, 77.0, 76.5, 75.9, 75.3, 74.5, 73.6, 73.4, 73.1, 72.5, 71.7, 71.4, 70.8, 70.6, 70.3, 70.0, 69.4, 69.2, 68.6, 68.3, 68.0, 67.7, 67.2, 66.9, 65.8, 65.5, 65.2, 64.9, 64.1, 63.8, 63.3, 62.7, 62.4, 62.1, 61.8, 61.6, 61.3, 60.7, 60.2, 59.9, 59.6, 59.0, 58.5, 57.9, 57.6, 56.8, 56.2, 55.4, 55.1, 54.8, 54.3, 53.4, 53.1, 52.9, 52.6, 52.3, 51.7, 51.5, 50.9, 50.6, 50.0, 49.8, 49.5, 49.2, 48.6, 48.4, 48.1, 47.5, 47.2, 46.4, 46.1, 45.6, 45.0, 44.2, 43.9, 43.6, 43.3, 43.0, 42.7, 42.5, 41.3, 41.1, 40.8, 40.5, 40.2, 39.9, 39.7, 39.1, 38.8, 38.3, 38.0, 37.1, 36.8, 36.6, 36.3, 36.0, 35.7, 35.400000000000006, 34.900000000000006, 34.3, 34.0, 33.8, 33.5, 32.900000000000006, 32.599999999999994, 32.099999999999994, 31.200000000000003, 30.400000000000006, 29.5, 29.299999999999997, 29.0, 28.400000000000006, 28.099999999999994, 26.5, 26.200000000000003, 25.599999999999994, 25.0, 24.799999999999997, 24.200000000000003, 23.900000000000006, 23.400000000000006, 22.5, 22.0, 21.700000000000003, 21.400000000000006, 21.099999999999994, 20.799999999999997, 20.299999999999997, 19.400000000000006, 18.900000000000006, 18.599999999999994, 18.0, 17.700000000000003, 17.5, 17.200000000000003, 16.599999999999994, 15.799999999999997, 15.5, 15.200000000000003, 14.400000000000006, 14.099999999999994, 13.799999999999997, 13.5, 13.299999999999997, 12.400000000000006, 12.099999999999994, 11.799999999999997, 10.400000000000006, 9.900000000000006, 9.299999999999997, 8.200000000000003, 7.400000000000006, 6.799999999999997, 6.5, 5.900000000000006, 5.400000000000006, 5.099999999999994, 4.5, 3.4000000000000057, 2.9000000000000057, 2.0, 1.7000000000000028, 1.5, 1.2000000000000028, 0.9000000000000057, 0.5999999999999943, 0.29999999999999716, 0.0, -0.20000000000000284], "x": [268, 293, 318, 326, 332, 335, 341, 343, 352, 353, 357, 360, 362, 364, 365, 366, 369, 376, 378, 379, 387, 398, 402, 404, 405, 406, 409, 411, 414, 415, 416, 417, 420, 421, 422, 426, 427, 428, 432, 434, 435, 437, 438, 440, 442, 443, 445, 446, 447, 450, 455, 456, 457, 460, 461, 466, 467, 469, 470, 473, 474, 475, 476, 477, 478, 482, 484, 489, 490, 491, 493, 494, 495, 497, 498, 499, 500, 502, 503, 504, 505, 509, 510, 514, 516, 517, 519, 520, 521, 522, 525, 527, 528, 530, 531, 533, 535, 537, 538, 540, 541, 542, 544, 545, 546, 547, 549, 550, 551, 552, 555, 561, 564, 565, 567, 568, 570, 573, 574, 575, 576, 577, 578, 580, 582, 584, 585, 586, 588, 591, 592, 593, 595, 596, 597, 599, 601, 602, 604, 605, 606, 607, 609, 610, 613, 615, 616, 617, 619, 622, 624, 630, 633, 634, 635, 636, 638, 640, 643, 644, 645, 646, 647, 648, 650, 651, 652, 653, 655, 656, 657, 658, 659, 660, 662, 663, 666, 667, 668, 670, 674, 675, 680, 681, 682, 684, 687, 688, 690, 693, 695, 696, 698, 703, 704, 705, 707, 712, 714, 715, 716, 717, 720, 721, 722, 723, 724, 725, 726, 727, 728, 729, 730, 731, 732, 733, 734, 735, 736, 737, 740, 741, 744, 745, 749, 754, 761, 786, 829]}}