{"histogram": {"x": [315, 330, 345, 360, 375, 390, 405, 420, 435, 450, 465, 480, 495, 510, 525, 540, 555, 570, 585, 600, 615, 630, 645, 660, 675, 690, 705, 720, 735, 750, 765, 780], "y": [1, 2, 2, 0, 3, 2, 1, 5, 6, 16, 11, 14, 10, 12, 16, 8, 18, 12, 17, 17, 20, 14, 21, 12, 12, 10, 14, 26, 13, 5, 0, 0]}, "percentile": {"x": [321, 332, 342, 345, 354, 382, 383, 386, 397, 402, 411, 427, 428, 431, 432, 433, 439, 440, 444, 446, 447, 450, 452, 453, 456, 457, 459, 460, 461, 463, 465, 467, 468, 469, 471, 473, 474, 475, 481, 483, 484, 485, 486, 488, 490, 493, 494, 495, 496, 500, 501, 503, 507, 509, 510, 511, 512, 515, 517, 518, 521, 523, 524, 525, 527, 528, 529, 534, 535, 536, 537, 538, 539, 541, 551, 552, 553, 554, 555, 556, 561, 562, 564, 566, 567, 568, 570, 571, 572, 573, 574, 575, 577, 580, 583, 585, 586, 587, 588, 589, 590, 592, 593, 594, 598, 600, 601, 602, 605, 608, 609, 611, 612, 614, 615, 616, 617, 619, 621, 622, 623, 624, 625, 628, 629, 630, 631, 635, 636, 639, 640, 641, 642, 643, 644, 646, 647, 648, 649, 650, 651, 652, 653, 656, 657, 658, 659, 660, 661, 664, 665, 667, 668, 671, 674, 675, 676, 679, 680, 681, 682, 684, 685, 688, 691, 692, 693, 695, 698, 702, 705, 706, 707, 708, 709, 710, 713, 715, 716, 718, 719, 720, 722, 723, 724, 725, 726, 728, 729, 730, 734, 735, 737, 740, 742, 743, 745, 746, 747, 748, 754, 755, 760, 763], "y": [99.7, 99.4, 99.1, 98.8, 98.5, 98.2, 97.9, 97.5, 97.2, 96.9, 96.6, 96.3, 96.0, 95.7, 95.3, 95.0, 94.4, 94.1, 93.8, 93.5, 93.2, 92.2, 91.9, 91.6, 90.6, 90.3, 89.7, 89.1, 88.8, 88.1, 87.5, 86.6, 86.3, 85.9, 85.6, 85.3, 85.0, 84.7, 84.4, 83.4, 83.1, 82.8, 82.5, 82.2, 81.6, 80.9, 80.3, 80.0, 79.7, 79.4, 79.0, 78.7, 78.4, 77.2, 76.5, 76.2, 75.6, 75.3, 75.0, 74.7, 74.3, 74.0, 73.4, 73.1, 72.5, 72.2, 71.5, 70.9, 70.3, 70.0, 69.6, 69.3, 68.4, 68.1, 67.8, 67.1, 66.5, 65.9, 65.6, 63.7, 62.1, 61.8, 61.5, 60.9, 60.6, 60.2, 59.9, 59.3, 58.7, 58.0, 57.7, 57.4, 57.1, 56.8, 56.5, 55.8, 55.5, 55.2, 54.6, 54.0, 53.3, 53.0, 52.7, 51.8, 51.1, 49.3, 49.0, 48.3, 48.0, 47.7, 46.8, 46.4, 46.1, 45.8, 45.2, 44.9, 44.6, 44.3, 43.9, 43.6, 43.3, 42.4, 42.1, 40.2, 39.5, 38.3, 38.0, 37.4, 37.0, 36.7, 36.4, 36.1, 35.8, 35.5, 35.2, 34.5, 34.2, 33.900000000000006, 33.0, 32.7, 32.3, 31.400000000000006, 30.799999999999997, 30.5, 29.5, 28.900000000000006, 28.599999999999994, 27.900000000000006, 27.599999999999994, 26.700000000000003, 26.099999999999994, 25.799999999999997, 25.400000000000006, 25.099999999999994, 24.799999999999997, 24.5, 24.200000000000003, 23.599999999999994, 23.200000000000003, 22.599999999999994, 22.299999999999997, 21.700000000000003, 21.400000000000006, 21.099999999999994, 20.700000000000003, 19.799999999999997, 19.5, 18.900000000000006, 18.5, 17.900000000000006, 17.599999999999994, 17.299999999999997, 17.0, 16.700000000000003, 16.400000000000006, 16.0, 15.400000000000006, 15.099999999999994, 14.5, 14.200000000000003, 13.5, 12.599999999999994, 12.0, 11.599999999999994, 11.299999999999997, 10.099999999999994, 8.5, 7.900000000000006, 7.599999999999994, 5.700000000000003, 5.400000000000006, 4.799999999999997, 4.400000000000006, 4.099999999999994, 3.799999999999997, 3.200000000000003, 2.5999999999999943, 1.9000000000000057, 1.5999999999999943, 1.2999999999999972, 0.7000000000000028, 0.4000000000000057, 0.0, -0.29999999999999716]}}