{"percentile": {"y": [99.7, 99.4, 99.1, 98.8, 98.5, 98.2, 97.5, 96.9, 96.6, 96.3, 96.0, 95.6, 95.0, 94.7, 94.1, 93.8, 93.4, 93.1, 92.8, 92.5, 92.2, 91.9, 91.6, 91.2, 90.6, 90.3, 89.7, 88.7, 88.1, 87.8, 87.2, 86.5, 86.2, 85.3, 85.0, 84.6, 84.3, 84.0, 83.7, 83.1, 82.8, 82.4, 82.1, 81.8, 81.2, 80.6, 80.2, 79.9, 79.6, 79.3, 78.7, 77.7, 77.4, 76.8, 75.8, 75.5, 75.2, 74.6, 74.3, 73.9, 73.6, 73.3, 72.7, 72.4, 72.1, 71.7, 71.1, 70.8, 70.2, 69.9, 69.5, 69.2, 68.9, 68.6, 68.0, 67.3, 67.0, 66.1, 65.8, 65.5, 65.1, 64.8, 64.5, 64.2, 63.6, 62.9, 62.6, 62.0, 61.4, 60.7, 60.1, 59.8, 59.2, 58.9, 58.2, 57.6, 57.3, 56.3, 56.0, 55.7, 55.4, 54.8, 53.8, 53.5, 53.2, 52.9, 52.3, 51.9, 51.3, 51.0, 50.7, 50.4, 50.0, 49.7, 49.4, 49.1, 48.8, 48.2, 47.8, 47.2, 46.9, 46.0, 45.3, 44.7, 44.4, 43.8, 43.4, 43.1, 42.5, 42.2, 41.2, 40.9, 40.0, 39.7, 39.4, 38.7, 38.4, 37.8, 37.5, 37.2, 36.8, 36.5, 36.2, 35.900000000000006, 35.0, 34.3, 33.7, 33.400000000000006, 33.099999999999994, 32.400000000000006, 32.099999999999994, 31.799999999999997, 31.5, 31.200000000000003, 30.900000000000006, 30.200000000000003, 29.900000000000006, 29.599999999999994, 29.0, 28.700000000000003, 27.099999999999994, 26.5, 25.5, 24.599999999999994, 23.299999999999997, 21.700000000000003, 20.5, 19.200000000000003, 18.599999999999994, 17.700000000000003, 17.0, 16.700000000000003, 14.799999999999997, 14.5, 13.299999999999997, 12.900000000000006, 12.0, 11.400000000000006, 10.400000000000006, 8.200000000000003, 7.599999999999994, 7.299999999999997, 7.0, 6.299999999999997, 6.0, 5.400000000000006, 5.099999999999994, 4.799999999999997, 4.5, 4.099999999999994, 3.200000000000003, 2.9000000000000057, 2.5999999999999943, 2.299999999999997, 1.9000000000000057, 1.5999999999999943, 1.0, 0.7000000000000028, 0.4000000000000057, 0.0, -0.29999999999999716], "x": [351, 352, 357, 373, 376, 379, 382, 390, 406, 413, 416, 420, 424, 427, 430, 436, 439, 440, 443, 447, 449, 452, 456, 459, 460, 467, 468, 473, 476, 477, 478, 481, 486, 489, 491, 493, 494, 496, 497, 500, 501, 503, 505, 506, 509, 510, 514, 520, 521, 526, 528, 529, 530, 533, 538, 541, 542, 543, 544, 545, 547, 549, 550, 552, 556, 559, 560, 561, 562, 565, 568, 569, 571, 573, 576, 580, 581, 582, 584, 585, 586, 588, 589, 590, 591, 592, 594, 595, 596, 597, 599, 600, 602, 603, 604, 606, 607, 608, 609, 610, 612, 613, 614, 615, 616, 617, 618, 620, 622, 623, 625, 626, 627, 628, 634, 635, 638, 639, 641, 644, 646, 647, 650, 652, 654, 655, 656, 657, 662, 663, 665, 667, 669, 678, 679, 680, 681, 682, 683, 684, 685, 686, 688, 689, 690, 692, 695, 696, 697, 698, 699, 702, 703, 704, 709, 710, 713, 717, 719, 720, 721, 722, 723, 724, 725, 726, 727, 728, 729, 730, 731, 732, 733, 734, 735, 736, 737, 738, 739, 740, 743, 744, 745, 746, 747, 749, 753, 754, 755, 756, 758, 759, 761, 765, 767, 770, 773, 783, 785, 810, 818]}, "histogram": {"y": [3, 1, 4, 2, 3, 6, 6, 5, 11, 9, 10, 5, 12, 11, 10, 11, 18, 20, 13, 8, 13, 10, 13, 15, 7, 46, 29, 9, 5, 2, 0, 2, 0, 0], "x": [345, 360, 375, 390, 405, 420, 435, 450, 465, 480, 495, 510, 525, 540, 555, 570, 585, 600, 615, 630, 645, 660, 675, 690, 705, 720, 735, 750, 765, 780, 795, 810, 825, 840]}}