{"histogram": {"y": [1, 0, 0, 0, 1, 0, 0, 0, 1, 0, 2, 1, 1, 2, 3, 1, 2, 0, 1, 1, 0, 3, 0, 2, 8, 4, 1, 0, 0, 0, 1, 0, 0], "x": [360, 375, 390, 405, 420, 435, 450, 465, 480, 495, 510, 525, 540, 555, 570, 585, 600, 615, 630, 645, 660, 675, 690, 705, 720, 735, 750, 765, 780, 795, 810, 825, 840]}, "percentile": {"y": [97.2, 94.3, 91.5, 88.6, 85.8, 82.9, 80.0, 77.2, 74.3, 71.5, 68.6, 65.8, 62.9, 60.0, 57.2, 54.3, 51.5, 48.6, 42.9, 40.0, 37.2, 34.3, 31.5, 22.900000000000006, 17.200000000000003, 14.299999999999997, 11.5, 8.599999999999994, 5.799999999999997, 2.9000000000000057, 0.0, -2.799999999999997], "x": [373, 431, 486, 523, 524, 532, 546, 558, 567, 570, 572, 580, 594, 607, 609, 643, 649, 676, 684, 705, 711, 721, 724, 725, 726, 730, 738, 740, 742, 745, 755, 823]}}