{"percentile": {"y": [99.7, 99.4, 99.1, 98.8, 98.5, 97.8, 97.5, 97.2, 96.9, 96.5, 96.2, 95.9, 95.6, 94.9, 94.6, 94.3, 93.7, 93.3, 93.0, 92.7, 92.4, 92.1, 91.4, 90.8, 90.5, 90.1, 89.8, 89.5, 89.2, 88.5, 88.2, 87.9, 87.3, 86.6, 86.3, 86.0, 85.7, 85.4, 85.0, 84.7, 84.4, 84.1, 83.4, 83.1, 82.8, 81.8, 80.9, 80.6, 80.2, 79.6, 78.6, 78.3, 78.0, 77.0, 76.7, 76.1, 75.8, 74.8, 74.5, 74.2, 73.5, 72.6, 72.3, 71.9, 71.3, 70.7, 70.3, 69.7, 69.1, 68.1, 67.5, 67.1, 66.8, 66.5, 66.2, 65.9, 65.5, 65.2, 64.6, 64.3, 63.9, 63.3, 62.7, 62.0, 61.7, 61.4, 60.8, 60.1, 59.5, 59.2, 58.2, 57.9, 57.6, 57.2, 56.6, 56.3, 56.0, 55.6, 55.3, 54.7, 53.7, 53.4, 52.4, 52.1, 51.5, 50.8, 50.5, 49.6, 49.3, 48.9, 48.6, 48.3, 48.0, 47.7, 46.7, 46.1, 45.4, 45.1, 44.1, 43.5, 42.9, 42.5, 42.2, 41.6, 40.6, 39.7, 39.3, 38.7, 37.7, 37.4, 36.2, 35.5, 34.900000000000006, 34.599999999999994, 34.2, 33.3, 33.0, 32.3, 31.700000000000003, 31.400000000000006, 30.700000000000003, 30.400000000000006, 29.799999999999997, 29.400000000000006, 28.799999999999997, 28.5, 27.799999999999997, 27.5, 27.200000000000003, 26.900000000000006, 26.200000000000003, 25.900000000000006, 25.0, 24.700000000000003, 24.299999999999997, 23.700000000000003, 23.400000000000006, 22.700000000000003, 22.400000000000006, 21.799999999999997, 21.5, 21.099999999999994, 20.799999999999997, 20.5, 19.5, 19.200000000000003, 18.900000000000006, 18.599999999999994, 18.299999999999997, 17.900000000000006, 17.599999999999994, 17.0, 16.700000000000003, 16.299999999999997, 15.700000000000003, 15.400000000000006, 15.099999999999994, 14.700000000000003, 14.400000000000006, 13.799999999999997, 13.5, 13.099999999999994, 12.799999999999997, 12.5, 12.200000000000003, 10.900000000000006, 10.599999999999994, 10.299999999999997, 9.599999999999994, 9.299999999999997, 9.0, 8.700000000000003, 8.0, 7.700000000000003, 7.400000000000006, 6.799999999999997, 6.400000000000006, 6.099999999999994, 5.5, 4.799999999999997, 4.5, 4.200000000000003, 3.5999999999999943, 3.200000000000003, 2.9000000000000057, 2.299999999999997, 2.0, 1.0, 0.7000000000000028, 0.4000000000000057, 0.0, -0.29999999999999716], "x": [280, 305, 325, 327, 336, 339, 348, 354, 360, 361, 365, 368, 375, 376, 386, 394, 400, 401, 406, 408, 410, 412, 413, 414, 415, 416, 418, 420, 421, 430, 432, 433, 435, 436, 440, 441, 444, 445, 447, 448, 450, 452, 453, 454, 455, 457, 458, 460, 462, 464, 465, 466, 467, 468, 469, 470, 471, 472, 473, 474, 478, 480, 482, 483, 484, 485, 487, 488, 489, 490, 492, 493, 494, 495, 497, 498, 499, 500, 501, 503, 504, 506, 508, 510, 511, 513, 515, 517, 518, 519, 520, 522, 523, 524, 525, 527, 530, 532, 533, 534, 535, 536, 537, 539, 541, 543, 544, 545, 547, 548, 549, 551, 552, 553, 556, 558, 559, 561, 562, 564, 566, 568, 569, 571, 572, 574, 575, 576, 578, 579, 580, 583, 585, 586, 587, 591, 592, 596, 597, 599, 600, 601, 603, 604, 605, 606, 608, 610, 611, 612, 613, 614, 615, 618, 619, 620, 622, 623, 628, 630, 633, 634, 635, 636, 637, 641, 644, 645, 647, 648, 650, 653, 654, 655, 657, 666, 667, 668, 669, 672, 677, 679, 680, 683, 684, 686, 690, 691, 692, 697, 698, 699, 702, 709, 714, 718, 720, 721, 722, 723, 724, 725, 726, 727, 730, 731, 733, 740, 741, 745, 746, 758]}, "histogram": {"y": [1, 0, 1, 2, 3, 2, 4, 4, 4, 11, 6, 10, 16, 19, 21, 13, 17, 16, 14, 17, 21, 13, 17, 11, 11, 10, 6, 9, 9, 4, 15, 6, 1, 0], "x": [270, 285, 300, 315, 330, 345, 360, 375, 390, 405, 420, 435, 450, 465, 480, 495, 510, 525, 540, 555, 570, 585, 600, 615, 630, 645, 660, 675, 690, 705, 720, 735, 750, 765]}}