{"percentile": {"x": [323, 427, 437, 511, 541, 664, 717, 730], "y": [85.8, 71.5, 57.2, 42.9, 28.599999999999994, 14.299999999999997, 0.0, -14.200000000000003]}, "histogram": {"x": [315, 330, 345, 360, 375, 390, 405, 420, 435, 450, 465, 480, 495, 510, 525, 540, 555, 570, 585, 600, 615, 630, 645, 660, 675, 690, 705, 720, 735, 750], "y": [1, 0, 0, 0, 0, 0, 0, 1, 1, 0, 0, 0, 0, 1, 0, 1, 0, 0, 0, 0, 0, 0, 0, 1, 0, 0, 1, 1, 0, 0]}}