{"histogram": {"y": [1, 0, 3, 6, 2, 2, 8, 15, 10, 14, 16, 18, 25, 29, 16, 15, 26, 18, 23, 23, 24, 29, 15, 17, 12, 10, 9, 8, 21, 10, 3, 3, 0, 0, 0, 1, 0, 0], "x": [300, 315, 330, 345, 360, 375, 390, 405, 420, 435, 450, 465, 480, 495, 510, 525, 540, 555, 570, 585, 600, 615, 630, 645, 660, 675, 690, 705, 720, 735, 750, 765, 780, 795, 810, 825, 840, 855]}, "percentile": {"y": [99.8, 99.6, 99.4, 99.1, 98.9, 98.4, 98.2, 98.0, 97.7, 97.5, 97.3, 96.8, 96.6, 96.1, 95.9, 95.6, 95.2, 94.9, 94.7, 94.5, 94.2, 93.8, 93.6, 93.3, 92.6, 92.4, 91.9, 91.5, 91.2, 90.8, 90.5, 90.3, 90.1, 89.8, 89.6, 89.1, 88.7, 88.0, 87.8, 87.5, 87.3, 86.8, 86.6, 86.4, 85.9, 85.4, 85.2, 84.7, 84.5, 84.0, 83.8, 83.3, 82.6, 82.2, 82.0, 81.5, 81.3, 80.6, 79.6, 79.4, 79.2, 78.7, 78.0, 77.5, 77.1, 76.4, 75.7, 75.2, 75.0, 73.6, 73.4, 72.7, 72.2, 71.5, 71.3, 71.0, 70.8, 69.9, 69.2, 68.0, 67.3, 67.1, 66.9, 66.4, 65.7, 65.5, 65.2, 64.8, 64.6, 64.1, 63.9, 63.4, 63.2, 62.7, 62.2, 61.8, 61.3, 61.1, 60.6, 59.9, 59.2, 59.0, 58.8, 58.5, 58.3, 58.1, 57.6, 57.1, 56.7, 56.4, 55.7, 55.3, 55.0, 54.8, 54.3, 53.9, 52.7, 52.3, 51.8, 51.6, 50.9, 50.4, 50.2, 49.7, 49.5, 49.0, 48.5, 48.3, 48.1, 47.6, 47.1, 46.9, 46.7, 46.0, 45.5, 45.1, 44.6, 44.4, 43.9, 43.7, 43.4, 43.0, 42.7, 42.3, 41.3, 41.1, 40.9, 40.2, 40.0, 39.7, 39.0, 38.8, 38.1, 37.9, 37.4, 36.9, 36.7, 36.0, 35.3, 35.099999999999994, 34.599999999999994, 34.400000000000006, 33.900000000000006, 33.2, 33.0, 32.5, 32.099999999999994, 31.799999999999997, 31.400000000000006, 31.099999999999994, 30.700000000000003, 30.400000000000006, 28.799999999999997, 28.099999999999994, 27.900000000000006, 27.0, 26.5, 26.0, 25.799999999999997, 25.299999999999997, 25.099999999999994, 24.599999999999994, 24.400000000000006, 24.200000000000003, 23.900000000000006, 23.700000000000003, 23.5, 23.299999999999997, 22.799999999999997, 22.599999999999994, 22.099999999999994, 21.599999999999994, 21.400000000000006, 21.200000000000003, 20.5, 20.200000000000003, 20.0, 19.799999999999997, 19.299999999999997, 18.599999999999994, 18.099999999999994, 17.700000000000003, 17.0, 16.799999999999997, 16.5, 16.299999999999997, 16.099999999999994, 15.799999999999997, 15.599999999999994, 15.099999999999994, 14.900000000000006, 14.700000000000003, 14.400000000000006, 14.200000000000003, 13.299999999999997, 13.0, 12.799999999999997, 12.599999999999994, 12.299999999999997, 12.099999999999994, 11.900000000000006, 11.400000000000006, 10.700000000000003, 10.5, 9.799999999999997, 9.599999999999994, 9.299999999999997, 9.099999999999994, 8.900000000000006, 8.599999999999994, 7.900000000000006, 7.5, 6.5, 6.299999999999997, 5.900000000000006, 5.599999999999994, 5.200000000000003, 4.700000000000003, 4.0, 3.799999999999997, 3.5, 3.299999999999997, 2.5999999999999943, 2.4000000000000057, 1.9000000000000057, 1.7000000000000028, 1.4000000000000057, 1.2000000000000028, 1.0, 0.7000000000000028, 0.5, 0.29999999999999716, 0.0, -0.20000000000000284], "x": [302, 334, 343, 344, 352, 353, 356, 357, 358, 361, 374, 385, 392, 393, 395, 399, 402, 403, 405, 407, 408, 410, 411, 413, 414, 415, 417, 419, 420, 422, 423, 424, 428, 429, 430, 434, 436, 440, 441, 442, 443, 446, 447, 448, 449, 453, 454, 456, 457, 458, 459, 460, 462, 463, 465, 466, 469, 471, 472, 473, 477, 478, 479, 482, 483, 484, 486, 487, 489, 490, 491, 492, 494, 495, 496, 497, 498, 500, 501, 502, 503, 504, 505, 506, 508, 509, 510, 512, 514, 515, 516, 517, 518, 519, 523, 524, 527, 528, 529, 530, 534, 535, 536, 537, 538, 540, 541, 542, 543, 545, 546, 547, 548, 550, 551, 552, 553, 554, 556, 557, 559, 560, 561, 563, 565, 566, 567, 568, 569, 570, 571, 572, 573, 574, 575, 576, 577, 578, 579, 580, 581, 583, 584, 585, 586, 587, 588, 589, 590, 591, 592, 593, 594, 596, 599, 600, 601, 602, 603, 604, 605, 606, 607, 608, 609, 610, 612, 614, 615, 616, 617, 618, 620, 621, 622, 623, 624, 625, 626, 627, 629, 630, 631, 632, 633, 634, 636, 638, 640, 641, 642, 644, 645, 646, 647, 648, 649, 650, 651, 655, 656, 658, 660, 661, 662, 669, 670, 671, 672, 673, 674, 675, 677, 679, 680, 682, 684, 685, 691, 693, 696, 699, 700, 703, 705, 710, 712, 713, 715, 717, 720, 721, 723, 724, 725, 726, 727, 728, 729, 730, 736, 737, 740, 742, 744, 747, 749, 760, 761, 764, 766, 774, 777, 829]}}