{"histogram": {"y": [1, 2, 1, 4, 8, 6, 10, 10, 6, 19, 13, 16, 15, 20, 13, 20, 20, 19, 17, 17, 23, 17, 16, 17, 14, 14, 26, 26, 7, 1, 0, 0], "x": [330, 345, 360, 375, 390, 405, 420, 435, 450, 465, 480, 495, 510, 525, 540, 555, 570, 585, 600, 615, 630, 645, 660, 675, 690, 705, 720, 735, 750, 765, 780, 795]}, "percentile": {"y": [99.8, 99.5, 99.3, 99.0, 98.8, 98.5, 98.3, 98.0, 97.5, 97.0, 96.3, 96.0, 95.5, 95.3, 95.0, 94.8, 94.5, 94.3, 94.0, 93.5, 93.2, 93.0, 92.7, 92.0, 91.7, 91.5, 91.0, 90.7, 90.2, 89.5, 89.2, 89.0, 88.7, 88.2, 88.0, 87.7, 87.2, 87.0, 86.4, 85.9, 85.7, 85.2, 84.2, 83.9, 83.7, 83.2, 82.7, 82.4, 82.2, 81.7, 81.4, 80.9, 80.7, 80.2, 79.9, 79.6, 79.4, 79.1, 78.9, 78.1, 77.6, 77.1, 76.9, 76.1, 75.9, 75.6, 75.4, 74.9, 74.6, 74.4, 74.1, 73.9, 73.6, 73.3, 72.6, 72.3, 72.1, 71.6, 71.3, 70.8, 70.3, 69.8, 69.6, 68.8, 68.3, 67.6, 67.3, 67.1, 66.8, 66.5, 66.3, 66.0, 65.8, 65.0, 64.3, 63.8, 63.5, 63.3, 62.8, 62.5, 61.5, 61.3, 60.3, 60.0, 59.7, 59.5, 59.0, 58.7, 58.2, 58.0, 57.7, 57.2, 57.0, 56.2, 56.0, 55.7, 55.0, 54.2, 54.0, 53.7, 52.9, 52.7, 52.4, 52.2, 51.7, 51.4, 51.2, 50.9, 50.4, 49.9, 49.7, 49.2, 48.9, 48.4, 48.2, 47.7, 47.2, 46.6, 45.9, 45.4, 45.1, 44.9, 44.6, 44.4, 44.1, 43.9, 43.6, 42.9, 42.6, 41.9, 41.6, 41.4, 41.1, 40.4, 39.6, 39.3, 38.6, 38.1, 37.6, 37.3, 36.8, 36.3, 35.599999999999994, 35.3, 34.599999999999994, 34.3, 34.099999999999994, 33.3, 32.5, 32.0, 31.799999999999997, 31.5, 31.299999999999997, 30.799999999999997, 30.5, 30.299999999999997, 30.0, 29.299999999999997, 29.0, 28.5, 28.299999999999997, 27.799999999999997, 27.5, 27.299999999999997, 26.799999999999997, 26.200000000000003, 25.700000000000003, 25.5, 25.0, 24.200000000000003, 23.700000000000003, 23.5, 23.0, 22.5, 22.0, 21.700000000000003, 21.0, 20.700000000000003, 20.5, 20.200000000000003, 19.700000000000003, 19.400000000000006, 18.900000000000006, 18.700000000000003, 18.400000000000006, 18.200000000000003, 17.900000000000006, 17.700000000000003, 17.400000000000006, 16.900000000000006, 16.700000000000003, 16.400000000000006, 15.900000000000006, 15.200000000000003, 14.900000000000006, 14.400000000000006, 13.700000000000003, 12.599999999999994, 12.400000000000006, 11.900000000000006, 10.599999999999994, 10.400000000000006, 9.900000000000006, 8.599999999999994, 8.400000000000006, 7.400000000000006, 7.099999999999994, 6.599999999999994, 4.099999999999994, 3.799999999999997, 3.299999999999997, 2.799999999999997, 2.5999999999999943, 2.299999999999997, 1.7999999999999972, 1.5999999999999943, 1.0999999999999943, 0.5999999999999943, 0.0, -0.20000000000000284], "x": [330, 350, 352, 361, 379, 382, 386, 388, 392, 393, 401, 404, 408, 409, 411, 417, 419, 420, 423, 424, 425, 426, 430, 434, 436, 437, 440, 443, 446, 449, 450, 454, 455, 456, 458, 465, 467, 468, 469, 470, 473, 474, 475, 476, 478, 479, 480, 482, 483, 484, 485, 489, 490, 491, 493, 496, 497, 498, 500, 501, 502, 504, 505, 506, 509, 510, 511, 512, 513, 516, 517, 518, 520, 521, 522, 523, 524, 525, 527, 528, 529, 532, 533, 534, 535, 536, 537, 538, 542, 543, 544, 548, 550, 552, 553, 554, 555, 556, 557, 558, 559, 560, 561, 564, 566, 567, 568, 569, 570, 571, 573, 574, 576, 577, 578, 579, 580, 581, 583, 584, 585, 586, 587, 588, 590, 591, 592, 593, 594, 595, 596, 597, 598, 600, 601, 602, 603, 605, 607, 610, 611, 612, 613, 615, 617, 618, 620, 621, 622, 623, 624, 625, 627, 629, 630, 632, 633, 635, 638, 639, 640, 641, 642, 643, 644, 645, 647, 649, 650, 651, 654, 655, 656, 657, 658, 659, 660, 662, 664, 665, 666, 667, 669, 671, 672, 673, 675, 677, 678, 682, 683, 684, 685, 687, 688, 691, 692, 693, 694, 695, 697, 699, 700, 702, 703, 705, 706, 707, 709, 710, 711, 713, 714, 715, 718, 720, 722, 723, 724, 727, 728, 730, 731, 733, 734, 735, 737, 739, 740, 741, 742, 744, 745, 748, 749, 753, 755, 758, 759, 770]}}