{"histogram": {"y": [3, 8, 5, 4, 19, 19, 20, 33, 34, 44, 37, 43, 58, 57, 51, 64, 72, 65, 66, 68, 65, 77, 71, 73, 60, 214, 146, 36, 20, 4, 3, 2, 1, 0], "x": [345, 360, 375, 390, 405, 420, 435, 450, 465, 480, 495, 510, 525, 540, 555, 570, 585, 600, 615, 630, 645, 660, 675, 690, 705, 720, 735, 750, 765, 780, 795, 810, 825, 840]}, "percentile": {"y": [100.0, 99.9, 99.9, 99.8, 99.6, 99.5, 99.5, 99.4, 99.3, 99.3, 99.2, 99.1, 99.0, 98.9, 98.9, 98.8, 98.8, 98.7, 98.6, 98.4, 98.2, 98.0, 97.9, 97.8, 97.6, 97.5, 97.5, 97.4, 97.3, 97.1, 96.9, 96.7, 96.7, 96.6, 96.5, 96.5, 96.4, 96.3, 96.2, 95.9, 95.8, 95.8, 95.7, 95.6, 95.6, 95.4, 95.2, 95.2, 95.1, 95.0, 94.9, 94.7, 94.5, 94.5, 94.4, 94.3, 94.1, 94.0, 93.8, 93.6, 93.4, 93.3, 93.1, 93.0, 92.8, 92.8, 92.6, 92.3, 92.3, 92.1, 92.0, 91.9, 91.7, 91.5, 91.4, 91.3, 91.2, 91.1, 90.9, 90.6, 90.4, 89.9, 89.7, 89.5, 89.3, 89.1, 88.8, 88.8, 88.5, 88.3, 88.1, 87.9, 87.8, 87.7, 87.5, 87.3, 87.3, 87.1, 87.1, 87.0, 86.7, 86.6, 86.5, 86.3, 86.0, 85.9, 85.6, 85.4, 85.1, 85.0, 84.8, 84.6, 84.3, 84.1, 83.9, 83.6, 83.4, 83.2, 83.1, 82.9, 82.6, 82.3, 81.9, 81.7, 81.6, 81.3, 81.2, 80.9, 80.6, 80.3, 80.1, 79.5, 79.3, 79.1, 78.8, 78.5, 78.4, 78.1, 77.9, 77.7, 77.4, 77.1, 76.9, 76.7, 76.4, 76.1, 76.0, 75.7, 75.4, 75.1, 74.7, 74.5, 74.5, 74.0, 73.8, 73.7, 73.6, 73.1, 73.0, 72.8, 72.7, 72.5, 72.3, 72.0, 71.8, 71.7, 71.6, 71.3, 70.8, 70.7, 70.7, 70.3, 70.0, 69.6, 69.2, 69.0, 68.7, 68.3, 68.1, 67.7, 67.2, 67.0, 66.7, 66.4, 66.2, 66.0, 65.7, 65.4, 65.1, 64.9, 64.4, 64.2, 63.7, 63.3, 63.0, 62.9, 62.6, 62.3, 62.0, 61.6, 61.3, 61.1, 60.8, 60.5, 60.3, 59.8, 59.6, 59.2, 58.9, 58.8, 58.5, 58.0, 57.9, 57.7, 57.5, 57.2, 56.9, 56.7, 56.4, 56.1, 55.8, 55.3, 54.8, 54.5, 54.0, 53.5, 53.3, 53.1, 52.8, 52.5, 52.0, 51.7, 51.3, 51.1, 50.6, 50.5, 50.4, 50.1, 50.1, 49.6, 49.3, 49.2, 48.8, 48.6, 48.3, 47.7, 47.6, 47.5, 47.2, 47.0, 46.8, 46.4, 46.1, 45.9, 45.5, 45.1, 44.9, 44.5, 44.2, 43.8, 43.7, 43.4, 42.9, 42.7, 42.3, 42.0, 41.5, 41.2, 40.9, 40.5, 40.2, 39.8, 39.7, 39.5, 39.1, 39.0, 38.7, 38.3, 38.0, 37.6, 37.2, 37.0, 36.8, 36.3, 35.5, 35.400000000000006, 35.0, 34.8, 34.7, 33.8, 33.7, 33.3, 33.099999999999994, 32.8, 32.599999999999994, 32.0, 31.5, 31.200000000000003, 31.099999999999994, 30.900000000000006, 30.700000000000003, 30.5, 30.0, 29.900000000000006, 29.700000000000003, 29.5, 29.299999999999997, 28.900000000000006, 28.700000000000003, 28.200000000000003, 27.799999999999997, 27.599999999999994, 26.299999999999997, 25.5, 24.599999999999994, 24.0, 22.599999999999994, 21.5, 20.599999999999994, 19.599999999999994, 18.299999999999997, 16.900000000000006, 15.700000000000003, 15.299999999999997, 14.799999999999997, 14.599999999999994, 13.700000000000003, 13.0, 12.799999999999997, 12.299999999999997, 11.599999999999994, 11.299999999999997, 9.400000000000006, 8.700000000000003, 8.200000000000003, 7.599999999999994, 6.799999999999997, 6.099999999999994, 5.599999999999994, 5.200000000000003, 4.900000000000006, 4.299999999999997, 4.200000000000003, 4.099999999999994, 4.0, 3.700000000000003, 3.4000000000000057, 3.4000000000000057, 3.200000000000003, 2.5999999999999943, 2.5999999999999943, 2.299999999999997, 2.0999999999999943, 2.0, 1.9000000000000057, 1.7000000000000028, 1.7000000000000028, 1.5, 1.5, 1.4000000000000057, 0.9000000000000057, 0.7999999999999972, 0.7999999999999972, 0.5999999999999943, 0.5999999999999943, 0.5, 0.4000000000000057, 0.4000000000000057, 0.29999999999999716, 0.20000000000000284, 0.20000000000000284, 0.09999999999999432, 0.0, 0.0], "x": [350, 357, 359, 361, 364, 366, 368, 373, 374, 377, 381, 386, 389, 393, 395, 397, 401, 407, 408, 411, 412, 414, 415, 417, 418, 419, 421, 422, 423, 424, 425, 426, 427, 428, 430, 431, 433, 434, 436, 437, 438, 439, 442, 443, 444, 445, 446, 447, 448, 449, 450, 451, 452, 453, 454, 455, 456, 457, 458, 459, 460, 461, 462, 463, 464, 465, 466, 467, 468, 469, 470, 471, 472, 473, 474, 475, 476, 477, 478, 479, 480, 481, 483, 484, 485, 486, 488, 489, 490, 491, 492, 493, 494, 495, 496, 497, 498, 499, 500, 501, 502, 503, 504, 505, 506, 507, 508, 509, 510, 511, 513, 514, 515, 516, 517, 519, 520, 521, 522, 523, 524, 525, 526, 527, 528, 529, 530, 531, 532, 533, 534, 535, 536, 537, 538, 540, 541, 542, 543, 544, 545, 546, 547, 548, 549, 550, 551, 552, 553, 554, 555, 556, 557, 558, 559, 560, 561, 562, 563, 564, 565, 566, 567, 568, 569, 570, 571, 572, 573, 574, 575, 576, 577, 578, 579, 580, 581, 582, 583, 584, 585, 586, 587, 588, 589, 590, 591, 592, 593, 594, 595, 596, 597, 598, 599, 600, 601, 602, 603, 604, 605, 606, 607, 608, 609, 610, 611, 612, 613, 614, 615, 616, 617, 618, 619, 620, 621, 622, 623, 624, 625, 627, 628, 629, 630, 631, 632, 633, 634, 635, 636, 637, 638, 639, 640, 641, 642, 643, 644, 645, 646, 647, 648, 649, 650, 651, 652, 653, 654, 655, 656, 657, 658, 659, 660, 661, 662, 663, 664, 665, 666, 667, 668, 669, 670, 671, 672, 673, 674, 675, 676, 677, 678, 679, 680, 681, 682, 683, 684, 685, 686, 687, 688, 689, 690, 691, 692, 693, 694, 695, 697, 698, 699, 700, 701, 702, 703, 705, 706, 707, 708, 709, 710, 711, 712, 713, 714, 715, 716, 717, 718, 719, 720, 721, 722, 723, 724, 725, 726, 727, 728, 729, 730, 731, 732, 733, 734, 735, 736, 737, 738, 739, 740, 741, 742, 743, 744, 745, 746, 747, 748, 749, 750, 752, 753, 754, 755, 756, 757, 758, 759, 760, 761, 762, 764, 765, 766, 769, 771, 772, 774, 775, 777, 779, 781, 786, 788, 794, 800, 801, 808, 810, 817, 829]}}