{"histogram": {"y": [2, 5, 4, 5, 5, 13, 12, 21, 18, 20, 24, 20, 23, 17, 31, 32, 24, 23, 21, 17, 17, 15, 15, 15, 10, 33, 12, 1, 2, 0, 0], "x": [345, 360, 375, 390, 405, 420, 435, 450, 465, 480, 495, 510, 525, 540, 555, 570, 585, 600, 615, 630, 645, 660, 675, 690, 705, 720, 735, 750, 765, 780, 795]}, "percentile": {"y": [99.8, 99.6, 99.4, 99.0, 98.5, 98.3, 98.1, 97.9, 97.6, 97.4, 97.2, 97.0, 96.8, 96.5, 96.1, 95.9, 95.7, 95.4, 95.2, 95.0, 94.8, 94.6, 94.3, 94.1, 93.9, 93.7, 93.3, 93.0, 92.8, 92.6, 92.4, 92.2, 91.9, 91.7, 91.5, 91.1, 90.8, 90.4, 90.0, 89.7, 89.3, 88.4, 87.8, 87.5, 87.3, 86.9, 86.5, 86.0, 85.6, 85.4, 85.1, 84.7, 84.5, 83.6, 83.4, 82.9, 82.5, 82.3, 81.8, 81.4, 81.2, 80.5, 80.3, 79.9, 79.4, 79.0, 78.6, 78.3, 78.1, 77.9, 77.5, 77.0, 76.8, 76.4, 75.9, 75.7, 74.4, 74.0, 73.7, 73.1, 72.9, 72.4, 71.8, 71.3, 71.1, 70.7, 70.4, 70.0, 69.8, 69.3, 69.1, 68.9, 68.7, 68.5, 68.3, 68.0, 67.8, 67.4, 67.2, 66.5, 66.3, 65.8, 65.4, 65.2, 64.1, 63.9, 63.6, 63.4, 63.0, 62.3, 61.9, 61.5, 61.2, 61.0, 60.8, 60.6, 59.5, 59.3, 59.0, 58.6, 57.9, 57.5, 56.6, 56.4, 56.2, 55.3, 54.9, 54.7, 54.0, 53.6, 52.7, 52.5, 52.2, 51.8, 50.7, 50.3, 49.6, 48.3, 47.4, 47.0, 46.8, 46.5, 46.3, 45.7, 45.2, 44.8, 43.9, 43.7, 43.5, 42.8, 41.9, 41.1, 40.6, 40.4, 40.0, 39.5, 38.9, 38.6, 38.2, 37.5, 37.1, 36.9, 36.2, 36.0, 35.400000000000006, 34.900000000000006, 34.5, 34.3, 33.400000000000006, 33.2, 32.5, 31.599999999999994, 31.200000000000003, 30.799999999999997, 30.5, 29.900000000000006, 29.400000000000006, 29.200000000000003, 29.0, 28.799999999999997, 28.099999999999994, 27.900000000000006, 27.700000000000003, 27.0, 26.799999999999997, 26.099999999999994, 25.900000000000006, 25.700000000000003, 25.5, 25.299999999999997, 25.0, 24.799999999999997, 24.400000000000006, 24.0, 23.5, 23.099999999999994, 22.599999999999994, 22.400000000000006, 21.5, 21.299999999999997, 21.099999999999994, 20.700000000000003, 20.400000000000006, 19.799999999999997, 19.299999999999997, 19.099999999999994, 18.900000000000006, 18.700000000000003, 18.299999999999997, 17.799999999999997, 17.400000000000006, 16.700000000000003, 16.5, 16.299999999999997, 15.799999999999997, 15.0, 14.700000000000003, 14.5, 14.299999999999997, 14.099999999999994, 13.900000000000006, 13.599999999999994, 13.400000000000006, 13.200000000000003, 13.0, 12.5, 12.099999999999994, 11.900000000000006, 11.700000000000003, 11.5, 11.200000000000003, 10.799999999999997, 10.599999999999994, 10.400000000000006, 10.099999999999994, 9.0, 8.799999999999997, 7.5, 6.799999999999997, 6.400000000000006, 6.0, 5.299999999999997, 4.400000000000006, 4.200000000000003, 3.5999999999999943, 3.299999999999997, 3.0999999999999943, 2.700000000000003, 2.200000000000003, 1.7999999999999972, 1.5999999999999943, 1.0999999999999943, 0.9000000000000057, 0.5, 0.29999999999999716, -0.20000000000000284], "x": [345, 355, 366, 367, 370, 377, 384, 385, 388, 395, 396, 398, 403, 404, 408, 411, 417, 418, 420, 422, 423, 424, 425, 426, 427, 428, 430, 431, 433, 434, 435, 436, 438, 440, 442, 443, 445, 448, 449, 450, 451, 452, 454, 455, 457, 460, 461, 462, 463, 464, 465, 466, 467, 468, 473, 474, 475, 476, 477, 478, 481, 482, 483, 484, 485, 487, 488, 490, 491, 492, 493, 494, 495, 497, 498, 499, 500, 501, 502, 503, 505, 506, 508, 510, 511, 512, 513, 514, 515, 516, 517, 518, 519, 520, 521, 522, 523, 524, 525, 526, 527, 528, 530, 531, 532, 534, 535, 536, 537, 538, 540, 542, 545, 546, 547, 548, 549, 551, 553, 554, 555, 556, 558, 559, 560, 561, 562, 563, 564, 565, 566, 567, 568, 569, 570, 571, 572, 573, 574, 575, 576, 577, 579, 580, 581, 583, 585, 586, 587, 588, 589, 590, 593, 594, 596, 598, 600, 601, 602, 604, 605, 606, 608, 609, 611, 612, 614, 616, 619, 620, 622, 623, 625, 627, 628, 629, 630, 631, 632, 633, 634, 636, 637, 640, 642, 643, 645, 646, 647, 649, 650, 651, 653, 654, 655, 657, 658, 659, 660, 665, 667, 668, 671, 672, 673, 674, 675, 676, 680, 681, 683, 684, 685, 687, 688, 690, 691, 693, 694, 695, 696, 698, 699, 701, 703, 704, 705, 708, 710, 714, 715, 716, 717, 718, 720, 721, 722, 723, 724, 725, 726, 727, 728, 729, 730, 732, 734, 735, 739, 740, 741, 742, 744, 746, 759, 766]}}