{"histogram": {"y": [1, 1, 1, 2, 8, 7, 5, 15, 23, 21, 36, 43, 41, 58, 48, 55, 55, 57, 57, 55, 59, 50, 63, 52, 71, 46, 62, 45, 36, 36, 41, 83, 71, 14, 6, 0, 1, 1, 2, 0], "x": [255, 270, 285, 300, 315, 330, 345, 360, 375, 390, 405, 420, 435, 450, 465, 480, 495, 510, 525, 540, 555, 570, 585, 600, 615, 630, 645, 660, 675, 690, 705, 720, 735, 750, 765, 780, 795, 810, 825, 840]}, "percentile": {"y": [100.0, 99.9, 99.8, 99.7, 99.5, 99.4, 99.4, 99.3, 99.2, 99.1, 99.1, 99.0, 98.9, 98.8, 98.8, 98.7, 98.5, 98.5, 98.4, 98.3, 98.2, 98.1, 98.0, 97.9, 97.9, 97.8, 97.7, 97.6, 97.5, 97.4, 97.3, 97.1, 97.0, 96.9, 96.8, 96.6, 96.4, 96.3, 96.1, 95.9, 95.6, 95.5, 95.3, 95.2, 95.2, 95.1, 95.0, 94.8, 94.7, 94.5, 94.3, 94.1, 94.0, 93.9, 93.7, 93.6, 93.4, 93.3, 93.3, 93.1, 92.4, 92.3, 92.0, 91.9, 91.8, 91.7, 91.5, 91.4, 91.1, 91.0, 90.9, 90.8, 90.6, 90.4, 90.3, 89.8, 89.7, 89.5, 89.3, 89.1, 88.9, 88.7, 88.4, 88.2, 87.8, 87.6, 87.4, 87.1, 86.7, 86.6, 86.2, 86.0, 85.7, 85.7, 85.5, 85.1, 85.1, 85.0, 84.8, 84.7, 84.2, 83.9, 83.8, 83.5, 83.5, 82.9, 82.6, 82.2, 82.0, 81.6, 81.1, 80.8, 80.5, 80.3, 80.0, 79.7, 79.5, 78.7, 78.5, 78.3, 78.3, 78.0, 77.9, 77.7, 77.4, 77.1, 76.9, 76.8, 76.7, 76.4, 76.2, 75.9, 75.7, 75.3, 75.1, 74.7, 74.6, 74.1, 74.0, 73.8, 73.5, 73.1, 72.9, 72.5, 72.1, 72.0, 71.6, 71.4, 71.2, 70.9, 70.6, 70.2, 70.1, 69.8, 69.2, 69.1, 68.9, 68.6, 68.4, 68.1, 67.8, 67.6, 67.0, 66.7, 66.4, 66.1, 65.5, 65.2, 64.9, 64.6, 64.4, 64.2, 64.1, 63.7, 63.4, 63.3, 62.7, 62.6, 62.4, 62.1, 61.5, 61.4, 61.1, 60.6, 60.3, 60.2, 59.8, 59.5, 59.4, 59.1, 58.8, 58.5, 58.5, 58.2, 57.8, 57.5, 57.2, 56.8, 56.5, 56.1, 55.8, 55.7, 55.1, 55.0, 54.7, 54.0, 53.9, 53.5, 53.4, 52.9, 52.7, 52.4, 52.0, 52.0, 51.7, 51.4, 51.2, 50.8, 50.6, 50.3, 50.2, 50.0, 49.8, 49.5, 49.3, 49.0, 48.7, 48.4, 48.0, 47.8, 47.5, 47.1, 46.5, 46.4, 46.1, 45.8, 45.2, 45.0, 44.9, 44.4, 44.1, 43.8, 43.5, 43.2, 42.9, 42.7, 42.5, 42.2, 41.9, 41.5, 41.1, 41.0, 40.8, 40.7, 40.1, 40.0, 39.7, 39.6, 39.4, 39.1, 38.8, 38.3, 37.9, 37.4, 37.1, 36.9, 36.6, 36.1, 35.8, 35.5, 35.2, 34.900000000000006, 34.400000000000006, 34.099999999999994, 33.400000000000006, 32.8, 32.7, 32.400000000000006, 32.2, 31.900000000000006, 31.700000000000003, 31.400000000000006, 31.099999999999994, 30.900000000000006, 30.700000000000003, 30.299999999999997, 30.200000000000003, 30.0, 30.0, 29.099999999999994, 28.799999999999997, 28.599999999999994, 28.5, 27.900000000000006, 27.700000000000003, 27.400000000000006, 27.0, 26.700000000000003, 26.599999999999994, 26.299999999999997, 26.099999999999994, 25.5, 25.299999999999997, 24.799999999999997, 24.599999999999994, 24.200000000000003, 24.0, 23.799999999999997, 23.599999999999994, 23.200000000000003, 23.0, 22.900000000000006, 22.599999999999994, 22.400000000000006, 22.299999999999997, 22.099999999999994, 21.900000000000006, 21.700000000000003, 21.5, 21.200000000000003, 21.200000000000003, 20.599999999999994, 20.5, 20.099999999999994, 20.0, 19.599999999999994, 19.599999999999994, 19.5, 19.299999999999997, 19.200000000000003, 18.700000000000003, 18.599999999999994, 18.5, 18.099999999999994, 17.900000000000006, 17.799999999999997, 17.599999999999994, 17.5, 17.5, 17.299999999999997, 16.900000000000006, 16.599999999999994, 16.5, 16.200000000000003, 16.0, 15.700000000000003, 15.599999999999994, 15.400000000000006, 15.299999999999997, 15.099999999999994, 14.799999999999997, 14.400000000000006, 14.099999999999994, 14.099999999999994, 13.900000000000006, 13.799999999999997, 13.400000000000006, 13.299999999999997, 13.0, 12.400000000000006, 12.0, 11.400000000000006, 10.5, 10.400000000000006, 9.799999999999997, 9.200000000000003, 8.400000000000006, 7.799999999999997, 7.700000000000003, 7.5, 7.299999999999997, 7.099999999999994, 6.5, 6.099999999999994, 5.700000000000003, 5.299999999999997, 5.099999999999994, 4.0, 3.5, 3.200000000000003, 3.0999999999999943, 2.9000000000000057, 2.700000000000003, 2.4000000000000057, 2.200000000000003, 2.0, 1.7999999999999972, 1.5999999999999943, 1.5, 1.2999999999999972, 1.2000000000000028, 1.0999999999999943, 1.0, 1.0, 0.9000000000000057, 0.7999999999999972, 0.7000000000000028, 0.7000000000000028, 0.5999999999999943, 0.4000000000000057, 0.29999999999999716, 0.20000000000000284, 0.09999999999999432, 0.0, 0.0], "x": [264, 284, 289, 304, 317, 323, 324, 325, 326, 328, 329, 336, 338, 339, 341, 342, 344, 347, 352, 353, 355, 360, 361, 362, 363, 365, 366, 368, 370, 371, 372, 373, 374, 375, 376, 378, 379, 380, 381, 382, 384, 385, 387, 390, 392, 393, 395, 396, 397, 398, 399, 400, 402, 403, 404, 405, 406, 407, 408, 409, 410, 411, 412, 413, 414, 415, 416, 417, 418, 419, 420, 421, 422, 423, 424, 425, 426, 427, 428, 429, 430, 431, 432, 433, 434, 435, 436, 437, 438, 439, 440, 441, 442, 443, 444, 445, 446, 447, 448, 449, 450, 451, 452, 453, 454, 455, 456, 457, 458, 459, 460, 461, 462, 463, 465, 466, 467, 468, 469, 470, 471, 472, 473, 474, 475, 476, 477, 478, 479, 480, 481, 482, 483, 484, 485, 486, 487, 488, 489, 490, 491, 492, 493, 494, 495, 496, 497, 498, 499, 500, 501, 502, 503, 504, 505, 506, 507, 508, 509, 510, 511, 512, 513, 514, 515, 516, 517, 518, 519, 520, 521, 522, 523, 525, 526, 527, 528, 529, 530, 531, 533, 534, 535, 536, 537, 538, 539, 540, 541, 542, 543, 544, 545, 546, 547, 548, 549, 550, 551, 552, 553, 554, 555, 556, 557, 558, 559, 560, 561, 562, 563, 564, 565, 566, 567, 568, 569, 570, 571, 572, 573, 574, 575, 576, 578, 579, 580, 581, 582, 583, 584, 585, 586, 587, 588, 589, 590, 591, 592, 593, 594, 595, 596, 597, 598, 599, 600, 601, 602, 603, 604, 605, 606, 607, 608, 609, 610, 611, 612, 613, 614, 615, 616, 617, 618, 619, 620, 621, 622, 623, 624, 625, 626, 628, 629, 630, 631, 632, 633, 634, 635, 636, 638, 639, 640, 641, 642, 643, 644, 645, 647, 648, 649, 650, 651, 652, 653, 654, 655, 656, 657, 658, 659, 660, 662, 663, 664, 665, 666, 667, 668, 669, 670, 671, 672, 673, 674, 675, 677, 678, 679, 680, 681, 683, 684, 685, 686, 687, 688, 689, 690, 691, 692, 693, 694, 695, 696, 697, 698, 699, 700, 703, 704, 705, 706, 707, 708, 709, 710, 712, 713, 714, 715, 716, 717, 718, 719, 720, 721, 722, 723, 724, 725, 726, 727, 728, 729, 730, 731, 732, 733, 734, 735, 736, 737, 738, 739, 740, 741, 742, 743, 744, 745, 746, 747, 748, 749, 750, 751, 754, 755, 756, 757, 758, 760, 763, 764, 766, 768, 772, 776, 795, 822, 828, 829]}}