{"percentile": {"x": [358, 395, 407, 415, 421, 429, 430, 433, 440, 449, 466, 467, 477, 497, 501, 503, 506, 507, 509, 510, 521, 528, 529, 539, 541, 542, 549, 551, 554, 555, 559, 566, 575, 580, 582, 585, 590, 592, 596, 608, 609, 610, 611, 623, 624, 634, 637, 641, 647, 653, 655, 660, 662, 663, 664, 669, 675, 678, 679, 687, 690, 697, 699, 704, 705, 718, 722, 723, 726, 727, 728, 729, 733, 740, 741, 742, 743, 746, 747, 749, 755, 756, 758, 771], "y": [99.0, 97.9, 96.8, 95.7, 94.7, 93.6, 91.4, 90.4, 89.3, 88.2, 87.1, 86.1, 85.0, 83.9, 82.8, 81.8, 80.7, 79.6, 78.5, 77.5, 76.4, 75.3, 74.2, 72.1, 69.9, 68.9, 67.8, 66.7, 65.6, 64.6, 63.5, 62.4, 60.3, 59.2, 58.1, 57.0, 56.0, 54.9, 53.8, 52.7, 51.7, 50.6, 49.5, 48.4, 47.4, 46.3, 45.2, 44.1, 43.1, 42.0, 40.9, 39.8, 38.8, 37.7, 36.6, 35.5, 34.5, 33.400000000000006, 32.3, 31.200000000000003, 30.200000000000003, 29.099999999999994, 28.0, 26.900000000000006, 25.900000000000006, 24.799999999999997, 22.599999999999994, 21.599999999999994, 20.5, 17.299999999999997, 16.200000000000003, 14.0, 13.0, 10.799999999999997, 9.700000000000003, 8.700000000000003, 7.599999999999994, 6.5, 4.400000000000006, 3.299999999999997, 2.200000000000003, 1.0999999999999943, 0.0, -1.0]}, "histogram": {"x": [345, 360, 375, 390, 405, 420, 435, 450, 465, 480, 495, 510, 525, 540, 555, 570, 585, 600, 615, 630, 645, 660, 675, 690, 705, 720, 735, 750, 765, 780], "y": [1, 0, 0, 1, 2, 5, 2, 0, 3, 0, 6, 2, 4, 6, 3, 4, 4, 4, 2, 3, 3, 5, 4, 4, 2, 11, 9, 3, 1, 0]}}