{"histogram": {"y": [1, 0, 0, 0, 1, 1, 3, 6, 6, 10, 6, 12, 11, 15, 13, 23, 24, 32, 30, 28, 27, 27, 18, 16, 24, 18, 20, 13, 12, 38, 25, 8, 6, 1, 0], "x": [285, 300, 315, 330, 345, 360, 375, 390, 405, 420, 435, 450, 465, 480, 495, 510, 525, 540, 555, 570, 585, 600, 615, 630, 645, 660, 675, 690, 705, 720, 735, 750, 765, 780, 795]}, "percentile": {"y": [99.8, 99.6, 99.4, 99.0, 98.8, 98.6, 98.4, 97.9, 97.5, 97.3, 97.1, 96.9, 96.7, 96.5, 96.3, 96.0, 95.8, 95.4, 95.2, 94.8, 94.4, 94.1, 93.9, 93.7, 93.5, 93.3, 93.1, 92.9, 92.7, 92.5, 92.2, 92.0, 91.8, 91.6, 91.4, 91.2, 90.8, 90.6, 90.3, 90.1, 89.7, 89.3, 89.1, 88.9, 88.4, 88.2, 88.0, 87.6, 87.4, 87.2, 86.5, 86.1, 85.9, 85.5, 85.3, 84.9, 84.6, 84.2, 83.8, 83.6, 83.2, 82.8, 82.3, 82.1, 81.5, 81.1, 80.0, 79.6, 79.4, 78.7, 78.1, 77.5, 77.3, 76.8, 76.4, 76.2, 76.0, 75.8, 75.6, 74.9, 74.7, 74.1, 73.3, 72.6, 72.4, 72.2, 71.8, 71.1, 70.7, 70.5, 70.1, 69.5, 69.0, 68.6, 67.8, 67.6, 67.3, 66.7, 66.3, 65.9, 65.5, 64.6, 63.8, 63.6, 63.3, 63.1, 62.5, 61.9, 61.4, 61.2, 61.0, 60.4, 60.0, 59.3, 59.1, 58.3, 57.4, 57.0, 56.6, 56.0, 55.7, 55.3, 54.9, 54.5, 54.3, 53.6, 53.2, 52.4, 51.9, 51.5, 51.3, 51.1, 50.7, 50.5, 49.8, 49.4, 49.0, 48.6, 48.2, 47.5, 46.7, 46.3, 45.8, 45.4, 44.6, 44.4, 44.1, 43.5, 43.3, 43.1, 42.2, 41.8, 41.6, 41.0, 40.8, 40.6, 40.3, 39.7, 39.3, 39.1, 38.9, 38.4, 38.0, 37.6, 37.4, 37.2, 36.8, 36.5, 36.3, 35.900000000000006, 35.5, 35.3, 35.099999999999994, 34.599999999999994, 33.8, 33.0, 32.8, 32.3, 32.099999999999994, 31.700000000000003, 31.5, 31.099999999999994, 30.900000000000006, 30.400000000000006, 30.200000000000003, 29.599999999999994, 28.700000000000003, 28.5, 27.900000000000006, 27.700000000000003, 27.5, 27.299999999999997, 26.400000000000006, 25.799999999999997, 25.200000000000003, 24.700000000000003, 24.5, 23.5, 23.299999999999997, 22.799999999999997, 22.599999999999994, 22.400000000000006, 22.200000000000003, 21.799999999999997, 21.599999999999994, 21.099999999999994, 20.5, 20.299999999999997, 20.099999999999994, 19.5, 19.0, 18.799999999999997, 18.400000000000006, 18.200000000000003, 18.0, 17.799999999999997, 17.599999999999994, 17.299999999999997, 17.099999999999994, 16.700000000000003, 16.5, 16.299999999999997, 15.700000000000003, 15.0, 14.599999999999994, 14.0, 12.900000000000006, 12.5, 11.700000000000003, 10.599999999999994, 10.0, 9.299999999999997, 8.900000000000006, 8.299999999999997, 8.099999999999994, 7.400000000000006, 7.0, 6.799999999999997, 6.400000000000006, 5.5, 5.299999999999997, 5.099999999999994, 4.900000000000006, 4.5, 3.799999999999997, 3.5999999999999943, 3.200000000000003, 3.0, 2.5999999999999943, 2.4000000000000057, 2.200000000000003, 1.7000000000000028, 1.2999999999999972, 1.0999999999999943, 0.7000000000000028, 0.5, 0.29999999999999716, 0.0, -0.20000000000000284], "x": [289, 358, 369, 385, 387, 390, 394, 397, 399, 405, 411, 412, 413, 418, 419, 420, 421, 425, 427, 430, 431, 432, 435, 436, 437, 440, 444, 449, 450, 451, 453, 454, 455, 456, 458, 459, 461, 462, 464, 466, 467, 468, 469, 470, 473, 475, 477, 480, 481, 487, 488, 490, 491, 492, 493, 494, 497, 500, 502, 503, 505, 506, 508, 509, 510, 511, 513, 514, 518, 519, 520, 522, 523, 525, 526, 527, 528, 529, 531, 532, 533, 535, 536, 537, 538, 539, 540, 541, 542, 543, 544, 545, 546, 547, 548, 549, 550, 551, 552, 553, 554, 556, 557, 558, 559, 560, 561, 562, 563, 564, 565, 566, 567, 568, 569, 570, 571, 573, 574, 575, 576, 577, 579, 580, 581, 582, 584, 585, 586, 587, 588, 589, 590, 591, 592, 594, 595, 596, 597, 598, 600, 601, 603, 604, 605, 606, 607, 608, 609, 610, 611, 612, 615, 616, 617, 618, 619, 620, 622, 623, 624, 626, 628, 630, 631, 632, 633, 635, 636, 637, 638, 640, 641, 642, 645, 646, 647, 650, 651, 652, 653, 654, 656, 657, 658, 659, 660, 664, 665, 666, 667, 669, 670, 672, 675, 676, 678, 680, 681, 682, 683, 684, 685, 687, 688, 690, 695, 697, 699, 700, 701, 704, 705, 706, 707, 708, 709, 710, 711, 715, 716, 718, 720, 721, 722, 723, 724, 725, 726, 727, 728, 729, 732, 733, 735, 736, 737, 738, 739, 740, 741, 742, 743, 744, 745, 746, 747, 748, 750, 751, 755, 758, 761, 765, 766, 769, 774, 778, 781]}}