{"percentile": {"y": [99.8, 99.5, 99.3, 99.0, 98.7, 98.5, 98.2, 97.9, 97.7, 97.4, 97.1, 96.9, 96.6, 96.3, 96.1, 95.8, 95.5, 95.3, 95.0, 94.7, 94.5, 94.2, 93.9, 93.7, 93.4, 93.1, 92.6, 92.3, 92.1, 91.8, 91.5, 91.3, 91.0, 90.7, 90.5, 90.2, 89.9, 89.4, 89.1, 88.9, 88.6, 88.1, 87.8, 87.5, 86.5, 86.2, 86.0, 85.4, 84.9, 84.6, 83.6, 83.3, 83.0, 82.8, 82.5, 82.2, 82.0, 81.4, 81.2, 80.9, 80.6, 80.4, 80.1, 79.6, 78.8, 78.2, 77.7, 77.2, 76.6, 76.4, 75.8, 75.6, 75.0, 74.5, 74.3, 74.0, 73.7, 73.2, 72.4, 71.9, 71.3, 71.1, 70.5, 70.3, 70.0, 69.5, 68.1, 67.6, 66.5, 66.3, 66.0, 65.5, 64.9, 64.7, 64.4, 63.9, 63.3, 62.8, 62.0, 61.5, 61.2, 61.0, 60.7, 60.4, 59.9, 59.6, 59.1, 58.6, 58.0, 57.8, 57.2, 56.4, 55.9, 55.4, 54.8, 54.3, 53.8, 53.2, 51.6, 51.1, 50.3, 49.8, 49.5, 48.7, 48.5, 48.2, 47.1, 46.9, 46.6, 46.3, 45.8, 45.3, 45.0, 44.7, 44.2, 43.7, 43.4, 43.1, 42.9, 42.6, 42.1, 41.5, 41.0, 40.7, 39.9, 39.4, 38.6, 38.1, 37.3, 37.0, 36.0, 34.900000000000006, 34.599999999999994, 34.400000000000006, 33.8, 33.599999999999994, 33.0, 32.8, 32.5, 31.700000000000003, 31.400000000000006, 31.200000000000003, 30.400000000000006, 29.599999999999994, 29.0, 28.799999999999997, 28.200000000000003, 28.0, 27.700000000000003, 27.400000000000006, 26.599999999999994, 26.400000000000006, 26.099999999999994, 25.799999999999997, 25.599999999999994, 25.299999999999997, 25.0, 24.799999999999997, 24.5, 24.299999999999997, 24.0, 23.700000000000003, 23.5, 23.200000000000003, 22.900000000000006, 22.700000000000003, 22.400000000000006, 21.900000000000006, 21.599999999999994, 21.099999999999994, 20.5, 20.299999999999997, 19.700000000000003, 19.5, 19.200000000000003, 18.900000000000006, 18.700000000000003, 18.400000000000006, 18.099999999999994, 17.599999999999994, 16.799999999999997, 16.5, 15.700000000000003, 15.5, 15.200000000000003, 14.900000000000006, 14.700000000000003, 14.400000000000006, 14.099999999999994, 13.900000000000006, 13.299999999999997, 13.099999999999994, 12.5, 12.0, 11.799999999999997, 11.5, 10.400000000000006, 9.599999999999994, 9.099999999999994, 8.599999999999994, 8.0, 7.5, 6.700000000000003, 6.400000000000006, 6.200000000000003, 5.900000000000006, 5.400000000000006, 4.799999999999997, 3.5, 2.700000000000003, 2.4000000000000057, 1.9000000000000057, 1.5999999999999943, 0.7999999999999972, 0.5999999999999943, 0.29999999999999716, 0.0, -0.20000000000000284], "x": [312, 337, 354, 362, 372, 374, 375, 383, 385, 391, 396, 400, 408, 409, 411, 414, 415, 416, 419, 420, 421, 422, 423, 426, 428, 431, 432, 433, 434, 435, 437, 444, 446, 449, 450, 454, 455, 456, 460, 462, 463, 464, 465, 470, 471, 472, 473, 474, 475, 477, 481, 482, 487, 489, 490, 491, 492, 494, 496, 497, 499, 500, 501, 502, 507, 509, 510, 511, 514, 515, 516, 517, 518, 519, 521, 525, 526, 527, 528, 529, 532, 533, 534, 535, 536, 537, 538, 539, 541, 542, 544, 545, 546, 547, 549, 550, 553, 556, 557, 560, 562, 563, 564, 565, 567, 568, 569, 570, 571, 572, 574, 575, 577, 579, 580, 582, 583, 584, 585, 586, 587, 588, 590, 593, 594, 595, 596, 597, 598, 599, 600, 602, 604, 607, 608, 609, 610, 611, 613, 615, 616, 618, 619, 620, 621, 622, 623, 625, 626, 628, 629, 630, 632, 634, 635, 636, 637, 639, 641, 642, 644, 645, 646, 648, 649, 650, 651, 653, 655, 656, 657, 658, 660, 662, 664, 666, 667, 670, 672, 673, 675, 676, 677, 679, 680, 682, 683, 685, 687, 689, 690, 691, 692, 693, 695, 696, 697, 698, 699, 700, 703, 704, 705, 706, 707, 708, 709, 710, 712, 714, 717, 718, 719, 720, 721, 722, 723, 724, 725, 726, 728, 729, 730, 732, 733, 734, 735, 738, 740, 745, 746, 747, 748, 751, 753, 768, 774, 794]}, "histogram": {"y": [1, 0, 1, 1, 3, 3, 3, 7, 11, 5, 10, 13, 12, 12, 15, 25, 16, 16, 22, 26, 13, 26, 17, 19, 8, 12, 17, 15, 25, 16, 4, 2, 1, 0, 0], "x": [300, 315, 330, 345, 360, 375, 390, 405, 420, 435, 450, 465, 480, 495, 510, 525, 540, 555, 570, 585, 600, 615, 630, 645, 660, 675, 690, 705, 720, 735, 750, 765, 780, 795, 810]}}