{"histogram": {"x": [360, 375, 390, 405, 420, 435, 450, 465, 480, 495, 510, 525, 540, 555, 570, 585, 600, 615, 630, 645, 660, 675, 690, 705, 720, 735, 750, 765, 780], "y": [1, 1, 0, 0, 3, 5, 8, 4, 3, 5, 6, 8, 8, 6, 6, 11, 4, 4, 6, 3, 2, 2, 3, 4, 10, 8, 0, 1, 0]}, "percentile": {"x": [373, 389, 420, 430, 437, 440, 442, 445, 446, 452, 453, 454, 455, 457, 458, 461, 465, 466, 467, 479, 480, 489, 492, 496, 502, 504, 507, 511, 516, 519, 522, 524, 525, 526, 531, 532, 538, 539, 541, 542, 544, 548, 549, 550, 553, 556, 557, 559, 564, 565, 570, 573, 577, 578, 580, 585, 588, 589, 590, 591, 593, 595, 598, 603, 606, 607, 612, 619, 620, 624, 629, 634, 635, 637, 640, 642, 651, 655, 658, 662, 665, 682, 689, 693, 701, 702, 714, 715, 717, 718, 720, 723, 724, 725, 726, 728, 730, 736, 737, 738, 739, 740, 746, 765], "y": [99.2, 98.4, 96.7, 95.9, 95.1, 94.3, 93.4, 92.6, 91.8, 91.0, 90.1, 89.3, 87.7, 86.8, 86.0, 85.2, 84.3, 83.5, 82.7, 81.9, 81.0, 80.2, 79.4, 78.6, 77.7, 76.1, 75.3, 73.6, 72.8, 72.0, 71.1, 70.3, 69.5, 68.6, 67.8, 67.0, 65.3, 63.7, 62.9, 62.0, 61.2, 60.4, 59.6, 58.7, 57.1, 56.2, 55.4, 53.8, 52.9, 52.1, 50.5, 49.6, 48.8, 48.0, 47.2, 46.3, 45.5, 43.9, 41.4, 40.5, 39.7, 38.9, 38.1, 37.2, 36.4, 35.599999999999994, 34.8, 33.900000000000006, 33.099999999999994, 32.3, 31.5, 30.599999999999994, 29.799999999999997, 29.0, 27.299999999999997, 26.5, 25.700000000000003, 24.799999999999997, 24.0, 23.200000000000003, 22.400000000000006, 21.5, 20.700000000000003, 19.900000000000006, 19.099999999999994, 18.200000000000003, 17.400000000000006, 16.599999999999994, 15.799999999999997, 14.900000000000006, 12.400000000000006, 10.799999999999997, 10.0, 9.099999999999994, 8.299999999999997, 7.5, 6.700000000000003, 5.799999999999997, 5.0, 4.200000000000003, 2.5, 0.9000000000000057, 0.0, -0.7999999999999972]}}