{"histogram": {"x": [345, 360, 375, 390, 405, 420, 435, 450, 465, 480, 495, 510, 525, 540, 555, 570, 585, 600, 615, 630, 645, 660, 675, 690, 705, 720, 735, 750, 765], "y": [1, 1, 0, 3, 2, 3, 4, 0, 3, 5, 2, 4, 5, 1, 4, 1, 2, 1, 0, 0, 1, 1, 3, 1, 3, 2, 1, 1, 0]}, "percentile": {"x": [357, 369, 390, 396, 399, 412, 419, 427, 428, 432, 435, 438, 440, 445, 471, 477, 478, 480, 482, 483, 487, 495, 506, 510, 519, 521, 522, 526, 537, 538, 539, 551, 557, 560, 567, 577, 592, 593, 603, 645, 671, 675, 693, 705, 713, 717, 730, 733, 738, 756], "y": [98.2, 96.3, 94.5, 92.6, 90.8, 88.9, 87.1, 85.2, 83.4, 81.5, 79.7, 77.8, 76.0, 74.1, 72.3, 70.4, 68.6, 66.7, 64.9, 61.2, 59.3, 57.5, 55.6, 53.8, 51.9, 50.0, 48.2, 46.3, 44.5, 42.6, 38.9, 37.1, 35.2, 31.5, 29.700000000000003, 27.799999999999997, 26.0, 24.099999999999994, 22.299999999999997, 20.400000000000006, 18.599999999999994, 13.0, 11.200000000000003, 9.299999999999997, 7.5, 5.599999999999994, 3.799999999999997, 1.9000000000000057, 0.0, -1.7999999999999972]}}