{"histogram": {"y": [1, 0, 0, 0, 0, 0, 1, 1, 5, 3, 3, 6, 3, 5, 7, 12, 10, 5, 4, 13, 8, 6, 9, 6, 5, 11, 2, 6, 6, 25, 14, 4, 2, 0, 1, 1, 0, 0], "x": [285, 300, 315, 330, 345, 360, 375, 390, 405, 420, 435, 450, 465, 480, 495, 510, 525, 540, 555, 570, 585, 600, 615, 630, 645, 660, 675, 690, 705, 720, 735, 750, 765, 780, 795, 810, 825, 840]}, "percentile": {"y": [99.5, 99.0, 98.4, 97.9, 97.3, 96.8, 96.2, 95.7, 95.2, 94.6, 94.1, 93.5, 93.0, 92.4, 91.9, 91.4, 90.8, 90.3, 89.7, 89.2, 88.6, 88.1, 87.5, 87.0, 86.5, 85.9, 85.4, 84.8, 84.3, 83.2, 82.7, 82.1, 81.6, 81.0, 80.5, 79.9, 78.9, 78.3, 77.8, 76.7, 76.1, 75.6, 75.0, 74.5, 74.0, 73.4, 72.9, 72.3, 71.8, 71.2, 70.7, 69.6, 69.1, 68.5, 67.4, 66.9, 66.4, 65.8, 65.3, 64.2, 63.6, 63.1, 62.5, 61.5, 60.4, 59.8, 58.7, 57.1, 56.6, 56.0, 54.9, 54.4, 53.9, 53.3, 52.8, 51.7, 51.1, 50.6, 50.0, 49.5, 48.4, 47.3, 46.8, 46.2, 45.2, 44.6, 44.1, 43.5, 43.0, 42.4, 41.4, 40.8, 40.3, 39.2, 38.6, 37.5, 36.5, 35.900000000000006, 35.400000000000006, 34.8, 34.3, 33.7, 32.7, 32.099999999999994, 31.599999999999994, 30.5, 29.900000000000006, 29.400000000000006, 28.900000000000006, 28.299999999999997, 27.200000000000003, 26.099999999999994, 25.599999999999994, 25.0, 22.299999999999997, 21.799999999999997, 21.200000000000003, 20.700000000000003, 20.200000000000003, 19.099999999999994, 18.0, 14.700000000000003, 12.5, 11.5, 10.400000000000006, 9.299999999999997, 7.700000000000003, 7.099999999999994, 6.0, 4.900000000000006, 4.400000000000006, 3.9000000000000057, 3.299999999999997, 2.799999999999997, 2.200000000000003, 1.7000000000000028, 1.0999999999999943, 0.5999999999999943, 0.0, -0.5], "x": [296, 384, 404, 405, 407, 415, 418, 419, 420, 422, 427, 436, 440, 447, 454, 457, 458, 461, 463, 464, 469, 473, 478, 480, 483, 486, 487, 494, 495, 500, 501, 502, 506, 509, 510, 513, 514, 515, 516, 517, 518, 520, 522, 523, 525, 526, 528, 529, 530, 531, 532, 535, 537, 545, 547, 551, 554, 558, 564, 565, 571, 573, 574, 575, 576, 578, 579, 580, 586, 590, 591, 592, 593, 594, 598, 600, 603, 607, 608, 610, 615, 616, 619, 623, 624, 627, 630, 632, 633, 635, 641, 646, 647, 656, 657, 660, 661, 662, 663, 665, 667, 668, 672, 676, 680, 690, 694, 696, 701, 702, 705, 710, 711, 712, 720, 721, 722, 723, 724, 725, 726, 728, 729, 734, 735, 737, 740, 741, 742, 743, 746, 749, 752, 758, 763, 764, 771, 774, 798, 822]}}