{"histogram": {"y": [1, 1, 0, 0, 1, 0, 0, 0, 1, 0, 0, 1, 0, 1, 1, 2, 1, 0], "x": [495, 510, 525, 540, 555, 570, 585, 600, 615, 630, 645, 660, 675, 690, 705, 720, 735, 750]}, "percentile": {"y": [88.9, 77.8, 66.7, 55.6, 44.5, 33.400000000000006, 22.299999999999997, 11.200000000000003, 0.0, -11.099999999999994], "x": [508, 519, 567, 624, 660, 703, 705, 729, 730, 744]}}