{"histogram": {"y": [1, 0, 2, 0, 0, 1, 0, 3, 4, 1, 4, 1, 1, 6, 4, 2, 1, 4, 4, 0, 2, 2, 2, 4, 0, 4, 3, 4, 1, 2, 0, 0], "x": [315, 330, 345, 360, 375, 390, 405, 420, 435, 450, 465, 480, 495, 510, 525, 540, 555, 570, 585, 600, 615, 630, 645, 660, 675, 690, 705, 720, 735, 750, 765, 780]}, "percentile": {"y": [98.4, 96.8, 95.2, 93.6, 92.0, 90.4, 88.8, 87.1, 85.5, 83.9, 82.3, 80.7, 79.1, 75.9, 74.2, 72.6, 71.0, 69.4, 67.8, 66.2, 64.6, 63.0, 61.3, 59.7, 58.1, 56.5, 54.9, 53.3, 51.7, 50.0, 48.4, 45.2, 43.6, 42.0, 40.4, 38.8, 37.1, 35.5, 33.900000000000006, 32.3, 30.700000000000003, 29.099999999999994, 27.5, 25.900000000000006, 24.200000000000003, 22.599999999999994, 21.0, 19.400000000000006, 17.799999999999997, 16.200000000000003, 14.599999999999994, 13.0, 11.299999999999997, 9.700000000000003, 8.099999999999994, 6.5, 4.900000000000006, 3.299999999999997, 1.7000000000000028, 0.0, -1.5999999999999943], "x": [322, 351, 352, 395, 424, 426, 432, 439, 440, 443, 448, 451, 468, 469, 476, 481, 501, 510, 513, 514, 517, 518, 520, 526, 527, 534, 538, 540, 553, 565, 575, 576, 580, 594, 595, 597, 599, 617, 623, 634, 639, 650, 659, 661, 665, 669, 673, 690, 696, 697, 700, 705, 714, 716, 721, 726, 730, 734, 735, 754, 759]}}