{"percentile": {"y": [99.5, 98.9, 98.4, 97.3, 96.7, 96.2, 95.6, 95.1, 94.5, 94.0, 93.4, 92.9, 92.3, 91.8, 91.2, 90.7, 89.6, 87.9, 87.3, 86.8, 85.7, 85.1, 84.6, 84.0, 83.5, 81.3, 80.7, 79.1, 78.5, 78.0, 77.4, 75.2, 74.6, 74.1, 73.5, 73.0, 71.9, 70.8, 70.2, 69.7, 68.6, 68.0, 67.5, 66.3, 65.2, 64.1, 63.6, 62.5, 61.4, 60.3, 58.6, 57.5, 57.0, 56.4, 55.3, 53.1, 52.5, 51.4, 50.3, 48.1, 47.0, 46.5, 44.8, 43.7, 43.1, 42.6, 41.5, 40.9, 40.4, 38.7, 37.6, 36.5, 35.400000000000006, 34.900000000000006, 33.8, 32.599999999999994, 32.099999999999994, 31.0, 29.299999999999997, 28.799999999999997, 28.200000000000003, 27.700000000000003, 27.099999999999994, 26.0, 24.400000000000006, 23.299999999999997, 22.099999999999994, 21.599999999999994, 21.0, 20.5, 18.299999999999997, 17.200000000000003, 16.599999999999994, 16.099999999999994, 15.5, 15.0, 14.400000000000006, 13.299999999999997, 12.200000000000003, 11.700000000000003, 11.099999999999994, 10.0, 8.299999999999997, 7.200000000000003, 6.099999999999994, 5.599999999999994, 5.0, 4.5, 3.9000000000000057, 3.4000000000000057, 2.799999999999997, 1.7000000000000028, 1.2000000000000028, 0.5999999999999943, 0.0, -0.5], "x": [256, 264, 294, 298, 303, 305, 311, 318, 321, 323, 324, 325, 328, 329, 332, 333, 335, 336, 337, 338, 339, 340, 342, 343, 344, 346, 347, 348, 350, 351, 353, 354, 355, 356, 358, 359, 360, 361, 362, 364, 365, 366, 367, 368, 369, 370, 371, 373, 374, 377, 378, 379, 380, 381, 382, 383, 386, 388, 389, 390, 391, 392, 393, 394, 395, 397, 398, 400, 401, 402, 403, 404, 405, 407, 408, 409, 410, 411, 412, 414, 415, 416, 418, 419, 420, 424, 425, 428, 431, 433, 434, 437, 438, 439, 441, 442, 446, 448, 449, 454, 456, 458, 459, 460, 465, 466, 470, 473, 475, 477, 485, 489, 493, 495, 499, 516]}, "histogram": {"y": [2, 0, 3, 3, 7, 15, 19, 21, 20, 25, 19, 14, 11, 9, 7, 4, 2, 1, 0, 0], "x": [255, 270, 285, 300, 315, 330, 345, 360, 375, 390, 405, 420, 435, 450, 465, 480, 495, 510, 525, 540]}}