{"percentile": {"y": [99.2, 98.8, 98.3, 97.9, 97.5, 97.0, 96.6, 96.2, 95.7, 95.3, 94.9, 94.4, 94.0, 93.6, 92.7, 91.9, 91.4, 90.6, 89.7, 89.3, 88.8, 88.4, 87.5, 87.1, 86.7, 86.3, 85.4, 85.0, 84.5, 84.1, 83.7, 83.2, 82.8, 82.4, 81.9, 81.5, 81.1, 80.7, 80.2, 79.8, 79.4, 78.9, 78.5, 78.1, 77.6, 77.2, 76.3, 75.9, 75.5, 74.2, 73.8, 73.3, 72.5, 72.0, 71.6, 70.7, 70.3, 69.9, 68.6, 68.2, 67.7, 67.3, 66.9, 66.0, 65.6, 65.1, 64.7, 64.3, 63.4, 62.5, 62.1, 61.7, 61.3, 60.8, 60.4, 60.0, 59.5, 59.1, 58.7, 58.2, 56.9, 55.7, 54.8, 53.9, 53.5, 53.1, 52.6, 52.2, 51.8, 50.5, 49.6, 48.8, 48.3, 47.9, 47.5, 46.2, 45.7, 45.3, 44.4, 43.2, 42.7, 41.4, 41.0, 40.6, 38.8, 38.4, 38.0, 37.5, 36.3, 35.8, 34.5, 34.099999999999994, 33.7, 31.900000000000006, 31.5, 30.700000000000003, 29.799999999999997, 28.900000000000006, 28.5, 28.099999999999994, 27.599999999999994, 26.799999999999997, 26.299999999999997, 25.900000000000006, 25.5, 25.0, 24.200000000000003, 22.900000000000006, 22.5, 21.599999999999994, 20.700000000000003, 20.299999999999997, 19.400000000000006, 18.599999999999994, 18.200000000000003, 17.299999999999997, 16.900000000000006, 16.400000000000006, 16.0, 15.599999999999994, 15.099999999999994, 14.299999999999997, 13.799999999999997, 13.0, 12.099999999999994, 11.700000000000003, 11.299999999999997, 10.400000000000006, 10.0, 9.5, 9.099999999999994, 8.700000000000003, 8.200000000000003, 7.799999999999997, 6.5, 3.5, 3.0999999999999943, 2.5999999999999943, 2.200000000000003, 1.7999999999999972, 1.2999999999999972, 0.9000000000000057, 0.5, 0.0, -0.4000000000000057], "x": [347, 354, 369, 375, 378, 380, 384, 388, 390, 405, 413, 417, 419, 420, 424, 425, 434, 443, 444, 449, 452, 453, 454, 455, 457, 458, 460, 463, 464, 465, 467, 468, 471, 474, 482, 483, 484, 490, 493, 495, 497, 498, 505, 507, 509, 510, 511, 514, 516, 517, 518, 519, 520, 522, 523, 524, 525, 526, 530, 531, 533, 537, 545, 546, 547, 548, 552, 553, 554, 555, 560, 562, 565, 567, 572, 573, 574, 575, 579, 580, 582, 583, 585, 587, 590, 591, 592, 596, 599, 600, 602, 604, 605, 606, 608, 612, 613, 614, 615, 616, 618, 620, 625, 628, 630, 631, 635, 636, 638, 640, 645, 651, 655, 660, 664, 667, 669, 671, 675, 677, 678, 679, 681, 684, 685, 688, 689, 690, 691, 695, 698, 703, 704, 705, 707, 708, 710, 713, 715, 716, 718, 719, 720, 721, 724, 726, 727, 729, 730, 733, 735, 736, 737, 738, 739, 740, 741, 743, 750, 758, 765, 767, 770, 828, 829]}, "histogram": {"y": [3, 1, 5, 1, 4, 6, 5, 11, 5, 5, 6, 16, 8, 9, 6, 12, 9, 15, 11, 11, 5, 11, 11, 11, 12, 11, 16, 2, 3, 0, 0, 0, 2, 0, 0], "x": [345, 360, 375, 390, 405, 420, 435, 450, 465, 480, 495, 510, 525, 540, 555, 570, 585, 600, 615, 630, 645, 660, 675, 690, 705, 720, 735, 750, 765, 780, 795, 810, 825, 840, 855]}}