{"percentile": {"y": [97.4, 94.8, 92.2, 89.5, 86.9, 84.3, 81.6, 79.0, 76.4, 73.7, 71.1, 68.5, 65.8, 63.2, 60.6, 57.9, 55.3, 52.7, 50.0, 47.4, 44.8, 42.2, 39.5, 36.9, 34.3, 31.599999999999994, 29.0, 26.400000000000006, 23.700000000000003, 21.099999999999994, 10.599999999999994, 7.900000000000006, 5.299999999999997, 2.700000000000003, 0.0, -2.5999999999999943], "x": [342, 355, 404, 443, 472, 489, 495, 497, 506, 509, 541, 551, 557, 573, 575, 585, 594, 612, 618, 624, 638, 648, 678, 687, 694, 695, 721, 725, 728, 729, 730, 733, 739, 740, 742, 744]}, "histogram": {"y": [1, 1, 0, 0, 1, 0, 0, 1, 0, 1, 1, 4, 0, 0, 2, 1, 2, 2, 1, 2, 1, 1, 0, 2, 2, 0, 9, 4, 0], "x": [330, 345, 360, 375, 390, 405, 420, 435, 450, 465, 480, 495, 510, 525, 540, 555, 570, 585, 600, 615, 630, 645, 660, 675, 690, 705, 720, 735, 750]}}