{"histogram": {"y": [2, 2, 1, 1, 1, 0, 1, 2, 0, 1, 0, 1, 0, 1, 1, 0, 0, 0, 1, 0, 2, 0, 0], "x": [420, 435, 450, 465, 480, 495, 510, 525, 540, 555, 570, 585, 600, 615, 630, 645, 660, 675, 690, 705, 720, 735, 750]}, "percentile": {"y": [93.8, 87.5, 81.3, 75.0, 68.8, 62.5, 56.3, 50.0, 43.8, 37.5, 31.299999999999997, 25.0, 18.799999999999997, 12.5, 6.299999999999997, 0.0, -6.200000000000003], "x": [424, 428, 441, 445, 456, 469, 492, 514, 533, 539, 566, 590, 621, 644, 699, 720, 726]}}