{"percentile": {"x": [322, 338, 340, 352, 368, 370, 372, 373, 378, 388, 402, 403, 407, 409, 415, 419, 427, 428, 430, 431, 433, 434, 435, 438, 440, 443, 444, 445, 448, 449, 451, 452, 453, 454, 456, 457, 458, 461, 464, 466, 469, 471, 472, 473, 475, 479, 484, 487, 489, 490, 491, 492, 497, 500, 501, 502, 504, 507, 508, 509, 514, 515, 517, 518, 519, 521, 522, 523, 524, 525, 526, 527, 528, 530, 531, 533, 536, 538, 539, 540, 542, 544, 547, 548, 549, 550, 551, 552, 553, 554, 555, 556, 557, 558, 559, 561, 562, 563, 564, 565, 567, 568, 569, 570, 574, 575, 576, 577, 579, 580, 581, 582, 584, 585, 587, 589, 593, 594, 597, 598, 599, 601, 602, 604, 605, 608, 610, 611, 612, 613, 614, 616, 617, 618, 619, 620, 621, 623, 624, 625, 626, 628, 629, 630, 635, 636, 638, 639, 640, 643, 644, 645, 646, 647, 649, 650, 651, 654, 655, 658, 660, 661, 662, 663, 665, 666, 668, 670, 671, 672, 675, 680, 681, 684, 685, 687, 688, 689, 690, 692, 695, 696, 697, 700, 701, 702, 703, 705, 707, 710, 712, 713, 714, 715, 716, 721, 722, 723, 724, 725, 726, 727, 728, 729, 730, 733, 734, 735, 736, 737, 739, 740, 743, 745, 746, 747, 748, 750, 752, 754, 755, 756, 758, 759, 760, 761, 762, 763, 765, 766, 772, 774, 782, 788, 803, 810], "y": [99.8, 99.5, 99.2, 98.9, 98.7, 98.4, 98.1, 97.8, 97.5, 97.3, 97.0, 96.4, 96.2, 95.9, 95.6, 95.3, 95.0, 94.5, 94.2, 93.7, 93.4, 93.1, 92.8, 92.3, 91.7, 91.4, 90.9, 90.3, 90.0, 89.8, 89.5, 88.9, 88.7, 88.1, 87.8, 87.5, 87.3, 86.7, 86.4, 85.6, 85.3, 84.5, 84.2, 83.9, 83.7, 83.4, 83.1, 82.8, 82.5, 81.7, 81.4, 80.9, 80.6, 80.0, 79.8, 79.5, 79.2, 78.7, 78.1, 77.5, 77.0, 76.7, 76.2, 75.9, 75.3, 74.8, 74.5, 74.2, 73.9, 73.1, 72.5, 72.0, 71.7, 71.4, 71.2, 70.9, 70.6, 70.0, 69.8, 68.9, 68.7, 68.4, 68.1, 67.5, 67.3, 67.0, 66.4, 65.6, 65.3, 65.0, 63.9, 63.7, 63.1, 62.8, 62.5, 62.0, 61.7, 61.4, 61.2, 60.9, 60.6, 60.3, 60.0, 59.5, 59.2, 58.7, 58.1, 57.8, 57.5, 57.3, 57.0, 56.4, 56.2, 55.9, 55.6, 55.3, 55.0, 54.8, 54.2, 53.9, 53.4, 53.1, 52.5, 52.3, 51.7, 51.2, 50.9, 50.6, 50.3, 50.0, 49.8, 49.5, 49.2, 48.9, 48.7, 48.1, 47.5, 47.3, 46.7, 46.4, 45.9, 45.3, 45.0, 44.2, 43.9, 43.4, 43.1, 42.5, 41.7, 41.4, 40.9, 40.3, 39.8, 38.9, 38.4, 38.1, 37.8, 37.3, 36.7, 36.4, 35.900000000000006, 35.599999999999994, 35.0, 34.5, 33.900000000000006, 33.7, 33.099999999999994, 32.8, 32.5, 32.3, 32.0, 31.400000000000006, 31.200000000000003, 30.599999999999994, 30.299999999999997, 30.0, 29.799999999999997, 29.200000000000003, 27.799999999999997, 27.5, 27.299999999999997, 27.0, 26.700000000000003, 25.599999999999994, 25.299999999999997, 25.0, 24.5, 23.700000000000003, 23.400000000000006, 23.099999999999994, 22.5, 22.299999999999997, 22.0, 21.700000000000003, 21.400000000000006, 21.200000000000003, 20.0, 19.200000000000003, 18.099999999999994, 17.0, 16.400000000000006, 15.599999999999994, 15.299999999999997, 15.0, 13.900000000000006, 13.400000000000006, 13.099999999999994, 11.700000000000003, 11.400000000000006, 10.599999999999994, 10.299999999999997, 8.700000000000003, 8.400000000000006, 8.099999999999994, 7.799999999999997, 7.5, 7.299999999999997, 7.0, 6.700000000000003, 6.400000000000006, 5.599999999999994, 5.299999999999997, 4.799999999999997, 4.5, 4.200000000000003, 3.9000000000000057, 3.700000000000003, 3.4000000000000057, 2.799999999999997, 2.5, 2.299999999999997, 0.9000000000000057, 0.5999999999999943, 0.29999999999999716, 0.0, -0.20000000000000284]}, "histogram": {"x": [315, 330, 345, 360, 375, 390, 405, 420, 435, 450, 465, 480, 495, 510, 525, 540, 555, 570, 585, 600, 615, 630, 645, 660, 675, 690, 705, 720, 735, 750, 765, 780, 795, 810, 825], "y": [1, 2, 1, 4, 2, 3, 4, 8, 12, 12, 11, 9, 12, 13, 15, 17, 18, 14, 10, 13, 17, 15, 16, 15, 11, 17, 11, 30, 21, 14, 9, 2, 1, 1, 0]}}