{"percentile": {"x": [350, 417, 423, 440, 441, 449, 457, 458, 462, 476, 486, 494, 500, 509, 514, 519, 524, 526, 528, 530, 532, 533, 540, 547, 559, 564, 565, 570, 580, 583, 584, 585, 590, 594, 596, 600, 602, 605, 607, 614, 620, 621, 630, 639, 640, 641, 642, 650, 655, 657, 662, 675, 680, 688, 702, 712, 715, 720, 721, 723, 724, 725, 726, 727, 728, 730, 737, 738, 740, 743, 746, 747, 748, 749, 750, 761, 773, 774, 788], "y": [99.0, 97.9, 96.9, 95.8, 94.8, 93.7, 92.7, 91.6, 90.6, 89.5, 88.5, 86.4, 85.3, 84.3, 83.2, 82.2, 81.1, 80.0, 79.0, 77.9, 76.9, 75.8, 73.7, 72.7, 70.6, 69.5, 68.5, 67.4, 65.3, 63.2, 62.2, 61.1, 60.0, 59.0, 56.9, 54.8, 53.7, 52.7, 51.6, 50.6, 49.5, 47.4, 46.4, 45.3, 44.3, 43.2, 41.1, 40.0, 39.0, 37.9, 35.8, 34.8, 33.7, 32.7, 31.599999999999994, 30.599999999999994, 29.5, 28.5, 26.400000000000006, 25.299999999999997, 24.299999999999997, 23.200000000000003, 22.200000000000003, 19.0, 17.900000000000006, 16.900000000000006, 15.799999999999997, 14.799999999999997, 10.599999999999994, 9.5, 7.400000000000006, 6.400000000000006, 5.299999999999997, 4.299999999999997, 3.200000000000003, 2.200000000000003, 1.0999999999999943, 0.0, -1.0]}, "histogram": {"x": [345, 360, 375, 390, 405, 420, 435, 450, 465, 480, 495, 510, 525, 540, 555, 570, 585, 600, 615, 630, 645, 660, 675, 690, 705, 720, 735, 750, 765, 780, 795, 810], "y": [1, 0, 0, 0, 1, 1, 3, 3, 1, 3, 2, 3, 5, 3, 4, 6, 5, 6, 3, 6, 3, 2, 3, 1, 2, 12, 12, 2, 2, 1, 0, 0]}}