{"percentile": {"y": [95.9, 91.7, 87.5, 83.4, 79.2, 75.0, 70.9, 66.7, 62.5, 58.4, 54.2, 50.0, 45.9, 41.7, 37.5, 33.400000000000006, 29.200000000000003, 25.0, 20.900000000000006, 16.700000000000003, 12.5, 8.400000000000006, 4.200000000000003, 0.0, -4.099999999999994], "x": [515, 530, 532, 533, 562, 585, 592, 602, 608, 635, 643, 646, 661, 662, 664, 670, 675, 681, 717, 725, 726, 727, 744, 745, 758]}, "histogram": {"y": [1, 3, 0, 1, 0, 2, 2, 0, 2, 1, 4, 2, 0, 1, 3, 2, 1, 0, 0], "x": [510, 525, 540, 555, 570, 585, 600, 615, 630, 645, 660, 675, 690, 705, 720, 735, 750, 765, 780]}}