{"percentile": {"y": [99.8, 99.6, 99.3, 99.1, 98.9, 98.6, 98.4, 98.1, 97.9, 97.7, 97.2, 96.7, 96.5, 96.2, 96.0, 95.8, 95.5, 95.3, 95.0, 94.8, 94.6, 94.3, 93.9, 93.4, 93.1, 92.9, 92.4, 92.0, 91.7, 91.2, 91.0, 90.8, 90.5, 90.3, 90.0, 89.8, 89.6, 88.9, 88.6, 88.4, 87.9, 87.7, 87.2, 86.7, 86.5, 86.2, 85.8, 85.5, 85.3, 85.0, 84.8, 84.6, 84.3, 83.9, 83.6, 83.1, 82.0, 81.5, 81.2, 81.0, 80.8, 80.3, 79.8, 79.6, 79.3, 79.1, 78.6, 78.4, 78.1, 77.7, 77.4, 77.2, 77.0, 76.7, 76.5, 76.2, 75.8, 75.5, 74.8, 74.3, 74.1, 73.9, 73.6, 73.1, 72.4, 72.2, 72.0, 71.7, 71.5, 70.8, 70.3, 69.6, 68.6, 68.4, 67.9, 67.4, 66.7, 66.0, 65.8, 65.3, 65.0, 64.6, 64.3, 64.1, 63.9, 63.4, 62.7, 62.2, 62.0, 61.7, 61.5, 61.0, 60.8, 60.5, 60.3, 59.3, 58.9, 58.4, 57.9, 57.7, 56.5, 56.2, 55.5, 55.3, 54.3, 54.1, 53.9, 53.1, 52.9, 52.7, 52.0, 51.5, 51.2, 50.8, 50.0, 49.8, 49.6, 48.9, 48.4, 47.7, 47.4, 46.7, 46.2, 46.0, 45.0, 44.6, 44.3, 44.1, 43.9, 43.6, 43.1, 42.9, 42.4, 41.7, 41.2, 40.8, 40.5, 39.8, 39.1, 38.9, 38.4, 37.9, 37.7, 37.4, 37.0, 36.7, 36.5, 36.2, 36.0, 35.8, 34.599999999999994, 34.3, 33.900000000000006, 33.099999999999994, 32.900000000000006, 32.400000000000006, 32.0, 31.5, 31.200000000000003, 30.799999999999997, 29.799999999999997, 29.099999999999994, 28.900000000000006, 28.400000000000006, 27.900000000000006, 27.700000000000003, 27.400000000000006, 27.200000000000003, 26.700000000000003, 26.5, 26.200000000000003, 26.0, 25.5, 24.799999999999997, 23.599999999999994, 23.099999999999994, 22.900000000000006, 22.400000000000006, 22.200000000000003, 21.700000000000003, 21.200000000000003, 21.0, 20.799999999999997, 20.5, 20.299999999999997, 20.0, 19.799999999999997, 18.900000000000006, 18.400000000000006, 17.900000000000006, 17.700000000000003, 17.0, 16.700000000000003, 16.0, 15.5, 14.599999999999994, 14.099999999999994, 12.700000000000003, 11.700000000000003, 10.799999999999997, 10.0, 9.599999999999994, 9.299999999999997, 9.099999999999994, 8.400000000000006, 8.099999999999994, 7.700000000000003, 7.200000000000003, 6.200000000000003, 5.299999999999997, 5.0, 4.799999999999997, 4.299999999999997, 4.099999999999994, 3.5999999999999943, 3.4000000000000057, 3.0999999999999943, 2.700000000000003, 2.0, 1.5, 1.2000000000000028, 0.7999999999999972, 0.5, 0.29999999999999716, 0.0, -0.20000000000000284], "x": [304, 317, 344, 376, 386, 390, 393, 398, 401, 402, 411, 413, 414, 419, 425, 426, 436, 438, 444, 445, 446, 451, 452, 454, 457, 462, 463, 465, 467, 468, 472, 473, 474, 475, 476, 477, 479, 480, 482, 483, 486, 488, 489, 490, 491, 494, 495, 496, 498, 499, 502, 503, 504, 506, 509, 510, 511, 512, 513, 514, 515, 517, 518, 519, 520, 521, 522, 523, 524, 526, 527, 530, 531, 533, 535, 536, 539, 541, 543, 544, 545, 547, 551, 552, 553, 555, 556, 557, 558, 559, 560, 561, 562, 563, 564, 565, 566, 567, 569, 572, 573, 574, 576, 578, 579, 580, 581, 583, 585, 589, 590, 591, 592, 593, 594, 595, 596, 597, 598, 599, 600, 601, 602, 603, 604, 605, 606, 607, 608, 610, 611, 612, 613, 614, 615, 616, 617, 618, 619, 620, 621, 624, 625, 626, 628, 629, 630, 631, 634, 635, 636, 638, 642, 643, 644, 645, 647, 649, 651, 652, 653, 655, 656, 658, 659, 660, 661, 662, 663, 664, 665, 666, 667, 668, 669, 670, 671, 672, 673, 674, 675, 677, 678, 679, 680, 681, 683, 684, 686, 687, 688, 689, 690, 691, 692, 693, 694, 695, 696, 700, 702, 703, 704, 706, 707, 709, 710, 713, 714, 716, 719, 720, 721, 722, 723, 724, 725, 726, 728, 729, 730, 731, 732, 734, 735, 736, 737, 738, 739, 740, 741, 744, 745, 746, 748, 749, 750, 752, 756, 758, 759, 760, 766, 768, 791, 829]}, "histogram": {"y": [1, 1, 1, 0, 0, 2, 5, 6, 2, 5, 9, 12, 14, 11, 23, 10, 14, 28, 15, 19, 29, 26, 14, 18, 26, 20, 22, 13, 36, 24, 11, 2, 1, 0, 0, 1, 0, 0], "x": [300, 315, 330, 345, 360, 375, 390, 405, 420, 435, 450, 465, 480, 495, 510, 525, 540, 555, 570, 585, 600, 615, 630, 645, 660, 675, 690, 705, 720, 735, 750, 765, 780, 795, 810, 825, 840, 855]}}