{"histogram": {"x": [315, 330, 345, 360, 375, 390, 405, 420, 435, 450, 465, 480, 495, 510, 525, 540, 555, 570, 585, 600, 615, 630, 645, 660, 675, 690, 705, 720, 735, 750, 765, 780, 795, 810], "y": [1, 0, 0, 0, 1, 2, 0, 3, 4, 3, 2, 3, 3, 4, 3, 5, 4, 2, 5, 10, 5, 3, 3, 4, 7, 10, 5, 23, 10, 5, 0, 1, 0, 0]}, "percentile": {"x": [318, 389, 391, 392, 425, 429, 432, 444, 445, 446, 456, 457, 458, 466, 468, 483, 486, 494, 503, 506, 508, 511, 518, 523, 524, 525, 527, 528, 541, 543, 544, 547, 552, 558, 560, 566, 569, 575, 582, 586, 588, 599, 600, 601, 603, 606, 607, 609, 610, 611, 616, 620, 624, 625, 631, 633, 640, 646, 654, 658, 661, 662, 670, 672, 678, 680, 682, 688, 689, 690, 691, 692, 693, 694, 695, 698, 700, 704, 712, 713, 714, 715, 719, 720, 721, 723, 724, 725, 726, 727, 729, 730, 732, 734, 735, 736, 739, 740, 742, 743, 744, 746, 749, 754, 755, 758, 784], "y": [99.3, 98.5, 97.7, 97.0, 96.2, 95.4, 94.7, 93.1, 92.4, 91.6, 90.8, 90.0, 89.3, 88.5, 87.7, 87.0, 86.2, 85.4, 84.7, 83.9, 83.1, 82.4, 81.6, 80.8, 80.0, 79.3, 78.5, 77.7, 77.0, 76.2, 75.4, 74.7, 73.9, 73.1, 72.4, 71.6, 70.8, 70.0, 69.3, 67.7, 67.0, 65.4, 64.7, 63.9, 63.1, 61.6, 60.8, 59.3, 58.5, 57.7, 57.0, 55.4, 54.7, 53.9, 53.1, 52.4, 51.6, 50.8, 50.0, 49.3, 48.5, 47.7, 47.0, 46.2, 45.4, 43.9, 42.4, 41.6, 40.8, 40.0, 39.3, 37.7, 37.0, 36.2, 35.400000000000006, 34.7, 33.900000000000006, 33.099999999999994, 32.400000000000006, 31.599999999999994, 30.799999999999997, 30.0, 29.299999999999997, 28.5, 27.0, 25.400000000000006, 24.700000000000003, 22.400000000000006, 20.0, 17.700000000000003, 14.700000000000003, 13.900000000000006, 13.099999999999994, 11.599999999999994, 10.799999999999997, 10.0, 9.299999999999997, 8.5, 7.700000000000003, 6.200000000000003, 5.400000000000006, 4.700000000000003, 3.9000000000000057, 3.0999999999999943, 2.4000000000000057, 0.0, -0.7000000000000028]}}