{"percentile": {"x": [347, 375, 381, 396, 408, 410, 414, 415, 416, 418, 422, 424, 436, 440, 441, 447, 450, 454, 458, 460, 461, 464, 465, 468, 469, 470, 471, 472, 474, 475, 479, 480, 484, 488, 489, 492, 494, 495, 497, 499, 503, 508, 509, 510, 514, 516, 518, 520, 521, 522, 524, 525, 529, 530, 532, 533, 534, 535, 538, 539, 540, 542, 543, 545, 547, 548, 552, 553, 554, 555, 557, 562, 563, 564, 566, 567, 569, 570, 571, 572, 576, 578, 579, 583, 585, 587, 588, 590, 591, 593, 595, 598, 600, 604, 605, 606, 608, 610, 612, 613, 614, 615, 617, 618, 619, 622, 624, 630, 631, 632, 633, 635, 640, 641, 642, 644, 645, 646, 648, 650, 653, 655, 658, 659, 660, 662, 664, 665, 668, 669, 671, 673, 674, 675, 676, 678, 679, 680, 681, 689, 690, 691, 695, 697, 700, 702, 704, 705, 710, 715, 720, 721, 724, 725, 726, 730, 732, 736, 739, 740, 742, 743, 744, 745, 746, 747, 751, 755, 760, 763], "y": [99.6, 99.2, 98.7, 98.3, 97.9, 97.4, 97.0, 96.6, 96.1, 95.7, 95.2, 94.8, 94.4, 93.9, 93.5, 93.1, 92.6, 92.2, 91.8, 90.9, 90.4, 90.0, 89.6, 89.1, 88.3, 87.8, 87.4, 86.9, 85.6, 84.8, 84.3, 83.9, 83.0, 82.1, 81.7, 80.8, 80.4, 79.5, 79.1, 78.7, 78.2, 77.3, 75.6, 74.3, 73.8, 72.1, 71.2, 70.8, 70.4, 69.9, 69.5, 68.6, 68.2, 67.3, 66.9, 66.4, 65.6, 65.1, 64.7, 63.8, 62.5, 62.1, 61.6, 61.2, 60.7, 60.3, 59.9, 59.4, 59.0, 58.6, 57.7, 56.8, 55.5, 55.1, 54.6, 54.2, 53.8, 53.3, 52.9, 52.0, 51.6, 50.7, 50.3, 49.8, 48.5, 48.1, 47.2, 46.3, 45.9, 45.5, 45.0, 44.6, 43.7, 43.3, 42.8, 42.4, 41.1, 40.7, 40.2, 39.8, 39.4, 38.5, 38.0, 37.6, 37.2, 36.7, 36.3, 34.5, 34.099999999999994, 32.8, 32.400000000000006, 31.900000000000006, 30.599999999999994, 30.200000000000003, 29.299999999999997, 28.900000000000006, 28.400000000000006, 28.0, 27.599999999999994, 27.099999999999994, 26.700000000000003, 26.299999999999997, 25.799999999999997, 25.400000000000006, 24.5, 24.099999999999994, 23.599999999999994, 23.200000000000003, 22.799999999999997, 22.299999999999997, 21.900000000000006, 21.400000000000006, 21.0, 19.299999999999997, 18.799999999999997, 18.400000000000006, 18.0, 16.599999999999994, 16.200000000000003, 15.799999999999997, 15.299999999999997, 14.900000000000006, 14.5, 14.0, 13.599999999999994, 13.200000000000003, 12.700000000000003, 11.799999999999997, 11.400000000000006, 11.0, 10.5, 9.700000000000003, 9.200000000000003, 8.799999999999997, 7.0, 6.599999999999994, 5.700000000000003, 5.299999999999997, 4.900000000000006, 4.400000000000006, 4.0, 3.5, 3.0999999999999943, 2.700000000000003, 2.200000000000003, 1.7999999999999972, 0.9000000000000057, 0.5, 0.0, -0.4000000000000057]}, "histogram": {"x": [345, 360, 375, 390, 405, 420, 435, 450, 465, 480, 495, 510, 525, 540, 555, 570, 585, 600, 615, 630, 645, 660, 675, 690, 705, 720, 735, 750, 765, 780], "y": [1, 0, 2, 1, 6, 2, 4, 7, 13, 9, 11, 14, 13, 11, 12, 9, 12, 12, 7, 17, 8, 10, 12, 7, 4, 12, 9, 5, 0, 0]}}