{"percentile": {"y": [99.3, 98.6, 97.9, 97.2, 96.5, 95.8, 95.0, 94.3, 93.6, 92.9, 92.2, 91.5, 90.8, 90.0, 89.3, 88.6, 87.9, 87.2, 86.5, 85.8, 84.3, 83.6, 82.9, 81.5, 80.8, 80.0, 79.3, 78.6, 77.9, 77.2, 76.5, 75.8, 75.0, 74.3, 72.2, 71.5, 70.8, 69.3, 68.6, 67.9, 67.2, 66.5, 65.8, 65.0, 64.3, 63.6, 62.9, 62.2, 60.8, 60.0, 59.3, 58.6, 57.2, 56.5, 55.8, 55.0, 52.9, 52.2, 51.5, 50.8, 50.0, 49.3, 48.6, 47.9, 47.2, 45.8, 45.0, 44.3, 43.6, 42.9, 42.2, 41.5, 40.0, 39.3, 37.9, 36.5, 35.8, 35.0, 34.3, 33.599999999999994, 32.900000000000006, 31.5, 30.799999999999997, 29.299999999999997, 28.599999999999994, 27.900000000000006, 27.200000000000003, 26.5, 25.0, 24.299999999999997, 23.599999999999994, 21.5, 20.0, 19.299999999999997, 18.599999999999994, 17.900000000000006, 17.200000000000003, 16.5, 15.799999999999997, 15.0, 14.299999999999997, 13.599999999999994, 12.200000000000003, 11.5, 10.799999999999997, 10.0, 9.299999999999997, 8.599999999999994, 7.200000000000003, 6.5, 5.799999999999997, 4.299999999999997, 3.5999999999999943, 2.9000000000000057, 2.200000000000003, 1.5, 0.7999999999999972, 0.0, -0.7000000000000028], "x": [361, 376, 402, 407, 411, 413, 417, 426, 427, 430, 431, 434, 435, 443, 444, 445, 451, 453, 455, 459, 469, 478, 481, 485, 489, 491, 493, 495, 496, 497, 498, 499, 500, 506, 510, 511, 512, 516, 518, 519, 520, 521, 523, 530, 533, 534, 536, 540, 541, 545, 547, 549, 550, 553, 555, 557, 560, 562, 563, 565, 571, 576, 577, 581, 584, 587, 589, 591, 593, 597, 600, 607, 615, 616, 617, 620, 623, 628, 630, 632, 636, 640, 644, 645, 646, 647, 649, 654, 658, 661, 664, 670, 672, 675, 680, 696, 701, 706, 708, 713, 715, 719, 722, 724, 725, 726, 727, 729, 730, 735, 736, 740, 742, 746, 749, 773, 775, 781, 823]}, "histogram": {"y": [1, 1, 1, 4, 5, 4, 4, 3, 6, 7, 12, 4, 9, 8, 5, 6, 2, 9, 6, 8, 7, 2, 2, 5, 9, 7, 0, 2, 1, 0, 1, 0, 0], "x": [360, 375, 390, 405, 420, 435, 450, 465, 480, 495, 510, 525, 540, 555, 570, 585, 600, 615, 630, 645, 660, 675, 690, 705, 720, 735, 750, 765, 780, 795, 810, 825, 840]}}