{"histogram": {"x": [315, 330, 345, 360, 375, 390, 405, 420, 435, 450, 465, 480, 495, 510, 525, 540, 555, 570, 585, 600, 615, 630, 645, 660, 675, 690, 705, 720, 735, 750, 765], "y": [1, 0, 0, 0, 0, 0, 2, 1, 2, 5, 3, 3, 5, 3, 4, 8, 2, 6, 2, 2, 2, 6, 4, 5, 2, 5, 0, 8, 5, 0, 0]}, "percentile": {"x": [322, 407, 418, 433, 437, 443, 453, 458, 459, 461, 471, 472, 478, 482, 493, 494, 496, 501, 505, 506, 508, 513, 517, 520, 525, 527, 537, 539, 540, 545, 547, 548, 549, 550, 551, 554, 555, 558, 570, 575, 580, 581, 584, 596, 599, 604, 611, 622, 635, 637, 640, 641, 643, 646, 648, 649, 654, 663, 668, 672, 673, 676, 677, 691, 692, 693, 698, 700, 723, 725, 729, 730, 733, 736, 740, 747], "y": [98.9, 97.7, 96.5, 95.3, 94.2, 93.0, 91.8, 89.5, 88.3, 87.1, 85.9, 84.8, 83.6, 82.4, 81.2, 80.0, 78.9, 77.7, 76.5, 75.3, 74.2, 73.0, 71.8, 70.6, 69.5, 68.3, 67.1, 65.9, 64.8, 63.6, 62.4, 61.2, 60.0, 58.9, 57.7, 56.5, 55.3, 54.2, 51.8, 50.6, 49.5, 48.3, 47.1, 45.9, 44.8, 43.6, 42.4, 40.0, 38.9, 37.7, 36.5, 35.3, 33.0, 31.799999999999997, 30.599999999999994, 29.5, 28.299999999999997, 27.099999999999994, 25.900000000000006, 24.799999999999997, 22.400000000000006, 21.200000000000003, 20.0, 18.900000000000006, 17.700000000000003, 16.5, 15.299999999999997, 14.200000000000003, 11.799999999999997, 10.599999999999994, 9.5, 8.299999999999997, 4.799999999999997, 2.4000000000000057, 0.0, -1.0999999999999943]}}