{"percentile": {"x": [351, 369, 378, 381, 385, 389, 400, 402, 405, 413, 420, 425, 426, 429, 431, 432, 435, 438, 439, 442, 444, 446, 447, 448, 451, 453, 455, 458, 460, 464, 466, 467, 469, 471, 473, 475, 479, 480, 481, 482, 483, 485, 486, 489, 490, 491, 492, 494, 496, 498, 499, 501, 503, 504, 506, 508, 509, 510, 511, 512, 515, 516, 517, 518, 521, 523, 524, 525, 526, 528, 530, 533, 534, 535, 536, 538, 539, 541, 544, 545, 546, 548, 549, 550, 551, 554, 555, 556, 559, 560, 561, 562, 569, 570, 571, 573, 574, 575, 577, 578, 580, 582, 583, 585, 586, 588, 590, 591, 592, 594, 595, 596, 597, 598, 600, 602, 604, 605, 606, 609, 611, 613, 615, 616, 618, 619, 620, 622, 625, 627, 628, 629, 630, 631, 632, 633, 634, 635, 636, 637, 638, 640, 641, 646, 649, 650, 652, 653, 654, 655, 657, 659, 660, 663, 664, 665, 667, 668, 669, 671, 672, 675, 679, 681, 682, 685, 686, 689, 692, 694, 695, 696, 697, 700, 703, 704, 709, 713, 714, 716, 717, 720, 721, 722, 723, 724, 725, 726, 727, 728, 729, 730, 733, 734, 735, 736, 738, 739, 744, 745, 749, 753, 758, 760, 761], "y": [99.7, 99.4, 99.1, 98.7, 98.4, 98.1, 97.7, 97.4, 97.1, 96.7, 96.4, 95.7, 95.4, 95.1, 94.7, 94.4, 94.1, 93.7, 93.4, 93.1, 92.7, 92.4, 92.1, 91.7, 91.4, 91.1, 90.7, 90.1, 89.8, 89.4, 89.1, 88.8, 88.4, 88.1, 87.8, 87.4, 87.1, 86.8, 86.1, 85.4, 85.1, 84.8, 84.4, 84.1, 83.8, 83.1, 82.8, 82.4, 82.1, 81.8, 81.4, 81.1, 80.8, 80.4, 80.1, 79.5, 79.1, 78.8, 78.1, 77.5, 77.1, 76.8, 76.5, 76.1, 75.8, 75.5, 74.5, 73.8, 73.5, 72.8, 71.8, 71.1, 70.8, 70.1, 69.8, 69.5, 69.2, 68.8, 68.5, 67.8, 67.2, 66.8, 65.8, 65.5, 64.8, 64.5, 64.2, 63.5, 62.5, 61.8, 61.2, 60.5, 59.9, 59.5, 59.2, 58.9, 58.5, 58.2, 57.9, 57.2, 56.9, 56.2, 55.2, 54.9, 54.5, 54.2, 53.2, 52.9, 52.5, 51.2, 50.2, 49.9, 49.6, 49.2, 48.6, 47.2, 46.9, 46.2, 45.6, 44.9, 44.6, 43.9, 43.6, 43.2, 42.9, 42.6, 41.9, 41.6, 41.2, 40.6, 40.2, 39.6, 38.6, 38.3, 37.9, 36.9, 36.6, 35.3, 34.599999999999994, 34.3, 33.900000000000006, 32.900000000000006, 32.3, 31.900000000000006, 31.599999999999994, 31.299999999999997, 30.599999999999994, 30.299999999999997, 29.299999999999997, 29.0, 28.599999999999994, 28.299999999999997, 28.0, 27.299999999999997, 27.0, 26.599999999999994, 26.299999999999997, 26.0, 25.599999999999994, 25.299999999999997, 24.599999999999994, 24.0, 23.599999999999994, 23.0, 22.599999999999994, 22.0, 21.599999999999994, 21.299999999999997, 20.599999999999994, 20.299999999999997, 20.0, 19.700000000000003, 19.0, 18.299999999999997, 18.0, 17.299999999999997, 16.700000000000003, 16.0, 15.700000000000003, 15.0, 14.700000000000003, 13.0, 12.0, 11.0, 10.0, 9.400000000000006, 8.700000000000003, 8.400000000000006, 7.700000000000003, 7.0, 5.700000000000003, 5.400000000000006, 5.0, 4.400000000000006, 4.0, 3.700000000000003, 3.0, 2.4000000000000057, 2.0, 1.7000000000000028, 1.4000000000000057, 1.0, 0.7000000000000028, 0.4000000000000057, -0.29999999999999716]}, "histogram": {"x": [345, 360, 375, 390, 405, 420, 435, 450, 465, 480, 495, 510, 525, 540, 555, 570, 585, 600, 615, 630, 645, 660, 675, 690, 705, 720, 735, 750, 765, 780], "y": [1, 1, 4, 2, 2, 7, 8, 7, 7, 14, 10, 14, 16, 14, 14, 14, 18, 16, 13, 22, 12, 11, 10, 12, 8, 31, 9, 5, 0, 0]}}