{"histogram": {"y": [4, 4, 10, 12, 18, 28, 38, 35, 60, 68, 71, 60, 91, 72, 85, 100, 73, 99, 84, 94, 97, 114, 102, 91, 107, 82, 91, 85, 61, 58, 169, 115, 36, 11, 2, 0, 0, 4, 0, 0], "x": [270, 285, 300, 315, 330, 345, 360, 375, 390, 405, 420, 435, 450, 465, 480, 495, 510, 525, 540, 555, 570, 585, 600, 615, 630, 645, 660, 675, 690, 705, 720, 735, 750, 765, 780, 795, 810, 825, 840, 855]}, "percentile": {"y": [100.0, 100.0, 99.9, 99.9, 99.8, 99.7, 99.7, 99.7, 99.6, 99.6, 99.5, 99.4, 99.4, 99.3, 99.3, 99.2, 99.2, 99.1, 99.1, 99.0, 98.9, 98.9, 98.8, 98.8, 98.7, 98.7, 98.6, 98.6, 98.5, 98.5, 98.3, 98.2, 98.2, 98.1, 98.0, 97.9, 97.8, 97.8, 97.6, 97.6, 97.4, 97.3, 97.2, 97.0, 97.0, 96.8, 96.8, 96.4, 96.4, 96.3, 96.2, 96.2, 96.1, 96.0, 95.8, 95.8, 95.6, 95.5, 95.5, 95.3, 95.2, 95.2, 95.0, 94.9, 94.9, 94.9, 94.7, 94.4, 94.3, 94.2, 94.2, 94.1, 94.0, 94.0, 93.7, 93.7, 93.4, 93.4, 93.3, 93.3, 93.1, 92.8, 92.6, 92.2, 92.1, 91.9, 91.8, 91.5, 91.4, 91.1, 91.1, 91.0, 90.7, 90.5, 90.4, 90.0, 89.7, 89.6, 89.5, 89.3, 89.1, 88.9, 88.7, 88.5, 88.2, 87.9, 87.8, 87.7, 87.6, 87.3, 87.1, 87.0, 86.9, 86.6, 86.4, 86.1, 85.9, 85.7, 85.2, 85.1, 84.9, 84.7, 84.5, 84.4, 84.2, 84.0, 83.7, 83.6, 83.4, 83.4, 83.2, 83.1, 82.8, 82.5, 82.2, 81.9, 81.6, 81.3, 80.9, 80.7, 80.6, 80.4, 79.9, 79.6, 79.3, 79.1, 78.7, 78.6, 78.5, 78.4, 78.1, 77.9, 77.7, 77.4, 77.3, 77.0, 76.8, 76.7, 76.4, 76.3, 76.0, 75.7, 75.5, 75.4, 75.2, 75.1, 74.9, 74.5, 74.4, 74.2, 73.7, 73.5, 73.4, 73.0, 72.8, 72.5, 72.3, 71.9, 71.6, 71.5, 71.3, 71.0, 70.6, 70.3, 69.9, 69.7, 69.5, 69.1, 68.7, 68.3, 68.2, 67.9, 67.6, 67.4, 67.2, 67.0, 66.8, 66.5, 66.4, 66.2, 66.1, 65.6, 65.4, 65.2, 65.0, 64.9, 64.8, 64.5, 64.3, 63.9, 63.6, 63.6, 63.2, 62.9, 62.5, 62.2, 61.9, 61.7, 61.3, 61.0, 60.8, 60.4, 60.2, 59.9, 59.7, 59.5, 59.3, 59.1, 58.8, 58.5, 58.4, 58.1, 57.7, 57.6, 57.5, 57.1, 56.8, 56.6, 56.4, 56.1, 55.8, 55.5, 55.3, 55.0, 54.7, 54.3, 54.0, 53.7, 53.4, 53.2, 53.0, 52.8, 52.6, 52.2, 51.9, 51.6, 51.2, 51.1, 50.5, 50.3, 50.0, 49.7, 49.5, 49.1, 49.0, 48.8, 48.7, 48.4, 47.9, 47.5, 47.2, 46.9, 46.7, 46.4, 46.1, 45.5, 45.2, 44.9, 44.7, 44.4, 44.2, 43.7, 43.5, 43.1, 42.8, 42.2, 41.8, 41.6, 41.3, 41.2, 41.0, 40.7, 40.5, 40.3, 40.0, 39.8, 39.6, 39.1, 39.0, 38.5, 38.4, 38.2, 38.0, 37.7, 37.4, 37.0, 36.8, 36.6, 36.4, 36.2, 36.1, 35.7, 35.2, 34.599999999999994, 34.3, 33.900000000000006, 33.8, 33.7, 33.400000000000006, 32.900000000000006, 32.599999999999994, 32.400000000000006, 32.3, 32.0, 31.799999999999997, 31.400000000000006, 30.799999999999997, 30.700000000000003, 30.200000000000003, 30.200000000000003, 30.0, 29.599999999999994, 29.400000000000006, 29.0, 28.900000000000006, 28.799999999999997, 28.599999999999994, 28.200000000000003, 28.099999999999994, 27.700000000000003, 27.5, 27.200000000000003, 27.099999999999994, 26.799999999999997, 26.700000000000003, 26.400000000000006, 26.099999999999994, 25.799999999999997, 25.5, 25.200000000000003, 25.0, 24.900000000000006, 24.599999999999994, 24.099999999999994, 23.799999999999997, 23.700000000000003, 23.5, 23.200000000000003, 22.900000000000006, 22.700000000000003, 22.5, 22.299999999999997, 22.200000000000003, 21.900000000000006, 21.5, 21.400000000000006, 21.099999999999994, 21.0, 20.599999999999994, 20.400000000000006, 20.099999999999994, 19.799999999999997, 19.599999999999994, 19.0, 18.900000000000006, 18.799999999999997, 18.599999999999994, 18.400000000000006, 18.200000000000003, 18.0, 17.900000000000006, 17.599999999999994, 17.599999999999994, 17.5, 17.299999999999997, 17.200000000000003, 17.0, 17.0, 16.5, 16.400000000000006, 16.200000000000003, 16.200000000000003, 16.099999999999994, 15.799999999999997, 15.5, 15.400000000000006, 15.299999999999997, 15.200000000000003, 15.099999999999994, 14.900000000000006, 14.700000000000003, 14.599999999999994, 14.5, 14.0, 13.599999999999994, 13.200000000000003, 12.799999999999997, 12.099999999999994, 11.299999999999997, 10.700000000000003, 10.200000000000003, 9.599999999999994, 9.099999999999994, 8.400000000000006, 8.299999999999997, 8.0, 7.599999999999994, 7.200000000000003, 6.799999999999997, 6.599999999999994, 5.900000000000006, 5.5, 5.299999999999997, 4.299999999999997, 4.099999999999994, 4.0, 3.700000000000003, 3.299999999999997, 3.0, 2.799999999999997, 2.700000000000003, 2.5, 2.299999999999997, 2.200000000000003, 2.0, 1.7999999999999972, 1.7999999999999972, 1.5999999999999943, 1.5999999999999943, 1.4000000000000057, 1.2999999999999972, 1.0999999999999943, 1.0999999999999943, 1.0, 1.0, 0.9000000000000057, 0.7999999999999972, 0.7000000000000028, 0.7000000000000028, 0.5999999999999943, 0.4000000000000057, 0.29999999999999716, 0.29999999999999716, 0.20000000000000284, 0.20000000000000284, 0.09999999999999432, 0.0], "x": [273, 274, 277, 284, 286, 295, 296, 302, 303, 304, 305, 309, 310, 313, 314, 318, 319, 321, 322, 323, 325, 326, 327, 328, 330, 331, 332, 334, 337, 338, 339, 341, 342, 343, 344, 345, 346, 347, 348, 350, 351, 352, 353, 354, 357, 358, 359, 360, 361, 362, 363, 364, 365, 366, 367, 368, 369, 370, 371, 372, 373, 374, 375, 376, 377, 378, 380, 381, 382, 383, 384, 385, 386, 387, 388, 389, 390, 391, 392, 393, 394, 395, 396, 397, 398, 399, 400, 401, 402, 403, 404, 405, 406, 407, 408, 410, 411, 412, 413, 414, 415, 416, 417, 418, 419, 420, 421, 422, 423, 424, 425, 426, 427, 428, 429, 430, 431, 432, 433, 434, 435, 436, 438, 439, 440, 441, 442, 443, 444, 445, 446, 447, 448, 449, 450, 451, 452, 453, 454, 455, 456, 457, 458, 459, 460, 461, 462, 464, 465, 466, 467, 468, 469, 470, 471, 472, 473, 474, 475, 476, 477, 478, 479, 480, 481, 482, 483, 484, 485, 486, 487, 488, 489, 490, 491, 492, 493, 494, 495, 496, 497, 498, 499, 500, 501, 502, 503, 504, 505, 506, 507, 508, 509, 510, 511, 512, 513, 514, 515, 516, 517, 518, 519, 520, 521, 522, 523, 524, 525, 526, 527, 528, 529, 530, 531, 532, 533, 534, 535, 536, 537, 538, 539, 540, 541, 542, 543, 544, 545, 546, 547, 548, 549, 550, 551, 552, 553, 554, 555, 556, 557, 558, 559, 560, 561, 562, 563, 564, 565, 566, 567, 568, 569, 570, 571, 572, 573, 574, 575, 576, 577, 578, 579, 580, 581, 582, 583, 584, 585, 586, 587, 588, 589, 590, 591, 592, 593, 594, 595, 596, 597, 598, 599, 600, 601, 602, 603, 604, 605, 606, 607, 608, 609, 610, 611, 612, 613, 614, 615, 616, 617, 618, 619, 620, 621, 622, 623, 624, 625, 626, 627, 628, 629, 630, 631, 632, 633, 634, 635, 636, 637, 638, 639, 640, 641, 642, 643, 644, 645, 646, 647, 648, 649, 650, 651, 652, 653, 654, 655, 656, 657, 658, 659, 660, 661, 662, 663, 664, 665, 666, 667, 668, 669, 670, 671, 672, 673, 674, 675, 676, 677, 678, 679, 680, 681, 682, 683, 684, 685, 686, 687, 688, 689, 690, 691, 692, 693, 694, 695, 696, 697, 698, 699, 700, 701, 702, 703, 704, 705, 706, 707, 708, 709, 710, 711, 712, 713, 714, 715, 716, 717, 718, 719, 720, 721, 722, 723, 724, 725, 726, 727, 728, 729, 730, 731, 732, 733, 734, 735, 736, 737, 738, 739, 740, 741, 742, 743, 744, 745, 746, 747, 748, 749, 750, 751, 752, 753, 754, 755, 756, 757, 758, 759, 760, 761, 762, 763, 764, 765, 766, 768, 770, 778, 781, 788, 828, 829]}}