{"percentile": {"x": [310, 316, 338, 339, 350, 353, 355, 366, 367, 372, 382, 383, 384, 386, 387, 392, 397, 399, 400, 402, 403, 406, 408, 409, 411, 413, 414, 417, 420, 421, 424, 426, 427, 428, 431, 434, 437, 440, 441, 442, 443, 444, 447, 450, 451, 455, 456, 457, 458, 462, 463, 464, 465, 466, 467, 470, 471, 472, 473, 478, 479, 480, 481, 484, 485, 486, 487, 489, 490, 492, 493, 494, 497, 501, 502, 503, 504, 506, 508, 509, 510, 511, 512, 513, 514, 515, 516, 518, 519, 520, 522, 524, 525, 527, 528, 529, 530, 531, 532, 533, 534, 536, 538, 539, 540, 542, 543, 544, 545, 546, 549, 550, 551, 552, 553, 554, 556, 557, 558, 559, 561, 562, 563, 564, 565, 567, 568, 569, 570, 572, 573, 574, 577, 578, 579, 580, 581, 582, 585, 586, 588, 590, 592, 593, 594, 595, 596, 597, 598, 599, 600, 602, 604, 605, 606, 607, 610, 611, 612, 613, 614, 615, 618, 620, 622, 623, 625, 626, 628, 630, 632, 634, 635, 637, 638, 639, 640, 641, 643, 644, 645, 646, 648, 649, 650, 651, 652, 653, 654, 655, 657, 659, 660, 661, 662, 663, 664, 665, 667, 669, 670, 671, 672, 674, 675, 676, 677, 680, 681, 685, 690, 692, 697, 698, 700, 703, 705, 706, 708, 710, 711, 712, 714, 715, 716, 717, 718, 720, 721, 722, 723, 724, 725, 726, 727, 728, 729, 730, 733, 735, 736, 737, 740, 741, 742, 743, 745, 746, 748, 751, 760, 772, 829], "y": [99.8, 99.6, 99.4, 99.1, 98.9, 98.7, 98.4, 98.2, 98.0, 97.7, 97.5, 97.0, 96.8, 96.6, 96.3, 96.1, 95.9, 95.6, 95.4, 95.2, 94.9, 94.7, 94.5, 94.2, 93.5, 93.1, 92.6, 92.4, 91.9, 91.7, 91.4, 91.2, 90.7, 90.5, 89.8, 89.6, 89.3, 89.1, 88.9, 88.2, 87.7, 87.5, 87.0, 86.8, 86.5, 86.3, 86.1, 85.8, 85.6, 84.7, 84.2, 84.0, 83.7, 83.5, 83.0, 82.8, 82.6, 81.9, 81.6, 81.4, 80.9, 80.7, 80.5, 80.2, 80.0, 79.8, 79.5, 79.1, 78.8, 78.6, 78.1, 77.9, 77.7, 77.4, 77.0, 76.5, 75.8, 75.6, 75.3, 75.1, 74.4, 73.9, 73.5, 73.2, 73.0, 72.8, 72.5, 72.1, 71.8, 71.4, 71.1, 70.9, 70.4, 70.2, 70.0, 69.3, 68.6, 68.3, 68.1, 67.6, 67.4, 67.2, 66.7, 66.5, 66.0, 65.8, 65.6, 64.9, 63.9, 63.7, 62.5, 62.3, 62.1, 61.8, 61.6, 61.1, 60.9, 60.0, 59.0, 58.8, 58.1, 56.9, 56.7, 56.5, 56.0, 55.8, 55.3, 54.4, 53.9, 53.7, 53.4, 53.0, 52.7, 52.3, 51.6, 51.3, 51.1, 50.9, 50.2, 49.9, 49.2, 49.0, 48.8, 48.1, 47.4, 47.1, 46.7, 46.4, 45.7, 45.3, 44.8, 44.3, 44.1, 43.6, 42.9, 42.7, 42.0, 41.5, 41.1, 40.8, 40.6, 40.1, 39.9, 39.4, 38.5, 38.0, 37.8, 37.3, 36.4, 35.7, 35.2, 34.8, 34.5, 33.8, 33.400000000000006, 32.7, 32.2, 31.5, 30.799999999999997, 30.599999999999994, 29.900000000000006, 29.700000000000003, 29.400000000000006, 29.200000000000003, 29.0, 28.5, 28.299999999999997, 27.599999999999994, 27.299999999999997, 27.099999999999994, 26.900000000000006, 26.599999999999994, 26.400000000000006, 25.900000000000006, 25.5, 25.0, 24.799999999999997, 24.299999999999997, 23.599999999999994, 23.099999999999994, 22.700000000000003, 22.200000000000003, 22.0, 21.5, 21.0, 20.599999999999994, 20.299999999999997, 20.099999999999994, 19.599999999999994, 19.400000000000006, 18.700000000000003, 18.5, 18.200000000000003, 18.0, 17.299999999999997, 17.099999999999994, 16.799999999999997, 16.599999999999994, 16.099999999999994, 15.400000000000006, 15.0, 14.700000000000003, 14.5, 14.0, 13.799999999999997, 13.599999999999994, 13.299999999999997, 12.599999999999994, 12.400000000000006, 11.700000000000003, 11.200000000000003, 9.799999999999997, 9.099999999999994, 8.900000000000006, 7.5, 6.799999999999997, 5.900000000000006, 5.400000000000006, 5.200000000000003, 4.700000000000003, 4.200000000000003, 3.799999999999997, 3.299999999999997, 3.0999999999999943, 2.5999999999999943, 2.0999999999999943, 1.9000000000000057, 1.7000000000000028, 1.2000000000000028, 0.7000000000000028, 0.5, 0.0, -0.20000000000000284]}, "histogram": {"x": [300, 315, 330, 345, 360, 375, 390, 405, 420, 435, 450, 465, 480, 495, 510, 525, 540, 555, 570, 585, 600, 615, 630, 645, 660, 675, 690, 705, 720, 735, 750, 765, 780, 795, 810, 825, 840], "y": [1, 1, 2, 3, 3, 6, 6, 11, 12, 11, 13, 13, 13, 12, 18, 19, 23, 29, 15, 24, 20, 18, 25, 17, 22, 9, 10, 16, 35, 17, 3, 2, 0, 0, 0, 1, 0]}}