{"histogram": {"y": [1, 1, 1, 10, 9, 20, 34, 43, 53, 50, 74, 106, 107, 140, 116, 150, 115, 113, 120, 88, 115, 94, 70, 92, 61, 70, 48, 42, 43, 101, 51, 9, 6, 1, 0, 1, 7, 0], "x": [285, 300, 315, 330, 345, 360, 375, 390, 405, 420, 435, 450, 465, 480, 495, 510, 525, 540, 555, 570, 585, 600, 615, 630, 645, 660, 675, 690, 705, 720, 735, 750, 765, 780, 795, 810, 825, 840]}, "percentile": {"y": [100.0, 100.0, 99.9, 99.9, 99.8, 99.8, 99.7, 99.5, 99.4, 99.4, 99.3, 99.2, 99.2, 99.1, 99.1, 99.0, 98.9, 98.9, 98.8, 98.8, 98.8, 98.7, 98.6, 98.5, 98.4, 98.3, 98.1, 97.9, 97.7, 97.6, 97.5, 97.3, 97.3, 97.2, 97.1, 97.0, 96.9, 96.8, 96.7, 96.5, 96.4, 96.3, 96.1, 96.0, 96.0, 95.9, 95.7, 95.6, 95.4, 95.2, 95.1, 94.9, 94.8, 94.6, 94.5, 94.5, 94.3, 94.2, 94.1, 94.1, 93.8, 93.8, 93.7, 93.5, 93.4, 93.2, 92.9, 92.5, 92.2, 92.1, 92.0, 92.0, 91.9, 91.7, 91.6, 91.5, 91.4, 91.1, 90.8, 90.7, 90.2, 90.1, 90.0, 90.0, 89.8, 89.4, 89.1, 88.9, 88.6, 88.4, 88.2, 88.2, 88.0, 87.7, 87.5, 87.4, 87.1, 86.8, 86.4, 86.2, 85.8, 85.5, 85.1, 84.8, 84.4, 84.0, 83.8, 83.5, 83.4, 82.8, 82.7, 82.3, 81.8, 81.4, 81.2, 81.1, 80.7, 80.2, 79.8, 79.3, 78.9, 78.5, 78.2, 78.1, 77.8, 77.6, 77.3, 76.9, 76.5, 76.1, 75.6, 75.2, 75.0, 74.6, 74.0, 73.9, 73.5, 73.2, 73.0, 72.1, 71.6, 70.9, 70.2, 70.0, 69.6, 69.0, 68.6, 68.3, 67.9, 67.5, 67.2, 67.1, 66.8, 66.4, 66.1, 65.6, 65.4, 65.0, 64.6, 64.0, 63.7, 63.1, 62.9, 62.8, 62.1, 61.5, 61.1, 60.4, 60.0, 59.4, 58.9, 58.6, 58.3, 57.7, 57.2, 57.0, 56.5, 56.1, 55.7, 55.3, 54.8, 54.6, 54.1, 53.6, 53.5, 53.1, 53.0, 52.7, 52.4, 51.9, 51.4, 51.1, 50.8, 50.8, 50.4, 50.3, 49.7, 49.5, 49.1, 48.6, 48.3, 47.8, 47.4, 47.2, 46.6, 46.4, 45.9, 45.5, 45.2, 44.6, 44.1, 43.9, 43.5, 43.1, 42.8, 42.3, 42.1, 41.7, 41.6, 41.1, 40.8, 40.6, 40.4, 40.2, 39.8, 39.7, 39.4, 39.1, 38.9, 38.5, 38.2, 38.0, 37.8, 37.5, 37.0, 36.8, 36.4, 35.900000000000006, 35.5, 34.8, 34.599999999999994, 34.3, 34.0, 33.599999999999994, 33.5, 33.2, 32.900000000000006, 32.5, 32.2, 31.900000000000006, 31.5, 31.099999999999994, 31.0, 30.700000000000003, 30.400000000000006, 30.200000000000003, 30.0, 29.799999999999997, 29.599999999999994, 29.200000000000003, 29.0, 28.599999999999994, 28.200000000000003, 27.900000000000006, 27.5, 27.400000000000006, 27.0, 26.900000000000006, 26.700000000000003, 26.200000000000003, 26.099999999999994, 25.900000000000006, 25.700000000000003, 25.599999999999994, 25.299999999999997, 25.0, 24.900000000000006, 24.900000000000006, 24.599999999999994, 24.200000000000003, 24.0, 23.700000000000003, 23.299999999999997, 23.200000000000003, 22.700000000000003, 22.5, 22.400000000000006, 22.099999999999994, 21.599999999999994, 21.200000000000003, 20.900000000000006, 20.700000000000003, 20.599999999999994, 20.400000000000006, 20.0, 19.900000000000006, 19.799999999999997, 19.599999999999994, 19.299999999999997, 19.0, 18.700000000000003, 18.599999999999994, 18.400000000000006, 18.200000000000003, 18.099999999999994, 17.900000000000006, 17.799999999999997, 17.5, 17.200000000000003, 17.099999999999994, 16.799999999999997, 16.599999999999994, 16.5, 16.299999999999997, 16.200000000000003, 16.200000000000003, 15.900000000000006, 15.700000000000003, 15.400000000000006, 15.200000000000003, 14.900000000000006, 14.599999999999994, 14.299999999999997, 14.099999999999994, 13.799999999999997, 13.700000000000003, 13.5, 13.400000000000006, 13.299999999999997, 13.099999999999994, 13.0, 12.700000000000003, 12.599999999999994, 12.5, 12.400000000000006, 12.200000000000003, 12.099999999999994, 12.099999999999994, 11.799999999999997, 11.700000000000003, 11.599999999999994, 11.599999999999994, 11.5, 11.400000000000006, 11.200000000000003, 11.200000000000003, 11.099999999999994, 10.599999999999994, 10.599999999999994, 10.400000000000006, 10.200000000000003, 10.099999999999994, 10.0, 9.900000000000006, 9.700000000000003, 9.599999999999994, 9.5, 9.099999999999994, 9.0, 8.799999999999997, 8.799999999999997, 8.700000000000003, 8.5, 8.5, 8.400000000000006, 8.299999999999997, 8.099999999999994, 7.599999999999994, 7.400000000000006, 7.0, 6.5, 6.299999999999997, 6.0, 5.5, 5.099999999999994, 4.799999999999997, 4.400000000000006, 4.200000000000003, 4.099999999999994, 3.799999999999997, 3.700000000000003, 3.5, 3.299999999999997, 3.200000000000003, 3.0999999999999943, 3.0, 2.9000000000000057, 2.4000000000000057, 2.299999999999997, 2.0999999999999943, 1.9000000000000057, 1.5999999999999943, 1.4000000000000057, 1.2000000000000028, 1.0999999999999943, 1.0, 1.0, 0.9000000000000057, 0.7999999999999972, 0.7999999999999972, 0.7000000000000028, 0.7000000000000028, 0.7000000000000028, 0.5999999999999943, 0.5999999999999943, 0.5, 0.5, 0.4000000000000057, 0.4000000000000057, 0.29999999999999716, 0.0], "x": [298, 307, 322, 335, 336, 337, 341, 342, 343, 345, 352, 354, 355, 356, 357, 358, 361, 362, 363, 364, 365, 367, 370, 371, 372, 373, 374, 375, 376, 377, 379, 380, 381, 382, 383, 385, 386, 387, 388, 389, 390, 391, 392, 393, 394, 395, 396, 397, 398, 399, 400, 401, 402, 403, 404, 405, 406, 407, 408, 409, 410, 411, 412, 413, 414, 415, 416, 417, 418, 419, 420, 421, 422, 423, 424, 425, 426, 427, 428, 429, 430, 431, 432, 433, 434, 435, 436, 438, 439, 440, 441, 442, 443, 444, 445, 446, 447, 448, 449, 450, 451, 452, 453, 454, 455, 456, 457, 458, 459, 460, 461, 462, 463, 464, 465, 466, 467, 468, 469, 470, 471, 472, 473, 474, 475, 476, 477, 478, 479, 480, 481, 482, 483, 484, 485, 486, 487, 488, 489, 490, 491, 492, 493, 494, 495, 496, 497, 498, 499, 500, 501, 502, 503, 504, 505, 506, 507, 508, 509, 510, 511, 512, 513, 514, 515, 516, 517, 518, 519, 520, 521, 522, 523, 524, 525, 526, 527, 528, 529, 530, 531, 532, 533, 534, 535, 536, 537, 538, 539, 540, 541, 542, 543, 544, 545, 546, 547, 548, 549, 550, 551, 552, 553, 554, 555, 556, 557, 558, 559, 560, 561, 562, 563, 564, 565, 566, 567, 568, 569, 570, 571, 572, 573, 574, 575, 576, 577, 578, 579, 580, 581, 582, 583, 584, 585, 586, 587, 588, 589, 590, 591, 592, 593, 594, 595, 596, 597, 598, 599, 600, 601, 602, 603, 604, 605, 606, 607, 608, 609, 610, 611, 612, 613, 614, 615, 616, 617, 618, 619, 620, 621, 622, 623, 624, 625, 626, 627, 628, 629, 630, 631, 632, 633, 634, 635, 636, 637, 638, 639, 640, 641, 642, 643, 644, 645, 646, 647, 648, 649, 650, 651, 652, 653, 654, 655, 656, 657, 658, 660, 661, 662, 663, 664, 665, 666, 667, 668, 669, 670, 671, 672, 673, 674, 675, 676, 677, 678, 679, 680, 681, 682, 683, 684, 685, 686, 687, 688, 689, 690, 691, 692, 693, 694, 696, 697, 698, 699, 700, 701, 702, 703, 704, 705, 706, 707, 708, 709, 710, 711, 712, 713, 714, 715, 716, 717, 718, 719, 720, 721, 722, 723, 724, 725, 726, 727, 728, 729, 730, 731, 732, 733, 734, 735, 736, 737, 738, 739, 740, 742, 743, 744, 745, 746, 747, 749, 751, 754, 755, 756, 757, 759, 763, 766, 772, 773, 775, 776, 777, 781, 823, 829]}}