{"histogram": {"y": [1, 1, 2, 1, 2, 2, 6, 7, 5, 9, 5, 6, 2, 5, 3, 9, 6, 6, 1, 3, 5, 3, 3, 2, 4, 0, 3, 4, 4, 4, 1, 2, 1, 1, 1, 0, 0], "x": [285, 300, 315, 330, 345, 360, 375, 390, 405, 420, 435, 450, 465, 480, 495, 510, 525, 540, 555, 570, 585, 600, 615, 630, 645, 660, 675, 690, 705, 720, 735, 750, 765, 780, 795, 810, 825]}, "percentile": {"y": [99.2, 98.4, 97.5, 96.7, 95.8, 95.0, 94.2, 93.3, 92.5, 91.6, 90.0, 89.1, 88.3, 87.4, 86.6, 84.9, 84.1, 83.2, 82.4, 81.6, 80.7, 79.9, 79.0, 78.2, 77.4, 76.5, 75.7, 74.8, 74.0, 73.2, 70.6, 69.8, 68.1, 67.3, 66.4, 65.6, 63.9, 63.1, 62.2, 60.6, 59.7, 58.9, 57.2, 56.4, 55.5, 54.7, 53.8, 53.0, 52.2, 51.3, 50.5, 49.6, 47.9, 47.1, 46.3, 45.4, 44.6, 43.7, 42.9, 41.2, 39.5, 38.7, 37.0, 36.2, 35.3, 34.5, 33.7, 32.8, 31.099999999999994, 30.299999999999997, 29.5, 28.599999999999994, 26.900000000000006, 26.099999999999994, 25.299999999999997, 24.400000000000006, 22.700000000000003, 21.900000000000006, 21.099999999999994, 20.200000000000003, 18.5, 17.700000000000003, 16.900000000000006, 15.200000000000003, 14.299999999999997, 13.5, 12.700000000000003, 11.799999999999997, 11.0, 9.299999999999997, 8.5, 7.599999999999994, 6.799999999999997, 5.900000000000006, 5.099999999999994, 4.299999999999997, 3.4000000000000057, 2.5999999999999943, 1.7000000000000028, 0.9000000000000057, 0.0, -0.7999999999999972], "x": [288, 314, 317, 327, 341, 351, 356, 369, 374, 375, 380, 381, 383, 385, 390, 391, 394, 398, 400, 402, 405, 407, 409, 411, 412, 420, 422, 423, 424, 425, 426, 430, 435, 437, 438, 440, 454, 456, 463, 464, 469, 473, 480, 485, 491, 493, 499, 502, 505, 510, 512, 514, 517, 519, 520, 521, 524, 526, 527, 532, 537, 540, 541, 543, 548, 549, 566, 577, 579, 587, 588, 593, 596, 603, 604, 605, 615, 622, 634, 640, 645, 651, 657, 677, 686, 690, 692, 695, 703, 710, 717, 718, 723, 726, 728, 729, 749, 755, 758, 774, 784, 798]}}