{"percentile": {"x": [290, 336, 370, 382, 384, 397, 413, 424, 432, 434, 445, 447, 465, 470, 483, 485, 491, 510, 513, 519, 553, 555, 570, 578, 584, 593, 597, 614, 615, 625, 628, 629, 640, 644, 645, 649, 650, 675, 676, 677, 683, 688, 690, 691, 696, 701, 710, 718, 720, 722, 727, 728, 729, 730, 734, 736, 738, 739, 740, 745, 746, 753, 757, 758, 788], "y": [98.6, 97.2, 95.8, 94.4, 93.0, 91.6, 90.2, 88.8, 87.4, 86.0, 84.6, 83.1, 81.7, 80.3, 78.9, 77.5, 76.1, 74.7, 73.3, 71.9, 70.5, 69.1, 67.7, 66.2, 64.8, 63.4, 62.0, 60.6, 59.2, 57.8, 56.4, 55.0, 53.6, 52.2, 50.8, 49.3, 47.9, 46.5, 45.1, 43.7, 42.3, 40.9, 39.5, 38.1, 36.7, 35.3, 33.900000000000006, 32.400000000000006, 29.599999999999994, 26.799999999999997, 25.400000000000006, 24.0, 22.599999999999994, 21.200000000000003, 19.799999999999997, 17.0, 15.5, 14.099999999999994, 11.299999999999997, 8.5, 7.099999999999994, 5.700000000000003, 4.299999999999997, 0.0, -1.4000000000000057]}, "histogram": {"x": [285, 300, 315, 330, 345, 360, 375, 390, 405, 420, 435, 450, 465, 480, 495, 510, 525, 540, 555, 570, 585, 600, 615, 630, 645, 660, 675, 690, 705, 720, 735, 750, 765, 780, 795, 810], "y": [1, 0, 0, 1, 0, 1, 2, 1, 1, 3, 2, 0, 2, 3, 0, 3, 0, 1, 1, 3, 2, 1, 4, 2, 3, 0, 5, 4, 2, 9, 9, 5, 0, 1, 0, 0]}}