{"percentile": {"x": [311, 330, 340, 354, 375, 380, 384, 389, 392, 393, 399, 400, 401, 402, 406, 409, 412, 413, 416, 419, 421, 422, 425, 426, 427, 429, 433, 436, 439, 440, 441, 443, 445, 446, 447, 449, 450, 453, 455, 456, 458, 459, 460, 462, 464, 465, 466, 467, 468, 469, 470, 471, 472, 473, 475, 476, 478, 480, 482, 483, 484, 486, 487, 488, 489, 490, 491, 494, 495, 498, 499, 500, 501, 502, 503, 505, 506, 507, 508, 509, 511, 513, 516, 517, 518, 521, 522, 525, 526, 528, 529, 530, 531, 532, 533, 537, 539, 542, 543, 544, 545, 546, 547, 548, 549, 550, 551, 552, 553, 554, 556, 557, 558, 559, 560, 561, 562, 564, 565, 569, 570, 572, 574, 576, 577, 579, 580, 581, 582, 584, 585, 586, 587, 588, 590, 591, 592, 593, 595, 596, 598, 599, 602, 603, 606, 607, 608, 610, 611, 612, 613, 614, 615, 616, 618, 619, 620, 622, 624, 626, 627, 628, 629, 631, 634, 638, 639, 640, 643, 645, 646, 647, 650, 651, 652, 653, 654, 655, 656, 657, 658, 659, 660, 662, 663, 664, 665, 666, 668, 670, 672, 674, 675, 680, 682, 685, 686, 687, 688, 690, 692, 694, 695, 697, 699, 700, 704, 705, 706, 709, 710, 713, 714, 716, 717, 718, 721, 722, 723, 724, 726, 728, 729, 730, 731, 732, 733, 734, 735, 736, 737, 738, 739, 740, 742, 743, 746, 749, 750, 751, 752, 757, 758, 824, 829], "y": [99.8, 99.6, 99.3, 99.1, 98.8, 98.6, 98.3, 97.8, 97.6, 97.3, 97.1, 96.6, 96.3, 96.1, 95.6, 95.4, 95.1, 94.9, 94.6, 94.4, 94.1, 93.9, 93.6, 93.4, 93.1, 92.6, 92.1, 91.9, 91.7, 91.4, 91.2, 90.7, 90.4, 89.9, 89.7, 89.2, 88.4, 87.7, 87.2, 86.5, 86.2, 86.0, 85.7, 85.5, 85.2, 85.0, 84.7, 84.5, 84.2, 83.8, 83.3, 83.0, 82.8, 82.3, 81.8, 81.3, 81.0, 80.5, 80.0, 79.1, 78.8, 78.1, 77.8, 77.6, 77.3, 76.8, 76.6, 75.4, 74.9, 74.6, 74.1, 73.9, 73.6, 72.9, 72.1, 71.7, 71.4, 71.2, 70.9, 70.7, 70.4, 69.7, 69.4, 68.9, 68.4, 68.0, 67.7, 67.5, 67.0, 66.7, 66.5, 66.0, 65.7, 65.2, 64.7, 64.2, 63.5, 63.3, 62.8, 62.5, 62.3, 62.0, 61.8, 61.5, 61.3, 61.0, 60.8, 60.5, 60.0, 59.6, 59.1, 58.6, 58.1, 57.6, 56.8, 55.9, 55.6, 55.4, 54.9, 54.1, 53.4, 53.1, 52.4, 52.1, 51.9, 51.7, 51.2, 50.7, 50.4, 49.9, 49.4, 49.2, 48.4, 48.0, 47.7, 47.5, 47.2, 46.7, 46.5, 46.2, 46.0, 45.7, 45.5, 45.0, 44.5, 44.2, 43.8, 43.5, 43.3, 42.8, 42.0, 41.8, 41.5, 41.3, 41.0, 40.8, 40.5, 40.0, 39.8, 39.6, 39.1, 38.1, 37.6, 37.3, 37.1, 36.6, 36.1, 35.900000000000006, 35.400000000000006, 34.900000000000006, 34.599999999999994, 33.400000000000006, 33.099999999999994, 32.599999999999994, 32.099999999999994, 31.700000000000003, 31.400000000000006, 30.900000000000006, 30.700000000000003, 30.200000000000003, 29.700000000000003, 29.400000000000006, 28.900000000000006, 28.700000000000003, 27.700000000000003, 27.5, 27.200000000000003, 27.0, 26.700000000000003, 26.200000000000003, 25.700000000000003, 25.5, 24.5, 23.799999999999997, 23.5, 23.0, 22.5, 21.799999999999997, 21.299999999999997, 20.799999999999997, 20.299999999999997, 19.799999999999997, 19.599999999999994, 19.099999999999994, 18.799999999999997, 18.599999999999994, 18.099999999999994, 17.599999999999994, 17.299999999999997, 17.099999999999994, 16.599999999999994, 16.299999999999997, 15.900000000000006, 15.599999999999994, 14.900000000000006, 14.400000000000006, 13.599999999999994, 13.400000000000006, 12.599999999999994, 11.400000000000006, 10.200000000000003, 9.700000000000003, 9.200000000000003, 8.400000000000006, 7.700000000000003, 7.5, 6.700000000000003, 6.5, 5.0, 4.5, 4.200000000000003, 3.799999999999997, 3.5, 3.0, 2.799999999999997, 2.5, 2.299999999999997, 2.0, 1.7999999999999972, 1.5, 1.0, 0.5, 0.29999999999999716, 0.0, -0.20000000000000284]}, "histogram": {"x": [300, 315, 330, 345, 360, 375, 390, 405, 420, 435, 450, 465, 480, 495, 510, 525, 540, 555, 570, 585, 600, 615, 630, 645, 660, 675, 690, 705, 720, 735, 750, 765, 780, 795, 810, 825, 840], "y": [1, 0, 2, 1, 0, 5, 7, 7, 9, 12, 16, 17, 23, 19, 12, 17, 16, 22, 17, 17, 16, 17, 9, 24, 16, 17, 13, 15, 32, 18, 7, 0, 0, 0, 1, 1, 0]}}