{"percentile": {"x": [375, 385, 402, 406, 423, 428, 456, 466, 470, 477, 479, 490, 500, 508, 510, 513, 514, 515, 519, 525, 528, 529, 536, 540, 541, 544, 545, 551, 555, 570, 576, 578, 597, 610, 612, 618, 626, 627, 634, 640, 642, 646, 648, 651, 654, 657, 663, 678, 690, 700, 706, 712, 719, 724, 725, 726, 727, 729, 736, 740, 751, 776], "y": [98.5, 97.0, 95.4, 93.9, 90.8, 89.3, 87.7, 86.2, 84.7, 83.1, 81.6, 80.0, 78.5, 77.0, 75.4, 73.9, 72.4, 69.3, 67.7, 66.2, 64.7, 63.1, 61.6, 60.0, 58.5, 57.0, 55.4, 53.9, 50.8, 49.3, 47.7, 46.2, 44.7, 43.1, 41.6, 40.0, 38.5, 37.0, 35.400000000000006, 33.900000000000006, 32.400000000000006, 30.799999999999997, 29.299999999999997, 27.700000000000003, 26.200000000000003, 24.700000000000003, 23.099999999999994, 21.599999999999994, 20.0, 18.5, 17.0, 15.400000000000006, 13.900000000000006, 12.400000000000006, 10.799999999999997, 9.299999999999997, 6.200000000000003, 4.700000000000003, 3.0999999999999943, 1.5999999999999943, 0.0, -1.5]}, "histogram": {"x": [375, 390, 405, 420, 435, 450, 465, 480, 495, 510, 525, 540, 555, 570, 585, 600, 615, 630, 645, 660, 675, 690, 705, 720, 735, 750, 765, 780, 795], "y": [2, 1, 1, 3, 0, 1, 4, 1, 2, 6, 4, 5, 2, 3, 1, 2, 3, 3, 5, 1, 1, 2, 3, 6, 2, 1, 1, 0, 0]}}