{"histogram": {"x": [330, 345, 360, 375, 390, 405, 420, 435, 450, 465, 480, 495, 510, 525, 540, 555, 570, 585, 600, 615, 630, 645, 660, 675, 690, 705, 720, 735, 750, 765, 780], "y": [1, 3, 3, 4, 4, 6, 4, 4, 11, 12, 11, 12, 17, 19, 16, 12, 15, 17, 16, 9, 18, 16, 15, 11, 13, 6, 30, 24, 9, 3, 0]}, "percentile": {"x": [339, 348, 354, 357, 367, 372, 373, 381, 383, 387, 388, 399, 400, 403, 405, 407, 409, 412, 415, 419, 423, 425, 432, 441, 444, 446, 448, 450, 452, 453, 454, 455, 456, 458, 459, 462, 463, 464, 468, 469, 470, 471, 474, 475, 476, 477, 478, 484, 485, 487, 489, 490, 491, 492, 493, 495, 496, 500, 501, 503, 505, 506, 510, 511, 512, 513, 514, 515, 516, 517, 519, 520, 521, 522, 523, 524, 525, 526, 527, 529, 530, 531, 533, 536, 538, 539, 542, 543, 544, 545, 546, 548, 549, 551, 553, 554, 555, 557, 560, 563, 564, 565, 567, 568, 570, 572, 573, 574, 575, 577, 578, 579, 580, 583, 584, 586, 587, 589, 590, 591, 594, 597, 599, 600, 601, 602, 605, 606, 607, 608, 611, 613, 614, 620, 621, 625, 626, 627, 628, 630, 631, 632, 633, 637, 638, 639, 640, 641, 642, 646, 647, 648, 649, 650, 651, 652, 654, 655, 656, 659, 660, 662, 663, 665, 667, 670, 671, 672, 673, 675, 676, 677, 679, 680, 681, 688, 689, 691, 692, 694, 695, 696, 697, 699, 700, 704, 710, 714, 715, 716, 718, 720, 721, 722, 723, 724, 725, 726, 727, 728, 730, 732, 733, 734, 736, 737, 738, 739, 740, 741, 742, 743, 744, 746, 748, 749, 751, 754, 755, 756, 758, 759, 760, 765, 770], "y": [99.8, 99.5, 99.2, 98.9, 98.6, 98.3, 98.0, 97.7, 97.4, 97.1, 96.8, 96.5, 96.2, 95.6, 95.3, 95.0, 94.8, 94.5, 94.2, 93.9, 93.6, 93.0, 92.7, 92.4, 92.1, 91.8, 91.5, 91.2, 90.9, 90.6, 90.3, 90.0, 89.8, 89.5, 89.2, 88.9, 88.6, 88.3, 87.7, 87.1, 86.8, 86.5, 86.2, 85.9, 85.6, 85.3, 84.8, 84.5, 84.2, 83.6, 83.0, 82.4, 82.1, 81.8, 81.5, 81.2, 80.9, 80.0, 79.8, 79.5, 78.3, 78.0, 77.4, 77.1, 76.8, 76.5, 76.2, 75.6, 75.3, 75.0, 74.5, 74.2, 73.9, 73.6, 73.3, 73.0, 72.4, 72.1, 71.5, 71.2, 70.9, 70.6, 69.5, 68.9, 67.7, 67.4, 67.1, 66.5, 65.9, 65.6, 65.0, 64.8, 64.2, 63.9, 63.3, 62.7, 62.1, 61.5, 61.2, 60.6, 60.3, 60.0, 59.5, 59.2, 58.0, 57.7, 57.1, 56.8, 56.5, 56.2, 55.9, 55.6, 55.3, 55.0, 54.8, 53.6, 53.0, 52.4, 51.2, 50.6, 50.3, 50.0, 49.8, 48.9, 48.0, 47.7, 47.4, 47.1, 46.5, 46.2, 45.6, 45.3, 45.0, 44.8, 44.2, 43.9, 43.3, 43.0, 42.4, 42.1, 41.8, 40.9, 40.3, 39.8, 39.2, 38.3, 37.7, 37.4, 37.1, 36.5, 36.2, 35.599999999999994, 35.3, 34.8, 33.900000000000006, 33.599999999999994, 33.3, 33.0, 32.7, 32.400000000000006, 31.799999999999997, 31.5, 31.200000000000003, 30.900000000000006, 30.299999999999997, 29.799999999999997, 29.200000000000003, 28.599999999999994, 28.0, 27.400000000000006, 27.099999999999994, 26.799999999999997, 26.200000000000003, 25.599999999999994, 25.299999999999997, 25.0, 24.799999999999997, 24.5, 24.200000000000003, 23.900000000000006, 23.599999999999994, 23.0, 22.700000000000003, 22.400000000000006, 21.200000000000003, 20.900000000000006, 20.599999999999994, 20.299999999999997, 19.799999999999997, 19.5, 19.200000000000003, 18.599999999999994, 18.0, 17.700000000000003, 17.400000000000006, 17.099999999999994, 15.900000000000006, 15.0, 14.799999999999997, 14.5, 12.700000000000003, 12.400000000000006, 11.5, 10.299999999999997, 9.799999999999997, 9.5, 9.200000000000003, 8.599999999999994, 6.5, 6.200000000000003, 5.599999999999994, 4.799999999999997, 4.200000000000003, 3.9000000000000057, 3.5999999999999943, 3.299999999999997, 2.700000000000003, 2.4000000000000057, 1.7999999999999972, 1.5, 1.2000000000000028, 0.9000000000000057, 0.5999999999999943, 0.0, -0.20000000000000284]}}