{"histogram": {"y": [5, 17, 12, 13, 21, 26, 26, 32, 42, 44, 64, 50, 60, 45, 82, 61, 67, 60, 71, 58, 52, 58, 56, 49, 41, 41, 52, 103, 85, 17, 4, 0, 0], "x": [315, 330, 345, 360, 375, 390, 405, 420, 435, 450, 465, 480, 495, 510, 525, 540, 555, 570, 585, 600, 615, 630, 645, 660, 675, 690, 705, 720, 735, 750, 765, 780, 795]}, "percentile": {"y": [100.0, 99.8, 99.8, 99.7, 99.5, 99.4, 99.3, 99.1, 99.1, 98.8, 98.7, 98.6, 98.5, 98.4, 98.4, 98.3, 98.1, 98.1, 98.0, 97.9, 97.7, 97.6, 97.5, 97.4, 97.4, 97.3, 97.2, 97.0, 96.9, 96.9, 96.7, 96.5, 96.4, 96.3, 96.2, 96.0, 95.9, 95.8, 95.7, 95.7, 95.6, 95.5, 95.2, 95.1, 95.0, 94.7, 94.5, 94.4, 94.3, 94.2, 94.0, 93.8, 93.5, 93.4, 93.3, 93.3, 93.2, 93.0, 92.9, 92.8, 92.8, 92.5, 92.3, 92.2, 92.0, 91.8, 91.6, 91.6, 91.4, 91.2, 90.9, 90.8, 90.6, 90.6, 90.3, 90.1, 90.0, 89.9, 89.6, 89.3, 89.2, 88.9, 88.6, 88.4, 88.3, 87.9, 87.8, 87.5, 87.2, 87.0, 86.7, 86.7, 86.4, 86.3, 86.1, 86.0, 85.8, 85.7, 85.4, 85.3, 85.0, 85.0, 84.8, 84.5, 84.3, 84.1, 84.0, 83.6, 83.2, 82.8, 82.6, 82.5, 82.1, 81.9, 81.6, 81.3, 80.9, 80.7, 80.2, 79.9, 79.3, 79.1, 78.9, 78.7, 78.5, 78.3, 78.0, 77.8, 77.7, 77.5, 77.3, 77.2, 76.9, 76.6, 76.3, 75.9, 75.7, 75.6, 75.1, 75.0, 74.9, 74.7, 74.5, 74.2, 73.9, 73.6, 73.4, 73.1, 72.7, 72.1, 71.9, 71.5, 71.2, 70.9, 70.5, 70.3, 69.9, 69.7, 69.6, 69.4, 69.2, 68.8, 68.6, 68.3, 68.3, 68.1, 68.0, 67.7, 67.4, 67.1, 66.5, 66.1, 65.5, 65.2, 64.7, 64.2, 64.0, 63.8, 63.1, 62.7, 62.5, 62.3, 61.9, 61.2, 60.8, 60.6, 60.3, 60.1, 59.6, 59.4, 59.1, 58.9, 58.4, 58.4, 57.9, 57.7, 57.6, 57.1, 56.7, 56.5, 56.2, 56.0, 55.3, 54.9, 54.4, 54.1, 53.8, 53.7, 53.4, 53.2, 53.0, 52.8, 52.5, 52.4, 52.0, 51.7, 51.4, 51.2, 50.7, 50.3, 50.0, 49.7, 49.4, 49.2, 49.0, 48.8, 48.6, 48.1, 47.9, 47.7, 47.4, 46.8, 46.5, 46.2, 45.9, 45.8, 45.4, 45.3, 44.9, 44.4, 43.9, 43.6, 43.1, 42.9, 42.7, 42.3, 41.9, 41.7, 41.6, 41.5, 41.2, 41.1, 40.7, 40.4, 40.2, 40.0, 39.5, 39.1, 38.8, 38.5, 38.4, 38.2, 37.9, 37.6, 37.3, 37.3, 37.0, 36.8, 36.3, 36.1, 35.900000000000006, 35.8, 35.5, 35.099999999999994, 34.8, 34.7, 34.400000000000006, 34.3, 34.099999999999994, 33.7, 33.3, 33.0, 32.599999999999994, 32.3, 32.0, 31.799999999999997, 31.700000000000003, 31.5, 31.099999999999994, 30.799999999999997, 30.599999999999994, 30.5, 30.099999999999994, 29.599999999999994, 29.400000000000006, 28.900000000000006, 28.900000000000006, 28.599999999999994, 28.5, 28.299999999999997, 28.099999999999994, 27.700000000000003, 27.5, 27.400000000000006, 27.200000000000003, 26.799999999999997, 26.599999999999994, 26.400000000000006, 25.900000000000006, 25.700000000000003, 25.5, 25.099999999999994, 25.0, 24.700000000000003, 24.400000000000006, 24.299999999999997, 23.900000000000006, 23.5, 23.5, 23.299999999999997, 23.0, 22.799999999999997, 22.700000000000003, 22.299999999999997, 22.299999999999997, 22.099999999999994, 22.0, 21.900000000000006, 21.599999999999994, 21.400000000000006, 20.900000000000006, 20.700000000000003, 20.400000000000006, 20.200000000000003, 20.099999999999994, 19.799999999999997, 19.400000000000006, 19.400000000000006, 19.200000000000003, 19.099999999999994, 18.799999999999997, 18.5, 18.200000000000003, 18.0, 17.700000000000003, 17.400000000000006, 17.200000000000003, 16.599999999999994, 16.400000000000006, 16.200000000000003, 15.799999999999997, 15.700000000000003, 15.400000000000006, 15.299999999999997, 15.099999999999994, 15.0, 14.799999999999997, 14.599999999999994, 14.0, 13.200000000000003, 12.599999999999994, 12.099999999999994, 11.200000000000003, 10.799999999999997, 10.5, 9.900000000000006, 9.400000000000006, 8.799999999999997, 8.599999999999994, 8.0, 7.799999999999997, 7.5, 7.099999999999994, 6.400000000000006, 6.200000000000003, 5.900000000000006, 5.599999999999994, 4.099999999999994, 3.799999999999997, 3.4000000000000057, 3.0, 2.700000000000003, 2.5, 2.4000000000000057, 2.0999999999999943, 1.9000000000000057, 1.5, 1.4000000000000057, 1.2999999999999972, 1.2000000000000028, 1.0, 0.9000000000000057, 0.7000000000000028, 0.5, 0.5, 0.4000000000000057, 0.29999999999999716, 0.20000000000000284, 0.09999999999999432, 0.0, 0.0], "x": [320, 324, 325, 329, 330, 333, 334, 335, 336, 339, 340, 343, 344, 347, 348, 350, 351, 353, 355, 356, 357, 358, 362, 364, 365, 366, 367, 369, 371, 372, 374, 375, 378, 379, 380, 382, 383, 384, 385, 386, 387, 388, 389, 391, 392, 393, 394, 395, 397, 398, 400, 402, 403, 404, 405, 406, 408, 409, 410, 411, 412, 413, 414, 415, 416, 417, 418, 419, 420, 422, 423, 425, 426, 427, 428, 429, 430, 431, 433, 434, 435, 436, 437, 438, 439, 440, 441, 442, 443, 444, 446, 447, 448, 449, 450, 451, 452, 453, 454, 455, 456, 457, 458, 459, 460, 461, 462, 463, 464, 465, 466, 467, 468, 469, 470, 471, 472, 473, 474, 475, 476, 477, 478, 479, 480, 481, 482, 483, 484, 485, 486, 487, 488, 489, 490, 491, 492, 493, 494, 495, 496, 497, 498, 499, 500, 501, 502, 503, 504, 505, 506, 507, 508, 509, 510, 511, 512, 513, 514, 515, 516, 517, 518, 519, 520, 522, 523, 524, 525, 526, 527, 528, 529, 530, 531, 532, 533, 534, 535, 536, 537, 538, 539, 540, 541, 542, 544, 545, 546, 547, 548, 549, 550, 551, 552, 553, 554, 555, 556, 557, 558, 559, 560, 561, 562, 563, 564, 565, 566, 567, 568, 569, 570, 571, 572, 573, 574, 575, 576, 577, 578, 579, 580, 581, 582, 583, 584, 585, 586, 587, 588, 589, 590, 591, 592, 593, 594, 595, 596, 597, 598, 599, 600, 601, 602, 603, 604, 605, 606, 607, 608, 609, 610, 611, 612, 613, 614, 615, 616, 617, 618, 619, 620, 621, 622, 623, 624, 625, 626, 627, 628, 629, 630, 631, 632, 633, 634, 635, 636, 637, 638, 639, 640, 641, 642, 643, 644, 645, 646, 647, 648, 649, 650, 651, 652, 653, 654, 655, 656, 657, 658, 659, 660, 661, 662, 663, 664, 665, 666, 667, 669, 670, 671, 672, 673, 674, 675, 676, 677, 678, 680, 681, 682, 683, 684, 685, 686, 687, 688, 689, 690, 691, 692, 693, 694, 697, 698, 699, 700, 701, 702, 703, 705, 706, 707, 708, 709, 710, 711, 712, 713, 714, 715, 716, 717, 718, 719, 720, 721, 722, 723, 724, 725, 726, 727, 728, 729, 730, 731, 732, 733, 734, 735, 736, 737, 738, 739, 740, 741, 742, 743, 744, 745, 746, 747, 748, 749, 750, 751, 752, 756, 757, 758, 759, 760, 763, 764, 771, 773, 774, 778]}}