{"percentile": {"y": [99.7, 99.4, 99.1, 98.7, 98.4, 98.1, 97.7, 97.4, 97.1, 96.7, 95.7, 95.4, 95.1, 94.7, 94.4, 93.1, 92.7, 92.4, 91.4, 91.1, 90.4, 90.1, 89.8, 89.4, 89.1, 88.8, 88.4, 88.1, 87.1, 86.8, 85.8, 85.4, 84.8, 84.4, 84.1, 83.8, 82.8, 81.8, 81.4, 81.1, 80.4, 79.5, 78.8, 78.5, 77.8, 77.1, 76.8, 76.5, 75.8, 75.5, 75.1, 74.8, 72.8, 72.5, 71.5, 71.1, 69.5, 68.5, 67.2, 66.8, 65.8, 64.8, 64.5, 63.8, 63.5, 62.2, 61.5, 60.2, 59.5, 57.9, 56.9, 56.2, 55.2, 54.2, 52.2, 50.9, 50.5, 50.2, 48.9, 48.6, 47.2, 45.9, 45.6, 45.2, 44.6, 43.9, 43.6, 42.6, 41.6, 40.2, 38.9, 37.3, 36.3, 35.599999999999994, 34.3, 31.900000000000006, 30.900000000000006, 30.299999999999997, 30.0, 29.299999999999997, 29.0, 28.599999999999994, 28.299999999999997, 27.0, 26.599999999999994, 26.299999999999997, 26.0, 24.0, 23.299999999999997, 22.299999999999997, 21.599999999999994, 21.0, 20.299999999999997, 20.0, 19.299999999999997, 19.0, 18.700000000000003, 18.0, 17.700000000000003, 16.299999999999997, 16.0, 15.700000000000003, 15.299999999999997, 15.0, 14.700000000000003, 14.0, 13.700000000000003, 13.0, 12.299999999999997, 12.0, 11.700000000000003, 11.299999999999997, 10.700000000000003, 10.0, 9.0, 8.700000000000003, 8.400000000000006, 8.0, 7.700000000000003, 7.400000000000006, 7.0, 6.700000000000003, 6.0, 5.700000000000003, 5.0, 4.400000000000006, 3.700000000000003, 3.4000000000000057, 3.0, 2.700000000000003, 2.4000000000000057, 2.0, 1.7000000000000028, 1.4000000000000057, 1.0, 0.7000000000000028, 0.4000000000000057, 0.0, -0.29999999999999716], "x": [271, 272, 273, 279, 280, 289, 291, 292, 293, 297, 298, 303, 307, 310, 314, 317, 319, 321, 323, 326, 327, 328, 330, 331, 333, 334, 338, 339, 340, 343, 344, 345, 346, 347, 348, 350, 351, 352, 353, 354, 355, 356, 357, 358, 359, 360, 361, 362, 364, 365, 366, 368, 369, 370, 371, 372, 374, 375, 376, 377, 378, 380, 381, 382, 383, 384, 385, 386, 387, 388, 389, 390, 393, 394, 395, 396, 397, 398, 399, 400, 401, 402, 403, 404, 405, 406, 407, 408, 409, 410, 412, 413, 414, 415, 416, 417, 419, 420, 421, 422, 423, 425, 426, 427, 428, 429, 430, 431, 433, 434, 435, 436, 437, 438, 439, 440, 441, 442, 443, 444, 446, 447, 451, 453, 454, 456, 457, 458, 460, 461, 462, 463, 465, 466, 467, 468, 469, 470, 471, 472, 473, 474, 476, 477, 478, 483, 484, 486, 487, 488, 489, 494, 495, 496, 500, 503, 504, 505, 520]}, "histogram": {"y": [5, 8, 4, 13, 13, 24, 25, 38, 35, 43, 26, 20, 13, 19, 9, 6, 1, 0, 0], "x": [270, 285, 300, 315, 330, 345, 360, 375, 390, 405, 420, 435, 450, 465, 480, 495, 510, 525, 540]}}