{"percentile": {"y": [99.8, 99.6, 99.1, 98.9, 98.7, 98.5, 98.2, 98.0, 97.8, 97.3, 96.9, 96.6, 96.4, 96.2, 96.0, 95.5, 95.0, 94.6, 94.4, 94.1, 93.9, 93.7, 93.5, 93.0, 92.3, 91.9, 91.6, 91.4, 91.2, 90.7, 90.5, 90.0, 89.8, 89.1, 88.9, 88.7, 88.2, 88.0, 87.8, 87.5, 87.1, 86.4, 86.2, 86.0, 85.5, 85.0, 84.6, 84.4, 83.9, 83.2, 83.0, 82.8, 82.5, 82.1, 81.9, 81.6, 81.4, 81.2, 81.0, 80.7, 80.3, 79.8, 79.6, 79.1, 78.5, 77.3, 77.1, 76.6, 76.0, 75.7, 75.5, 75.0, 74.1, 73.5, 73.2, 72.8, 71.9, 71.6, 70.7, 69.8, 69.4, 69.1, 68.9, 68.0, 67.3, 66.9, 66.4, 66.2, 66.0, 65.7, 65.5, 65.3, 64.6, 63.9, 63.7, 63.5, 62.8, 62.5, 62.1, 61.4, 60.5, 60.0, 59.6, 59.1, 58.9, 58.7, 57.5, 57.1, 56.6, 56.4, 56.2, 56.0, 55.5, 55.3, 54.8, 54.6, 54.4, 53.7, 53.2, 52.5, 52.1, 51.4, 51.0, 50.5, 50.0, 49.4, 49.1, 48.7, 48.5, 48.0, 47.5, 47.3, 47.1, 46.0, 45.7, 45.5, 45.3, 45.0, 43.9, 43.2, 42.8, 42.3, 41.4, 41.2, 40.7, 40.5, 40.3, 39.6, 39.4, 39.1, 38.9, 38.7, 38.5, 38.0, 37.8, 37.5, 36.9, 36.6, 36.4, 36.0, 35.7, 35.0, 34.599999999999994, 34.099999999999994, 33.900000000000006, 33.7, 33.2, 32.8, 32.5, 32.3, 32.099999999999994, 31.900000000000006, 31.400000000000006, 31.200000000000003, 31.0, 30.700000000000003, 30.299999999999997, 29.799999999999997, 29.099999999999994, 28.200000000000003, 28.0, 27.799999999999997, 26.900000000000006, 26.599999999999994, 26.0, 25.5, 25.299999999999997, 24.599999999999994, 24.400000000000006, 23.900000000000006, 23.700000000000003, 23.5, 23.200000000000003, 22.799999999999997, 22.5, 22.099999999999994, 21.599999999999994, 21.400000000000006, 21.200000000000003, 21.0, 20.700000000000003, 20.5, 20.299999999999997, 20.0, 19.599999999999994, 19.400000000000006, 19.099999999999994, 18.5, 18.200000000000003, 17.799999999999997, 17.5, 17.299999999999997, 17.099999999999994, 16.599999999999994, 16.200000000000003, 16.0, 15.700000000000003, 15.5, 15.299999999999997, 15.0, 14.599999999999994, 14.400000000000006, 14.099999999999994, 13.700000000000003, 12.799999999999997, 12.5, 11.900000000000006, 11.0, 9.799999999999997, 9.099999999999994, 8.700000000000003, 8.200000000000003, 8.0, 7.299999999999997, 6.900000000000006, 6.599999999999994, 6.400000000000006, 6.200000000000003, 5.700000000000003, 4.599999999999994, 3.9000000000000057, 3.700000000000003, 3.0, 2.799999999999997, 2.5, 2.299999999999997, 1.9000000000000057, 1.4000000000000057, 1.2000000000000028, 0.7000000000000028, 0.5, 0.29999999999999716, 0.0, -0.20000000000000284], "x": [345, 375, 380, 383, 386, 390, 393, 395, 397, 398, 400, 403, 406, 412, 413, 414, 417, 427, 430, 432, 434, 436, 437, 438, 439, 444, 445, 446, 447, 449, 450, 451, 452, 457, 458, 460, 463, 464, 465, 466, 467, 472, 474, 475, 479, 480, 481, 482, 483, 484, 485, 486, 487, 489, 490, 491, 492, 493, 494, 496, 497, 498, 499, 501, 503, 504, 506, 507, 508, 510, 511, 512, 513, 514, 515, 516, 517, 519, 520, 521, 522, 523, 524, 525, 526, 527, 528, 530, 531, 532, 533, 535, 537, 538, 539, 540, 541, 542, 543, 545, 546, 547, 548, 549, 550, 552, 553, 554, 557, 558, 559, 560, 561, 562, 563, 564, 565, 566, 568, 569, 570, 571, 573, 574, 575, 576, 577, 580, 581, 582, 583, 584, 585, 586, 587, 588, 589, 591, 592, 594, 595, 597, 598, 599, 600, 601, 602, 604, 605, 606, 609, 610, 613, 615, 616, 617, 619, 620, 621, 622, 623, 624, 625, 626, 627, 628, 630, 631, 632, 633, 634, 635, 636, 637, 638, 639, 641, 643, 646, 647, 648, 649, 650, 652, 656, 657, 659, 660, 661, 662, 663, 664, 665, 666, 667, 668, 669, 670, 671, 672, 673, 675, 677, 679, 680, 683, 684, 688, 689, 692, 694, 695, 696, 699, 700, 701, 702, 703, 704, 706, 710, 711, 715, 718, 720, 722, 723, 724, 725, 726, 727, 728, 729, 730, 731, 732, 736, 737, 739, 740, 741, 742, 743, 744, 746, 749, 753, 758, 759, 760, 767, 778, 826, 829]}, "histogram": {"y": [1, 0, 5, 9, 7, 5, 14, 12, 11, 20, 22, 31, 23, 29, 20, 23, 27, 12, 21, 17, 20, 20, 11, 13, 7, 31, 19, 7, 2, 0, 0, 0, 2, 0, 0], "x": [345, 360, 375, 390, 405, 420, 435, 450, 465, 480, 495, 510, 525, 540, 555, 570, 585, 600, 615, 630, 645, 660, 675, 690, 705, 720, 735, 750, 765, 780, 795, 810, 825, 840, 855]}}