{"percentile": {"y": [94.2, 88.3, 82.4, 76.5, 70.6, 64.8, 58.9, 53.0, 47.1, 41.2, 35.3, 29.5, 23.599999999999994, 17.700000000000003, 11.799999999999997, 5.900000000000006, 0.0, -5.799999999999997], "x": [276, 400, 421, 426, 436, 445, 451, 468, 478, 482, 487, 489, 525, 530, 554, 593, 598, 731]}, "histogram": {"y": [1, 0, 0, 0, 0, 0, 0, 0, 1, 0, 2, 2, 1, 2, 3, 0, 0, 2, 1, 0, 0, 2, 0, 0, 0, 0, 0, 0, 0, 0, 1, 0, 0], "x": [270, 285, 300, 315, 330, 345, 360, 375, 390, 405, 420, 435, 450, 465, 480, 495, 510, 525, 540, 555, 570, 585, 600, 615, 630, 645, 660, 675, 690, 705, 720, 735, 750]}}