{"histogram": {"y": [1, 0, 0, 0, 1, 2, 5, 3, 7, 10, 13, 32, 48, 41, 60, 62, 92, 93, 85, 87, 97, 88, 95, 68, 88, 83, 79, 72, 60, 54, 45, 35, 38, 104, 60, 21, 4, 2, 1, 1, 1, 0], "x": [225, 240, 255, 270, 285, 300, 315, 330, 345, 360, 375, 390, 405, 420, 435, 450, 465, 480, 495, 510, 525, 540, 555, 570, 585, 600, 615, 630, 645, 660, 675, 690, 705, 720, 735, 750, 765, 780, 795, 810, 825, 840]}, "percentile": {"y": [100.0, 99.9, 99.9, 99.8, 99.8, 99.7, 99.6, 99.5, 99.5, 99.4, 99.4, 99.3, 99.2, 99.2, 99.1, 99.1, 99.0, 99.0, 98.8, 98.8, 98.7, 98.6, 98.6, 98.5, 98.4, 98.4, 98.3, 98.3, 98.2, 98.1, 98.0, 97.9, 97.7, 97.6, 97.4, 97.3, 97.2, 96.9, 96.9, 96.8, 96.7, 96.4, 96.3, 96.1, 96.1, 96.0, 95.8, 95.5, 95.4, 95.2, 95.0, 94.9, 94.7, 94.6, 94.4, 94.3, 93.9, 93.6, 93.3, 93.2, 93.0, 92.9, 92.7, 92.6, 92.3, 92.2, 92.1, 91.9, 91.7, 91.6, 91.3, 91.0, 90.9, 90.7, 90.4, 90.1, 90.0, 89.8, 89.6, 89.5, 89.3, 88.8, 88.8, 88.4, 88.0, 87.9, 87.7, 87.4, 87.2, 87.0, 86.9, 86.7, 86.3, 86.2, 86.1, 86.0, 85.7, 85.3, 85.0, 84.4, 84.2, 84.0, 83.9, 83.6, 83.4, 83.1, 82.7, 82.5, 82.1, 81.6, 81.2, 80.8, 80.3, 80.0, 79.4, 79.1, 78.9, 78.6, 78.3, 78.0, 77.5, 77.3, 76.9, 76.6, 76.3, 75.6, 75.2, 75.1, 74.7, 74.3, 74.0, 73.6, 73.3, 73.0, 72.7, 72.2, 71.7, 71.2, 71.0, 70.5, 70.0, 69.7, 69.4, 69.2, 69.1, 68.8, 68.4, 68.2, 68.1, 67.6, 67.4, 67.0, 66.8, 66.6, 66.2, 66.0, 65.6, 65.1, 64.7, 64.4, 64.1, 63.5, 63.4, 63.1, 62.7, 62.6, 62.2, 62.1, 61.8, 60.9, 60.6, 60.2, 59.6, 59.2, 58.7, 58.5, 58.2, 57.9, 57.5, 56.8, 56.5, 56.1, 55.8, 55.6, 55.3, 55.0, 54.6, 54.5, 54.0, 53.7, 53.4, 53.2, 52.8, 52.4, 51.7, 51.5, 51.1, 50.6, 50.4, 49.8, 49.6, 49.2, 48.8, 48.5, 48.3, 47.9, 47.7, 47.3, 47.0, 46.5, 46.2, 45.9, 45.8, 45.5, 45.4, 44.9, 44.6, 44.3, 43.9, 43.7, 43.6, 43.5, 43.4, 43.1, 42.4, 41.8, 41.6, 41.4, 41.3, 40.8, 40.5, 40.2, 40.0, 39.8, 39.3, 38.9, 38.6, 38.2, 38.0, 37.3, 36.9, 36.6, 36.3, 36.1, 35.7, 35.3, 35.099999999999994, 34.8, 34.5, 34.099999999999994, 33.900000000000006, 33.7, 33.5, 33.2, 32.7, 32.3, 32.099999999999994, 31.900000000000006, 31.599999999999994, 31.299999999999997, 31.200000000000003, 30.900000000000006, 30.599999999999994, 30.5, 30.200000000000003, 29.5, 29.400000000000006, 28.799999999999997, 28.700000000000003, 28.0, 27.599999999999994, 27.299999999999997, 27.099999999999994, 26.900000000000006, 26.5, 26.400000000000006, 26.099999999999994, 25.799999999999997, 25.599999999999994, 25.099999999999994, 25.0, 24.900000000000006, 24.599999999999994, 24.5, 24.299999999999997, 24.099999999999994, 23.900000000000006, 23.700000000000003, 23.599999999999994, 23.5, 23.299999999999997, 23.200000000000003, 23.0, 22.700000000000003, 22.099999999999994, 21.900000000000006, 21.900000000000006, 21.5, 21.099999999999994, 20.5, 20.400000000000006, 20.400000000000006, 20.299999999999997, 20.200000000000003, 19.599999999999994, 19.5, 19.299999999999997, 19.099999999999994, 18.799999999999997, 18.599999999999994, 18.400000000000006, 18.200000000000003, 18.200000000000003, 18.0, 17.599999999999994, 17.599999999999994, 17.200000000000003, 17.0, 17.0, 16.700000000000003, 16.599999999999994, 16.200000000000003, 16.099999999999994, 15.900000000000006, 15.799999999999997, 15.799999999999997, 15.5, 15.400000000000006, 15.200000000000003, 15.200000000000003, 14.799999999999997, 14.700000000000003, 14.5, 14.400000000000006, 14.299999999999997, 14.299999999999997, 14.0, 13.700000000000003, 13.5, 13.400000000000006, 13.299999999999997, 13.200000000000003, 13.200000000000003, 13.099999999999994, 13.0, 12.900000000000006, 12.700000000000003, 12.299999999999997, 12.200000000000003, 12.099999999999994, 11.900000000000006, 11.700000000000003, 11.599999999999994, 11.299999999999997, 11.200000000000003, 10.0, 9.799999999999997, 9.700000000000003, 9.299999999999997, 8.900000000000006, 8.299999999999997, 7.700000000000003, 7.200000000000003, 6.799999999999997, 6.299999999999997, 5.700000000000003, 5.700000000000003, 5.599999999999994, 5.299999999999997, 5.200000000000003, 4.799999999999997, 4.700000000000003, 4.599999999999994, 4.5, 4.400000000000006, 3.799999999999997, 3.700000000000003, 3.299999999999997, 3.0999999999999943, 2.9000000000000057, 2.5999999999999943, 2.4000000000000057, 2.200000000000003, 1.9000000000000057, 1.7000000000000028, 1.5, 1.4000000000000057, 1.2999999999999972, 1.2000000000000028, 1.0999999999999943, 1.0, 1.0, 0.9000000000000057, 0.7999999999999972, 0.5, 0.4000000000000057, 0.29999999999999716, 0.29999999999999716, 0.20000000000000284, 0.20000000000000284, 0.09999999999999432, 0.0, 0.0], "x": [237, 299, 307, 313, 324, 327, 328, 329, 337, 342, 343, 349, 350, 351, 352, 353, 354, 358, 360, 361, 362, 365, 368, 370, 371, 374, 375, 377, 378, 379, 380, 382, 387, 389, 390, 392, 393, 394, 395, 397, 398, 399, 400, 401, 402, 403, 404, 405, 406, 407, 408, 409, 410, 411, 412, 413, 415, 416, 417, 418, 419, 420, 421, 422, 423, 424, 425, 426, 428, 429, 430, 431, 432, 433, 435, 436, 437, 438, 439, 440, 441, 442, 443, 444, 445, 446, 447, 448, 449, 450, 451, 452, 453, 454, 455, 456, 457, 458, 459, 460, 461, 462, 463, 464, 465, 466, 467, 468, 469, 470, 471, 472, 473, 474, 475, 476, 477, 478, 479, 480, 481, 482, 483, 484, 485, 486, 487, 488, 489, 490, 491, 492, 493, 494, 495, 496, 497, 498, 499, 500, 501, 502, 503, 504, 505, 506, 507, 508, 509, 510, 511, 512, 513, 514, 515, 516, 517, 518, 519, 520, 521, 522, 523, 524, 525, 526, 527, 528, 529, 530, 531, 532, 533, 534, 535, 536, 537, 538, 539, 540, 541, 542, 543, 544, 545, 546, 547, 548, 549, 550, 551, 552, 553, 554, 555, 556, 557, 558, 559, 560, 561, 562, 563, 564, 565, 566, 567, 568, 569, 570, 571, 572, 573, 574, 575, 576, 577, 578, 579, 580, 581, 582, 583, 584, 585, 586, 587, 588, 589, 590, 591, 592, 593, 594, 595, 596, 597, 598, 599, 600, 601, 602, 603, 604, 605, 606, 607, 608, 609, 610, 611, 612, 613, 614, 615, 616, 617, 618, 619, 620, 621, 622, 623, 624, 625, 626, 627, 628, 629, 630, 631, 632, 633, 634, 635, 636, 637, 638, 639, 640, 641, 642, 643, 644, 645, 646, 647, 648, 649, 650, 651, 652, 653, 654, 655, 656, 657, 658, 659, 660, 661, 662, 663, 664, 665, 666, 667, 668, 669, 670, 671, 672, 673, 674, 675, 677, 678, 679, 680, 681, 682, 683, 684, 685, 686, 687, 688, 689, 690, 691, 692, 693, 694, 695, 696, 697, 698, 700, 701, 702, 704, 705, 706, 707, 708, 709, 710, 711, 713, 714, 715, 716, 717, 718, 719, 720, 721, 722, 723, 724, 725, 726, 727, 728, 729, 730, 731, 732, 733, 734, 735, 736, 737, 738, 739, 740, 741, 742, 743, 744, 745, 746, 747, 748, 749, 751, 752, 753, 754, 757, 758, 759, 760, 762, 763, 768, 775, 776, 781, 788, 800, 818, 829]}}