{"percentile": {"y": [99.8, 99.5, 99.2, 99.0, 98.7, 98.4, 98.2, 97.9, 97.4, 97.1, 96.8, 96.6, 96.3, 95.8, 95.2, 95.0, 94.4, 94.2, 93.9, 93.4, 92.8, 92.6, 92.3, 92.0, 91.2, 91.0, 90.4, 89.9, 89.4, 89.1, 88.8, 88.6, 88.3, 88.0, 87.5, 87.2, 86.9, 86.7, 86.1, 85.6, 85.1, 84.3, 83.7, 83.5, 83.2, 82.7, 82.4, 81.9, 81.3, 81.1, 80.5, 80.3, 80.0, 79.7, 79.5, 79.2, 78.9, 78.7, 78.1, 77.6, 77.3, 77.1, 76.5, 76.3, 76.0, 75.7, 75.2, 74.6, 74.4, 73.6, 72.8, 71.7, 71.4, 70.6, 70.1, 69.6, 69.0, 68.2, 68.0, 67.2, 66.1, 65.6, 65.0, 64.5, 64.2, 63.4, 62.9, 62.3, 62.1, 61.8, 61.3, 61.0, 60.7, 60.5, 59.7, 59.1, 58.9, 58.6, 58.1, 57.3, 56.7, 56.5, 56.2, 55.9, 54.9, 54.1, 53.8, 53.5, 53.3, 53.0, 51.9, 51.1, 50.6, 49.8, 49.5, 49.2, 48.7, 48.4, 47.6, 47.4, 47.1, 46.6, 46.0, 45.8, 45.5, 45.2, 44.2, 43.4, 43.1, 42.6, 42.3, 41.2, 40.7, 40.4, 39.6, 39.4, 39.1, 38.6, 38.3, 37.8, 37.5, 37.2, 36.4, 35.099999999999994, 34.8, 34.5, 33.7, 33.5, 32.900000000000006, 32.7, 32.400000000000006, 32.099999999999994, 31.599999999999994, 31.099999999999994, 30.5, 30.299999999999997, 30.0, 29.700000000000003, 29.5, 28.900000000000006, 28.700000000000003, 28.099999999999994, 27.900000000000006, 27.299999999999997, 27.099999999999994, 26.799999999999997, 26.5, 25.700000000000003, 24.900000000000006, 24.599999999999994, 24.099999999999994, 23.799999999999997, 23.299999999999997, 23.0, 22.200000000000003, 22.0, 21.400000000000006, 20.900000000000006, 20.599999999999994, 20.400000000000006, 19.799999999999997, 19.0, 18.799999999999997, 18.200000000000003, 17.700000000000003, 17.400000000000006, 17.200000000000003, 16.900000000000006, 16.599999999999994, 16.400000000000006, 15.799999999999997, 15.599999999999994, 15.299999999999997, 15.0, 14.799999999999997, 14.5, 14.200000000000003, 14.0, 13.400000000000006, 12.900000000000006, 12.599999999999994, 12.299999999999997, 11.799999999999997, 11.5, 11.0, 10.700000000000003, 10.5, 9.900000000000006, 9.700000000000003, 9.400000000000006, 8.599999999999994, 8.299999999999997, 7.5, 7.299999999999997, 6.700000000000003, 5.900000000000006, 5.400000000000006, 4.900000000000006, 4.299999999999997, 4.099999999999994, 3.799999999999997, 3.5, 3.299999999999997, 3.0, 2.5, 1.9000000000000057, 1.7000000000000028, 1.4000000000000057, 1.0999999999999943, 0.5999999999999943, 0.29999999999999716, 0.0, -0.20000000000000284], "x": [299, 314, 322, 331, 353, 367, 370, 372, 374, 375, 377, 380, 381, 386, 387, 391, 392, 395, 397, 399, 400, 401, 405, 406, 407, 408, 416, 419, 420, 421, 422, 424, 425, 427, 428, 430, 431, 432, 435, 437, 438, 440, 442, 443, 446, 449, 451, 452, 453, 454, 456, 457, 459, 461, 462, 463, 464, 470, 474, 475, 476, 478, 479, 480, 481, 482, 483, 484, 485, 495, 497, 499, 501, 502, 504, 505, 506, 507, 508, 509, 510, 512, 513, 516, 517, 518, 519, 521, 522, 523, 524, 525, 526, 528, 529, 530, 531, 532, 533, 534, 535, 536, 537, 538, 539, 540, 542, 543, 545, 546, 547, 550, 551, 552, 554, 555, 558, 559, 560, 562, 563, 565, 566, 567, 568, 569, 570, 572, 576, 577, 579, 580, 582, 584, 585, 586, 587, 588, 589, 590, 591, 592, 595, 596, 597, 598, 600, 602, 603, 607, 608, 610, 614, 615, 616, 617, 618, 620, 621, 622, 624, 627, 628, 630, 631, 632, 633, 636, 637, 639, 640, 641, 642, 643, 645, 647, 650, 651, 652, 654, 655, 660, 661, 662, 665, 666, 667, 669, 673, 674, 675, 676, 678, 680, 683, 684, 688, 690, 692, 694, 700, 701, 703, 704, 705, 710, 711, 713, 715, 719, 720, 721, 722, 723, 725, 726, 729, 730, 732, 733, 734, 735, 736, 737, 738, 740, 746, 747, 748, 754, 756, 758, 771]}, "histogram": {"y": [1, 1, 1, 1, 1, 5, 8, 10, 10, 12, 15, 14, 9, 8, 27, 22, 24, 20, 16, 18, 22, 11, 14, 18, 12, 13, 8, 10, 8, 21, 10, 4, 1, 0], "x": [285, 300, 315, 330, 345, 360, 375, 390, 405, 420, 435, 450, 465, 480, 495, 510, 525, 540, 555, 570, 585, 600, 615, 630, 645, 660, 675, 690, 705, 720, 735, 750, 765, 780]}}