{"percentile": {"y": [99.8, 99.6, 99.4, 99.1, 98.7, 98.5, 98.2, 98.0, 97.8, 97.6, 97.3, 97.1, 96.9, 96.7, 96.2, 96.0, 95.8, 95.5, 95.1, 94.8, 94.4, 94.2, 93.9, 93.7, 93.5, 93.3, 92.8, 92.4, 92.1, 91.7, 91.5, 91.2, 91.0, 90.8, 90.3, 90.1, 89.6, 89.4, 89.2, 89.0, 88.5, 88.1, 87.6, 87.2, 86.9, 86.5, 86.2, 86.0, 85.8, 85.3, 85.1, 84.9, 84.4, 84.2, 84.0, 83.8, 83.5, 83.1, 82.9, 82.4, 81.7, 81.5, 80.6, 80.4, 79.9, 79.7, 79.5, 78.6, 78.3, 77.9, 77.7, 77.2, 77.0, 76.7, 75.8, 75.4, 74.9, 74.5, 73.6, 72.9, 72.7, 72.4, 71.8, 71.5, 71.3, 71.1, 70.9, 70.2, 70.0, 69.7, 69.5, 68.6, 68.4, 68.1, 67.7, 67.2, 67.0, 66.6, 66.3, 65.9, 65.4, 64.8, 64.3, 63.6, 62.7, 62.0, 61.8, 61.6, 61.4, 60.7, 60.5, 59.6, 59.1, 58.9, 58.4, 57.7, 57.5, 56.8, 56.6, 56.4, 56.2, 55.3, 54.6, 54.3, 53.9, 53.2, 53.0, 52.5, 52.3, 52.1, 51.9, 51.4, 50.5, 49.8, 49.6, 49.1, 48.5, 48.2, 47.8, 47.3, 47.1, 46.9, 46.7, 46.4, 46.0, 45.8, 45.5, 45.3, 45.1, 44.8, 44.4, 44.2, 43.0, 42.8, 42.6, 42.4, 42.1, 41.7, 41.2, 41.0, 40.5, 40.3, 39.6, 39.4, 38.7, 37.6, 37.2, 36.9, 36.7, 36.2, 36.0, 35.8, 35.599999999999994, 35.3, 35.099999999999994, 34.7, 34.2, 34.0, 32.599999999999994, 32.0, 31.5, 31.299999999999997, 30.799999999999997, 30.099999999999994, 29.900000000000006, 29.700000000000003, 28.799999999999997, 28.599999999999994, 27.900000000000006, 27.200000000000003, 27.0, 26.5, 26.099999999999994, 25.599999999999994, 24.700000000000003, 24.5, 24.0, 23.599999999999994, 23.400000000000006, 23.099999999999994, 22.700000000000003, 22.400000000000006, 22.200000000000003, 22.0, 21.799999999999997, 21.299999999999997, 20.599999999999994, 20.400000000000006, 20.200000000000003, 20.0, 19.700000000000003, 18.400000000000006, 18.099999999999994, 17.900000000000006, 17.700000000000003, 17.0, 16.799999999999997, 16.599999999999994, 16.299999999999997, 16.099999999999994, 15.900000000000006, 15.400000000000006, 15.0, 14.5, 14.299999999999997, 13.900000000000006, 13.599999999999994, 13.400000000000006, 13.200000000000003, 12.5, 12.299999999999997, 11.799999999999997, 11.400000000000006, 10.700000000000003, 9.599999999999994, 9.299999999999997, 8.900000000000006, 8.200000000000003, 8.0, 7.5, 6.799999999999997, 5.900000000000006, 5.5, 5.0, 4.799999999999997, 3.4000000000000057, 3.200000000000003, 3.0, 2.799999999999997, 2.5, 2.299999999999997, 2.0999999999999943, 1.9000000000000057, 1.5999999999999943, 1.4000000000000057, 1.2000000000000028, 0.5, 0.29999999999999716, 0.0, -0.20000000000000284], "x": [303, 315, 345, 346, 349, 358, 359, 371, 373, 375, 380, 384, 385, 388, 390, 391, 394, 397, 400, 401, 402, 403, 404, 405, 410, 411, 413, 416, 418, 420, 421, 426, 427, 429, 430, 433, 434, 435, 438, 440, 441, 443, 444, 445, 446, 450, 451, 454, 455, 456, 457, 459, 461, 462, 464, 466, 467, 468, 469, 470, 474, 476, 477, 480, 481, 483, 484, 485, 487, 488, 489, 490, 496, 497, 498, 499, 500, 501, 502, 505, 508, 509, 510, 512, 515, 518, 519, 520, 521, 522, 524, 525, 526, 528, 529, 530, 531, 532, 533, 534, 535, 536, 537, 538, 539, 540, 541, 542, 544, 545, 547, 549, 550, 551, 552, 554, 555, 556, 557, 558, 559, 560, 561, 563, 565, 566, 568, 570, 571, 573, 574, 575, 576, 577, 578, 579, 580, 581, 582, 583, 584, 585, 586, 587, 588, 589, 590, 591, 593, 594, 595, 596, 597, 598, 600, 602, 603, 604, 605, 606, 608, 609, 610, 613, 614, 615, 616, 617, 618, 619, 621, 622, 624, 625, 626, 627, 628, 629, 630, 632, 637, 638, 640, 644, 647, 648, 650, 651, 652, 653, 655, 657, 658, 659, 660, 661, 662, 663, 665, 668, 670, 671, 674, 675, 676, 679, 680, 683, 684, 686, 688, 690, 692, 694, 695, 697, 698, 700, 701, 702, 705, 706, 708, 709, 712, 715, 716, 718, 719, 720, 722, 723, 725, 726, 727, 728, 729, 730, 731, 734, 735, 736, 737, 738, 739, 740, 741, 744, 746, 747, 752, 755, 759, 764, 765, 767, 772, 774, 780, 794]}, "histogram": {"y": [1, 1, 0, 6, 2, 5, 12, 8, 11, 12, 13, 15, 15, 21, 13, 30, 22, 21, 26, 19, 18, 21, 17, 20, 15, 11, 16, 13, 25, 22, 4, 6, 2, 0, 0], "x": [300, 315, 330, 345, 360, 375, 390, 405, 420, 435, 450, 465, 480, 495, 510, 525, 540, 555, 570, 585, 600, 615, 630, 645, 660, 675, 690, 705, 720, 735, 750, 765, 780, 795, 810]}}