{"histogram": {"y": [1, 1, 0, 0, 5, 1, 3, 2, 4, 2, 2, 5, 2, 1, 2, 2, 1, 2, 1, 0, 2, 0, 0, 1, 3, 0, 0], "x": [375, 390, 405, 420, 435, 450, 465, 480, 495, 510, 525, 540, 555, 570, 585, 600, 615, 630, 645, 660, 675, 690, 705, 720, 735, 750, 765]}, "percentile": {"y": [97.7, 95.3, 90.5, 85.8, 83.4, 81.0, 78.6, 76.2, 73.9, 71.5, 69.1, 66.7, 64.3, 62.0, 59.6, 57.2, 54.8, 52.4, 50.0, 47.7, 45.3, 42.9, 40.5, 38.1, 35.8, 33.400000000000006, 31.0, 28.599999999999994, 26.200000000000003, 23.900000000000006, 21.5, 19.099999999999994, 16.700000000000003, 14.299999999999997, 12.0, 9.599999999999994, 7.200000000000003, 4.799999999999997, 0.0, -2.299999999999997], "x": [379, 393, 436, 439, 445, 455, 465, 475, 478, 490, 491, 501, 504, 506, 509, 511, 522, 527, 531, 541, 543, 545, 547, 549, 561, 565, 581, 593, 599, 602, 604, 618, 640, 642, 653, 682, 684, 730, 740, 744]}}