{"histogram": {"y": [1, 0, 0, 1, 1, 2, 6, 6, 12, 23, 32, 59, 82, 84, 127, 134, 162, 203, 194, 211, 214, 202, 211, 180, 215, 194, 192, 182, 146, 145, 108, 94, 107, 317, 161, 54, 14, 3, 2, 2, 4, 0], "x": [225, 240, 255, 270, 285, 300, 315, 330, 345, 360, 375, 390, 405, 420, 435, 450, 465, 480, 495, 510, 525, 540, 555, 570, 585, 600, 615, 630, 645, 660, 675, 690, 705, 720, 735, 750, 765, 780, 795, 810, 825, 840]}, "percentile": {"y": [100.0, 100.0, 100.0, 100.0, 99.9, 99.9, 99.9, 99.9, 99.8, 99.8, 99.8, 99.7, 99.7, 99.7, 99.6, 99.6, 99.6, 99.5, 99.5, 99.5, 99.4, 99.4, 99.4, 99.4, 99.3, 99.3, 99.2, 99.2, 99.2, 99.1, 99.1, 99.0, 99.0, 99.0, 98.9, 98.9, 98.8, 98.8, 98.7, 98.7, 98.6, 98.5, 98.5, 98.4, 98.4, 98.3, 98.3, 98.2, 98.2, 98.0, 98.0, 98.0, 97.8, 97.7, 97.6, 97.6, 97.4, 97.4, 97.3, 97.3, 97.2, 97.1, 97.0, 96.9, 96.8, 96.7, 96.6, 96.4, 96.3, 96.2, 96.0, 96.0, 95.8, 95.8, 95.6, 95.5, 95.4, 95.2, 95.0, 94.8, 94.7, 94.5, 94.4, 94.3, 94.1, 93.8, 93.7, 93.6, 93.5, 93.5, 93.3, 93.1, 93.0, 92.8, 92.7, 92.6, 92.5, 92.3, 92.1, 91.9, 91.8, 91.5, 91.3, 91.2, 90.9, 90.9, 90.5, 90.2, 90.1, 89.8, 89.7, 89.4, 89.2, 89.0, 88.8, 88.5, 88.4, 88.3, 88.2, 88.0, 87.8, 87.5, 87.1, 86.7, 86.5, 86.4, 86.1, 85.8, 85.7, 85.4, 85.2, 84.9, 84.6, 84.3, 84.1, 83.8, 83.5, 83.1, 82.7, 82.5, 82.4, 82.1, 81.9, 81.5, 81.4, 81.0, 80.7, 80.5, 80.0, 79.8, 79.6, 79.3, 78.8, 78.5, 78.1, 77.6, 77.2, 76.8, 76.4, 76.1, 75.7, 75.3, 74.9, 74.5, 74.3, 74.0, 73.8, 73.5, 73.3, 73.0, 72.6, 72.4, 72.0, 71.8, 71.4, 71.1, 70.8, 70.4, 70.2, 69.9, 69.4, 69.1, 68.8, 68.4, 67.8, 67.5, 67.3, 66.8, 66.5, 66.3, 66.0, 65.6, 65.0, 64.8, 64.5, 64.0, 63.7, 63.3, 63.1, 62.8, 62.4, 62.0, 61.4, 61.2, 60.9, 60.5, 60.1, 59.8, 59.5, 59.0, 58.8, 58.4, 58.2, 58.0, 57.7, 57.4, 57.1, 56.6, 56.2, 56.0, 55.7, 55.3, 54.8, 54.6, 54.3, 54.0, 53.6, 53.3, 53.0, 52.7, 52.4, 51.9, 51.6, 51.4, 51.1, 50.9, 50.5, 50.3, 50.0, 49.7, 49.4, 49.0, 48.4, 48.3, 48.1, 47.8, 47.5, 47.0, 46.6, 46.3, 46.0, 45.8, 45.3, 44.9, 44.7, 44.3, 44.0, 43.6, 43.3, 43.1, 42.5, 42.2, 41.7, 41.4, 41.2, 40.9, 40.7, 40.4, 40.0, 39.6, 39.2, 38.9, 38.6, 38.3, 38.1, 37.9, 37.5, 36.9, 36.6, 36.4, 36.2, 35.8, 35.400000000000006, 35.099999999999994, 34.8, 34.7, 34.599999999999994, 34.2, 33.599999999999994, 33.3, 33.0, 32.8, 32.099999999999994, 31.799999999999997, 31.599999999999994, 31.400000000000006, 31.099999999999994, 30.700000000000003, 30.599999999999994, 30.099999999999994, 29.799999999999997, 29.5, 29.099999999999994, 29.0, 28.799999999999997, 28.5, 28.299999999999997, 28.0, 27.799999999999997, 27.599999999999994, 27.400000000000006, 27.400000000000006, 27.200000000000003, 27.0, 26.700000000000003, 26.5, 26.200000000000003, 25.799999999999997, 25.5, 25.400000000000006, 25.099999999999994, 24.799999999999997, 24.299999999999997, 24.200000000000003, 24.0, 23.799999999999997, 23.700000000000003, 23.099999999999994, 22.900000000000006, 22.700000000000003, 22.400000000000006, 22.200000000000003, 22.0, 21.799999999999997, 21.599999999999994, 21.400000000000006, 21.200000000000003, 20.799999999999997, 20.700000000000003, 20.700000000000003, 20.5, 20.400000000000006, 20.099999999999994, 19.900000000000006, 19.799999999999997, 19.5, 19.400000000000006, 19.200000000000003, 19.0, 18.900000000000006, 18.700000000000003, 18.599999999999994, 18.200000000000003, 18.200000000000003, 17.900000000000006, 17.799999999999997, 17.599999999999994, 17.299999999999997, 17.299999999999997, 17.200000000000003, 17.0, 16.900000000000006, 16.599999999999994, 16.5, 16.299999999999997, 16.299999999999997, 16.299999999999997, 16.099999999999994, 15.900000000000006, 15.799999999999997, 15.700000000000003, 15.599999999999994, 15.299999999999997, 15.099999999999994, 15.099999999999994, 15.0, 14.799999999999997, 14.5, 14.299999999999997, 14.099999999999994, 13.799999999999997, 13.700000000000003, 12.299999999999997, 11.900000000000006, 11.599999999999994, 11.099999999999994, 10.5, 9.799999999999997, 9.200000000000003, 8.599999999999994, 8.0, 7.5, 6.599999999999994, 6.5, 6.299999999999997, 6.0, 5.900000000000006, 5.599999999999994, 5.5, 5.400000000000006, 5.200000000000003, 5.099999999999994, 4.200000000000003, 4.0, 3.700000000000003, 3.5, 3.299999999999997, 3.0, 2.799999999999997, 2.5, 2.200000000000003, 2.0, 1.9000000000000057, 1.7999999999999972, 1.7000000000000028, 1.5999999999999943, 1.5, 1.5, 1.4000000000000057, 1.2999999999999972, 1.0999999999999943, 1.0999999999999943, 1.0, 0.9000000000000057, 0.7999999999999972, 0.5999999999999943, 0.5999999999999943, 0.5999999999999943, 0.5, 0.5, 0.4000000000000057, 0.4000000000000057, 0.4000000000000057, 0.4000000000000057, 0.29999999999999716, 0.29999999999999716, 0.29999999999999716, 0.20000000000000284, 0.20000000000000284, 0.20000000000000284, 0.09999999999999432, 0.09999999999999432, 0.09999999999999432, 0.0], "x": [237, 273, 299, 307, 313, 315, 324, 327, 328, 329, 330, 337, 342, 343, 344, 347, 348, 349, 350, 351, 352, 353, 354, 356, 358, 360, 361, 362, 363, 365, 366, 368, 369, 370, 371, 372, 373, 374, 375, 376, 377, 378, 379, 380, 381, 382, 384, 385, 386, 387, 388, 389, 390, 391, 392, 393, 394, 395, 396, 397, 398, 399, 400, 401, 402, 403, 404, 405, 406, 407, 408, 409, 410, 411, 412, 413, 414, 415, 416, 417, 418, 419, 420, 421, 422, 423, 424, 425, 426, 427, 428, 429, 430, 431, 432, 433, 434, 435, 436, 437, 438, 439, 440, 441, 442, 443, 444, 445, 446, 447, 448, 449, 450, 451, 452, 453, 454, 455, 456, 457, 458, 459, 460, 461, 462, 463, 464, 465, 466, 467, 468, 469, 470, 471, 472, 473, 474, 475, 476, 477, 478, 479, 480, 481, 482, 483, 484, 485, 486, 487, 488, 489, 490, 491, 492, 493, 494, 495, 496, 497, 498, 499, 500, 501, 502, 503, 504, 505, 506, 507, 508, 509, 510, 511, 512, 513, 514, 515, 516, 517, 518, 519, 520, 521, 522, 523, 524, 525, 526, 527, 528, 529, 530, 531, 532, 533, 534, 535, 536, 537, 538, 539, 540, 541, 542, 543, 544, 545, 546, 547, 548, 549, 550, 551, 552, 553, 554, 555, 556, 557, 558, 559, 560, 561, 562, 563, 564, 565, 566, 567, 568, 569, 570, 571, 572, 573, 574, 575, 576, 577, 578, 579, 580, 581, 582, 583, 584, 585, 586, 587, 588, 589, 590, 591, 592, 593, 594, 595, 596, 597, 598, 599, 600, 601, 602, 603, 604, 605, 606, 607, 608, 609, 610, 611, 612, 613, 614, 615, 616, 617, 618, 619, 620, 621, 622, 623, 624, 625, 626, 627, 628, 629, 630, 631, 632, 633, 634, 635, 636, 637, 638, 639, 640, 641, 642, 643, 644, 645, 646, 647, 648, 649, 650, 651, 652, 653, 654, 655, 656, 657, 658, 659, 660, 661, 662, 663, 664, 665, 666, 667, 668, 669, 670, 671, 672, 673, 674, 675, 676, 677, 678, 679, 680, 681, 682, 683, 684, 685, 686, 687, 688, 689, 690, 691, 692, 693, 694, 695, 696, 697, 698, 699, 700, 701, 702, 703, 704, 705, 706, 707, 708, 709, 710, 711, 712, 713, 714, 715, 716, 717, 718, 719, 720, 721, 722, 723, 724, 725, 726, 727, 728, 729, 730, 731, 732, 733, 734, 735, 736, 737, 738, 739, 740, 741, 742, 743, 744, 745, 746, 747, 748, 749, 750, 751, 752, 753, 754, 755, 756, 757, 758, 759, 760, 761, 762, 763, 765, 767, 768, 769, 771, 773, 774, 775, 776, 777, 781, 788, 797, 800, 813, 818, 828, 829]}}