{"percentile": {"x": [279, 298, 316, 322, 340, 354, 364, 365, 380, 384, 389, 390, 396, 398, 399, 400, 401, 408, 409, 413, 415, 417, 420, 424, 429, 431, 432, 435, 436, 437, 438, 440, 442, 444, 445, 446, 447, 448, 449, 450, 451, 455, 458, 459, 460, 462, 464, 465, 466, 467, 470, 472, 477, 479, 481, 484, 485, 486, 488, 489, 490, 491, 493, 495, 496, 497, 498, 499, 500, 501, 502, 506, 507, 509, 511, 513, 515, 516, 517, 519, 522, 523, 525, 526, 527, 528, 529, 530, 531, 532, 533, 534, 535, 537, 538, 539, 541, 542, 543, 544, 545, 546, 548, 550, 554, 555, 558, 560, 561, 563, 564, 565, 566, 568, 569, 570, 571, 572, 573, 574, 575, 576, 577, 579, 580, 581, 582, 583, 585, 587, 588, 591, 592, 593, 594, 595, 598, 601, 602, 603, 607, 609, 611, 612, 615, 617, 620, 621, 622, 623, 624, 629, 630, 631, 632, 638, 639, 640, 642, 643, 648, 649, 650, 652, 655, 656, 658, 659, 660, 662, 664, 670, 671, 672, 673, 675, 676, 677, 680, 684, 688, 689, 690, 691, 693, 694, 700, 704, 705, 708, 712, 717, 722, 724, 725, 729, 730, 737, 745, 746], "y": [99.7, 99.4, 99.0, 98.7, 98.3, 98.0, 97.6, 97.3, 96.9, 96.2, 95.9, 95.5, 95.2, 94.1, 93.8, 93.5, 93.1, 92.8, 92.1, 91.4, 91.0, 90.7, 90.3, 89.6, 89.3, 88.6, 88.2, 87.5, 87.2, 86.9, 86.5, 85.8, 85.1, 84.4, 84.1, 83.7, 83.4, 82.7, 82.3, 82.0, 81.3, 80.6, 79.6, 79.2, 78.9, 78.5, 78.2, 77.5, 77.1, 76.8, 76.4, 76.1, 75.4, 75.0, 74.4, 73.7, 73.0, 72.6, 71.9, 71.6, 70.9, 70.2, 69.5, 68.8, 68.1, 67.8, 67.1, 66.7, 66.4, 65.7, 65.3, 65.0, 64.3, 63.6, 62.9, 62.5, 61.9, 61.5, 61.2, 60.8, 60.5, 59.8, 59.4, 58.4, 58.0, 57.7, 57.3, 56.6, 56.3, 55.6, 54.9, 54.6, 53.9, 53.5, 52.5, 52.1, 51.8, 51.4, 51.1, 50.0, 49.7, 49.0, 48.7, 48.3, 48.0, 47.3, 46.9, 46.2, 45.9, 45.2, 44.8, 44.5, 43.8, 42.8, 42.4, 42.1, 41.7, 41.4, 40.7, 40.0, 39.6, 39.3, 38.2, 37.9, 37.2, 36.9, 36.2, 35.8, 35.099999999999994, 34.8, 34.099999999999994, 33.400000000000006, 32.7, 32.3, 32.0, 31.599999999999994, 31.299999999999997, 30.599999999999994, 29.900000000000006, 29.599999999999994, 28.900000000000006, 28.5, 27.799999999999997, 27.099999999999994, 26.400000000000006, 26.099999999999994, 25.400000000000006, 25.0, 24.700000000000003, 24.0, 23.700000000000003, 23.299999999999997, 22.599999999999994, 22.299999999999997, 21.200000000000003, 20.900000000000006, 20.5, 19.799999999999997, 19.5, 18.799999999999997, 18.5, 18.099999999999994, 17.799999999999997, 17.400000000000006, 17.099999999999994, 16.700000000000003, 16.0, 15.299999999999997, 15.0, 14.599999999999994, 14.299999999999997, 13.200000000000003, 12.900000000000006, 12.5, 11.900000000000006, 11.5, 11.200000000000003, 10.799999999999997, 10.5, 9.799999999999997, 9.400000000000006, 8.700000000000003, 8.400000000000006, 8.0, 7.700000000000003, 7.299999999999997, 7.0, 6.599999999999994, 6.299999999999997, 5.599999999999994, 5.299999999999997, 4.900000000000006, 3.9000000000000057, 3.200000000000003, 2.5, 1.7999999999999972, 0.7000000000000028, 0.4000000000000057, 0.0, -0.29999999999999716]}, "histogram": {"x": [270, 285, 300, 315, 330, 345, 360, 375, 390, 405, 420, 435, 450, 465, 480, 495, 510, 525, 540, 555, 570, 585, 600, 615, 630, 645, 660, 675, 690, 705, 720, 735, 750, 765], "y": [1, 1, 0, 2, 1, 1, 2, 4, 8, 7, 7, 17, 12, 9, 16, 17, 11, 22, 12, 16, 19, 13, 12, 11, 13, 10, 10, 9, 6, 5, 12, 3, 0, 0]}}