{"histogram": {"x": [360, 375, 390, 405, 420, 435, 450, 465, 480, 495, 510, 525, 540, 555, 570, 585, 600, 615, 630, 645, 660, 675, 690, 705, 720, 735, 750, 765, 780], "y": [3, 0, 2, 4, 1, 2, 1, 2, 5, 1, 4, 2, 4, 2, 3, 3, 4, 1, 2, 0, 2, 3, 1, 0, 0, 4, 1, 0, 0]}, "percentile": {"x": [362, 370, 371, 401, 402, 405, 409, 413, 419, 433, 435, 441, 456, 469, 477, 481, 483, 487, 490, 491, 500, 511, 512, 518, 520, 534, 538, 545, 547, 553, 562, 565, 572, 574, 583, 587, 597, 599, 605, 613, 614, 627, 640, 661, 674, 680, 685, 686, 692, 735, 740, 746, 756], "y": [98.3, 96.5, 94.7, 92.9, 91.1, 89.3, 87.5, 85.8, 84.0, 82.2, 80.4, 78.6, 76.8, 75.0, 73.3, 71.5, 69.7, 67.9, 66.1, 64.3, 62.5, 60.8, 59.0, 57.2, 55.4, 53.6, 51.8, 50.0, 48.3, 44.7, 42.9, 41.1, 39.3, 37.5, 35.8, 34.0, 32.2, 30.400000000000006, 26.799999999999997, 25.0, 23.299999999999997, 21.5, 17.900000000000006, 16.099999999999994, 14.299999999999997, 12.5, 10.799999999999997, 9.0, 7.200000000000003, 5.400000000000006, 1.7999999999999972, 0.0, -1.7000000000000028]}}