{"percentile": {"x": [400, 425, 428, 438, 451, 471, 475, 495, 497, 499, 506, 525, 530, 539, 546, 550, 552, 553, 558, 564, 569, 571, 572, 573, 576, 577, 585, 588, 592, 596, 598, 605, 610, 615, 619, 620, 623, 625, 630, 636, 637, 639, 668, 672, 681, 684, 688, 689, 692, 697, 705, 716, 720, 725, 726, 727, 728, 729, 731, 736, 738, 741, 749, 758], "y": [98.6, 97.2, 95.8, 94.3, 92.9, 91.5, 90.0, 88.6, 87.2, 85.8, 84.3, 82.9, 81.5, 78.6, 77.2, 75.8, 74.3, 72.9, 70.0, 68.6, 67.2, 65.8, 64.3, 62.9, 61.5, 60.0, 57.2, 55.8, 54.3, 52.9, 50.0, 48.6, 45.8, 44.3, 42.9, 41.5, 40.0, 38.6, 37.2, 35.8, 34.3, 32.900000000000006, 30.0, 28.599999999999994, 27.200000000000003, 25.799999999999997, 24.299999999999997, 22.900000000000006, 21.5, 20.0, 18.599999999999994, 17.200000000000003, 15.799999999999997, 14.299999999999997, 12.900000000000006, 11.5, 10.0, 8.599999999999994, 7.200000000000003, 5.799999999999997, 4.299999999999997, 2.9000000000000057, 0.0, -1.4000000000000057]}, "histogram": {"x": [390, 405, 420, 435, 450, 465, 480, 495, 510, 525, 540, 555, 570, 585, 600, 615, 630, 645, 660, 675, 690, 705, 720, 735, 750, 765], "y": [1, 0, 2, 1, 1, 2, 0, 4, 0, 4, 4, 4, 5, 7, 3, 5, 4, 0, 3, 4, 2, 2, 7, 5, 1, 0]}}