{"histogram": {"y": [2, 0, 1, 1, 2, 1, 0, 1, 3, 4, 4, 3, 6, 2, 9, 5, 3, 5, 5, 5, 3, 5, 5, 7, 7, 7, 4, 14, 10, 8, 2, 0, 0], "x": [315, 330, 345, 360, 375, 390, 405, 420, 435, 450, 465, 480, 495, 510, 525, 540, 555, 570, 585, 600, 615, 630, 645, 660, 675, 690, 705, 720, 735, 750, 765, 780, 795]}, "percentile": {"y": [99.3, 98.5, 97.8, 97.0, 96.3, 95.5, 94.8, 94.0, 93.3, 91.8, 91.0, 90.3, 89.5, 88.8, 88.0, 87.3, 86.5, 85.8, 85.0, 84.3, 83.5, 82.8, 82.0, 81.3, 80.5, 79.7, 79.0, 78.2, 77.5, 76.7, 76.0, 75.2, 73.7, 72.2, 70.7, 70.0, 69.2, 68.5, 67.7, 67.0, 66.2, 65.5, 64.7, 64.0, 63.2, 62.5, 61.7, 61.0, 60.2, 59.4, 58.7, 57.9, 57.2, 56.4, 55.7, 54.9, 54.2, 53.4, 52.7, 51.2, 50.4, 49.7, 48.2, 47.4, 46.7, 45.9, 45.2, 44.4, 43.7, 42.9, 41.4, 39.9, 39.1, 38.4, 37.6, 36.9, 36.1, 34.599999999999994, 33.900000000000006, 33.099999999999994, 32.400000000000006, 31.599999999999994, 30.900000000000006, 30.099999999999994, 28.599999999999994, 27.900000000000006, 27.099999999999994, 26.400000000000006, 25.599999999999994, 24.900000000000006, 24.099999999999994, 23.400000000000006, 22.599999999999994, 21.900000000000006, 20.400000000000006, 18.799999999999997, 18.099999999999994, 17.299999999999997, 16.599999999999994, 15.099999999999994, 14.299999999999997, 13.599999999999994, 12.099999999999994, 11.299999999999997, 9.799999999999997, 9.099999999999994, 8.299999999999997, 6.799999999999997, 6.099999999999994, 5.299999999999997, 4.599999999999994, 3.0999999999999943, 0.7999999999999972, -0.7000000000000028], "x": [315, 326, 358, 368, 375, 380, 400, 430, 435, 438, 454, 457, 459, 463, 467, 469, 475, 476, 489, 490, 493, 495, 497, 503, 506, 507, 509, 512, 516, 525, 526, 527, 536, 538, 539, 542, 545, 548, 551, 553, 559, 561, 566, 571, 573, 574, 581, 582, 587, 588, 590, 591, 592, 603, 604, 606, 611, 614, 620, 622, 630, 631, 640, 641, 647, 650, 652, 654, 657, 661, 663, 664, 667, 669, 676, 677, 680, 683, 685, 689, 690, 691, 692, 694, 695, 700, 707, 716, 717, 719, 722, 723, 724, 725, 726, 727, 728, 729, 732, 733, 734, 735, 736, 738, 740, 745, 746, 749, 754, 756, 758, 762, 763, 765]}}