{"percentile": {"x": [292, 373, 376, 384, 400, 405, 409, 419, 430, 432, 439, 440, 460, 462, 464, 471, 472, 476, 484, 485, 496, 503, 511, 513, 514, 536, 540, 543, 552, 553, 563, 579, 587, 588, 591, 593, 596, 600, 601, 604, 615, 622, 629, 640, 648, 649, 668, 680, 707, 710, 720, 723, 724, 731, 738, 740, 743], "y": [98.4, 95.1, 93.5, 91.9, 90.2, 88.6, 85.3, 83.7, 82.0, 80.4, 78.7, 77.1, 75.5, 73.8, 72.2, 70.5, 68.9, 67.3, 65.6, 64.0, 62.3, 60.7, 59.1, 57.4, 55.8, 54.1, 52.5, 49.2, 47.6, 46.0, 44.3, 42.7, 41.0, 39.4, 37.8, 36.1, 34.5, 32.8, 29.599999999999994, 27.900000000000006, 26.299999999999997, 24.599999999999994, 23.0, 19.700000000000003, 18.099999999999994, 16.400000000000006, 14.799999999999997, 13.200000000000003, 11.5, 9.900000000000006, 8.200000000000003, 6.599999999999994, 5.0, 3.299999999999997, 1.7000000000000028, 0.0, -1.5999999999999943]}, "histogram": {"x": [285, 300, 315, 330, 345, 360, 375, 390, 405, 420, 435, 450, 465, 480, 495, 510, 525, 540, 555, 570, 585, 600, 615, 630, 645, 660, 675, 690, 705, 720, 735, 750, 765], "y": [1, 0, 0, 0, 0, 2, 2, 1, 4, 2, 2, 3, 3, 2, 2, 3, 1, 5, 1, 1, 5, 4, 3, 2, 2, 1, 1, 0, 2, 4, 3, 0, 0]}}