{"histogram": {"x": [240, 255, 270, 285, 300, 315, 330, 345, 360, 375, 390, 405, 420, 435, 450, 465, 480, 495, 510, 525, 540, 555, 570, 585, 600, 615, 630, 645, 660, 675, 690, 705, 720, 735, 750, 765], "y": [1, 0, 0, 0, 1, 0, 1, 0, 1, 1, 1, 2, 0, 3, 2, 1, 0, 2, 4, 4, 3, 3, 1, 3, 0, 2, 3, 4, 2, 2, 2, 2, 10, 4, 1, 0]}, "percentile": {"x": [250, 307, 331, 368, 380, 390, 406, 409, 437, 448, 451, 458, 470, 505, 509, 510, 517, 520, 521, 526, 530, 531, 537, 540, 545, 550, 555, 558, 560, 571, 585, 595, 596, 620, 621, 630, 635, 642, 649, 652, 655, 672, 674, 677, 679, 692, 695, 712, 713, 720, 724, 725, 726, 727, 729, 730, 733, 734, 741, 742, 743, 748, 757], "y": [98.5, 97.0, 95.4, 93.9, 92.4, 90.8, 89.3, 87.7, 84.7, 83.1, 81.6, 80.0, 78.5, 77.0, 75.4, 73.9, 72.4, 70.8, 69.3, 67.7, 66.2, 64.7, 63.1, 61.6, 60.0, 58.5, 57.0, 55.4, 53.9, 52.4, 50.8, 49.3, 47.7, 46.2, 44.7, 43.1, 41.6, 40.0, 38.5, 35.400000000000006, 33.900000000000006, 32.400000000000006, 30.799999999999997, 29.299999999999997, 27.700000000000003, 26.200000000000003, 24.700000000000003, 23.099999999999994, 21.599999999999994, 20.0, 18.5, 17.0, 15.400000000000006, 13.900000000000006, 12.400000000000006, 10.799999999999997, 9.299999999999997, 6.200000000000003, 4.700000000000003, 3.0999999999999943, 1.5999999999999943, 0.0, -1.5]}}