{"percentile": {"x": [364, 381, 385, 404, 441, 459, 484, 485, 488, 492, 494, 498, 504, 510, 514, 516, 518, 528, 530, 543, 545, 559, 560, 563, 565, 568, 574, 575, 578, 584, 585, 586, 588, 590, 591, 600, 601, 608, 616, 620, 625, 632, 645, 654, 659, 678, 679, 688, 696, 700, 710, 720, 725, 726, 730, 752], "y": [98.4, 96.8, 95.1, 93.5, 91.9, 90.2, 88.6, 86.9, 85.3, 83.7, 82.0, 80.4, 78.7, 77.1, 75.5, 73.8, 72.2, 70.5, 67.3, 64.0, 62.3, 60.7, 59.1, 57.4, 55.8, 54.1, 52.5, 50.9, 49.2, 47.6, 44.3, 42.7, 41.0, 39.4, 37.8, 36.1, 34.5, 32.8, 31.200000000000003, 29.599999999999994, 26.299999999999997, 24.599999999999994, 23.0, 21.400000000000006, 19.700000000000003, 18.099999999999994, 16.400000000000006, 14.799999999999997, 11.5, 9.900000000000006, 8.200000000000003, 5.0, 3.299999999999997, 1.7000000000000028, 0.0, -1.5999999999999943]}, "histogram": {"x": [360, 375, 390, 405, 420, 435, 450, 465, 480, 495, 510, 525, 540, 555, 570, 585, 600, 615, 630, 645, 660, 675, 690, 705, 720, 735, 750, 765], "y": [1, 2, 1, 0, 0, 1, 1, 0, 5, 2, 4, 3, 3, 5, 4, 6, 3, 4, 1, 3, 0, 3, 3, 1, 5, 0, 1, 0]}}