{"histogram": {"x": [330, 345, 360, 375, 390, 405, 420, 435, 450, 465, 480, 495, 510, 525, 540, 555, 570, 585, 600, 615, 630, 645, 660, 675, 690, 705, 720, 735, 750, 765, 780, 795, 810, 825], "y": [1, 1, 0, 3, 5, 3, 2, 4, 4, 4, 6, 11, 8, 11, 8, 8, 8, 4, 15, 8, 8, 7, 5, 3, 4, 4, 10, 7, 4, 1, 0, 0, 1, 0]}, "percentile": {"x": [340, 351, 376, 388, 397, 399, 402, 415, 419, 429, 431, 435, 444, 449, 457, 462, 472, 473, 474, 480, 482, 484, 486, 493, 495, 498, 499, 502, 503, 504, 506, 507, 510, 512, 514, 518, 521, 522, 524, 525, 526, 527, 532, 534, 537, 538, 544, 547, 548, 549, 551, 554, 556, 557, 563, 566, 567, 568, 569, 570, 572, 578, 580, 583, 585, 586, 588, 598, 600, 601, 602, 606, 607, 608, 613, 614, 619, 623, 625, 629, 630, 631, 634, 640, 641, 648, 649, 654, 657, 659, 660, 661, 663, 673, 679, 680, 681, 690, 694, 700, 707, 709, 712, 719, 721, 722, 725, 726, 727, 729, 730, 733, 736, 737, 738, 740, 741, 747, 754, 758, 762, 765, 818], "y": [99.5, 98.9, 97.7, 97.1, 96.5, 94.7, 94.1, 92.9, 92.3, 91.7, 91.1, 90.5, 89.3, 88.7, 88.1, 86.3, 85.1, 84.5, 83.9, 83.3, 82.1, 81.5, 80.9, 80.3, 79.7, 78.5, 77.3, 76.7, 76.1, 74.9, 74.3, 73.7, 73.1, 72.5, 71.9, 70.7, 70.1, 69.5, 68.9, 67.1, 65.9, 65.3, 64.1, 63.5, 62.9, 62.3, 61.7, 61.1, 60.5, 59.3, 58.7, 57.5, 56.9, 56.3, 55.7, 55.1, 54.5, 53.9, 52.7, 51.5, 50.9, 50.3, 49.2, 48.0, 47.4, 46.8, 46.2, 45.6, 44.4, 43.8, 42.0, 41.4, 40.8, 39.0, 37.8, 36.6, 35.400000000000006, 34.2, 32.400000000000006, 31.799999999999997, 31.200000000000003, 30.599999999999994, 29.400000000000006, 27.599999999999994, 27.0, 26.400000000000006, 25.799999999999997, 25.200000000000003, 24.0, 22.799999999999997, 21.599999999999994, 21.0, 20.400000000000006, 19.799999999999997, 19.200000000000003, 18.599999999999994, 18.0, 17.400000000000006, 16.799999999999997, 15.599999999999994, 15.0, 14.400000000000006, 13.799999999999997, 13.200000000000003, 12.599999999999994, 12.0, 10.799999999999997, 10.200000000000003, 9.599999999999994, 9.0, 7.799999999999997, 7.200000000000003, 6.599999999999994, 6.0, 5.400000000000006, 4.200000000000003, 3.5999999999999943, 3.0, 2.4000000000000057, 1.2000000000000028, 0.5999999999999943, 0.0, -0.5]}}