{"histogram": {"x": [330, 345, 360, 375, 390, 405, 420, 435, 450, 465, 480, 495, 510, 525, 540, 555, 570, 585, 600, 615, 630, 645, 660, 675, 690, 705, 720, 735, 750, 765, 780, 795, 810, 825, 840, 855], "y": [1, 2, 3, 2, 4, 8, 13, 9, 11, 10, 9, 13, 11, 9, 14, 11, 14, 6, 9, 9, 3, 7, 3, 1, 1, 3, 13, 5, 1, 0, 0, 0, 0, 1, 0, 0]}, "percentile": {"x": [330, 349, 359, 365, 372, 374, 379, 380, 395, 396, 398, 399, 406, 407, 412, 413, 414, 417, 420, 425, 426, 427, 429, 430, 433, 434, 439, 440, 441, 442, 443, 445, 446, 451, 452, 453, 454, 457, 460, 461, 465, 467, 469, 470, 471, 473, 474, 478, 480, 482, 485, 487, 488, 489, 492, 494, 495, 496, 500, 501, 503, 506, 507, 508, 509, 510, 511, 512, 517, 519, 521, 522, 525, 527, 532, 536, 537, 540, 542, 543, 544, 547, 550, 551, 553, 554, 555, 557, 558, 561, 562, 565, 566, 568, 570, 571, 572, 573, 574, 576, 577, 578, 582, 583, 584, 588, 590, 595, 598, 599, 605, 609, 610, 611, 612, 614, 615, 617, 620, 622, 625, 626, 628, 631, 637, 639, 650, 654, 655, 657, 658, 660, 663, 671, 680, 700, 713, 714, 719, 720, 722, 725, 726, 727, 729, 730, 731, 732, 738, 740, 746, 749, 752, 828], "y": [99.6, 99.1, 98.6, 98.1, 97.6, 97.1, 96.6, 96.1, 95.7, 95.2, 94.7, 94.2, 93.7, 92.7, 92.2, 91.3, 90.8, 90.3, 88.8, 88.3, 87.9, 87.4, 86.9, 85.9, 84.4, 84.0, 83.5, 83.0, 82.0, 81.5, 80.5, 80.0, 79.6, 79.1, 78.6, 77.1, 76.6, 75.7, 75.2, 74.2, 73.7, 72.7, 72.2, 71.3, 70.8, 70.3, 69.8, 69.3, 68.8, 68.3, 67.9, 67.4, 66.9, 66.4, 65.9, 64.9, 64.4, 63.5, 62.5, 62.0, 61.0, 60.5, 60.0, 59.6, 58.6, 58.1, 56.6, 56.1, 55.7, 54.7, 54.2, 53.2, 51.8, 51.3, 50.3, 49.3, 48.8, 48.3, 47.9, 47.4, 46.9, 45.9, 44.4, 44.0, 43.0, 42.0, 41.5, 40.0, 39.6, 38.6, 38.1, 37.6, 37.1, 36.6, 36.1, 35.7, 34.2, 33.7, 33.2, 32.7, 31.799999999999997, 31.299999999999997, 30.799999999999997, 30.299999999999997, 29.799999999999997, 28.799999999999997, 28.299999999999997, 27.900000000000006, 27.400000000000006, 26.900000000000006, 26.400000000000006, 25.400000000000006, 24.900000000000006, 24.0, 23.5, 22.5, 22.0, 21.5, 21.0, 19.599999999999994, 19.099999999999994, 18.599999999999994, 18.099999999999994, 17.599999999999994, 17.099999999999994, 16.599999999999994, 16.099999999999994, 15.700000000000003, 15.200000000000003, 14.700000000000003, 13.200000000000003, 12.700000000000003, 12.200000000000003, 11.799999999999997, 11.299999999999997, 10.799999999999997, 10.299999999999997, 9.799999999999997, 9.299999999999997, 8.299999999999997, 7.400000000000006, 6.400000000000006, 5.900000000000006, 5.400000000000006, 4.900000000000006, 4.0, 3.5, 3.0, 2.5, 1.5, 1.0, 0.5, 0.0, -0.4000000000000057]}}