{"percentile": {"x": [358, 368, 372, 398, 409, 412, 425, 438, 439, 447, 450, 456, 464, 466, 468, 471, 475, 479, 486, 487, 488, 497, 498, 508, 518, 520, 521, 528, 530, 532, 533, 537, 538, 539, 545, 548, 552, 557, 573, 582, 585, 587, 590, 595, 610, 650, 657, 670, 702, 707, 716, 728, 729, 778, 785], "y": [98.3, 96.6, 94.9, 93.2, 91.4, 89.7, 88.0, 86.3, 84.5, 82.8, 81.1, 79.4, 77.6, 75.9, 74.2, 72.5, 70.7, 69.0, 67.3, 65.6, 63.8, 62.1, 60.4, 58.7, 56.9, 55.2, 53.5, 50.0, 48.3, 44.9, 43.2, 41.4, 38.0, 36.3, 34.5, 32.8, 31.099999999999994, 29.400000000000006, 27.599999999999994, 25.900000000000006, 24.200000000000003, 22.5, 20.700000000000003, 19.0, 17.299999999999997, 15.599999999999994, 12.099999999999994, 10.400000000000006, 8.700000000000003, 6.900000000000006, 5.200000000000003, 3.5, 1.7999999999999972, 0.0, -1.7000000000000028]}, "histogram": {"x": [345, 360, 375, 390, 405, 420, 435, 450, 465, 480, 495, 510, 525, 540, 555, 570, 585, 600, 615, 630, 645, 660, 675, 690, 705, 720, 735, 750, 765, 780, 795], "y": [1, 2, 0, 1, 2, 1, 3, 3, 5, 3, 3, 3, 10, 3, 1, 2, 4, 1, 0, 0, 3, 1, 0, 1, 2, 2, 0, 0, 1, 1, 0]}}