{"percentile": {"x": [373, 386, 408, 412, 415, 426, 436, 448, 452, 456, 464, 468, 470, 472, 478, 483, 491, 499, 502, 505, 506, 510, 515, 516, 524, 530, 535, 536, 540, 544, 547, 550, 553, 555, 557, 562, 563, 567, 570, 571, 573, 576, 578, 582, 585, 589, 592, 593, 595, 599, 602, 605, 611, 612, 615, 619, 623, 625, 630, 632, 633, 634, 635, 636, 637, 643, 645, 648, 649, 652, 653, 658, 664, 665, 667, 670, 672, 673, 674, 683, 688, 689, 690, 692, 698, 700, 702, 708, 709, 710, 713, 714, 717, 718, 720, 721, 722, 724, 725, 726, 728, 729, 730, 733, 734, 736, 737, 738, 740, 742, 743, 744, 746, 753, 754, 756, 758, 766, 772, 777], "y": [99.4, 98.7, 98.1, 97.4, 96.8, 96.1, 95.4, 94.8, 94.1, 93.5, 92.8, 92.2, 91.5, 90.8, 90.2, 89.5, 88.9, 88.2, 87.5, 86.2, 85.6, 84.9, 84.3, 83.6, 82.9, 82.3, 81.6, 81.0, 80.3, 79.7, 79.0, 78.3, 77.7, 77.0, 76.4, 75.7, 75.0, 73.7, 73.1, 72.4, 71.1, 70.4, 69.8, 68.5, 67.8, 67.2, 65.8, 65.2, 63.9, 63.2, 62.5, 61.9, 61.2, 60.6, 59.9, 59.3, 57.9, 57.3, 56.6, 56.0, 55.3, 54.7, 54.0, 53.3, 52.7, 52.0, 51.4, 50.7, 50.0, 49.4, 48.7, 47.4, 46.8, 46.1, 45.4, 44.8, 44.1, 43.5, 42.8, 41.5, 40.8, 38.2, 37.5, 36.2, 35.599999999999994, 33.599999999999994, 32.3, 31.599999999999994, 30.299999999999997, 29.0, 28.299999999999997, 27.700000000000003, 27.0, 26.400000000000006, 25.0, 23.700000000000003, 23.099999999999994, 21.099999999999994, 19.799999999999997, 19.099999999999994, 17.200000000000003, 15.200000000000003, 12.5, 11.900000000000006, 11.200000000000003, 10.599999999999994, 9.900000000000006, 9.299999999999997, 7.900000000000006, 7.299999999999997, 6.599999999999994, 4.700000000000003, 4.0, 3.299999999999997, 2.700000000000003, 2.0, 1.4000000000000057, 0.7000000000000028, 0.0, -0.5999999999999943]}, "histogram": {"x": [360, 375, 390, 405, 420, 435, 450, 465, 480, 495, 510, 525, 540, 555, 570, 585, 600, 615, 630, 645, 660, 675, 690, 705, 720, 735, 750, 765, 780], "y": [1, 1, 0, 3, 1, 2, 3, 4, 2, 5, 4, 3, 5, 6, 8, 8, 4, 5, 8, 7, 7, 7, 9, 9, 23, 11, 4, 3, 0]}}