{"histogram": {"x": [330, 345, 360, 375, 390, 405, 420, 435, 450, 465, 480, 495, 510, 525, 540, 555, 570, 585, 600, 615, 630, 645, 660, 675, 690, 705, 720, 735, 750, 765, 780, 795, 810, 825, 840, 855], "y": [1, 0, 0, 1, 0, 0, 0, 0, 1, 2, 2, 0, 0, 1, 0, 2, 1, 1, 1, 3, 1, 1, 1, 0, 3, 1, 1, 2, 0, 0, 1, 0, 0, 1, 0, 0]}, "percentile": {"x": [330, 385, 452, 467, 473, 480, 486, 532, 558, 565, 578, 590, 603, 626, 628, 629, 638, 645, 668, 692, 694, 695, 710, 730, 744, 749, 780, 829], "y": [96.3, 92.6, 88.9, 85.2, 81.5, 77.8, 74.1, 70.4, 66.7, 63.0, 59.3, 55.6, 51.9, 48.2, 44.5, 40.8, 37.1, 33.400000000000006, 29.700000000000003, 26.0, 22.299999999999997, 18.599999999999994, 14.900000000000006, 11.200000000000003, 7.5, 3.799999999999997, 0.0, -3.700000000000003]}}