{"percentile": {"x": [355, 391, 393, 401, 404, 419, 420, 426, 427, 432, 440, 441, 449, 454, 462, 463, 464, 465, 479, 482, 483, 489, 492, 495, 499, 500, 501, 504, 506, 507, 508, 511, 514, 524, 526, 529, 530, 531, 534, 535, 536, 541, 544, 547, 548, 551, 554, 555, 556, 557, 559, 560, 562, 564, 566, 567, 570, 573, 574, 576, 579, 581, 584, 585, 587, 588, 594, 595, 596, 597, 600, 602, 603, 604, 605, 606, 607, 608, 611, 613, 614, 617, 620, 622, 624, 625, 626, 630, 631, 634, 635, 636, 637, 639, 640, 641, 644, 645, 646, 647, 648, 649, 650, 651, 654, 655, 656, 657, 661, 662, 664, 668, 670, 671, 673, 675, 680, 681, 682, 683, 684, 688, 689, 690, 695, 697, 698, 705, 707, 708, 710, 713, 715, 718, 720, 721, 722, 723, 724, 725, 728, 729, 730, 731, 732, 734, 736, 738, 739, 740, 744, 745, 746, 747, 748, 753, 756, 758, 762, 763, 788, 795], "y": [99.6, 99.2, 98.8, 98.4, 97.9, 97.5, 96.7, 96.3, 95.8, 95.4, 95.0, 94.6, 94.1, 93.7, 93.3, 92.9, 92.5, 92.0, 91.6, 91.2, 90.8, 90.3, 89.5, 89.1, 88.7, 87.4, 87.0, 86.5, 86.1, 85.7, 85.3, 84.4, 83.6, 83.2, 82.8, 82.3, 81.9, 81.1, 80.6, 80.2, 79.8, 79.4, 79.0, 78.5, 78.1, 77.7, 77.3, 76.8, 76.4, 75.6, 75.2, 74.3, 73.9, 73.5, 73.0, 71.8, 71.4, 70.5, 70.1, 68.8, 68.4, 67.6, 67.1, 66.3, 65.9, 64.6, 64.2, 63.8, 62.9, 62.5, 62.1, 61.7, 61.2, 60.8, 60.0, 59.5, 58.7, 57.9, 57.0, 56.6, 56.2, 55.7, 55.3, 54.5, 54.1, 53.2, 52.8, 51.9, 51.1, 50.7, 50.3, 49.8, 49.4, 49.0, 48.2, 47.7, 46.5, 46.0, 45.6, 44.8, 44.4, 43.5, 43.1, 42.2, 41.8, 41.4, 41.0, 40.1, 39.7, 39.3, 38.4, 38.0, 36.3, 35.5, 34.2, 33.8, 33.400000000000006, 32.5, 32.099999999999994, 31.700000000000003, 31.299999999999997, 30.400000000000006, 30.0, 28.700000000000003, 28.299999999999997, 27.900000000000006, 27.5, 27.099999999999994, 26.599999999999994, 25.799999999999997, 25.400000000000006, 24.900000000000006, 24.5, 24.099999999999994, 23.299999999999997, 22.400000000000006, 21.599999999999994, 20.299999999999997, 19.5, 17.799999999999997, 16.900000000000006, 14.799999999999997, 13.099999999999994, 12.299999999999997, 11.900000000000006, 10.599999999999994, 9.799999999999997, 8.900000000000006, 8.5, 6.799999999999997, 6.400000000000006, 4.700000000000003, 4.299999999999997, 3.799999999999997, 3.4000000000000057, 2.5999999999999943, 2.200000000000003, 1.2999999999999972, 0.9000000000000057, 0.5, 0.0, -0.4000000000000057]}, "histogram": {"x": [345, 360, 375, 390, 405, 420, 435, 450, 465, 480, 495, 510, 525, 540, 555, 570, 585, 600, 615, 630, 645, 660, 675, 690, 705, 720, 735, 750, 765, 780, 795, 810], "y": [1, 0, 0, 4, 1, 5, 3, 4, 2, 5, 10, 5, 8, 6, 13, 11, 11, 15, 8, 15, 15, 14, 10, 6, 8, 32, 17, 7, 0, 1, 1, 0]}}