{"histogram": {"y": [1, 1, 4, 3, 3, 5, 6, 16, 8, 16, 13, 26, 18, 27, 29, 16, 29, 30, 18, 23, 12, 22, 22, 10, 14, 12, 36, 22, 5, 0, 0, 1, 1, 0, 0], "x": [330, 345, 360, 375, 390, 405, 420, 435, 450, 465, 480, 495, 510, 525, 540, 555, 570, 585, 600, 615, 630, 645, 660, 675, 690, 705, 720, 735, 750, 765, 780, 795, 810, 825, 840]}, "percentile": {"y": [99.8, 99.6, 99.2, 98.9, 98.7, 98.5, 98.0, 97.8, 97.6, 97.4, 96.7, 96.5, 96.3, 95.8, 95.6, 95.1, 94.9, 94.7, 94.5, 94.0, 93.8, 92.9, 92.7, 92.5, 92.2, 92.0, 91.8, 91.3, 91.1, 90.9, 90.7, 90.5, 90.2, 90.0, 89.6, 88.9, 88.7, 88.4, 88.2, 88.0, 87.8, 87.1, 86.9, 86.4, 86.2, 86.0, 85.5, 85.3, 85.1, 84.9, 84.4, 83.8, 83.5, 83.3, 83.1, 82.4, 82.2, 81.7, 81.3, 81.1, 80.2, 80.0, 79.7, 79.1, 78.2, 77.7, 77.5, 77.3, 76.8, 76.4, 76.2, 75.9, 75.3, 75.0, 74.8, 74.6, 74.2, 73.7, 73.3, 71.9, 71.3, 70.6, 70.4, 70.1, 69.7, 69.0, 68.6, 68.1, 67.9, 67.2, 66.6, 66.3, 66.1, 65.9, 65.5, 65.0, 64.8, 64.6, 64.3, 62.8, 62.5, 61.9, 61.4, 60.8, 60.5, 60.3, 59.9, 59.4, 58.8, 58.3, 57.9, 57.6, 57.4, 57.2, 56.1, 55.6, 54.7, 54.5, 53.8, 53.6, 53.4, 53.2, 52.5, 52.1, 51.6, 50.9, 50.7, 50.5, 49.8, 48.9, 48.5, 48.3, 47.4, 47.1, 46.5, 46.3, 45.8, 45.1, 44.7, 44.0, 43.4, 43.1, 42.9, 42.7, 42.5, 42.2, 42.0, 41.6, 41.3, 40.2, 40.0, 39.3, 39.1, 38.9, 38.4, 37.8, 37.3, 36.9, 36.7, 36.4, 36.0, 35.5, 35.3, 35.099999999999994, 34.900000000000006, 34.599999999999994, 34.400000000000006, 34.2, 33.8, 33.3, 33.099999999999994, 32.900000000000006, 32.599999999999994, 32.2, 31.700000000000003, 31.5, 30.599999999999994, 30.0, 29.700000000000003, 28.799999999999997, 28.400000000000006, 27.5, 27.299999999999997, 26.200000000000003, 25.700000000000003, 25.5, 24.799999999999997, 24.599999999999994, 24.200000000000003, 23.700000000000003, 23.5, 23.299999999999997, 22.799999999999997, 22.400000000000006, 22.099999999999994, 21.900000000000006, 21.700000000000003, 21.5, 21.299999999999997, 20.799999999999997, 20.599999999999994, 20.400000000000006, 20.099999999999994, 19.5, 19.200000000000003, 18.599999999999994, 18.400000000000006, 18.099999999999994, 17.700000000000003, 17.0, 16.799999999999997, 15.900000000000006, 15.700000000000003, 15.5, 15.0, 14.599999999999994, 14.299999999999997, 13.200000000000003, 12.799999999999997, 12.5, 11.900000000000006, 11.700000000000003, 11.0, 9.599999999999994, 9.400000000000006, 8.5, 8.099999999999994, 7.400000000000006, 7.0, 6.700000000000003, 6.299999999999997, 6.099999999999994, 5.400000000000006, 5.200000000000003, 3.5999999999999943, 3.200000000000003, 2.700000000000003, 2.299999999999997, 1.5999999999999943, 1.4000000000000057, 1.2000000000000028, 0.9000000000000057, 0.5, 0.29999999999999716, 0.0, -0.20000000000000284], "x": [341, 347, 360, 364, 367, 378, 388, 394, 396, 402, 411, 414, 419, 427, 430, 432, 434, 435, 437, 438, 439, 440, 441, 442, 444, 447, 448, 449, 451, 453, 456, 457, 461, 462, 464, 465, 466, 467, 470, 471, 473, 474, 476, 477, 478, 479, 480, 482, 483, 485, 489, 490, 491, 493, 494, 495, 496, 497, 498, 499, 500, 501, 502, 503, 504, 505, 508, 509, 510, 511, 514, 515, 516, 517, 518, 519, 520, 522, 524, 525, 526, 527, 528, 530, 532, 533, 535, 536, 537, 538, 540, 542, 543, 544, 545, 546, 547, 548, 549, 550, 551, 552, 553, 554, 555, 556, 558, 559, 560, 563, 565, 566, 567, 568, 570, 571, 573, 574, 575, 576, 577, 578, 580, 581, 582, 583, 584, 585, 586, 587, 588, 589, 590, 591, 592, 594, 595, 596, 598, 599, 600, 603, 605, 607, 608, 609, 610, 611, 612, 613, 614, 615, 616, 617, 618, 619, 620, 621, 622, 623, 624, 625, 626, 627, 629, 631, 633, 634, 635, 637, 638, 639, 641, 643, 645, 646, 647, 652, 653, 655, 657, 658, 659, 660, 661, 664, 665, 666, 667, 668, 670, 671, 672, 674, 675, 676, 677, 678, 680, 681, 685, 687, 689, 690, 693, 695, 696, 697, 701, 702, 707, 710, 712, 714, 715, 718, 719, 720, 721, 722, 723, 724, 725, 726, 727, 728, 729, 730, 731, 732, 734, 735, 737, 738, 740, 741, 743, 745, 746, 749, 752, 753, 758, 761, 800, 824]}}