{"percentile": {"y": [98.7, 97.4, 96.1, 94.8, 93.5, 92.2, 90.8, 89.5, 88.2, 86.9, 85.6, 84.3, 82.9, 81.6, 79.0, 77.7, 76.4, 75.0, 73.7, 72.4, 71.1, 69.8, 68.5, 67.2, 64.5, 63.2, 61.9, 60.6, 59.3, 57.9, 55.3, 54.0, 52.7, 51.4, 50.0, 47.4, 46.1, 44.8, 43.5, 42.2, 40.8, 39.5, 38.2, 36.9, 35.599999999999994, 34.3, 31.599999999999994, 30.299999999999997, 29.0, 27.700000000000003, 25.0, 23.700000000000003, 22.400000000000006, 21.099999999999994, 19.799999999999997, 18.5, 17.200000000000003, 15.799999999999997, 11.900000000000006, 6.599999999999994, 5.299999999999997, 2.700000000000003, 1.4000000000000057, 0.0, -1.2999999999999972], "x": [288, 293, 295, 308, 317, 327, 334, 345, 348, 352, 366, 377, 384, 391, 394, 399, 400, 406, 412, 418, 420, 421, 424, 436, 444, 450, 477, 495, 499, 505, 507, 509, 514, 516, 530, 534, 538, 544, 550, 552, 557, 560, 563, 566, 573, 584, 588, 592, 607, 630, 639, 641, 648, 669, 682, 685, 706, 726, 727, 735, 757, 758, 770, 786, 828]}, "histogram": {"y": [3, 1, 2, 1, 3, 1, 2, 5, 3, 3, 3, 1, 1, 0, 6, 2, 4, 3, 4, 2, 3, 1, 0, 4, 1, 1, 2, 0, 1, 4, 4, 3, 1, 1, 0, 0, 1, 0, 0], "x": [285, 300, 315, 330, 345, 360, 375, 390, 405, 420, 435, 450, 465, 480, 495, 510, 525, 540, 555, 570, 585, 600, 615, 630, 645, 660, 675, 690, 705, 720, 735, 750, 765, 780, 795, 810, 825, 840, 855]}}