{"percentile": {"x": [285, 338, 344, 356, 364, 373, 387, 389, 391, 393, 399, 401, 403, 409, 410, 411, 416, 431, 435, 436, 437, 445, 450, 454, 459, 462, 464, 468, 472, 473, 474, 475, 476, 479, 480, 482, 490, 495, 499, 509, 511, 517, 518, 521, 525, 527, 529, 531, 538, 539, 542, 545, 552, 562, 567, 570, 575, 582, 589, 590, 596, 597, 600, 605, 607, 608, 610, 617, 620, 621, 623, 632, 635, 649, 653, 665, 668, 669, 682, 694, 696, 702, 712, 720, 723, 726, 729, 730, 747, 748, 754, 756, 758, 775], "y": [99.1, 98.1, 97.2, 96.2, 95.3, 93.4, 92.4, 91.5, 90.5, 89.6, 87.7, 85.8, 84.8, 83.9, 82.9, 82.0, 81.0, 80.0, 78.1, 76.2, 75.3, 74.3, 72.4, 71.5, 70.5, 69.6, 68.6, 67.7, 66.7, 65.8, 64.8, 63.9, 62.9, 62.0, 61.0, 60.0, 59.1, 58.1, 57.2, 56.2, 55.3, 54.3, 53.4, 52.4, 51.5, 49.6, 48.6, 47.7, 45.8, 44.8, 43.9, 42.9, 42.0, 41.0, 40.0, 39.1, 38.1, 37.2, 36.2, 35.3, 33.400000000000006, 31.5, 30.5, 29.599999999999994, 28.599999999999994, 27.700000000000003, 26.700000000000003, 25.799999999999997, 24.799999999999997, 23.900000000000006, 22.900000000000006, 22.0, 21.0, 20.0, 19.099999999999994, 17.200000000000003, 16.200000000000003, 15.299999999999997, 14.299999999999997, 13.400000000000006, 12.400000000000006, 11.5, 10.5, 9.599999999999994, 7.700000000000003, 6.700000000000003, 5.799999999999997, 4.799999999999997, 3.9000000000000057, 2.9000000000000057, 2.0, 1.0, 0.0, -0.9000000000000057]}, "histogram": {"x": [285, 300, 315, 330, 345, 360, 375, 390, 405, 420, 435, 450, 465, 480, 495, 510, 525, 540, 555, 570, 585, 600, 615, 630, 645, 660, 675, 690, 705, 720, 735, 750, 765, 780, 795], "y": [1, 0, 0, 2, 1, 3, 2, 7, 4, 1, 6, 6, 7, 3, 3, 4, 8, 3, 2, 3, 6, 5, 4, 2, 2, 4, 1, 3, 1, 6, 2, 3, 1, 0, 0]}}