{"histogram": {"y": [2, 0, 1, 2, 0, 0, 2, 2, 0, 1, 0, 2, 2, 2, 0, 2, 0, 1, 0, 0, 1, 2, 0, 1, 0, 0], "x": [420, 435, 450, 465, 480, 495, 510, 525, 540, 555, 570, 585, 600, 615, 630, 645, 660, 675, 690, 705, 720, 735, 750, 765, 780, 795]}, "percentile": {"y": [95.5, 91.0, 86.4, 81.9, 77.3, 72.8, 68.2, 63.7, 59.1, 54.6, 50.0, 45.5, 41.0, 36.4, 31.900000000000006, 27.299999999999997, 22.799999999999997, 18.200000000000003, 13.700000000000003, 9.099999999999994, 4.599999999999994, 0.0, -4.5], "x": [421, 434, 450, 468, 479, 520, 521, 535, 539, 568, 586, 590, 604, 613, 617, 626, 650, 654, 675, 729, 740, 745, 772]}}