{"percentile": {"y": [99.5, 99.0, 98.5, 98.0, 97.0, 96.5, 96.0, 95.5, 94.4, 93.9, 93.4, 92.9, 92.4, 91.4, 90.9, 90.4, 89.8, 89.3, 88.3, 87.8, 87.3, 86.8, 86.3, 85.8, 85.3, 83.7, 83.2, 82.7, 82.2, 81.7, 81.2, 80.7, 80.2, 79.6, 79.1, 78.6, 77.6, 77.1, 76.6, 76.1, 75.6, 75.0, 74.5, 74.0, 73.5, 72.0, 71.5, 69.9, 69.4, 68.9, 68.4, 67.9, 67.4, 66.4, 65.9, 65.4, 63.8, 62.8, 61.8, 61.3, 60.8, 60.3, 59.7, 59.2, 58.2, 56.7, 56.2, 55.7, 55.2, 54.1, 53.6, 53.1, 52.1, 51.6, 50.6, 50.0, 49.5, 49.0, 48.5, 48.0, 47.5, 47.0, 46.5, 46.0, 45.5, 44.9, 44.4, 41.9, 41.4, 40.9, 40.4, 39.3, 38.3, 37.8, 36.8, 36.3, 35.3, 34.7, 34.2, 33.7, 33.2, 32.7, 31.700000000000003, 31.200000000000003, 30.700000000000003, 29.599999999999994, 29.099999999999994, 28.099999999999994, 27.599999999999994, 27.099999999999994, 26.599999999999994, 26.099999999999994, 25.599999999999994, 25.0, 24.0, 23.0, 22.0, 21.0, 19.900000000000006, 19.400000000000006, 18.900000000000006, 18.400000000000006, 16.900000000000006, 16.400000000000006, 14.799999999999997, 14.299999999999997, 13.799999999999997, 13.299999999999997, 12.799999999999997, 11.299999999999997, 10.799999999999997, 10.299999999999997, 9.700000000000003, 9.200000000000003, 8.700000000000003, 8.200000000000003, 6.700000000000003, 5.700000000000003, 5.200000000000003, 4.099999999999994, 3.5999999999999943, 3.0999999999999943, 2.5999999999999943, 1.5999999999999943, 1.0999999999999943, 0.5999999999999943, -0.5], "x": [371, 394, 409, 410, 425, 427, 438, 441, 442, 453, 454, 455, 466, 467, 469, 474, 476, 482, 483, 485, 487, 498, 501, 503, 506, 510, 511, 517, 521, 525, 532, 535, 536, 539, 542, 544, 545, 557, 563, 564, 565, 566, 567, 569, 570, 577, 581, 582, 583, 587, 588, 589, 590, 592, 593, 596, 598, 600, 601, 605, 607, 609, 610, 613, 615, 616, 617, 618, 620, 621, 622, 625, 630, 639, 640, 642, 643, 647, 648, 649, 651, 652, 654, 655, 656, 657, 658, 660, 666, 667, 670, 671, 673, 674, 675, 677, 682, 683, 684, 685, 689, 691, 694, 698, 702, 703, 707, 708, 710, 713, 714, 715, 716, 717, 718, 719, 722, 725, 726, 728, 730, 731, 732, 733, 734, 736, 737, 738, 739, 740, 741, 743, 744, 745, 746, 747, 748, 749, 750, 753, 754, 757, 758, 762, 763, 770, 774]}, "histogram": {"y": [1, 0, 1, 2, 3, 4, 3, 6, 5, 4, 6, 5, 4, 7, 9, 11, 9, 12, 7, 10, 13, 9, 7, 13, 16, 18, 9, 3, 0], "x": [360, 375, 390, 405, 420, 435, 450, 465, 480, 495, 510, 525, 540, 555, 570, 585, 600, 615, 630, 645, 660, 675, 690, 705, 720, 735, 750, 765, 780]}}