{"percentile": {"x": [355, 385, 386, 396, 401, 408, 411, 412, 414, 416, 418, 428, 431, 439, 440, 443, 445, 448, 453, 454, 455, 456, 459, 461, 464, 465, 467, 468, 470, 472, 474, 475, 477, 478, 480, 483, 485, 487, 488, 491, 492, 494, 498, 500, 501, 502, 503, 504, 505, 507, 511, 512, 514, 515, 516, 517, 518, 519, 522, 523, 525, 527, 530, 534, 535, 538, 539, 540, 543, 544, 545, 547, 548, 549, 552, 556, 559, 560, 563, 566, 567, 569, 571, 573, 575, 576, 577, 578, 580, 581, 582, 583, 585, 586, 587, 588, 589, 590, 592, 593, 595, 596, 597, 600, 601, 603, 605, 606, 607, 610, 613, 614, 615, 616, 617, 619, 620, 621, 623, 624, 625, 626, 628, 630, 631, 633, 634, 636, 637, 638, 639, 640, 641, 643, 644, 645, 646, 647, 649, 650, 655, 657, 658, 659, 660, 661, 662, 663, 665, 666, 667, 670, 671, 675, 676, 677, 678, 679, 682, 685, 686, 687, 688, 689, 690, 692, 693, 694, 695, 696, 699, 700, 701, 702, 703, 708, 709, 710, 716, 720, 721, 722, 723, 724, 725, 726, 728, 729, 730, 732, 735, 737, 738, 740, 741, 745, 747, 748, 750, 754, 760, 769, 828, 829], "y": [99.7, 99.4, 99.1, 98.8, 98.5, 98.2, 97.9, 97.6, 97.3, 97.0, 96.7, 96.0, 95.7, 95.4, 94.8, 94.5, 94.2, 93.3, 93.0, 92.6, 92.3, 92.0, 91.4, 91.1, 90.5, 90.2, 89.9, 89.6, 89.2, 88.6, 87.4, 86.8, 86.5, 86.2, 85.9, 85.2, 84.9, 84.3, 84.0, 83.7, 83.4, 83.1, 82.8, 82.5, 82.1, 81.8, 81.5, 81.2, 80.9, 80.3, 80.0, 79.1, 77.2, 76.9, 76.6, 76.3, 76.0, 75.7, 74.4, 74.1, 73.8, 73.5, 72.9, 72.3, 72.0, 71.7, 71.3, 70.7, 70.4, 70.1, 69.8, 69.5, 69.2, 68.9, 68.0, 67.6, 66.4, 66.1, 65.5, 65.2, 64.6, 63.9, 63.0, 62.7, 62.1, 61.2, 60.5, 60.2, 59.9, 59.6, 58.7, 58.4, 57.8, 57.5, 57.1, 56.8, 56.5, 55.6, 54.7, 53.4, 53.1, 52.8, 52.2, 51.6, 51.0, 50.4, 49.7, 49.4, 49.1, 48.5, 47.9, 47.6, 46.7, 46.3, 45.7, 45.1, 44.8, 44.2, 43.9, 43.6, 43.0, 42.3, 41.4, 40.5, 40.2, 39.9, 39.6, 39.2, 38.9, 38.3, 38.0, 37.7, 37.4, 37.1, 36.8, 36.2, 35.900000000000006, 35.5, 35.2, 34.3, 34.0, 33.7, 33.400000000000006, 33.099999999999994, 31.5, 31.200000000000003, 30.900000000000006, 30.0, 29.700000000000003, 29.099999999999994, 28.400000000000006, 27.799999999999997, 27.5, 27.200000000000003, 26.299999999999997, 26.0, 25.400000000000006, 24.700000000000003, 24.099999999999994, 23.5, 23.200000000000003, 22.900000000000006, 22.599999999999994, 22.0, 21.299999999999997, 20.400000000000006, 20.099999999999994, 19.799999999999997, 19.5, 19.200000000000003, 18.599999999999994, 18.299999999999997, 17.599999999999994, 17.0, 16.400000000000006, 16.099999999999994, 15.799999999999997, 15.200000000000003, 14.900000000000006, 14.200000000000003, 13.599999999999994, 12.700000000000003, 11.799999999999997, 10.900000000000006, 10.200000000000003, 8.700000000000003, 7.799999999999997, 7.099999999999994, 6.5, 6.200000000000003, 5.900000000000006, 5.299999999999997, 5.0, 3.4000000000000057, 2.799999999999997, 2.5, 1.9000000000000057, 1.5999999999999943, 1.2999999999999972, 1.0, 0.7000000000000028, 0.4000000000000057, 0.0, -0.29999999999999716]}, "histogram": {"x": [345, 360, 375, 390, 405, 420, 435, 450, 465, 480, 495, 510, 525, 540, 555, 570, 585, 600, 615, 630, 645, 660, 675, 690, 705, 720, 735, 750, 765, 780, 795, 810, 825, 840], "y": [1, 0, 2, 2, 6, 3, 8, 9, 14, 10, 9, 20, 9, 11, 13, 18, 20, 15, 20, 15, 12, 18, 18, 18, 5, 28, 15, 3, 1, 0, 0, 0, 2, 0]}}