{"histogram": {"y": [2, 0, 0, 1, 1, 1, 4, 4, 9, 8, 10, 13, 7, 11, 11, 20, 14, 15, 19, 14, 19, 21, 12, 18, 8, 17, 32, 34, 6, 1, 0, 0, 1, 0], "x": [330, 345, 360, 375, 390, 405, 420, 435, 450, 465, 480, 495, 510, 525, 540, 555, 570, 585, 600, 615, 630, 645, 660, 675, 690, 705, 720, 735, 750, 765, 780, 795, 810, 825]}, "percentile": {"y": [99.7, 99.4, 99.1, 98.8, 98.5, 98.2, 97.9, 97.6, 97.3, 97.0, 96.7, 96.4, 96.1, 95.8, 95.5, 95.2, 94.9, 94.3, 94.0, 93.4, 92.8, 92.2, 91.9, 91.3, 91.0, 90.7, 90.4, 89.8, 89.5, 89.2, 88.9, 88.6, 88.3, 88.0, 87.7, 87.1, 86.5, 86.2, 85.3, 84.7, 84.1, 83.2, 82.9, 82.6, 82.0, 81.7, 81.4, 81.1, 80.8, 80.5, 80.2, 79.9, 79.3, 79.0, 78.7, 78.4, 78.1, 77.8, 77.2, 76.9, 76.6, 75.4, 74.4, 74.1, 73.5, 72.9, 72.6, 72.3, 72.0, 71.1, 70.5, 69.9, 69.6, 69.3, 69.0, 68.7, 68.4, 68.1, 67.8, 67.5, 67.2, 66.6, 66.0, 65.4, 65.1, 64.5, 64.2, 63.9, 63.6, 63.3, 63.0, 62.7, 61.8, 61.2, 60.6, 59.7, 59.4, 58.8, 58.2, 57.6, 57.0, 56.7, 56.1, 55.5, 55.2, 54.9, 54.6, 54.3, 53.7, 53.4, 52.8, 52.2, 51.9, 51.6, 51.3, 50.7, 49.4, 49.1, 48.8, 48.5, 47.9, 47.0, 46.7, 46.1, 45.8, 45.2, 44.9, 44.0, 43.7, 43.4, 43.1, 42.5, 41.9, 40.7, 40.4, 40.1, 39.5, 38.6, 38.3, 38.0, 37.7, 37.1, 36.8, 36.2, 35.900000000000006, 35.3, 35.0, 34.400000000000006, 34.099999999999994, 33.5, 32.3, 31.700000000000003, 31.099999999999994, 30.799999999999997, 30.5, 30.200000000000003, 29.900000000000006, 29.599999999999994, 29.0, 28.400000000000006, 28.099999999999994, 27.5, 27.200000000000003, 26.599999999999994, 26.0, 25.700000000000003, 24.700000000000003, 24.400000000000006, 23.799999999999997, 23.200000000000003, 22.299999999999997, 22.0, 21.700000000000003, 20.200000000000003, 19.900000000000006, 19.599999999999994, 19.0, 17.799999999999997, 17.200000000000003, 16.0, 14.799999999999997, 14.200000000000003, 13.299999999999997, 13.0, 12.700000000000003, 12.400000000000006, 11.5, 10.900000000000006, 9.400000000000006, 7.599999999999994, 7.0, 6.099999999999994, 5.5, 5.200000000000003, 4.299999999999997, 3.700000000000003, 3.4000000000000057, 3.0999999999999943, 2.799999999999997, 2.200000000000003, 1.9000000000000057, 1.5999999999999943, 1.2999999999999972, 1.0, 0.7000000000000028, 0.4000000000000057, 0.0, -0.29999999999999716], "x": [342, 343, 385, 398, 412, 428, 429, 430, 433, 438, 443, 445, 447, 450, 451, 452, 454, 460, 463, 464, 465, 470, 472, 476, 477, 480, 481, 482, 484, 487, 489, 491, 492, 493, 496, 499, 500, 501, 503, 505, 509, 511, 514, 516, 522, 526, 527, 532, 533, 534, 535, 536, 537, 538, 539, 540, 543, 547, 549, 550, 552, 553, 557, 558, 559, 560, 561, 562, 563, 564, 565, 567, 568, 569, 570, 571, 572, 573, 575, 576, 577, 578, 582, 583, 584, 585, 586, 588, 590, 593, 594, 595, 597, 598, 599, 600, 602, 603, 604, 606, 609, 610, 611, 612, 613, 614, 615, 616, 617, 619, 621, 624, 626, 627, 628, 629, 630, 632, 633, 634, 636, 637, 638, 639, 640, 642, 644, 645, 646, 648, 649, 650, 652, 653, 655, 656, 657, 658, 660, 662, 663, 665, 666, 670, 671, 672, 673, 675, 677, 678, 680, 681, 683, 684, 685, 686, 687, 688, 692, 695, 696, 701, 702, 705, 708, 710, 712, 714, 715, 716, 717, 719, 720, 721, 722, 723, 724, 725, 726, 727, 728, 729, 730, 731, 732, 734, 735, 736, 737, 738, 739, 740, 742, 743, 744, 745, 746, 747, 748, 749, 750, 753, 754, 755, 756, 757, 770, 816]}}