{"percentile": {"x": [347, 357, 360, 361, 365, 369, 370, 380, 382, 386, 387, 391, 392, 403, 408, 411, 412, 414, 415, 417, 419, 421, 424, 429, 433, 434, 442, 443, 445, 449, 450, 455, 456, 458, 464, 467, 469, 472, 475, 476, 477, 479, 482, 483, 484, 486, 493, 494, 495, 496, 499, 500, 501, 502, 503, 507, 508, 510, 511, 518, 520, 521, 525, 526, 530, 531, 534, 535, 536, 538, 539, 540, 544, 546, 549, 550, 552, 553, 554, 556, 558, 559, 563, 566, 567, 570, 571, 574, 575, 576, 577, 579, 582, 583, 584, 585, 586, 587, 588, 589, 592, 595, 596, 597, 598, 600, 602, 605, 606, 607, 608, 609, 610, 612, 613, 615, 617, 619, 620, 623, 625, 627, 637, 638, 639, 640, 641, 642, 643, 644, 645, 647, 649, 650, 651, 652, 653, 654, 657, 659, 660, 662, 665, 667, 668, 670, 671, 672, 673, 674, 676, 677, 678, 681, 683, 684, 686, 687, 689, 692, 693, 695, 696, 698, 701, 702, 703, 704, 705, 706, 708, 709, 710, 714, 715, 717, 718, 720, 721, 722, 723, 724, 725, 726, 727, 728, 729, 731, 732, 734, 735, 736, 738, 740, 744, 745, 746, 747, 748, 752, 754, 755, 762, 763], "y": [99.7, 99.4, 99.0, 98.7, 98.4, 98.0, 97.7, 97.4, 97.0, 96.7, 96.3, 96.0, 95.7, 95.3, 95.0, 94.7, 94.3, 94.0, 93.7, 93.3, 93.0, 92.6, 92.3, 91.6, 91.3, 90.6, 90.3, 89.6, 89.3, 88.9, 88.3, 87.9, 87.3, 86.6, 85.9, 85.6, 85.2, 84.9, 84.2, 83.9, 83.6, 82.9, 82.5, 81.9, 81.5, 81.2, 80.2, 79.8, 79.5, 79.2, 78.5, 77.2, 76.8, 76.5, 75.8, 75.5, 74.8, 73.8, 73.1, 72.8, 72.4, 72.1, 71.8, 71.4, 71.1, 70.8, 70.4, 70.1, 68.7, 68.1, 67.4, 67.1, 66.4, 65.7, 64.7, 64.0, 63.7, 63.3, 62.7, 62.0, 61.0, 60.3, 58.6, 58.0, 57.6, 56.6, 56.3, 55.9, 55.6, 54.9, 54.6, 54.3, 53.9, 53.6, 53.2, 52.9, 52.6, 52.2, 51.9, 51.2, 50.9, 50.6, 49.9, 49.2, 48.9, 48.5, 48.2, 47.9, 47.5, 47.2, 46.5, 46.2, 45.2, 44.2, 43.8, 43.1, 42.8, 42.5, 42.1, 41.8, 41.5, 41.1, 40.8, 40.1, 39.8, 39.4, 39.1, 38.8, 38.4, 37.8, 37.4, 36.8, 36.4, 35.7, 35.400000000000006, 34.7, 34.400000000000006, 33.7, 33.400000000000006, 33.0, 32.0, 31.700000000000003, 31.400000000000006, 31.0, 30.400000000000006, 29.700000000000003, 29.299999999999997, 29.0, 28.700000000000003, 28.299999999999997, 28.0, 27.700000000000003, 27.299999999999997, 27.0, 26.299999999999997, 26.0, 25.599999999999994, 25.0, 24.599999999999994, 24.0, 23.599999999999994, 23.299999999999997, 22.900000000000006, 21.900000000000006, 21.599999999999994, 21.299999999999997, 20.900000000000006, 20.599999999999994, 20.299999999999997, 19.599999999999994, 19.200000000000003, 18.599999999999994, 18.200000000000003, 17.900000000000006, 17.599999999999994, 17.200000000000003, 16.900000000000006, 16.200000000000003, 15.5, 14.900000000000006, 14.200000000000003, 13.5, 12.799999999999997, 12.200000000000003, 11.5, 11.200000000000003, 10.5, 9.5, 8.799999999999997, 8.099999999999994, 7.799999999999997, 6.799999999999997, 6.400000000000006, 5.099999999999994, 4.400000000000006, 3.4000000000000057, 3.0999999999999943, 2.4000000000000057, 1.4000000000000057, 1.0999999999999943, 0.7000000000000028, 0.4000000000000057, 0.0, -0.29999999999999716]}, "histogram": {"x": [345, 360, 375, 390, 405, 420, 435, 450, 465, 480, 495, 510, 525, 540, 555, 570, 585, 600, 615, 630, 645, 660, 675, 690, 705, 720, 735, 750, 765, 780], "y": [2, 5, 4, 3, 7, 7, 5, 9, 9, 9, 15, 8, 14, 14, 15, 13, 13, 15, 8, 10, 14, 14, 11, 12, 11, 26, 20, 5, 0, 0]}}