{"percentile": {"y": [99.6, 99.1, 98.2, 97.8, 97.3, 96.9, 96.4, 95.5, 95.1, 94.6, 94.2, 93.7, 93.3, 92.8, 92.4, 91.9, 91.5, 91.0, 90.6, 90.1, 89.7, 89.2, 88.8, 88.3, 87.9, 87.4, 87.0, 86.5, 86.1, 85.6, 85.2, 84.7, 84.3, 83.4, 82.9, 82.5, 82.0, 81.6, 81.1, 80.7, 80.2, 79.3, 78.9, 78.4, 77.5, 77.1, 76.2, 75.3, 74.8, 74.4, 73.9, 73.5, 73.0, 72.6, 71.7, 71.2, 70.8, 70.3, 69.9, 69.0, 67.6, 67.2, 66.7, 66.3, 65.8, 64.9, 64.0, 63.6, 62.7, 61.8, 61.3, 60.4, 60.0, 59.1, 58.6, 58.2, 57.3, 56.8, 55.5, 55.0, 54.6, 53.2, 52.8, 52.3, 51.9, 51.4, 51.0, 50.5, 49.1, 48.7, 48.2, 47.8, 46.4, 46.0, 45.5, 45.1, 44.6, 44.2, 43.3, 42.8, 42.4, 41.9, 41.5, 40.1, 39.2, 38.8, 38.3, 37.9, 37.0, 36.5, 36.1, 35.599999999999994, 34.7, 33.8, 32.900000000000006, 32.5, 32.0, 31.599999999999994, 30.700000000000003, 29.299999999999997, 28.900000000000006, 28.400000000000006, 28.0, 27.099999999999994, 26.200000000000003, 25.700000000000003, 25.299999999999997, 24.799999999999997, 24.400000000000006, 23.900000000000006, 23.0, 20.799999999999997, 18.5, 17.200000000000003, 16.700000000000003, 16.299999999999997, 15.400000000000006, 13.099999999999994, 12.700000000000003, 12.200000000000003, 11.799999999999997, 11.299999999999997, 10.0, 9.5, 8.599999999999994, 6.799999999999997, 5.900000000000006, 5.0, 4.599999999999994, 3.700000000000003, 3.200000000000003, 2.799999999999997, 1.9000000000000057, 1.4000000000000057, 1.0, 0.5, -0.4000000000000057], "x": [324, 363, 393, 398, 401, 403, 409, 410, 413, 417, 418, 421, 433, 444, 445, 452, 460, 462, 464, 466, 469, 470, 474, 475, 479, 480, 484, 485, 486, 494, 495, 502, 505, 512, 514, 515, 516, 517, 518, 519, 521, 522, 524, 526, 528, 529, 530, 534, 538, 539, 541, 545, 548, 553, 556, 558, 561, 562, 563, 566, 567, 571, 574, 575, 576, 577, 578, 579, 580, 582, 585, 586, 587, 589, 590, 591, 592, 593, 594, 602, 603, 605, 606, 609, 613, 615, 618, 619, 621, 623, 627, 632, 635, 636, 637, 638, 639, 640, 645, 648, 652, 654, 655, 656, 659, 660, 661, 663, 664, 669, 670, 672, 675, 679, 680, 685, 686, 687, 688, 690, 693, 696, 698, 700, 703, 706, 707, 715, 717, 720, 721, 723, 724, 725, 726, 727, 728, 729, 730, 735, 738, 739, 740, 741, 742, 745, 746, 747, 748, 749, 752, 753, 754, 758, 759, 761, 772]}, "histogram": {"y": [1, 0, 0, 1, 0, 5, 6, 2, 2, 4, 6, 5, 3, 12, 10, 4, 11, 13, 14, 8, 8, 9, 11, 8, 11, 10, 4, 26, 20, 7, 2, 0], "x": [315, 330, 345, 360, 375, 390, 405, 420, 435, 450, 465, 480, 495, 510, 525, 540, 555, 570, 585, 600, 615, 630, 645, 660, 675, 690, 705, 720, 735, 750, 765, 780]}}