{"histogram": {"y": [1, 4, 4, 3, 6, 8, 14, 14, 7, 19, 18, 29, 25, 23, 22, 21, 26, 16, 29, 28, 20, 19, 24, 8, 7, 28, 19, 5, 1, 0, 0, 0, 1, 0], "x": [345, 360, 375, 390, 405, 420, 435, 450, 465, 480, 495, 510, 525, 540, 555, 570, 585, 600, 615, 630, 645, 660, 675, 690, 705, 720, 735, 750, 765, 780, 795, 810, 825, 840]}, "percentile": {"y": [99.8, 99.6, 99.4, 99.2, 98.9, 98.7, 98.3, 98.0, 97.8, 97.6, 97.4, 97.1, 96.9, 96.7, 96.5, 96.0, 95.8, 95.4, 95.1, 94.9, 94.7, 94.5, 94.2, 94.0, 93.8, 93.6, 93.1, 92.9, 92.5, 92.0, 91.3, 91.1, 90.9, 90.7, 90.0, 89.8, 89.6, 89.3, 89.1, 88.9, 88.7, 88.4, 88.2, 88.0, 87.8, 87.5, 87.3, 87.1, 86.9, 86.4, 86.2, 86.0, 85.5, 84.6, 84.4, 84.0, 83.8, 83.5, 82.9, 82.2, 81.7, 81.5, 81.3, 81.1, 80.9, 80.4, 80.2, 80.0, 79.1, 78.6, 78.2, 77.3, 76.4, 76.2, 75.9, 75.5, 75.0, 74.4, 73.7, 73.5, 72.6, 72.1, 71.9, 71.7, 71.5, 71.3, 71.0, 70.6, 69.9, 69.5, 69.2, 68.8, 68.4, 67.5, 67.0, 66.3, 66.1, 65.7, 65.0, 64.8, 63.9, 63.4, 63.0, 62.1, 61.9, 61.7, 61.4, 61.0, 60.1, 59.9, 59.2, 58.8, 58.3, 57.6, 57.4, 57.0, 56.5, 56.1, 55.2, 54.7, 54.5, 54.3, 54.1, 53.4, 53.0, 52.7, 52.5, 52.3, 51.8, 51.4, 50.9, 50.7, 50.5, 50.3, 50.0, 49.6, 49.2, 48.7, 48.5, 48.0, 47.4, 47.1, 46.9, 46.3, 45.6, 45.1, 44.7, 44.5, 44.2, 44.0, 43.8, 43.4, 43.1, 42.9, 42.7, 42.5, 42.0, 41.1, 40.0, 39.6, 38.9, 38.7, 37.5, 37.3, 36.7, 36.4, 36.2, 35.5, 34.900000000000006, 34.2, 34.0, 33.5, 33.099999999999994, 32.2, 31.700000000000003, 30.599999999999994, 30.200000000000003, 29.700000000000003, 29.5, 29.299999999999997, 28.599999999999994, 28.400000000000006, 28.200000000000003, 28.0, 27.700000000000003, 27.5, 27.099999999999994, 26.799999999999997, 26.400000000000006, 25.5, 25.299999999999997, 24.799999999999997, 24.599999999999994, 24.400000000000006, 24.200000000000003, 23.700000000000003, 23.299999999999997, 23.0, 22.599999999999994, 22.400000000000006, 21.5, 21.299999999999997, 21.0, 20.599999999999994, 19.900000000000006, 19.700000000000003, 19.200000000000003, 19.0, 18.099999999999994, 17.900000000000006, 17.700000000000003, 17.5, 17.0, 16.799999999999997, 15.900000000000006, 15.700000000000003, 15.5, 15.200000000000003, 14.799999999999997, 14.299999999999997, 13.900000000000006, 13.400000000000006, 13.200000000000003, 13.0, 12.799999999999997, 12.5, 12.299999999999997, 11.900000000000006, 11.400000000000006, 11.0, 10.799999999999997, 9.900000000000006, 9.400000000000006, 9.200000000000003, 8.299999999999997, 7.599999999999994, 7.400000000000006, 7.0, 6.299999999999997, 6.099999999999994, 5.599999999999994, 5.400000000000006, 4.700000000000003, 4.299999999999997, 4.099999999999994, 3.5999999999999943, 2.700000000000003, 2.5, 2.299999999999997, 1.7999999999999972, 1.4000000000000057, 0.9000000000000057, 0.7000000000000028, 0.5, 0.29999999999999716, 0.0, -0.20000000000000284], "x": [357, 363, 365, 370, 374, 380, 381, 384, 392, 396, 403, 405, 406, 410, 412, 416, 420, 422, 423, 424, 425, 429, 434, 435, 436, 437, 441, 442, 443, 445, 447, 449, 450, 451, 452, 453, 454, 455, 456, 457, 459, 460, 461, 464, 465, 469, 472, 475, 476, 478, 481, 482, 483, 484, 486, 487, 488, 490, 492, 493, 495, 496, 497, 498, 501, 502, 503, 505, 506, 507, 508, 510, 511, 512, 514, 515, 516, 517, 518, 519, 520, 522, 523, 524, 525, 526, 527, 530, 531, 532, 533, 534, 535, 536, 537, 538, 539, 540, 541, 542, 543, 545, 549, 550, 551, 552, 553, 554, 555, 556, 557, 558, 559, 560, 562, 563, 565, 569, 570, 572, 573, 574, 575, 576, 578, 579, 580, 581, 582, 584, 585, 586, 587, 588, 589, 590, 591, 592, 593, 594, 595, 596, 597, 598, 599, 600, 601, 602, 605, 606, 607, 608, 609, 610, 611, 613, 614, 615, 616, 617, 620, 621, 622, 623, 624, 625, 626, 627, 630, 632, 633, 635, 636, 637, 638, 640, 641, 642, 643, 644, 645, 647, 648, 649, 651, 652, 653, 654, 655, 657, 658, 659, 662, 663, 664, 665, 666, 667, 668, 669, 670, 671, 672, 674, 675, 677, 678, 679, 680, 681, 682, 683, 684, 685, 686, 687, 688, 689, 690, 694, 700, 704, 709, 711, 714, 716, 717, 718, 720, 721, 723, 724, 725, 726, 727, 728, 729, 730, 732, 733, 734, 735, 740, 741, 743, 744, 745, 746, 747, 748, 749, 753, 755, 756, 758, 779, 829]}}