{"percentile": {"x": [302, 334, 343, 344, 352, 353, 356, 357, 358, 361, 374, 385, 392, 393, 395, 399, 402, 403, 405, 407, 408, 410, 411, 413, 414, 415, 417, 419, 420, 422, 423, 424, 428, 429, 430, 434, 436, 440, 441, 442, 443, 446, 447, 448, 449, 453, 454, 456, 457, 458, 459, 460, 462, 463, 465, 466, 469, 471, 472, 473, 477, 478, 479, 482, 483, 484, 486, 487, 489, 490, 491, 492, 494, 495, 496, 497, 498, 500, 501, 502, 503, 504, 505, 506, 508, 509, 510, 512, 514, 515, 516, 517, 518, 519, 523, 524, 527, 528, 529, 530, 534, 535, 536, 537, 538, 540, 541, 542, 543, 545, 546, 547, 548, 550, 551, 552, 553, 554, 556, 557, 559, 560, 561, 563, 565, 566, 567, 568, 569, 570, 571, 572, 573, 574, 575, 576, 577, 578, 579, 580, 581, 583, 584, 585, 586, 587, 588, 589, 590, 591, 592, 593, 594, 596, 599, 600, 601, 602, 603, 604, 605, 606, 607, 608, 609, 610, 612, 614, 615, 616, 617, 618, 620, 621, 622, 623, 624, 625, 626, 627, 629, 630, 631, 632, 633, 634, 636, 638, 640, 641, 642, 644, 645, 646, 647, 648, 649, 650, 651, 655, 656, 658, 660, 661, 662, 669, 670, 671, 672, 673, 674, 675, 677, 679, 680, 682, 684, 685, 691, 693, 696, 699, 700, 703, 705, 710, 712, 713, 715, 717, 720, 721, 723, 724, 725, 726, 727, 728, 729, 730, 736, 737, 740, 742, 744, 747, 749, 760, 761, 764, 766, 774, 777, 829], "y": [99.8, 99.6, 99.4, 99.1, 98.9, 98.4, 98.2, 98.0, 97.7, 97.5, 97.3, 96.8, 96.6, 96.1, 95.9, 95.7, 95.2, 95.0, 94.7, 94.5, 94.3, 93.8, 93.6, 93.4, 92.7, 92.4, 92.0, 91.5, 91.3, 90.8, 90.6, 90.4, 90.1, 89.9, 89.7, 89.2, 88.7, 88.0, 87.8, 87.6, 87.3, 86.9, 86.7, 86.4, 86.0, 85.5, 85.3, 84.8, 84.6, 84.1, 83.9, 83.4, 82.7, 82.3, 82.0, 81.6, 81.3, 80.7, 79.7, 79.5, 79.3, 78.8, 78.1, 77.6, 77.2, 76.5, 75.8, 75.3, 75.1, 73.7, 73.5, 72.8, 72.3, 71.6, 71.4, 71.2, 71.0, 70.0, 69.3, 67.9, 67.3, 67.0, 66.8, 66.3, 65.6, 65.4, 65.2, 64.7, 64.5, 64.0, 63.8, 63.3, 63.1, 62.6, 62.2, 61.7, 61.3, 61.0, 60.6, 59.9, 59.2, 58.9, 58.7, 58.2, 58.0, 57.8, 57.3, 56.9, 56.4, 56.2, 55.5, 55.0, 54.8, 54.6, 54.1, 53.6, 52.5, 52.0, 51.6, 51.3, 50.6, 50.2, 49.9, 49.5, 49.2, 48.8, 48.3, 48.1, 47.9, 47.4, 46.9, 46.7, 46.5, 45.8, 45.3, 44.9, 44.4, 44.2, 43.7, 43.5, 43.2, 42.8, 42.5, 42.1, 41.2, 40.9, 40.7, 40.0, 39.8, 39.5, 38.8, 38.6, 37.9, 37.7, 37.2, 36.8, 36.5, 35.8, 35.2, 34.900000000000006, 34.5, 34.2, 33.8, 33.099999999999994, 32.8, 32.400000000000006, 31.900000000000006, 31.700000000000003, 31.200000000000003, 31.0, 30.5, 30.299999999999997, 28.700000000000003, 28.0, 27.799999999999997, 26.799999999999997, 26.400000000000006, 25.900000000000006, 25.700000000000003, 25.200000000000003, 25.0, 24.5, 24.299999999999997, 24.099999999999994, 23.799999999999997, 23.599999999999994, 23.400000000000006, 23.099999999999994, 22.700000000000003, 22.5, 22.0, 21.5, 21.299999999999997, 21.099999999999994, 20.400000000000006, 20.099999999999994, 19.900000000000006, 19.700000000000003, 19.200000000000003, 18.5, 18.099999999999994, 17.599999999999994, 16.900000000000006, 16.700000000000003, 16.400000000000006, 16.200000000000003, 16.0, 15.799999999999997, 15.5, 15.099999999999994, 14.799999999999997, 14.599999999999994, 14.400000000000006, 14.099999999999994, 13.200000000000003, 13.0, 12.799999999999997, 12.5, 12.299999999999997, 12.099999999999994, 11.799999999999997, 11.400000000000006, 10.700000000000003, 10.400000000000006, 9.700000000000003, 9.5, 9.299999999999997, 9.099999999999994, 8.799999999999997, 8.599999999999994, 7.900000000000006, 7.400000000000006, 6.5, 6.299999999999997, 5.799999999999997, 5.599999999999994, 5.099999999999994, 4.700000000000003, 4.0, 3.700000000000003, 3.5, 3.299999999999997, 2.5999999999999943, 2.4000000000000057, 1.9000000000000057, 1.7000000000000028, 1.4000000000000057, 1.2000000000000028, 1.0, 0.7000000000000028, 0.5, 0.29999999999999716, 0.0, -0.20000000000000284]}, "histogram": {"x": [300, 315, 330, 345, 360, 375, 390, 405, 420, 435, 450, 465, 480, 495, 510, 525, 540, 555, 570, 585, 600, 615, 630, 645, 660, 675, 690, 705, 720, 735, 750, 765, 780, 795, 810, 825, 840, 855], "y": [1, 0, 3, 6, 2, 2, 8, 15, 10, 14, 16, 18, 25, 30, 16, 16, 26, 18, 23, 23, 24, 29, 15, 17, 12, 10, 9, 8, 21, 10, 3, 3, 0, 0, 0, 1, 0, 0]}}