{"percentile": {"x": [371, 394, 409, 410, 425, 427, 438, 441, 442, 453, 454, 455, 466, 467, 469, 474, 476, 482, 483, 485, 487, 498, 501, 503, 506, 510, 511, 517, 521, 525, 532, 535, 536, 539, 542, 544, 545, 557, 563, 564, 565, 566, 567, 569, 570, 577, 581, 582, 583, 587, 588, 589, 590, 592, 593, 596, 598, 600, 601, 605, 607, 609, 610, 613, 615, 616, 617, 618, 620, 621, 622, 625, 630, 639, 640, 642, 643, 647, 648, 649, 651, 652, 654, 655, 656, 657, 658, 660, 666, 667, 670, 671, 673, 674, 675, 677, 682, 683, 684, 685, 689, 691, 694, 698, 702, 703, 707, 708, 710, 713, 714, 715, 716, 717, 718, 719, 722, 725, 726, 728, 730, 731, 732, 733, 734, 736, 737, 738, 739, 740, 741, 743, 744, 745, 746, 747, 748, 749, 750, 753, 754, 757, 758, 762, 763, 770, 774], "y": [99.5, 99.0, 98.5, 98.0, 97.0, 96.5, 95.9, 95.4, 94.4, 93.9, 93.4, 92.9, 92.4, 91.3, 90.8, 90.3, 89.8, 89.3, 88.3, 87.7, 87.2, 86.7, 86.2, 85.7, 85.2, 83.6, 83.1, 82.6, 82.1, 81.6, 81.1, 80.6, 80.0, 79.5, 79.0, 78.5, 77.5, 77.0, 76.5, 75.9, 75.4, 74.9, 74.4, 73.9, 73.4, 71.8, 71.3, 70.3, 69.8, 69.3, 68.8, 68.3, 67.7, 66.7, 66.2, 65.7, 64.2, 63.1, 62.1, 61.6, 61.1, 60.6, 60.0, 59.5, 58.5, 57.0, 56.5, 55.9, 55.4, 54.4, 53.9, 53.4, 52.4, 51.8, 50.8, 50.3, 49.8, 49.3, 48.8, 48.3, 47.7, 47.2, 46.7, 46.2, 45.7, 45.2, 44.7, 42.1, 41.6, 41.1, 40.6, 39.5, 38.5, 38.0, 37.0, 36.5, 35.400000000000006, 34.900000000000006, 34.400000000000006, 33.900000000000006, 33.400000000000006, 32.900000000000006, 31.799999999999997, 31.299999999999997, 30.799999999999997, 29.799999999999997, 29.299999999999997, 28.299999999999997, 27.700000000000003, 27.200000000000003, 26.700000000000003, 26.200000000000003, 25.700000000000003, 25.200000000000003, 24.200000000000003, 23.099999999999994, 22.099999999999994, 21.099999999999994, 20.0, 19.5, 19.0, 18.5, 17.0, 16.5, 14.900000000000006, 14.400000000000006, 13.900000000000006, 13.400000000000006, 12.900000000000006, 11.299999999999997, 10.799999999999997, 10.299999999999997, 9.799999999999997, 9.299999999999997, 8.799999999999997, 8.299999999999997, 6.700000000000003, 5.700000000000003, 5.200000000000003, 4.200000000000003, 3.5999999999999943, 3.0999999999999943, 2.5999999999999943, 1.5999999999999943, 1.0999999999999943, 0.5999999999999943, -0.5]}, "histogram": {"x": [360, 375, 390, 405, 420, 435, 450, 465, 480, 495, 510, 525, 540, 555, 570, 585, 600, 615, 630, 645, 660, 675, 690, 705, 720, 735, 750, 765, 780], "y": [1, 0, 1, 2, 3, 4, 3, 6, 5, 4, 6, 5, 4, 7, 8, 11, 9, 12, 7, 10, 13, 9, 7, 13, 16, 18, 9, 3, 0]}}