{"percentile": {"y": [99.6, 99.1, 98.7, 98.2, 97.8, 97.3, 96.4, 96.0, 95.5, 95.0, 94.6, 94.1, 93.7, 93.2, 92.8, 92.3, 91.9, 91.4, 91.0, 90.5, 90.0, 89.6, 89.1, 88.2, 87.8, 87.3, 86.9, 86.4, 86.0, 85.0, 84.6, 84.1, 83.7, 83.2, 82.8, 82.3, 81.9, 81.0, 80.5, 80.0, 79.6, 79.1, 78.2, 77.8, 77.3, 76.4, 76.0, 75.5, 75.0, 74.6, 73.2, 72.8, 71.9, 71.4, 71.0, 70.5, 70.0, 69.6, 68.2, 67.3, 66.9, 66.4, 66.0, 65.0, 64.6, 64.1, 63.7, 63.2, 62.8, 62.3, 61.4, 61.0, 60.5, 60.0, 59.6, 59.1, 57.8, 57.3, 56.9, 56.4, 56.0, 55.5, 55.0, 54.6, 54.1, 53.7, 53.2, 52.8, 52.3, 51.0, 50.0, 49.6, 49.1, 46.9, 46.0, 45.5, 44.6, 44.1, 43.7, 43.2, 42.8, 42.3, 41.9, 41.0, 40.5, 40.0, 39.6, 38.2, 37.8, 37.3, 36.4, 36.0, 35.5, 35.0, 34.099999999999994, 33.7, 32.3, 31.900000000000006, 31.400000000000006, 30.5, 30.0, 29.599999999999994, 28.700000000000003, 28.200000000000003, 27.799999999999997, 27.299999999999997, 26.900000000000006, 26.400000000000006, 26.0, 25.5, 24.599999999999994, 24.099999999999994, 23.200000000000003, 22.799999999999997, 21.900000000000006, 21.0, 20.0, 17.799999999999997, 17.299999999999997, 16.400000000000006, 15.5, 14.599999999999994, 14.099999999999994, 13.200000000000003, 12.799999999999997, 11.900000000000006, 11.0, 10.5, 9.099999999999994, 7.299999999999997, 6.900000000000006, 6.400000000000006, 6.0, 5.0, 4.599999999999994, 4.099999999999994, 3.700000000000003, 3.200000000000003, 2.299999999999997, 1.4000000000000057, 1.0, 0.5, 0.0, -0.4000000000000057], "x": [371, 380, 388, 392, 410, 415, 418, 425, 431, 432, 433, 435, 443, 451, 454, 458, 461, 463, 464, 470, 471, 472, 474, 478, 482, 488, 491, 494, 495, 497, 498, 500, 501, 504, 505, 507, 510, 511, 512, 518, 519, 522, 526, 528, 531, 532, 533, 534, 536, 538, 539, 543, 548, 549, 551, 552, 554, 555, 557, 559, 561, 566, 567, 569, 570, 573, 574, 576, 579, 582, 583, 584, 587, 588, 591, 592, 593, 597, 601, 602, 606, 611, 615, 616, 617, 619, 620, 621, 622, 623, 626, 627, 629, 630, 632, 634, 635, 636, 638, 640, 641, 643, 646, 649, 650, 652, 657, 661, 662, 666, 667, 670, 673, 674, 675, 680, 682, 685, 687, 690, 694, 696, 698, 700, 701, 703, 705, 706, 710, 711, 715, 716, 718, 720, 722, 723, 725, 726, 727, 728, 729, 730, 731, 732, 733, 735, 737, 738, 740, 743, 744, 745, 746, 747, 749, 752, 754, 755, 756, 758, 768, 769, 770, 818]}, "histogram": {"y": [1, 2, 1, 4, 4, 2, 6, 6, 4, 9, 7, 13, 7, 11, 9, 8, 4, 14, 15, 6, 10, 8, 9, 9, 23, 18, 7, 3, 0, 0, 1, 0], "x": [360, 375, 390, 405, 420, 435, 450, 465, 480, 495, 510, 525, 540, 555, 570, 585, 600, 615, 630, 645, 660, 675, 690, 705, 720, 735, 750, 765, 780, 795, 810, 825]}}