{"percentile": {"x": [371, 378, 379, 382, 388, 390, 399, 402, 404, 407, 410, 417, 422, 423, 427, 428, 429, 433, 436, 438, 439, 440, 441, 444, 445, 447, 449, 450, 452, 455, 459, 460, 461, 464, 465, 467, 469, 470, 473, 474, 475, 477, 479, 480, 481, 483, 486, 488, 489, 490, 491, 492, 493, 494, 495, 496, 497, 498, 499, 500, 501, 502, 503, 504, 505, 507, 508, 512, 513, 516, 517, 518, 519, 520, 521, 522, 523, 526, 529, 530, 531, 534, 535, 537, 538, 539, 540, 542, 543, 544, 546, 548, 549, 550, 551, 552, 553, 554, 556, 559, 560, 561, 562, 564, 565, 566, 567, 569, 570, 573, 574, 575, 576, 577, 578, 579, 580, 581, 582, 583, 584, 585, 586, 587, 588, 589, 590, 591, 592, 593, 594, 595, 596, 598, 600, 602, 604, 606, 607, 608, 609, 610, 614, 615, 616, 620, 621, 622, 625, 626, 627, 629, 630, 633, 634, 637, 639, 641, 643, 644, 645, 646, 647, 648, 650, 651, 652, 653, 654, 655, 656, 658, 660, 663, 664, 665, 666, 667, 670, 671, 672, 673, 675, 676, 679, 680, 683, 686, 690, 691, 693, 694, 695, 697, 699, 700, 701, 702, 705, 706, 707, 709, 710, 711, 712, 714, 717, 718, 719, 720, 721, 722, 723, 724, 725, 726, 727, 728, 729, 730, 731, 732, 733, 736, 737, 740, 741, 742, 744, 745, 746, 747, 748, 751, 752, 757, 758, 761, 765, 767], "y": [99.8, 99.6, 99.3, 99.1, 98.9, 98.4, 98.2, 97.7, 97.5, 97.2, 97.0, 96.5, 96.3, 95.8, 95.6, 95.1, 94.7, 94.4, 94.2, 94.0, 93.3, 92.8, 92.3, 91.6, 91.4, 90.9, 90.7, 90.5, 90.2, 90.0, 89.8, 89.3, 89.1, 88.8, 88.6, 88.1, 87.9, 87.7, 87.2, 86.7, 86.5, 86.0, 85.6, 85.1, 84.6, 84.2, 83.2, 83.0, 82.8, 82.3, 81.8, 80.9, 80.2, 80.0, 79.7, 79.5, 79.3, 78.6, 77.9, 76.9, 76.7, 76.5, 76.0, 75.8, 75.0, 74.8, 74.1, 73.9, 73.4, 73.2, 72.9, 72.7, 72.5, 72.0, 71.1, 70.6, 70.1, 69.7, 68.5, 68.3, 67.6, 67.3, 67.1, 66.9, 66.4, 66.2, 65.9, 65.5, 64.5, 63.8, 63.6, 63.4, 63.1, 62.4, 62.0, 61.3, 61.0, 60.8, 60.3, 60.1, 59.4, 59.2, 58.9, 58.7, 58.5, 58.2, 57.8, 56.8, 56.6, 56.1, 55.9, 55.7, 55.4, 54.7, 54.5, 54.0, 53.8, 53.6, 53.3, 52.6, 52.4, 51.7, 51.5, 51.2, 51.0, 50.5, 50.3, 50.0, 49.6, 49.3, 49.1, 48.4, 48.2, 47.0, 46.5, 46.1, 45.8, 45.6, 45.4, 44.4, 43.7, 43.3, 42.6, 41.6, 41.4, 40.7, 40.2, 39.3, 38.6, 38.1, 37.4, 37.0, 35.8, 35.3, 35.099999999999994, 34.599999999999994, 34.400000000000006, 34.2, 33.900000000000006, 33.7, 33.2, 32.8, 32.5, 32.3, 31.799999999999997, 31.599999999999994, 31.400000000000006, 31.099999999999994, 30.400000000000006, 30.200000000000003, 29.700000000000003, 28.599999999999994, 28.099999999999994, 27.900000000000006, 27.599999999999994, 27.400000000000006, 26.900000000000006, 26.5, 26.0, 25.799999999999997, 25.5, 25.0, 24.299999999999997, 24.099999999999994, 23.599999999999994, 23.400000000000006, 22.900000000000006, 22.5, 21.799999999999997, 21.5, 21.099999999999994, 20.599999999999994, 20.400000000000006, 19.900000000000006, 19.700000000000003, 19.400000000000006, 19.200000000000003, 19.0, 18.700000000000003, 18.5, 18.0, 17.799999999999997, 17.099999999999994, 16.900000000000006, 16.599999999999994, 16.400000000000006, 16.200000000000003, 15.900000000000006, 15.5, 13.799999999999997, 13.400000000000006, 13.099999999999994, 12.400000000000006, 11.5, 11.0, 10.099999999999994, 9.599999999999994, 8.900000000000006, 8.5, 6.799999999999997, 6.599999999999994, 6.400000000000006, 5.900000000000006, 5.700000000000003, 5.400000000000006, 4.5, 4.299999999999997, 4.0, 3.799999999999997, 3.5999999999999943, 3.299999999999997, 2.4000000000000057, 2.200000000000003, 1.9000000000000057, 1.7000000000000028, 1.0, 0.5, 0.29999999999999716, 0.0, -0.20000000000000284]}, "histogram": {"x": [360, 375, 390, 405, 420, 435, 450, 465, 480, 495, 510, 525, 540, 555, 570, 585, 600, 615, 630, 645, 660, 675, 690, 705, 720, 735, 750, 765, 780], "y": [1, 4, 6, 4, 9, 16, 8, 14, 24, 25, 17, 17, 23, 17, 19, 23, 19, 24, 14, 22, 15, 11, 15, 15, 41, 16, 8, 2, 0]}}