{"histogram": {"x": [360, 375, 390, 405, 420, 435, 450, 465, 480, 495, 510, 525, 540, 555, 570, 585, 600, 615, 630, 645, 660, 675, 690, 705, 720, 735, 750, 765, 780], "y": [1, 3, 1, 8, 1, 9, 9, 11, 14, 13, 17, 19, 19, 16, 15, 23, 19, 18, 12, 14, 12, 6, 12, 11, 29, 18, 7, 1, 0]}, "percentile": {"x": [369, 382, 386, 389, 391, 406, 407, 408, 411, 413, 414, 416, 433, 442, 443, 444, 447, 448, 449, 452, 456, 457, 458, 460, 462, 463, 465, 468, 471, 472, 473, 476, 477, 478, 479, 481, 483, 486, 488, 490, 491, 492, 493, 494, 496, 498, 499, 500, 502, 505, 507, 508, 511, 512, 515, 516, 518, 520, 522, 523, 524, 525, 526, 528, 530, 531, 532, 533, 536, 537, 538, 540, 544, 545, 546, 547, 549, 550, 551, 553, 554, 555, 556, 558, 560, 561, 562, 563, 570, 572, 573, 575, 580, 581, 582, 583, 584, 585, 586, 588, 589, 590, 591, 592, 593, 597, 598, 599, 601, 602, 603, 604, 605, 608, 609, 611, 612, 613, 614, 615, 616, 617, 618, 621, 622, 623, 624, 625, 626, 628, 629, 630, 632, 634, 636, 637, 638, 640, 642, 645, 647, 649, 650, 651, 652, 655, 657, 658, 659, 660, 661, 663, 665, 666, 667, 669, 670, 675, 678, 679, 680, 684, 690, 691, 693, 694, 695, 698, 699, 700, 703, 708, 710, 711, 714, 715, 719, 720, 721, 722, 723, 724, 726, 727, 728, 729, 730, 732, 734, 735, 737, 738, 739, 740, 741, 742, 743, 746, 747, 748, 749, 750, 751, 752, 753, 758, 762, 767], "y": [99.8, 99.5, 99.2, 98.9, 98.6, 98.3, 98.0, 97.7, 97.4, 97.1, 96.5, 96.2, 95.9, 95.6, 95.0, 94.7, 94.4, 93.8, 93.2, 92.9, 92.6, 92.0, 91.7, 91.1, 90.9, 90.6, 90.3, 90.0, 89.1, 88.8, 88.5, 88.2, 87.9, 87.6, 87.3, 86.1, 85.8, 85.5, 85.2, 84.9, 84.3, 84.0, 83.7, 83.1, 82.8, 82.2, 81.7, 81.1, 80.8, 80.5, 80.2, 79.3, 79.0, 78.4, 78.1, 77.8, 77.5, 76.3, 75.1, 74.5, 74.2, 73.6, 73.3, 73.0, 72.8, 72.5, 71.6, 71.0, 70.7, 70.1, 68.6, 67.1, 66.8, 65.9, 65.6, 65.3, 64.7, 64.4, 64.1, 63.6, 63.0, 62.7, 62.1, 61.8, 61.5, 59.7, 59.4, 58.2, 57.6, 57.0, 56.4, 56.1, 55.8, 55.2, 54.6, 54.1, 53.8, 53.2, 52.3, 51.7, 51.1, 50.8, 50.5, 50.2, 48.7, 47.5, 47.2, 46.9, 46.0, 45.2, 44.6, 44.3, 43.7, 43.1, 42.5, 42.2, 41.9, 41.6, 41.3, 41.0, 40.7, 40.1, 39.8, 39.2, 38.6, 38.3, 38.0, 37.4, 37.1, 36.8, 36.0, 35.400000000000006, 35.099999999999994, 34.2, 33.900000000000006, 33.599999999999994, 33.3, 33.0, 32.400000000000006, 31.799999999999997, 31.200000000000003, 30.900000000000006, 30.599999999999994, 30.299999999999997, 30.0, 29.700000000000003, 29.400000000000006, 28.5, 28.200000000000003, 27.900000000000006, 27.599999999999994, 27.099999999999994, 26.799999999999997, 25.900000000000006, 25.299999999999997, 25.0, 24.700000000000003, 24.099999999999994, 23.799999999999997, 23.5, 23.200000000000003, 22.900000000000006, 22.299999999999997, 22.0, 21.700000000000003, 21.400000000000006, 21.099999999999994, 20.799999999999997, 20.200000000000003, 19.900000000000006, 19.299999999999997, 19.0, 18.700000000000003, 18.400000000000006, 17.599999999999994, 17.0, 16.099999999999994, 14.599999999999994, 14.299999999999997, 14.0, 13.700000000000003, 12.5, 11.599999999999994, 10.400000000000006, 10.099999999999994, 9.5, 8.700000000000003, 7.799999999999997, 7.5, 7.200000000000003, 6.599999999999994, 6.299999999999997, 5.700000000000003, 5.099999999999994, 4.799999999999997, 4.5, 4.200000000000003, 3.5999999999999943, 3.0, 2.700000000000003, 2.0999999999999943, 1.7999999999999972, 1.2000000000000028, 0.9000000000000057, 0.5999999999999943, 0.29999999999999716, 0.0, -0.20000000000000284]}}