{"percentile": {"y": [100.0, 100.0, 100.0, 100.0, 100.0, 100.0, 100.0, 100.0, 99.9, 99.9, 99.9, 99.9, 99.9, 99.9, 99.9, 99.8, 99.8, 99.8, 99.8, 99.7, 99.7, 99.7, 99.7, 99.7, 99.7, 99.6, 99.6, 99.6, 99.6, 99.5, 99.4, 99.4, 99.3, 99.2, 99.1, 99.1, 99.0, 98.9, 98.9, 98.8, 98.7, 98.7, 98.7, 98.6, 98.5, 98.4, 98.3, 98.1, 98.1, 97.9, 97.8, 97.6, 97.5, 97.3, 97.0, 96.8, 96.5, 96.3, 96.1, 95.8, 95.7, 95.4, 95.2, 94.9, 94.6, 94.3, 94.1, 93.7, 93.3, 92.7, 92.1, 91.4, 90.5, 89.6, 86.1, 85.8, 85.2, 84.7, 83.9, 83.0, 81.9, 81.1, 80.0, 78.7, 77.7, 76.3, 75.3, 74.1, 73.0, 71.7, 70.6, 69.3, 68.1, 66.9, 65.5, 63.1, 61.9, 60.9, 59.7, 58.6, 57.2, 55.9, 54.8, 53.8, 52.4, 52.2, 52.1, 51.9, 51.6, 51.3, 51.1, 50.9, 50.7, 50.2, 49.1, 47.6, 46.2, 44.9, 43.4, 41.9, 40.2, 38.9, 37.4, 35.599999999999994, 34.099999999999994, 32.599999999999994, 30.900000000000006, 29.700000000000003, 28.400000000000006, 28.400000000000006, 28.299999999999997, 28.099999999999994, 27.900000000000006, 27.599999999999994, 27.5, 27.400000000000006, 27.299999999999997, 27.200000000000003, 27.0, 27.0, 26.900000000000006, 26.900000000000006, 26.799999999999997, 26.599999999999994, 25.799999999999997, 24.700000000000003, 23.5, 22.099999999999994, 20.900000000000006, 19.599999999999994, 18.700000000000003, 17.700000000000003, 16.5, 15.299999999999997, 14.299999999999997, 13.200000000000003, 12.200000000000003, 11.400000000000006, 10.700000000000003, 9.900000000000006, 9.0, 8.299999999999997, 7.5, 6.299999999999997, 0.4000000000000057, 0.4000000000000057, 0.4000000000000057, 0.4000000000000057, 0.4000000000000057, 0.29999999999999716, 0.29999999999999716, 0.29999999999999716, 0.29999999999999716, 0.20000000000000284, 0.0], "x": [442, 458, 459, 470, 471, 478, 504, 506, 510, 513, 515, 518, 520, 525, 529, 530, 531, 535, 536, 538, 539, 541, 542, 543, 544, 545, 546, 547, 548, 549, 550, 551, 552, 553, 554, 555, 556, 557, 558, 559, 560, 561, 562, 563, 564, 565, 566, 567, 568, 569, 570, 571, 572, 573, 574, 575, 576, 577, 578, 579, 580, 581, 582, 583, 584, 585, 586, 587, 588, 589, 590, 591, 592, 593, 594, 595, 596, 597, 598, 599, 600, 601, 602, 603, 604, 605, 606, 607, 608, 609, 610, 611, 612, 613, 614, 615, 616, 617, 618, 619, 620, 621, 622, 623, 624, 625, 626, 627, 628, 629, 630, 631, 632, 633, 634, 635, 636, 637, 638, 639, 640, 641, 642, 643, 644, 645, 646, 647, 648, 649, 650, 651, 652, 653, 654, 655, 656, 657, 658, 659, 660, 661, 662, 663, 664, 665, 666, 667, 668, 669, 670, 671, 672, 673, 674, 675, 676, 677, 678, 679, 680, 681, 682, 683, 684, 685, 687, 688, 690, 691, 693, 696, 700, 703, 704]}, "histogram": {"y": [1, 2, 1, 2, 0, 0, 4, 5, 4, 9, 27, 52, 79, 286, 726, 1979, 919, 182, 1872, 155, 2249, 35], "x": [450, 460, 470, 480, 490, 500, 510, 520, 530, 540, 550, 559, 569, 584, 594, 615, 624, 633, 648, 663, 684, 705]}}