{"histogram": {"x": [500, 510, 520, 530, 540, 550, 559, 569, 584, 594, 615, 624, 633, 648, 663, 684, 705], "y": [1, 0, 0, 0, 0, 5, 11, 18, 98, 149, 539, 227, 58, 427, 36, 488, 7]}, "percentile": {"x": [496, 541, 545, 547, 550, 553, 555, 556, 558, 559, 560, 562, 564, 566, 567, 568, 569, 570, 571, 572, 573, 574, 575, 576, 577, 578, 579, 580, 581, 582, 583, 584, 585, 586, 587, 588, 589, 590, 591, 592, 593, 594, 595, 596, 597, 598, 599, 600, 601, 602, 603, 604, 605, 606, 607, 608, 609, 610, 611, 612, 613, 614, 615, 616, 617, 618, 619, 620, 621, 622, 623, 624, 625, 626, 627, 628, 629, 630, 631, 632, 633, 634, 635, 636, 637, 638, 639, 640, 641, 642, 643, 644, 645, 646, 647, 648, 649, 650, 651, 653, 654, 655, 656, 657, 658, 659, 660, 661, 662, 663, 664, 665, 666, 667, 668, 669, 670, 671, 672, 673, 674, 675, 676, 677, 678, 679, 680, 681, 682, 683, 684, 695, 696, 704], "y": [100.0, 100.0, 99.9, 99.9, 99.8, 99.7, 99.6, 99.5, 99.3, 99.2, 99.1, 99.0, 98.9, 98.8, 98.8, 98.6, 98.4, 98.2, 98.2, 98.1, 97.8, 97.4, 97.0, 96.6, 96.3, 95.9, 95.5, 95.2, 94.9, 94.5, 94.0, 93.6, 93.2, 92.7, 92.2, 92.0, 91.0, 90.5, 89.8, 89.2, 88.1, 86.4, 85.5, 84.3, 83.6, 82.8, 81.7, 80.9, 80.0, 78.7, 77.3, 76.2, 74.7, 73.3, 71.8, 69.7, 68.3, 66.9, 65.8, 64.5, 63.4, 62.3, 60.3, 59.2, 58.3, 57.2, 55.7, 54.4, 53.2, 52.0, 50.8, 49.3, 49.0, 48.7, 48.4, 48.2, 47.9, 47.7, 47.6, 47.4, 46.4, 45.1, 43.3, 42.1, 40.3, 38.9, 37.9, 36.7, 35.2, 33.400000000000006, 32.0, 29.900000000000006, 29.099999999999994, 27.700000000000003, 26.799999999999997, 25.700000000000003, 25.599999999999994, 25.400000000000006, 25.299999999999997, 25.0, 25.0, 24.900000000000006, 24.700000000000003, 24.599999999999994, 24.5, 24.400000000000006, 24.400000000000006, 24.299999999999997, 24.099999999999994, 24.0, 22.900000000000006, 22.0, 20.599999999999994, 19.400000000000006, 18.400000000000006, 17.200000000000003, 16.099999999999994, 15.0, 14.400000000000006, 13.099999999999994, 11.900000000000006, 10.900000000000006, 9.599999999999994, 8.700000000000003, 7.599999999999994, 6.599999999999994, 5.700000000000003, 5.200000000000003, 4.299999999999997, 3.5, 0.29999999999999716, 0.29999999999999716, 0.20000000000000284, 0.0]}}