{"percentile": {"y": [98.0, 95.9, 93.8, 91.7, 89.6, 87.5, 83.4, 81.3, 79.2, 77.1, 75.0, 73.0, 70.9, 68.8, 66.7, 62.5, 60.5, 58.4, 56.3, 54.2, 52.1, 50.0, 45.9, 43.8, 39.6, 35.5, 33.400000000000006, 29.200000000000003, 25.0, 2.0999999999999943, 0.0, -2.0], "x": [594, 604, 605, 608, 613, 621, 622, 623, 636, 639, 641, 648, 655, 656, 658, 664, 665, 666, 667, 668, 669, 671, 673, 676, 677, 678, 679, 682, 683, 684, 690, 704]}, "histogram": {"y": [1, 4, 4, 0, 4, 3, 31, 2], "x": [594, 615, 624, 633, 648, 663, 684, 705]}}