{"percentile": {"x": [439, 540, 548, 552, 566, 567, 569, 571, 573, 574, 576, 579, 580, 582, 583, 584, 585, 586, 587, 588, 589, 590, 591, 592, 593, 594, 595, 597, 598, 599, 600, 601, 602, 603, 604, 605, 606, 607, 608, 609, 610, 611, 612, 613, 614, 615, 616, 617, 618, 619, 620, 621, 622, 623, 624, 626, 627, 628, 629, 630, 631, 632, 633, 634, 635, 636, 637, 638, 639, 640, 641, 642, 643, 644, 645, 646, 647, 648, 649, 651, 652, 653, 654, 656, 657, 658, 659, 662, 663, 664, 665, 666, 667, 668, 669, 670, 671, 672, 673, 674, 675, 676, 677, 678, 679, 680, 681, 682, 683, 684, 685, 691, 692, 696, 699, 700, 701, 702, 704], "y": [99.9, 99.7, 99.5, 99.4, 99.3, 99.2, 99.1, 98.8, 98.7, 98.6, 98.4, 98.3, 98.2, 98.1, 97.7, 97.6, 97.5, 97.4, 97.1, 96.9, 96.6, 96.3, 96.0, 95.5, 94.7, 92.5, 92.4, 92.0, 91.3, 90.9, 90.3, 89.7, 89.6, 89.2, 87.6, 87.0, 86.1, 85.8, 85.3, 84.8, 83.9, 83.5, 82.6, 82.1, 81.1, 80.3, 79.7, 79.0, 78.2, 77.4, 75.7, 75.2, 75.0, 74.3, 73.6, 73.5, 73.3, 73.1, 72.9, 72.6, 72.5, 72.4, 72.1, 71.0, 70.5, 69.7, 69.0, 68.2, 67.3, 66.9, 65.5, 64.1, 62.6, 60.7, 59.8, 58.8, 57.9, 57.2, 57.1, 57.0, 56.9, 56.3, 56.2, 56.1, 55.9, 55.7, 55.4, 55.2, 55.1, 53.8, 52.8, 51.8, 50.8, 49.2, 48.4, 47.5, 46.4, 45.0, 42.9, 42.1, 40.8, 39.7, 38.8, 37.6, 35.8, 34.599999999999994, 32.900000000000006, 32.099999999999994, 30.0, 1.0, 0.9000000000000057, 0.7000000000000028, 0.5999999999999943, 0.5, 0.4000000000000057, 0.29999999999999716, 0.20000000000000284, 0.0, -0.09999999999999432]}, "histogram": {"x": [440, 450, 460, 470, 480, 490, 500, 510, 520, 530, 540, 550, 559, 569, 584, 594, 615, 624, 633, 648, 663, 684, 705], "y": [1, 0, 0, 0, 0, 0, 0, 0, 0, 0, 2, 2, 1, 3, 13, 47, 111, 61, 13, 136, 19, 492, 10]}}