{"histogram": {"x": [440, 450, 460, 470, 480, 490, 500, 510, 520, 530, 540, 550, 559, 569, 584, 594, 615, 624, 633, 648, 663, 684, 705], "y": [1, 0, 2, 2, 1, 0, 1, 0, 3, 4, 5, 15, 22, 47, 152, 261, 781, 286, 55, 598, 52, 623, 10]}, "percentile": {"x": [436, 451, 460, 462, 467, 472, 494, 511, 516, 517, 523, 526, 528, 537, 539, 541, 542, 543, 544, 545, 547, 548, 549, 550, 552, 553, 554, 555, 556, 557, 558, 559, 560, 561, 562, 563, 564, 565, 566, 567, 568, 569, 570, 571, 572, 573, 574, 575, 576, 577, 578, 579, 580, 581, 582, 583, 584, 585, 586, 587, 588, 589, 590, 591, 592, 593, 594, 595, 596, 597, 598, 599, 600, 601, 602, 603, 604, 605, 606, 607, 608, 609, 610, 611, 612, 613, 614, 615, 616, 617, 618, 619, 620, 621, 622, 623, 624, 625, 626, 627, 628, 629, 630, 631, 632, 633, 634, 635, 636, 637, 638, 639, 640, 641, 642, 643, 644, 645, 646, 647, 648, 649, 650, 651, 652, 653, 654, 655, 656, 657, 658, 659, 660, 661, 662, 663, 664, 665, 666, 667, 668, 669, 670, 671, 672, 673, 674, 675, 676, 677, 678, 679, 680, 681, 682, 683, 684, 692, 700, 702, 704], "y": [100.0, 100.0, 99.9, 99.9, 99.9, 99.8, 99.8, 99.8, 99.7, 99.7, 99.7, 99.6, 99.6, 99.4, 99.4, 99.4, 99.3, 99.3, 99.2, 99.2, 99.1, 99.1, 99.0, 98.9, 98.8, 98.7, 98.6, 98.5, 98.4, 98.3, 98.3, 98.1, 98.0, 98.0, 97.9, 97.8, 97.5, 97.4, 97.2, 97.1, 96.9, 96.5, 96.4, 96.0, 95.6, 95.3, 94.8, 94.3, 93.9, 93.6, 93.3, 93.1, 92.8, 92.5, 92.3, 92.0, 91.3, 90.9, 90.5, 89.9, 89.5, 88.4, 87.9, 87.0, 86.1, 84.9, 82.4, 81.9, 81.4, 80.6, 79.7, 78.7, 77.4, 76.0, 74.9, 73.5, 71.9, 69.7, 68.7, 67.7, 66.2, 64.8, 63.4, 62.0, 60.6, 59.4, 57.9, 55.6, 54.6, 53.6, 52.6, 51.8, 50.7, 49.5, 48.4, 47.2, 45.8, 45.7, 45.5, 45.3, 45.0, 45.0, 44.7, 44.5, 44.3, 44.0, 42.6, 41.7, 40.3, 38.4, 36.9, 35.2, 33.8, 32.3, 30.799999999999997, 29.400000000000006, 27.799999999999997, 26.5, 25.400000000000006, 24.400000000000006, 23.5, 23.400000000000006, 23.200000000000003, 23.0, 23.0, 22.700000000000003, 22.700000000000003, 22.599999999999994, 22.400000000000006, 22.400000000000006, 22.400000000000006, 22.299999999999997, 22.099999999999994, 22.099999999999994, 21.900000000000006, 21.700000000000003, 20.799999999999997, 19.5, 18.400000000000006, 17.200000000000003, 16.299999999999997, 15.099999999999994, 14.400000000000006, 13.099999999999994, 12.400000000000006, 11.400000000000006, 10.599999999999994, 9.5, 8.400000000000006, 7.900000000000006, 7.299999999999997, 6.400000000000006, 5.900000000000006, 5.299999999999997, 4.599999999999994, 3.5999999999999943, 0.4000000000000057, 0.29999999999999716, 0.29999999999999716, 0.29999999999999716, 0.0]}}