{"percentile": {"x": [590, 594, 602, 603, 608, 610, 611, 612, 613, 614, 615, 617, 618, 619, 620, 621, 622, 627, 628, 631, 633, 634, 636, 638, 640, 641, 642, 643, 647, 648, 650, 654, 657, 658, 664, 668, 669, 670, 671, 672, 673, 674, 675, 676, 677, 679, 682, 683, 684], "y": [98.8, 97.5, 96.3, 95.0, 92.5, 90.0, 87.5, 86.3, 83.8, 82.5, 75.0, 73.8, 72.5, 71.3, 68.8, 67.5, 65.0, 63.8, 62.5, 61.3, 60.0, 58.8, 56.3, 55.0, 52.5, 51.3, 50.0, 47.5, 46.3, 42.5, 41.3, 40.0, 38.8, 37.5, 36.3, 33.8, 30.0, 27.5, 22.5, 20.0, 18.799999999999997, 16.299999999999997, 11.299999999999997, 10.0, 8.799999999999997, 7.5, 5.0, 3.799999999999997, -1.2000000000000028]}, "histogram": {"x": [594, 615, 624, 633, 648, 663, 684, 705], "y": [2, 18, 8, 4, 14, 4, 31, 0]}}