{"percentile": {"y": [100.0, 99.9, 99.8, 99.7, 99.5, 99.5, 99.4, 99.2, 99.0, 99.0, 98.9, 98.7, 98.6, 98.4, 98.3, 98.1, 98.0, 97.9, 97.9, 97.5, 97.3, 96.9, 96.2, 96.0, 95.6, 95.1, 94.2, 92.4, 92.3, 91.9, 91.7, 91.3, 90.7, 90.0, 89.7, 89.2, 88.8, 88.0, 87.4, 87.1, 86.5, 86.3, 85.5, 84.7, 84.2, 83.6, 83.1, 82.1, 81.4, 80.6, 79.4, 78.8, 78.4, 77.1, 76.6, 75.9, 75.2, 75.1, 75.0, 74.9, 74.7, 74.5, 74.4, 74.3, 74.1, 73.4, 72.5, 71.3, 70.7, 69.5, 67.8, 66.4, 65.6, 64.3, 62.9, 61.5, 60.2, 59.1, 58.5, 57.2, 57.0, 56.8, 56.7, 56.7, 56.6, 56.5, 56.4, 56.1, 56.1, 55.7, 55.6, 53.7, 52.6, 51.6, 50.6, 49.5, 48.7, 47.3, 45.9, 44.4, 42.7, 41.8, 40.9, 39.6, 38.2, 37.1, 35.400000000000006, 33.599999999999994, 31.799999999999997, 30.200000000000003, 27.400000000000006, 0.7000000000000028, 0.5999999999999943, 0.5999999999999943, 0.5, 0.29999999999999716, 0.20000000000000284, 0.09999999999999432, 0.0, 0.0], "x": [542, 544, 545, 549, 550, 554, 556, 558, 564, 565, 569, 571, 575, 576, 577, 578, 580, 583, 584, 586, 587, 588, 589, 590, 591, 592, 593, 594, 595, 597, 598, 599, 600, 601, 602, 603, 604, 605, 606, 607, 608, 609, 610, 611, 612, 613, 614, 615, 616, 617, 618, 619, 620, 621, 622, 623, 624, 625, 626, 627, 628, 629, 630, 632, 633, 634, 635, 636, 637, 638, 639, 640, 641, 642, 643, 644, 645, 646, 647, 648, 649, 650, 652, 653, 654, 655, 656, 657, 658, 659, 661, 664, 665, 666, 667, 668, 669, 670, 671, 672, 673, 674, 675, 676, 677, 678, 679, 680, 681, 682, 683, 684, 685, 688, 690, 691, 694, 695, 703, 704]}, "histogram": {"y": [6, 4, 4, 12, 65, 122, 82, 14, 200, 20, 652, 9], "x": [550, 559, 569, 584, 594, 615, 624, 633, 648, 663, 684, 705]}}