{"percentile": {"x": [348, 395, 399, 412, 418, 434, 442, 444, 448, 450, 452, 464, 468, 475, 477, 478, 484, 485, 488, 494, 505, 507, 510, 511, 514, 515, 521, 526, 528, 530, 535, 538, 539, 540, 541, 543, 545, 547, 550, 553, 554, 556, 558, 559, 564, 565, 566, 567, 569, 571, 573, 574, 576, 578, 579, 580, 581, 582, 583, 584, 585, 590, 594, 597, 598, 599, 602, 605, 607, 612, 615, 619, 646], "y": [99.1, 98.2, 97.3, 96.3, 95.4, 94.5, 93.6, 92.6, 91.7, 90.8, 89.9, 88.9, 88.0, 87.1, 86.2, 85.2, 84.3, 82.5, 81.5, 80.6, 79.7, 77.8, 76.0, 75.0, 74.1, 73.2, 72.3, 71.3, 70.4, 69.5, 68.6, 67.6, 66.7, 64.9, 63.0, 62.1, 61.2, 60.2, 57.5, 56.5, 54.7, 53.8, 52.8, 48.2, 47.3, 46.3, 45.4, 44.5, 42.6, 41.7, 38.0, 36.2, 35.2, 31.5, 28.799999999999997, 26.900000000000006, 26.0, 25.0, 21.299999999999997, 18.599999999999994, 17.599999999999994, 16.700000000000003, 13.0, 12.099999999999994, 9.299999999999997, 8.400000000000006, 7.5, 5.599999999999994, 4.700000000000003, 3.799999999999997, 1.9000000000000057, 1.0, -0.9000000000000057]}, "histogram": {"x": [350, 360, 370, 380, 390, 400, 410, 420, 430, 440, 450, 460, 470, 480, 490, 500, 510, 520, 530, 540, 550, 559, 569, 584, 594, 615, 624, 633, 648, 663, 684, 705], "y": [1, 0, 0, 0, 0, 2, 0, 2, 0, 1, 4, 1, 2, 3, 4, 1, 5, 3, 4, 5, 8, 10, 6, 26, 6, 12, 1, 0, 2, 0, 0, 0]}}