{"histogram": {"x": [540, 550, 559, 569, 584, 594, 615, 624, 633, 648, 663, 684, 705], "y": [1, 2, 0, 3, 1, 37, 42, 13, 5, 13, 3, 3, 0]}, "percentile": {"x": [538, 546, 547, 564, 569, 584, 585, 586, 591, 592, 593, 594, 596, 597, 598, 599, 600, 601, 603, 604, 605, 606, 607, 609, 610, 611, 612, 613, 614, 615, 616, 617, 618, 619, 620, 621, 624, 629, 631, 632, 633, 636, 637, 638, 639, 641, 642, 645, 646, 647, 648, 650, 658, 662, 668, 678, 684], "y": [99.2, 98.4, 97.6, 96.0, 95.1, 94.3, 93.5, 92.7, 91.9, 91.0, 90.2, 64.0, 62.3, 61.5, 60.7, 59.9, 59.1, 58.2, 55.8, 54.1, 53.3, 50.0, 47.6, 43.5, 42.7, 39.4, 37.8, 35.3, 33.7, 29.599999999999994, 28.700000000000003, 27.900000000000006, 26.299999999999997, 23.0, 22.200000000000003, 20.5, 18.900000000000006, 18.099999999999994, 17.299999999999997, 16.400000000000006, 14.799999999999997, 14.0, 13.200000000000003, 11.5, 10.700000000000003, 9.900000000000006, 9.099999999999994, 6.599999999999994, 5.799999999999997, 5.0, 4.099999999999994, 3.299999999999997, 2.5, 1.7000000000000028, 0.9000000000000057, 0.0, -0.7999999999999972]}}