{"histogram": {"x": [440, 450, 460, 470, 480, 490, 500, 510, 520, 530, 540, 550, 559, 569, 584, 594, 615, 624, 633, 648, 663, 684, 705], "y": [1, 0, 0, 0, 0, 0, 0, 0, 0, 0, 0, 4, 0, 4, 15, 41, 105, 91, 9, 166, 33, 580, 6]}, "percentile": {"x": [439, 542, 548, 549, 550, 563, 566, 568, 571, 574, 575, 576, 577, 578, 581, 582, 584, 586, 587, 588, 589, 590, 591, 592, 593, 594, 595, 596, 597, 599, 600, 601, 602, 603, 605, 606, 607, 608, 609, 610, 611, 612, 613, 614, 615, 616, 617, 618, 619, 620, 621, 622, 623, 624, 628, 629, 631, 632, 633, 634, 635, 636, 637, 638, 639, 640, 641, 642, 643, 644, 645, 646, 647, 648, 649, 650, 651, 652, 653, 654, 655, 656, 657, 658, 659, 660, 663, 664, 665, 666, 667, 668, 669, 670, 671, 672, 673, 674, 675, 676, 677, 678, 679, 680, 681, 682, 683, 684, 688, 689, 692, 700, 704], "y": [100.0, 99.9, 99.8, 99.7, 99.6, 99.4, 99.3, 99.2, 99.1, 98.8, 98.6, 98.5, 98.4, 98.2, 98.1, 98.0, 97.8, 97.7, 97.2, 97.0, 96.4, 96.2, 96.0, 95.7, 95.2, 93.9, 93.7, 93.3, 93.0, 92.6, 92.4, 92.0, 91.5, 90.8, 90.4, 89.9, 89.4, 88.8, 88.1, 87.6, 86.9, 86.4, 85.7, 85.1, 83.9, 83.1, 82.0, 81.1, 80.7, 79.6, 78.8, 77.6, 76.4, 75.3, 75.0, 74.9, 74.7, 74.6, 74.4, 74.0, 72.8, 71.7, 71.1, 70.2, 69.0, 67.8, 66.4, 65.2, 63.2, 62.6, 61.3, 60.7, 60.0, 58.7, 58.3, 58.1, 58.0, 57.5, 57.1, 56.9, 56.7, 56.6, 56.4, 56.1, 55.9, 55.8, 55.6, 54.8, 53.8, 52.5, 51.1, 49.9, 48.1, 46.8, 45.4, 44.1, 41.9, 41.1, 40.0, 38.8, 37.5, 36.3, 34.599999999999994, 33.0, 31.700000000000003, 30.400000000000006, 28.200000000000003, 0.5, 0.4000000000000057, 0.29999999999999716, 0.09999999999999432, 0.0, 0.0]}}