{"percentile": {"x": [408, 409, 439, 459, 464, 468, 472, 473, 485, 492, 493, 494, 497, 501, 504, 508, 512, 523, 525, 527, 529, 533, 540, 541, 542, 543, 544, 546, 547, 548, 549, 550, 552, 553, 554, 555, 556, 557, 558, 560, 561, 562, 563, 564, 565, 566, 567, 568, 569, 570, 571, 572, 573, 574, 575, 576, 577, 578, 579, 580, 581, 582, 583, 584, 585, 586, 587, 588, 589, 590, 591, 592, 593, 594, 595, 596, 597, 598, 599, 600, 601, 602, 603, 604, 605, 606, 607, 608, 609, 610, 611, 612, 613, 614, 615, 616, 617, 618, 619, 620, 621, 622, 623, 624, 625, 626, 627, 628, 629, 630, 631, 632, 633, 634, 635, 636, 637, 638, 639, 640, 641, 642, 643, 644, 645, 646, 647, 648, 649, 650, 651, 652, 653, 654, 655, 656, 657, 658, 659, 660, 661, 662, 663, 664, 665, 666, 667, 668, 669, 670, 671, 672, 673, 674, 675, 676, 677, 678, 679, 680, 681, 682, 683, 684, 685, 687, 688, 689, 690, 691, 692, 693, 694, 695, 696, 698, 699, 700, 701, 702, 703, 704], "y": [100.0, 100.0, 100.0, 100.0, 99.9, 99.9, 99.9, 99.9, 99.9, 99.8, 99.8, 99.8, 99.8, 99.7, 99.7, 99.7, 99.7, 99.7, 99.6, 99.6, 99.6, 99.6, 99.5, 99.4, 99.4, 99.3, 99.3, 99.3, 99.2, 99.1, 99.1, 99.0, 99.0, 98.9, 98.9, 98.8, 98.8, 98.7, 98.7, 98.6, 98.6, 98.5, 98.4, 98.1, 98.1, 97.9, 97.7, 97.6, 97.4, 97.3, 97.2, 97.1, 97.1, 96.8, 96.7, 96.4, 96.3, 96.3, 96.0, 95.9, 95.8, 95.7, 95.5, 95.4, 95.3, 95.0, 94.6, 94.1, 93.6, 93.3, 92.8, 92.4, 91.4, 88.0, 87.7, 87.4, 87.0, 86.6, 86.1, 85.5, 84.8, 84.4, 83.8, 82.9, 82.2, 81.6, 80.8, 80.2, 79.4, 78.6, 77.8, 77.1, 76.4, 75.7, 74.3, 73.5, 72.8, 72.2, 71.6, 70.3, 69.5, 68.8, 68.0, 67.2, 67.1, 67.0, 66.9, 66.7, 66.5, 66.3, 66.2, 66.0, 65.6, 65.0, 64.1, 63.1, 62.2, 61.3, 60.0, 59.0, 57.8, 56.4, 55.0, 53.6, 52.7, 51.8, 50.8, 50.1, 50.0, 49.9, 49.7, 49.5, 49.4, 49.2, 49.1, 49.0, 48.8, 48.5, 48.5, 48.3, 48.2, 48.2, 48.1, 47.2, 46.1, 45.0, 44.1, 42.9, 42.0, 41.0, 40.0, 38.8, 37.4, 36.3, 35.2, 34.0, 33.0, 31.799999999999997, 30.200000000000003, 28.799999999999997, 27.5, 26.299999999999997, 24.400000000000006, 0.7000000000000028, 0.7000000000000028, 0.5999999999999943, 0.5999999999999943, 0.5999999999999943, 0.5999999999999943, 0.5, 0.5, 0.5, 0.5, 0.4000000000000057, 0.29999999999999716, 0.29999999999999716, 0.29999999999999716, 0.20000000000000284, 0.20000000000000284, 0.20000000000000284, 0.09999999999999432, 0.0]}, "histogram": {"x": [410, 420, 430, 440, 450, 460, 470, 480, 490, 500, 510, 520, 530, 540, 550, 559, 569, 584, 594, 615, 624, 633, 648, 663, 684, 705], "y": [2, 0, 0, 1, 0, 1, 2, 2, 1, 5, 3, 1, 4, 7, 21, 18, 63, 99, 371, 687, 353, 78, 777, 99, 2370, 33]}}