{"histogram": {"y": [5, 7, 6, 11, 9, 9, 18, 16, 17, 17, 26, 24, 23, 22, 24, 43, 35, 42, 45, 34, 40, 47, 56, 56, 44, 57, 76, 216, 92, 339, 70, 182, 26, 2, 17, 2, 2, 3], "x": [270, 300, 310, 320, 330, 340, 350, 360, 370, 380, 390, 400, 410, 420, 430, 440, 450, 460, 470, 480, 490, 500, 510, 520, 530, 540, 550, 559, 569, 584, 594, 615, 624, 633, 648, 663, 684, 705]}, "percentile": {"y": [100.0, 99.9, 99.8, 99.8, 99.7, 99.7, 99.6, 99.5, 99.5, 99.4, 99.4, 99.3, 99.3, 99.1, 99.1, 99.0, 98.9, 98.8, 98.7, 98.7, 98.6, 98.5, 98.4, 98.3, 98.3, 98.2, 98.1, 98.0, 97.9, 97.9, 97.8, 97.7, 97.7, 97.5, 97.5, 97.4, 97.4, 97.3, 97.2, 97.1, 96.8, 96.6, 96.6, 96.5, 96.4, 96.3, 96.2, 96.1, 96.0, 95.8, 95.8, 95.6, 95.6, 95.4, 95.4, 95.3, 95.2, 95.0, 94.9, 94.8, 94.7, 94.6, 94.5, 94.3, 94.2, 94.1, 94.0, 93.9, 93.7, 93.5, 93.4, 93.3, 93.1, 92.9, 92.8, 92.6, 92.5, 92.3, 92.0, 91.9, 91.9, 91.6, 91.5, 91.4, 91.2, 91.0, 91.0, 90.8, 90.7, 90.4, 90.2, 90.2, 89.9, 89.9, 89.6, 89.6, 89.5, 89.4, 89.2, 89.1, 89.0, 88.9, 88.8, 88.6, 88.3, 88.2, 88.1, 87.9, 87.7, 87.7, 87.5, 87.4, 87.4, 87.2, 87.0, 86.7, 86.7, 86.6, 86.3, 86.0, 85.8, 85.6, 85.2, 84.9, 84.6, 84.3, 84.1, 83.9, 83.7, 83.3, 83.1, 83.0, 82.8, 82.7, 82.3, 82.1, 81.9, 81.6, 81.3, 81.1, 80.9, 80.6, 80.4, 80.2, 79.9, 79.7, 79.5, 79.2, 78.9, 78.6, 78.2, 78.0, 77.9, 77.7, 77.4, 77.2, 77.1, 77.0, 76.6, 76.3, 76.0, 75.9, 75.6, 75.4, 75.4, 75.3, 75.0, 75.0, 74.8, 74.4, 74.3, 73.8, 73.6, 73.2, 73.1, 72.8, 72.6, 72.4, 71.8, 71.5, 71.3, 70.8, 70.7, 70.5, 70.4, 69.9, 69.6, 69.4, 69.4, 69.1, 68.7, 68.3, 68.0, 67.3, 67.1, 66.8, 66.6, 66.5, 65.9, 65.6, 65.3, 65.0, 64.9, 64.1, 63.9, 63.7, 63.3, 63.2, 63.0, 62.8, 62.3, 62.1, 62.0, 61.6, 61.4, 61.1, 60.9, 60.6, 60.1, 60.0, 59.6, 59.3, 59.1, 58.4, 58.3, 58.1, 57.9, 57.0, 56.9, 56.7, 56.6, 56.2, 54.1, 53.6, 52.2, 51.0, 49.7, 48.4, 46.6, 45.9, 44.3, 41.8, 41.5, 40.9, 40.6, 40.5, 39.6, 39.4, 39.2, 39.0, 38.8, 36.5, 35.900000000000006, 34.400000000000006, 33.099999999999994, 32.0, 30.599999999999994, 29.5, 27.700000000000003, 26.5, 25.700000000000003, 24.200000000000003, 23.200000000000003, 21.900000000000006, 20.700000000000003, 19.5, 17.299999999999997, 17.099999999999994, 17.0, 16.799999999999997, 16.400000000000006, 15.700000000000003, 15.599999999999994, 15.299999999999997, 15.200000000000003, 15.099999999999994, 13.299999999999997, 13.0, 12.299999999999997, 11.900000000000006, 11.200000000000003, 10.299999999999997, 9.799999999999997, 9.200000000000003, 8.599999999999994, 8.299999999999997, 7.700000000000003, 7.200000000000003, 6.799999999999997, 6.400000000000006, 5.599999999999994, 5.299999999999997, 4.799999999999997, 4.5, 4.200000000000003, 4.0, 3.799999999999997, 2.9000000000000057, 2.700000000000003, 2.5, 2.299999999999997, 2.0, 1.7999999999999972, 1.7999999999999972, 1.5999999999999943, 1.5, 1.4000000000000057, 1.2999999999999972, 1.0999999999999943, 0.9000000000000057, 0.7999999999999972, 0.7999999999999972, 0.7000000000000028, 0.5999999999999943, 0.4000000000000057, 0.4000000000000057, 0.29999999999999716, 0.29999999999999716, 0.20000000000000284, 0.20000000000000284, 0.09999999999999432, 0.0], "x": [243, 254, 261, 270, 273, 280, 282, 284, 287, 295, 298, 302, 307, 308, 309, 310, 314, 315, 316, 317, 318, 319, 320, 321, 322, 324, 326, 327, 328, 329, 331, 333, 335, 337, 338, 339, 340, 341, 343, 344, 345, 346, 347, 348, 349, 351, 352, 354, 355, 356, 357, 358, 359, 360, 361, 362, 364, 365, 366, 367, 368, 369, 370, 371, 372, 375, 376, 377, 378, 380, 381, 382, 383, 384, 385, 386, 388, 389, 390, 391, 392, 393, 394, 395, 396, 397, 398, 399, 400, 401, 403, 404, 405, 406, 407, 408, 409, 410, 411, 412, 413, 414, 416, 417, 418, 419, 420, 422, 423, 424, 425, 426, 427, 428, 429, 430, 431, 432, 433, 434, 435, 436, 437, 438, 439, 440, 441, 443, 444, 445, 446, 447, 448, 449, 450, 451, 452, 453, 454, 455, 456, 457, 458, 459, 460, 461, 462, 463, 464, 465, 466, 467, 468, 469, 470, 471, 472, 473, 474, 475, 476, 477, 478, 479, 481, 482, 483, 484, 485, 486, 487, 488, 489, 490, 491, 492, 493, 494, 495, 496, 497, 498, 499, 500, 501, 502, 503, 504, 505, 506, 507, 508, 509, 510, 511, 512, 513, 514, 515, 516, 517, 518, 519, 520, 521, 522, 523, 524, 525, 526, 527, 528, 529, 530, 531, 532, 533, 534, 535, 536, 537, 538, 539, 540, 542, 543, 544, 545, 546, 547, 548, 549, 550, 551, 552, 553, 554, 555, 556, 557, 558, 559, 560, 561, 562, 563, 564, 565, 566, 567, 568, 569, 570, 571, 572, 573, 574, 575, 576, 577, 578, 579, 580, 581, 582, 583, 584, 585, 586, 587, 588, 589, 590, 591, 592, 593, 594, 595, 596, 597, 598, 599, 600, 601, 602, 603, 604, 605, 606, 607, 608, 609, 610, 611, 612, 613, 614, 615, 616, 617, 618, 619, 620, 621, 622, 624, 626, 634, 635, 636, 637, 638, 639, 640, 642, 643, 655, 659, 677, 684, 686, 704]}}