{"histogram": {"x": [470, 480, 490, 500, 510, 520, 530, 540, 550, 559, 569, 584, 594, 615, 624, 633, 648, 663, 684, 705], "y": [1, 0, 1, 0, 0, 0, 0, 0, 0, 7, 14, 34, 93, 295, 147, 16, 290, 34, 347, 4]}, "percentile": {"x": [470, 485, 552, 553, 555, 557, 558, 560, 561, 562, 563, 564, 566, 567, 568, 569, 570, 571, 572, 573, 574, 575, 576, 577, 578, 580, 581, 582, 583, 584, 585, 586, 587, 588, 589, 590, 591, 592, 593, 594, 595, 596, 597, 598, 599, 600, 601, 602, 603, 604, 605, 606, 607, 608, 609, 610, 611, 612, 613, 614, 615, 616, 617, 618, 619, 620, 621, 622, 623, 624, 625, 626, 627, 629, 630, 632, 633, 634, 635, 636, 637, 638, 639, 640, 641, 642, 643, 644, 645, 646, 647, 648, 649, 650, 651, 652, 653, 654, 655, 656, 657, 658, 660, 661, 662, 663, 664, 665, 666, 667, 668, 669, 670, 671, 672, 673, 674, 675, 676, 677, 678, 679, 680, 681, 682, 683, 684, 685, 704], "y": [100.0, 99.9, 99.7, 99.6, 99.5, 99.4, 99.3, 99.3, 99.2, 99.1, 99.0, 99.0, 98.9, 98.7, 98.5, 98.3, 98.2, 98.0, 97.9, 97.9, 97.8, 97.6, 97.5, 97.2, 96.9, 96.6, 96.4, 96.0, 95.8, 95.6, 95.4, 95.3, 95.1, 94.6, 93.9, 93.6, 92.7, 92.2, 91.1, 88.3, 87.7, 87.6, 86.7, 85.9, 85.3, 84.6, 83.5, 82.3, 80.5, 79.5, 78.6, 77.6, 76.3, 74.5, 73.3, 72.2, 71.1, 69.5, 68.3, 66.9, 65.3, 64.7, 63.4, 61.9, 60.7, 59.6, 58.1, 56.5, 54.8, 53.9, 53.8, 53.5, 53.4, 53.2, 53.0, 52.9, 52.6, 51.8, 49.7, 48.4, 47.1, 45.9, 44.0, 42.7, 41.4, 39.9, 38.0, 37.0, 34.8, 33.0, 31.400000000000006, 30.0, 29.900000000000006, 29.799999999999997, 29.5, 29.400000000000006, 29.200000000000003, 29.099999999999994, 28.900000000000006, 28.799999999999997, 28.700000000000003, 28.200000000000003, 27.900000000000006, 27.700000000000003, 27.700000000000003, 27.400000000000006, 26.200000000000003, 25.299999999999997, 23.599999999999994, 22.700000000000003, 21.299999999999997, 20.099999999999994, 18.5, 16.900000000000006, 15.200000000000003, 14.0, 13.0, 12.099999999999994, 11.099999999999994, 10.299999999999997, 9.599999999999994, 9.0, 8.099999999999994, 7.5, 7.200000000000003, 6.400000000000006, 0.29999999999999716, 0.20000000000000284, 0.0]}}