{"percentile": {"y": [99.8, 99.5, 99.3, 99.0, 98.7, 98.5, 98.2, 98.0, 97.7, 97.2, 96.6, 96.1, 95.9, 95.3, 95.1, 93.8, 93.5, 93.0, 92.7, 92.4, 92.2, 91.9, 91.4, 89.8, 89.3, 87.2, 86.7, 85.4, 84.6, 83.0, 82.7, 80.4, 78.8, 77.5, 76.4, 75.6, 75.4, 75.1, 74.3, 73.8, 72.5, 71.2, 68.6, 66.2, 64.1, 63.3, 61.5, 59.4, 58.1, 56.7, 55.2, 53.6, 52.3, 50.7, 48.9, 48.6, 48.3, 47.8, 47.6, 47.3, 46.8, 46.0, 45.7, 44.4, 42.6, 41.3, 39.7, 38.9, 36.8, 35.5, 33.599999999999994, 29.400000000000006, 27.299999999999997, 25.200000000000003, 23.900000000000006, 21.0, 19.200000000000003, 17.599999999999994, 15.5, 13.700000000000003, 12.400000000000006, 10.0, 8.400000000000006, 0.0, -0.20000000000000284], "x": [547, 565, 576, 582, 583, 584, 586, 589, 593, 594, 597, 598, 599, 600, 601, 602, 603, 604, 605, 606, 607, 608, 609, 612, 613, 614, 615, 616, 617, 618, 619, 620, 621, 622, 623, 624, 625, 627, 628, 630, 634, 635, 636, 637, 638, 639, 640, 641, 642, 643, 644, 645, 646, 647, 648, 649, 652, 653, 654, 655, 656, 658, 661, 664, 665, 666, 667, 668, 669, 670, 671, 672, 673, 674, 675, 676, 677, 678, 679, 680, 681, 682, 683, 684, 704]}, "histogram": {"y": [1, 0, 1, 4, 5, 40, 42, 7, 95, 12, 174, 1], "x": [550, 559, 569, 584, 594, 615, 624, 633, 648, 663, 684, 705]}}