{"histogram": {"x": [584, 594, 615, 624, 633, 648, 663, 684, 705], "y": [2, 7, 45, 29, 10, 71, 9, 151, 3]}, "percentile": {"x": [583, 584, 586, 589, 594, 597, 598, 599, 600, 602, 603, 604, 605, 606, 607, 608, 609, 610, 611, 612, 613, 614, 615, 616, 617, 619, 620, 621, 622, 623, 624, 625, 626, 627, 628, 629, 632, 634, 635, 636, 637, 638, 639, 640, 641, 642, 643, 644, 645, 646, 647, 648, 649, 651, 652, 654, 658, 659, 663, 664, 665, 666, 667, 668, 669, 670, 671, 672, 673, 674, 675, 676, 677, 678, 680, 681, 682, 683, 684, 688, 699, 704], "y": [99.7, 99.4, 99.1, 98.5, 97.3, 96.7, 96.4, 95.8, 94.5, 94.2, 93.3, 93.0, 91.8, 91.2, 90.8, 90.2, 89.9, 88.7, 88.4, 86.9, 85.6, 85.0, 83.5, 82.9, 81.3, 79.5, 78.6, 77.0, 76.7, 75.2, 74.6, 74.3, 73.4, 72.7, 72.1, 71.8, 71.5, 70.0, 69.1, 68.1, 66.6, 65.4, 65.1, 64.5, 62.9, 62.0, 59.3, 56.8, 54.3, 52.2, 51.0, 49.7, 49.4, 49.1, 48.8, 48.5, 48.2, 47.6, 47.0, 45.1, 43.3, 42.4, 41.5, 40.2, 37.2, 35.599999999999994, 33.2, 31.599999999999994, 30.400000000000006, 28.299999999999997, 26.700000000000003, 26.099999999999994, 24.0, 20.599999999999994, 20.0, 18.5, 15.400000000000006, 12.0, 0.7000000000000028, 0.4000000000000057, 0.0, -0.29999999999999716]}}