{"histogram": {"y": [1, 0, 4, 4, 142, 263, 114, 51, 136, 24, 89, 9], "x": [550, 559, 569, 584, 594, 615, 624, 633, 648, 663, 684, 705]}, "percentile": {"y": [99.9, 99.7, 99.6, 99.5, 99.3, 99.2, 99.1, 99.0, 98.9, 98.6, 98.3, 98.0, 97.5, 97.2, 96.0, 82.0, 81.4, 80.8, 80.0, 79.0, 78.2, 77.0, 76.0, 74.2, 72.5, 70.6, 69.2, 68.5, 67.2, 65.1, 63.7, 61.8, 59.6, 57.7, 56.2, 54.7, 50.5, 49.5, 47.7, 46.5, 45.1, 43.2, 41.0, 39.9, 38.8, 36.9, 36.2, 35.3, 34.3, 33.3, 32.7, 32.0, 31.599999999999994, 31.400000000000006, 30.799999999999997, 29.700000000000003, 28.799999999999997, 28.0, 25.599999999999994, 24.200000000000003, 23.700000000000003, 22.400000000000006, 21.700000000000003, 20.400000000000006, 18.900000000000006, 17.599999999999994, 16.900000000000006, 16.200000000000003, 15.599999999999994, 14.5, 14.400000000000006, 14.200000000000003, 13.900000000000006, 13.599999999999994, 13.299999999999997, 13.200000000000003, 13.0, 12.599999999999994, 12.5, 12.0, 11.900000000000006, 11.700000000000003, 11.299999999999997, 10.900000000000006, 10.599999999999994, 9.900000000000006, 9.299999999999997, 9.099999999999994, 8.799999999999997, 8.400000000000006, 8.200000000000003, 7.799999999999997, 7.700000000000003, 7.5, 7.200000000000003, 6.599999999999994, 6.400000000000006, 6.299999999999997, 5.599999999999994, 5.299999999999997, 5.099999999999994, 4.599999999999994, 1.0, 0.9000000000000057, 0.5999999999999943, 0.5, 0.4000000000000057, 0.29999999999999716, 0.20000000000000284, 0.0, -0.09999999999999432], "x": [549, 564, 565, 569, 571, 574, 577, 580, 585, 587, 589, 590, 591, 592, 593, 594, 595, 596, 597, 598, 599, 600, 601, 602, 603, 604, 605, 606, 607, 608, 609, 610, 611, 612, 613, 614, 615, 616, 617, 618, 619, 620, 621, 622, 623, 624, 625, 626, 627, 628, 629, 630, 631, 632, 633, 634, 635, 636, 637, 638, 639, 640, 641, 642, 643, 644, 645, 646, 647, 648, 649, 650, 652, 653, 655, 656, 657, 658, 659, 660, 662, 663, 664, 665, 666, 667, 668, 669, 670, 671, 672, 673, 674, 675, 676, 677, 678, 679, 680, 681, 682, 683, 684, 687, 689, 690, 692, 694, 696, 699, 704]}}