{"histogram": {"y": [1, 5, 1, 3, 8, 12, 6, 10, 16, 11, 21, 25, 22, 32, 30, 39, 51, 42, 35, 61, 46, 50, 68, 75, 62, 82, 117, 316, 167, 597, 153, 618, 77, 18, 107, 8, 53, 2], "x": [270, 300, 310, 320, 330, 340, 350, 360, 370, 380, 390, 400, 410, 420, 430, 440, 450, 460, 470, 480, 490, 500, 510, 520, 530, 540, 550, 559, 569, 584, 594, 615, 624, 633, 648, 663, 684, 705]}, "percentile": {"y": [100.0, 100.0, 100.0, 99.9, 99.9, 99.9, 99.8, 99.8, 99.8, 99.7, 99.7, 99.6, 99.6, 99.6, 99.5, 99.5, 99.5, 99.4, 99.4, 99.3, 99.3, 99.3, 99.2, 99.1, 99.1, 99.0, 99.0, 99.0, 98.9, 98.8, 98.8, 98.7, 98.7, 98.6, 98.6, 98.5, 98.5, 98.3, 98.3, 98.2, 98.2, 98.1, 98.1, 98.0, 98.0, 97.9, 97.9, 97.8, 97.8, 97.8, 97.7, 97.7, 97.7, 97.6, 97.4, 97.3, 97.3, 97.2, 97.2, 97.1, 97.1, 97.0, 97.0, 96.9, 96.9, 96.7, 96.6, 96.5, 96.5, 96.3, 96.2, 96.1, 96.1, 96.0, 95.9, 95.8, 95.8, 95.7, 95.6, 95.6, 95.4, 95.2, 95.1, 95.1, 95.0, 94.9, 94.9, 94.8, 94.7, 94.4, 94.4, 94.3, 94.2, 93.9, 93.8, 93.7, 93.6, 93.5, 93.5, 93.4, 93.3, 93.2, 92.9, 92.8, 92.6, 92.5, 92.3, 92.2, 92.1, 92.0, 91.9, 91.7, 91.5, 91.3, 91.1, 90.8, 90.6, 90.6, 90.4, 90.4, 90.3, 90.1, 90.0, 89.7, 89.5, 89.4, 89.3, 89.2, 89.1, 89.0, 88.9, 88.9, 88.8, 88.5, 88.4, 88.2, 88.2, 88.1, 87.9, 87.7, 87.5, 87.4, 87.1, 87.0, 86.9, 86.5, 86.4, 86.3, 85.9, 85.8, 85.7, 85.6, 85.5, 85.3, 85.1, 84.8, 84.8, 84.7, 84.4, 84.2, 84.2, 84.0, 83.9, 83.8, 83.6, 83.4, 83.3, 83.1, 82.7, 82.5, 82.3, 82.1, 82.0, 81.6, 81.4, 81.2, 81.0, 80.8, 80.5, 80.2, 79.8, 79.6, 79.5, 79.3, 79.1, 78.7, 78.5, 78.4, 78.1, 77.8, 77.6, 77.5, 77.4, 77.2, 77.0, 76.9, 76.6, 76.4, 76.0, 76.0, 75.6, 75.4, 75.1, 75.0, 74.7, 74.5, 74.1, 73.9, 73.3, 73.2, 73.0, 72.7, 72.6, 72.0, 71.8, 71.5, 71.3, 71.1, 69.5, 69.0, 68.1, 67.1, 65.8, 64.7, 63.4, 62.2, 60.8, 59.1, 58.9, 58.5, 58.2, 57.9, 56.8, 56.3, 56.2, 55.9, 55.7, 53.6, 53.1, 52.2, 50.7, 49.8, 48.5, 46.8, 45.4, 44.1, 42.6, 41.5, 40.4, 39.1, 37.9, 36.5, 34.0, 33.7, 33.400000000000006, 33.099999999999994, 32.7, 31.799999999999997, 31.5, 31.200000000000003, 30.900000000000006, 30.5, 29.0, 28.700000000000003, 27.900000000000006, 26.799999999999997, 25.900000000000006, 24.599999999999994, 23.599999999999994, 22.599999999999994, 21.599999999999994, 20.5, 19.599999999999994, 18.5, 17.799999999999997, 16.5, 15.700000000000003, 15.0, 14.0, 13.099999999999994, 12.299999999999997, 11.799999999999997, 11.099999999999994, 8.700000000000003, 8.5, 8.400000000000006, 8.200000000000003, 7.799999999999997, 7.5, 7.099999999999994, 6.700000000000003, 6.5, 6.200000000000003, 6.200000000000003, 6.099999999999994, 5.900000000000006, 5.900000000000006, 5.799999999999997, 5.700000000000003, 5.599999999999994, 5.200000000000003, 4.900000000000006, 4.700000000000003, 4.400000000000006, 4.099999999999994, 3.9000000000000057, 3.799999999999997, 3.5, 3.299999999999997, 3.0, 2.799999999999997, 2.5999999999999943, 2.4000000000000057, 2.299999999999997, 2.0999999999999943, 2.0999999999999943, 2.0, 2.0, 1.9000000000000057, 1.9000000000000057, 1.9000000000000057, 1.7999999999999972, 1.7999999999999972, 1.7000000000000028, 1.5999999999999943, 1.5999999999999943, 1.5, 1.4000000000000057, 1.2999999999999972, 1.2000000000000028, 1.0999999999999943, 1.0, 1.0, 0.9000000000000057, 0.7999999999999972, 0.7000000000000028, 0.5999999999999943, 0.5, 0.4000000000000057, 0.29999999999999716, 0.29999999999999716, 0.09999999999999432, 0.0, 0.0], "x": [255, 285, 288, 295, 296, 297, 310, 314, 316, 317, 321, 322, 323, 325, 328, 329, 330, 331, 332, 333, 334, 336, 337, 339, 340, 345, 348, 349, 350, 351, 352, 353, 355, 356, 357, 360, 362, 363, 364, 365, 367, 368, 369, 370, 372, 373, 374, 375, 376, 377, 378, 379, 380, 381, 382, 383, 384, 385, 386, 387, 388, 389, 390, 391, 393, 394, 395, 396, 397, 398, 399, 400, 401, 402, 403, 404, 405, 407, 408, 409, 410, 411, 412, 413, 414, 415, 416, 417, 418, 419, 420, 421, 422, 423, 424, 425, 426, 427, 429, 430, 431, 432, 434, 435, 436, 437, 438, 439, 440, 441, 442, 443, 444, 445, 446, 447, 448, 449, 450, 451, 452, 453, 454, 455, 456, 457, 458, 459, 460, 461, 462, 463, 464, 465, 466, 467, 468, 469, 470, 471, 472, 473, 474, 475, 476, 477, 478, 479, 480, 481, 482, 483, 484, 485, 486, 487, 488, 489, 490, 491, 492, 493, 494, 495, 496, 497, 498, 499, 500, 501, 502, 503, 504, 505, 506, 507, 508, 509, 510, 511, 512, 513, 514, 515, 516, 517, 518, 519, 520, 521, 522, 523, 524, 525, 526, 527, 528, 529, 530, 531, 532, 533, 534, 535, 536, 537, 538, 539, 540, 541, 542, 543, 544, 545, 546, 547, 548, 549, 550, 551, 552, 553, 554, 555, 556, 557, 558, 559, 560, 561, 562, 563, 564, 565, 566, 567, 568, 569, 570, 571, 572, 573, 574, 575, 576, 577, 578, 579, 580, 581, 582, 583, 584, 585, 586, 587, 588, 589, 590, 591, 592, 593, 594, 595, 596, 597, 598, 599, 600, 601, 602, 603, 604, 605, 606, 607, 608, 609, 610, 611, 612, 613, 614, 615, 616, 617, 618, 619, 620, 621, 622, 623, 624, 625, 626, 627, 628, 630, 632, 633, 634, 635, 636, 637, 638, 639, 640, 641, 642, 643, 644, 645, 646, 647, 648, 649, 650, 652, 653, 654, 661, 663, 664, 665, 666, 667, 668, 669, 670, 671, 672, 673, 674, 675, 676, 677, 678, 679, 680, 682, 683, 684, 701, 704]}}