{"percentile": {"x": [423, 439, 522, 533, 542, 545, 546, 548, 549, 550, 551, 554, 558, 560, 562, 563, 564, 565, 566, 567, 568, 569, 570, 571, 572, 573, 574, 575, 576, 577, 578, 579, 580, 581, 582, 583, 584, 585, 586, 587, 588, 589, 590, 591, 592, 593, 594, 595, 596, 597, 598, 599, 600, 601, 602, 603, 604, 605, 606, 607, 608, 609, 610, 611, 612, 613, 614, 615, 616, 617, 618, 619, 620, 621, 622, 623, 624, 625, 626, 627, 628, 629, 630, 631, 632, 633, 634, 635, 636, 637, 638, 639, 640, 641, 642, 643, 644, 645, 646, 647, 648, 649, 650, 651, 652, 653, 654, 655, 656, 657, 658, 659, 660, 661, 662, 663, 664, 665, 666, 667, 668, 669, 670, 671, 672, 673, 674, 675, 676, 677, 678, 679, 680, 681, 682, 683, 684, 685, 686, 687, 688, 689, 690, 691, 692, 693, 694, 695, 696, 697, 698, 699, 700, 701, 702, 703, 704], "y": [100.0, 100.0, 100.0, 100.0, 100.0, 99.9, 99.9, 99.9, 99.9, 99.8, 99.8, 99.7, 99.7, 99.7, 99.6, 99.6, 99.5, 99.5, 99.5, 99.4, 99.3, 99.2, 99.2, 99.2, 99.1, 99.0, 99.0, 98.9, 98.8, 98.7, 98.6, 98.6, 98.6, 98.5, 98.5, 98.4, 98.3, 98.2, 98.0, 97.8, 97.5, 97.2, 96.8, 96.6, 96.2, 95.8, 94.2, 94.0, 93.8, 93.6, 93.2, 92.9, 92.6, 92.3, 91.9, 91.4, 91.1, 90.7, 90.2, 89.7, 89.2, 88.8, 88.2, 87.8, 87.3, 86.7, 86.1, 85.1, 84.5, 83.8, 83.2, 82.6, 81.8, 80.9, 80.1, 79.3, 78.6, 78.5, 78.4, 78.3, 78.1, 78.0, 77.9, 77.7, 77.6, 77.2, 76.5, 75.5, 74.6, 73.5, 72.5, 71.5, 70.4, 69.2, 68.2, 67.0, 65.9, 64.7, 63.7, 62.6, 61.2, 61.1, 60.8, 60.7, 60.5, 60.3, 60.1, 59.9, 59.7, 59.5, 59.3, 59.2, 59.1, 59.0, 58.9, 58.7, 57.5, 56.1, 55.0, 53.6, 52.4, 51.0, 49.5, 48.1, 46.7, 45.2, 43.8, 42.6, 41.4, 40.3, 38.9, 37.5, 36.0, 34.5, 33.0, 30.5, 0.9000000000000057, 0.7999999999999972, 0.7999999999999972, 0.7999999999999972, 0.7000000000000028, 0.7000000000000028, 0.7000000000000028, 0.5999999999999943, 0.5999999999999943, 0.5999999999999943, 0.5999999999999943, 0.5, 0.5, 0.4000000000000057, 0.4000000000000057, 0.4000000000000057, 0.4000000000000057, 0.29999999999999716, 0.29999999999999716, 0.29999999999999716, 0.0]}, "histogram": {"x": [430, 440, 450, 460, 470, 480, 490, 500, 510, 520, 530, 540, 550, 559, 569, 584, 594, 615, 624, 633, 648, 663, 684, 705], "y": [1, 1, 0, 0, 0, 0, 0, 0, 0, 0, 1, 2, 19, 4, 43, 80, 350, 777, 555, 115, 1368, 217, 4937, 70]}}