{"percentile": {"y": [100.0, 100.0, 100.0, 100.0, 100.0, 100.0, 100.0, 100.0, 100.0, 100.0, 99.9, 99.9, 99.9, 99.9, 99.9, 99.9, 99.9, 99.8, 99.8, 99.8, 99.8, 99.7, 99.7, 99.7, 99.6, 99.6, 99.5, 99.5, 99.5, 99.4, 99.3, 99.3, 99.3, 99.2, 99.1, 98.9, 98.9, 98.8, 98.7, 98.6, 98.4, 98.3, 98.2, 98.1, 97.9, 97.7, 97.5, 97.4, 97.1, 96.9, 96.6, 96.5, 96.2, 96.0, 95.8, 95.4, 95.2, 94.9, 94.7, 94.4, 93.8, 93.5, 93.1, 92.7, 92.0, 90.5, 90.2, 89.7, 89.0, 88.3, 87.5, 86.6, 85.9, 84.9, 83.9, 82.8, 81.7, 80.5, 79.5, 78.3, 77.0, 75.8, 74.6, 73.2, 71.8, 70.1, 66.8, 65.7, 64.6, 63.2, 61.9, 60.7, 59.4, 58.1, 57.1, 55.7, 55.5, 55.3, 55.0, 54.7, 54.5, 54.3, 54.0, 53.8, 53.2, 51.9, 50.6, 49.1, 47.5, 45.9, 44.2, 42.3, 40.7, 39.2, 37.4, 36.0, 34.5, 33.2, 32.099999999999994, 30.700000000000003, 30.5, 30.299999999999997, 30.0, 29.700000000000003, 29.400000000000006, 29.099999999999994, 28.900000000000006, 28.700000000000003, 28.5, 28.299999999999997, 28.200000000000003, 28.099999999999994, 28.0, 27.900000000000006, 27.599999999999994, 26.299999999999997, 24.900000000000006, 23.299999999999997, 22.0, 20.700000000000003, 19.200000000000003, 17.900000000000006, 16.599999999999994, 15.099999999999994, 13.900000000000006, 12.799999999999997, 11.599999999999994, 10.700000000000003, 9.599999999999994, 8.599999999999994, 7.700000000000003, 6.799999999999997, 5.900000000000006, 4.900000000000006, 4.200000000000003, 0.4000000000000057, 0.29999999999999716, 0.29999999999999716, 0.29999999999999716, 0.29999999999999716, 0.29999999999999716, 0.29999999999999716, 0.20000000000000284, 0.20000000000000284, 0.20000000000000284, 0.20000000000000284, 0.20000000000000284, 0.20000000000000284, 0.20000000000000284, 0.20000000000000284, 0.09999999999999432, 0.09999999999999432, 0.0], "x": [464, 501, 511, 515, 517, 520, 521, 527, 528, 530, 533, 534, 535, 536, 538, 543, 544, 545, 546, 547, 549, 550, 551, 552, 553, 554, 555, 556, 557, 558, 559, 560, 561, 562, 563, 564, 565, 566, 567, 568, 569, 570, 571, 572, 573, 574, 575, 576, 577, 578, 579, 580, 581, 582, 583, 584, 585, 586, 587, 588, 589, 590, 591, 592, 593, 594, 595, 596, 597, 598, 599, 600, 601, 602, 603, 604, 605, 606, 607, 608, 609, 610, 611, 612, 613, 614, 615, 616, 617, 618, 619, 620, 621, 622, 623, 624, 625, 626, 627, 628, 629, 630, 631, 632, 633, 634, 635, 636, 637, 638, 639, 640, 641, 642, 643, 644, 645, 646, 647, 648, 649, 650, 651, 652, 653, 654, 655, 656, 657, 658, 659, 660, 661, 662, 663, 664, 665, 666, 667, 668, 669, 670, 671, 672, 673, 674, 675, 676, 677, 678, 679, 680, 681, 682, 683, 684, 686, 687, 688, 689, 690, 691, 692, 693, 694, 695, 697, 698, 699, 700, 701, 703, 704]}, "histogram": {"y": [1, 0, 0, 0, 1, 4, 5, 6, 19, 48, 109, 333, 559, 2708, 1267, 289, 2563, 359, 3103, 36], "x": [470, 480, 490, 500, 510, 520, 530, 540, 550, 559, 569, 584, 594, 615, 624, 633, 648, 663, 684, 705]}}