{"histogram": {"y": [1, 0, 0, 0, 0, 0, 0, 0, 1, 0, 0, 0, 0, 0, 0, 0, 0, 0, 0, 1, 0, 0, 0, 1, 0, 0, 2, 0, 0, 1, 1, 7, 8, 4, 0, 16, 1, 40, 0], "x": [240, 270, 300, 310, 320, 330, 340, 350, 360, 370, 380, 390, 400, 410, 420, 430, 440, 450, 460, 470, 480, 490, 500, 510, 520, 530, 540, 550, 559, 569, 584, 594, 615, 624, 633, 648, 663, 684, 705]}, "percentile": {"y": [98.8, 97.6, 96.4, 95.2, 94.0, 92.8, 91.6, 90.4, 89.2, 86.8, 85.6, 83.2, 82.0, 79.6, 77.2, 76.0, 74.7, 73.5, 72.3, 71.1, 69.9, 67.5, 63.9, 62.7, 61.5, 60.3, 59.1, 57.9, 55.5, 53.1, 48.2, 47.0, 44.6, 43.4, 42.2, 37.4, 33.8, 31.400000000000006, 30.200000000000003, 27.799999999999997, 26.599999999999994, 25.400000000000006, 24.099999999999994, 21.700000000000003, 20.5, 18.099999999999994, 16.900000000000006, 10.900000000000006, -1.2000000000000028], "x": [85, 359, 464, 504, 539, 540, 568, 582, 585, 587, 591, 593, 594, 597, 598, 602, 603, 605, 613, 617, 618, 624, 634, 635, 636, 638, 640, 641, 642, 645, 647, 659, 664, 665, 666, 667, 668, 669, 670, 671, 672, 675, 676, 677, 678, 679, 682, 683, 684]}}