{"percentile": {"y": [99.8, 99.6, 99.4, 99.2, 99.0, 98.8, 98.6, 98.0, 97.8, 97.6, 97.4, 97.2, 97.0, 96.4, 96.2, 95.8, 95.6, 95.2, 93.0, 92.8, 92.6, 92.2, 91.6, 91.4, 90.6, 90.2, 89.8, 89.4, 88.8, 87.8, 86.4, 85.8, 85.4, 85.0, 84.8, 83.8, 82.5, 80.7, 79.9, 79.5, 78.5, 77.5, 75.3, 74.1, 72.9, 71.3, 70.7, 70.3, 70.1, 69.9, 69.5, 68.9, 67.9, 66.4, 64.8, 63.4, 62.0, 61.4, 58.8, 57.4, 56.2, 55.4, 54.6, 53.4, 52.0, 50.8, 50.6, 50.4, 49.9, 49.7, 49.5, 49.3, 48.9, 47.5, 46.7, 45.3, 43.7, 42.7, 41.1, 39.3, 39.1, 37.5, 35.900000000000006, 35.5, 34.5, 32.8, 31.0, 29.599999999999994, 27.200000000000003, 25.799999999999997, 24.599999999999994, 22.799999999999997, 21.599999999999994, 0.5, 0.29999999999999716, 0.0, -0.20000000000000284], "x": [545, 553, 559, 564, 568, 573, 575, 576, 577, 578, 579, 584, 587, 589, 590, 591, 592, 593, 594, 595, 596, 597, 600, 601, 602, 603, 604, 605, 606, 607, 608, 609, 610, 611, 612, 613, 614, 615, 616, 617, 618, 619, 620, 621, 622, 623, 624, 626, 627, 630, 633, 634, 635, 636, 637, 638, 639, 640, 641, 642, 643, 644, 645, 646, 647, 648, 649, 651, 653, 655, 656, 661, 663, 664, 665, 666, 667, 668, 669, 670, 671, 672, 673, 674, 675, 676, 677, 678, 679, 680, 681, 682, 683, 684, 695, 697, 699]}, "histogram": {"y": [1, 2, 2, 9, 21, 61, 50, 6, 93, 9, 241, 3], "x": [550, 559, 569, 584, 594, 615, 624, 633, 648, 663, 684, 705]}}