{"percentile": {"x": [562, 563, 564, 565, 567, 569, 571, 572, 573, 577, 581, 583, 584, 585, 586, 587, 588, 589, 590, 591, 592, 594, 595, 596, 597, 598, 599, 600, 601, 602, 603, 604, 605, 606, 607, 608, 609, 610, 612, 613, 614, 615, 616, 617, 618, 619, 620, 621, 622, 623, 624, 626, 627, 629, 630, 632, 633, 634, 635, 636, 637, 638, 639, 640, 641, 642, 643, 644, 645, 646, 647, 648, 651, 653, 654, 656, 657, 658, 659, 662, 663, 664, 665, 666, 667, 668, 669, 670, 671, 672, 673, 674, 675, 676, 677, 678, 679, 680, 681, 682, 683, 684, 686, 691, 703, 704], "y": [99.9, 99.8, 99.7, 99.5, 99.3, 99.0, 98.8, 98.6, 98.5, 98.4, 98.3, 98.1, 97.9, 97.8, 97.5, 97.4, 97.0, 96.7, 96.4, 96.2, 96.0, 94.1, 93.8, 93.7, 93.5, 92.9, 92.7, 92.4, 92.3, 92.1, 91.5, 90.7, 90.1, 89.7, 89.2, 89.1, 88.8, 88.4, 88.1, 87.5, 87.3, 86.7, 86.3, 85.4, 85.0, 84.7, 83.7, 83.2, 82.4, 81.9, 81.6, 81.4, 81.2, 80.9, 80.8, 80.7, 79.9, 78.9, 78.4, 76.3, 75.0, 74.5, 73.6, 72.6, 71.7, 70.5, 68.8, 67.8, 66.2, 65.5, 63.4, 62.4, 62.2, 61.9, 61.7, 61.3, 61.1, 60.9, 60.8, 60.5, 60.3, 58.7, 57.6, 56.3, 53.6, 52.3, 50.9, 49.3, 48.0, 46.5, 44.9, 43.9, 42.1, 40.9, 40.0, 38.1, 36.9, 36.0, 34.2, 33.7, 30.900000000000006, 0.7000000000000028, 0.5999999999999943, 0.4000000000000057, 0.29999999999999716, -0.09999999999999432]}, "histogram": {"x": [569, 584, 594, 615, 624, 633, 648, 663, 684, 705], "y": [8, 9, 30, 58, 40, 13, 137, 17, 467, 6]}}