{"histogram": {"x": [530, 540, 550, 559, 569, 584, 594, 615, 624, 633, 648, 663, 684, 705], "y": [1, 1, 1, 6, 12, 39, 62, 398, 213, 57, 447, 76, 615, 9]}, "percentile": {"x": [530, 540, 544, 553, 554, 555, 559, 563, 564, 566, 567, 568, 569, 572, 573, 574, 575, 576, 577, 578, 579, 580, 581, 583, 584, 585, 586, 587, 588, 589, 590, 592, 593, 594, 595, 596, 597, 598, 599, 600, 601, 602, 603, 604, 605, 606, 607, 608, 609, 610, 611, 612, 613, 614, 615, 616, 617, 618, 619, 620, 621, 622, 623, 624, 625, 626, 627, 628, 629, 630, 631, 632, 633, 634, 635, 636, 637, 638, 639, 640, 641, 642, 643, 644, 645, 646, 647, 648, 649, 650, 651, 652, 653, 654, 655, 656, 657, 658, 659, 660, 661, 662, 663, 664, 665, 666, 667, 668, 669, 670, 671, 672, 673, 674, 675, 676, 677, 678, 679, 680, 681, 682, 683, 684, 686, 687, 688, 689, 692, 698, 699, 701, 704], "y": [100.0, 99.9, 99.9, 99.8, 99.7, 99.6, 99.6, 99.5, 99.4, 99.3, 99.2, 99.2, 99.0, 98.9, 98.8, 98.7, 98.6, 98.3, 98.3, 98.1, 97.8, 97.6, 97.6, 97.5, 97.0, 96.8, 96.6, 96.4, 96.2, 96.0, 95.8, 95.4, 95.0, 93.7, 93.5, 93.0, 91.8, 91.2, 90.7, 90.2, 89.6, 88.8, 88.0, 87.2, 86.2, 84.8, 83.6, 82.8, 82.1, 81.2, 80.0, 78.8, 77.6, 76.0, 73.2, 72.1, 70.7, 69.2, 68.0, 66.7, 65.5, 64.7, 63.5, 62.2, 61.8, 61.7, 61.5, 61.3, 61.1, 60.7, 60.5, 60.2, 59.2, 58.0, 56.9, 55.4, 53.9, 52.2, 50.8, 48.9, 47.7, 45.7, 44.0, 42.7, 40.5, 38.7, 37.8, 36.2, 35.900000000000006, 35.7, 35.400000000000006, 35.099999999999994, 34.599999999999994, 34.099999999999994, 33.7, 33.5, 33.2, 33.099999999999994, 33.0, 32.8, 32.7, 32.599999999999994, 32.2, 30.900000000000006, 29.099999999999994, 27.900000000000006, 26.099999999999994, 25.299999999999997, 23.099999999999994, 21.599999999999994, 20.299999999999997, 18.099999999999994, 17.400000000000006, 16.200000000000003, 14.900000000000006, 13.599999999999994, 11.900000000000006, 10.900000000000006, 9.700000000000003, 8.400000000000006, 7.400000000000006, 6.099999999999994, 5.200000000000003, 0.5, 0.4000000000000057, 0.4000000000000057, 0.29999999999999716, 0.29999999999999716, 0.20000000000000284, 0.20000000000000284, 0.09999999999999432, 0.0, 0.0]}}