{"histogram": {"x": [584, 594, 615, 624, 633, 648, 663, 684, 705], "y": [2, 0, 13, 4, 6, 16, 4, 26, 1]}, "percentile": {"x": [576, 605, 606, 607, 608, 609, 613, 614, 615, 619, 622, 623, 624, 625, 628, 629, 633, 634, 635, 636, 638, 639, 640, 641, 642, 644, 645, 648, 653, 655, 656, 657, 664, 665, 666, 668, 669, 670, 671, 672, 673, 675, 677, 678, 680, 681, 683, 684, 704], "y": [97.2, 95.8, 94.4, 93.0, 91.6, 90.2, 88.8, 87.4, 78.9, 77.5, 76.1, 74.7, 73.3, 70.5, 69.1, 67.7, 64.8, 62.0, 60.6, 59.2, 57.8, 56.4, 53.6, 52.2, 50.8, 49.3, 45.1, 42.3, 40.9, 39.5, 38.1, 36.7, 35.3, 32.400000000000006, 31.0, 28.200000000000003, 25.400000000000006, 22.599999999999994, 19.799999999999997, 18.400000000000006, 17.0, 15.5, 12.700000000000003, 8.5, 7.099999999999994, 5.700000000000003, 2.9000000000000057, 0.0, -1.4000000000000057]}}