{"histogram": {"y": [1, 0, 3, 3, 2, 2, 2, 2, 0, 4, 5, 6, 1, 6, 2, 5, 8, 15, 20, 10, 31, 16, 24, 1, 1, 0, 0, 0, 2], "x": [380, 390, 400, 410, 420, 430, 440, 450, 460, 470, 480, 490, 500, 510, 520, 530, 540, 550, 559, 569, 584, 594, 615, 624, 633, 648, 663, 684, 705]}, "percentile": {"y": [99.5, 98.9, 97.7, 97.1, 96.5, 96.0, 95.4, 94.8, 94.2, 93.6, 93.0, 92.4, 91.9, 91.3, 90.7, 90.1, 89.5, 88.9, 88.4, 87.2, 86.6, 86.0, 85.4, 84.3, 83.1, 82.5, 81.9, 81.3, 80.8, 80.2, 79.6, 79.0, 78.4, 77.8, 77.2, 76.7, 76.1, 75.5, 74.9, 74.3, 73.7, 73.1, 72.6, 71.4, 69.6, 69.1, 68.5, 67.9, 66.7, 65.5, 64.4, 60.9, 60.3, 59.1, 56.8, 55.0, 54.4, 53.9, 49.2, 48.6, 47.4, 46.8, 45.7, 44.5, 43.3, 42.2, 41.6, 40.4, 38.1, 37.5, 36.3, 35.099999999999994, 34.0, 33.400000000000006, 32.2, 31.0, 28.700000000000003, 25.200000000000003, 24.599999999999994, 23.400000000000006, 22.900000000000006, 21.099999999999994, 20.5, 19.900000000000006, 19.299999999999997, 15.799999999999997, 15.299999999999997, 13.5, 12.900000000000006, 11.700000000000003, 11.200000000000003, 10.599999999999994, 10.0, 8.799999999999997, 7.700000000000003, 7.099999999999994, 6.5, 5.900000000000006, 4.099999999999994, 3.5999999999999943, 1.7999999999999972, 1.2000000000000028, 0.5999999999999943, -0.5], "x": [375, 391, 399, 402, 403, 404, 417, 418, 424, 428, 431, 437, 447, 449, 462, 465, 467, 469, 471, 472, 475, 477, 481, 482, 483, 485, 499, 501, 503, 504, 506, 509, 510, 511, 513, 521, 522, 523, 528, 529, 531, 535, 537, 539, 540, 542, 545, 546, 547, 548, 549, 550, 551, 552, 553, 554, 556, 558, 559, 561, 562, 563, 564, 566, 569, 571, 572, 573, 574, 576, 577, 578, 579, 580, 581, 582, 583, 584, 585, 586, 587, 589, 590, 591, 592, 594, 595, 597, 599, 600, 602, 604, 605, 607, 608, 609, 610, 612, 613, 614, 615, 624, 632, 704]}}