{"histogram": {"x": [300, 310, 320, 330, 340, 350, 360, 370, 380, 390, 400, 410, 420, 430, 440, 450, 460, 470, 480, 490, 500, 510, 520, 530, 540, 550, 559, 569, 584, 594, 615, 624, 633, 648, 663, 684, 705], "y": [1, 0, 0, 0, 0, 1, 0, 0, 2, 0, 2, 1, 1, 2, 0, 0, 1, 0, 3, 1, 2, 2, 2, 6, 3, 3, 4, 2, 4, 0, 0, 0, 1, 0, 0, 0, 0]}, "percentile": {"x": [283, 350, 373, 376, 391, 395, 404, 413, 422, 427, 456, 471, 477, 478, 487, 491, 496, 501, 504, 517, 519, 521, 522, 523, 524, 527, 538, 539, 540, 546, 547, 548, 553, 558, 559, 565, 568, 575, 578, 584, 629], "y": [97.7, 95.4, 93.1, 90.7, 88.4, 86.1, 83.8, 81.4, 79.1, 76.8, 74.5, 72.1, 69.8, 67.5, 65.2, 62.8, 60.5, 58.2, 55.9, 53.5, 51.2, 46.6, 44.2, 41.9, 39.6, 37.3, 34.900000000000006, 32.599999999999994, 30.299999999999997, 28.0, 25.599999999999994, 23.299999999999997, 21.0, 16.299999999999997, 14.0, 11.700000000000003, 9.400000000000006, 7.0, 4.700000000000003, 0.0, -2.299999999999997]}}