{"percentile": {"y": [97.9, 95.7, 93.5, 91.4, 89.2, 87.0, 84.8, 82.7, 80.5, 78.3, 76.1, 74.0, 69.6, 67.4, 65.3, 63.1, 60.9, 58.7, 56.6, 54.4, 52.2, 50.0, 45.7, 43.5, 41.4, 39.2, 32.7, 30.5, 28.299999999999997, 26.099999999999994, 24.0, 21.799999999999997, 15.299999999999997, 13.099999999999994, 10.900000000000006, 8.700000000000003, 4.400000000000006, 2.200000000000003, -2.0999999999999943], "x": [509, 534, 558, 560, 562, 567, 571, 578, 580, 584, 588, 589, 592, 593, 594, 598, 604, 610, 611, 622, 623, 633, 634, 638, 641, 642, 643, 646, 664, 665, 669, 671, 672, 673, 675, 676, 677, 678, 684]}, "histogram": {"y": [1, 0, 0, 1, 0, 1, 3, 4, 6, 4, 2, 1, 9, 0, 15, 0], "x": [510, 520, 530, 540, 550, 559, 569, 584, 594, 615, 624, 633, 648, 663, 684, 705]}}