{"percentile": {"y": [98.3, 96.5, 94.8, 93.0, 91.3, 89.5, 87.8, 86.0, 82.5, 80.8, 79.0, 77.2, 73.7, 72.0, 70.2, 66.7, 65.0, 63.2, 59.7, 57.9, 56.2, 54.4, 52.7, 50.9, 49.2, 47.4, 45.7, 43.9, 40.4, 38.6, 36.9, 28.099999999999994, 24.599999999999994, 21.099999999999994, 19.299999999999997, 17.599999999999994, 15.799999999999997, 14.099999999999994, 10.599999999999994, 8.799999999999997, 7.099999999999994, 5.299999999999997, 3.5999999999999943, 1.7999999999999972, 0.0, -1.7000000000000028], "x": [392, 415, 422, 462, 467, 497, 499, 505, 507, 508, 517, 527, 531, 532, 534, 535, 550, 552, 553, 555, 556, 557, 559, 565, 566, 569, 573, 574, 575, 577, 578, 579, 580, 581, 582, 587, 588, 589, 594, 599, 605, 606, 615, 641, 643, 646]}, "histogram": {"y": [1, 0, 1, 1, 0, 0, 0, 2, 0, 0, 2, 4, 1, 1, 6, 1, 7, 3, 16, 5, 4, 0, 0, 3, 0, 0, 0], "x": [400, 410, 420, 430, 440, 450, 460, 470, 480, 490, 500, 510, 520, 530, 540, 550, 559, 569, 584, 594, 615, 624, 633, 648, 663, 684, 705]}}