{"histogram": {"x": [559, 569, 584, 594, 615, 624, 633, 648, 663, 684, 705], "y": [1, 1, 10, 25, 129, 72, 15, 175, 14, 290, 9]}, "percentile": {"x": [555, 560, 574, 575, 581, 582, 584, 585, 586, 588, 589, 590, 591, 592, 593, 594, 596, 597, 598, 599, 600, 601, 602, 603, 604, 605, 606, 607, 608, 609, 610, 611, 612, 613, 614, 615, 616, 617, 618, 619, 620, 621, 622, 623, 624, 625, 626, 627, 628, 629, 630, 631, 632, 633, 634, 635, 636, 637, 638, 639, 640, 641, 642, 643, 644, 645, 646, 647, 648, 649, 651, 652, 653, 654, 657, 658, 663, 664, 665, 666, 667, 668, 669, 670, 671, 672, 673, 674, 675, 676, 677, 678, 679, 680, 681, 682, 683, 684, 689, 692, 697, 704], "y": [99.9, 99.8, 99.6, 99.4, 99.1, 99.0, 98.4, 98.3, 98.2, 98.0, 97.8, 97.2, 96.8, 96.5, 96.1, 95.0, 94.6, 94.5, 93.7, 93.2, 92.6, 92.1, 91.8, 91.1, 90.0, 89.0, 88.4, 87.5, 86.7, 85.7, 84.1, 83.2, 81.8, 80.9, 79.5, 77.6, 76.8, 76.4, 75.5, 73.7, 72.8, 71.5, 71.0, 70.0, 67.9, 67.6, 67.5, 67.3, 67.1, 66.9, 66.8, 66.7, 66.5, 65.9, 64.8, 63.4, 61.7, 60.9, 59.9, 58.4, 57.1, 55.3, 53.4, 51.0, 48.6, 47.2, 46.1, 44.1, 42.2, 42.1, 41.9, 41.8, 41.3, 40.9, 40.7, 40.6, 40.3, 38.4, 37.5, 35.7, 34.400000000000006, 32.5, 31.0, 30.0, 28.0, 26.299999999999997, 25.599999999999994, 23.799999999999997, 22.200000000000003, 20.700000000000003, 18.799999999999997, 17.099999999999994, 15.700000000000003, 14.900000000000006, 14.0, 12.5, 11.0, 1.0999999999999943, 1.0, 0.9000000000000057, 0.7000000000000028, -0.09999999999999432]}}