{"percentile": {"y": [100.0, 100.0, 100.0, 100.0, 99.9, 99.9, 99.9, 99.8, 99.8, 99.8, 99.7, 99.7, 99.7, 99.7, 99.6, 99.5, 99.5, 99.5, 99.4, 99.4, 99.4, 99.4, 99.2, 99.2, 99.1, 99.1, 99.0, 99.0, 98.9, 98.7, 98.6, 98.5, 98.5, 98.3, 98.1, 98.1, 98.1, 97.9, 97.7, 97.5, 97.4, 97.3, 97.0, 96.8, 96.5, 96.5, 96.4, 96.2, 96.1, 95.6, 95.5, 95.3, 95.1, 94.9, 94.4, 94.0, 93.5, 93.0, 92.3, 90.7, 90.3, 90.0, 89.3, 88.5, 87.8, 87.2, 86.4, 85.5, 84.3, 83.0, 81.7, 80.4, 79.6, 78.2, 77.0, 75.4, 74.2, 72.6, 70.9, 69.5, 64.6, 63.5, 62.5, 61.5, 60.4, 59.3, 58.3, 57.2, 56.2, 54.7, 54.6, 54.2, 53.8, 53.4, 53.1, 52.8, 52.5, 52.2, 51.5, 50.4, 49.3, 47.9, 46.9, 45.4, 44.5, 43.1, 41.4, 39.9, 38.7, 37.2, 35.8, 34.7, 33.900000000000006, 32.5, 32.2, 31.799999999999997, 31.599999999999994, 31.299999999999997, 30.799999999999997, 30.599999999999994, 30.099999999999994, 29.799999999999997, 29.5, 29.099999999999994, 28.900000000000006, 28.799999999999997, 28.599999999999994, 28.5, 28.299999999999997, 27.099999999999994, 25.900000000000006, 24.5, 23.5, 22.0, 20.799999999999997, 19.5, 18.5, 17.099999999999994, 15.900000000000006, 14.900000000000006, 14.0, 12.900000000000006, 11.799999999999997, 11.0, 10.0, 9.0, 8.200000000000003, 7.700000000000003, 6.5, 1.0, 0.9000000000000057, 0.7999999999999972, 0.7999999999999972, 0.7000000000000028, 0.7000000000000028, 0.5, 0.5, 0.5, 0.4000000000000057, 0.4000000000000057, 0.4000000000000057, 0.29999999999999716, 0.29999999999999716, 0.20000000000000284, 0.0], "x": [454, 458, 470, 499, 504, 520, 528, 529, 532, 540, 541, 543, 544, 545, 547, 548, 550, 551, 552, 553, 554, 555, 556, 557, 559, 560, 561, 562, 563, 564, 565, 566, 567, 568, 569, 570, 571, 572, 573, 574, 575, 576, 577, 578, 579, 580, 581, 582, 583, 584, 585, 586, 587, 588, 589, 590, 591, 592, 593, 594, 595, 596, 597, 598, 599, 600, 601, 602, 603, 604, 605, 606, 607, 608, 609, 610, 611, 612, 613, 614, 615, 616, 617, 618, 619, 620, 621, 622, 623, 624, 625, 626, 627, 628, 629, 630, 631, 632, 633, 634, 635, 636, 637, 638, 639, 640, 641, 642, 643, 644, 645, 646, 647, 648, 649, 650, 651, 652, 653, 654, 655, 656, 657, 658, 659, 660, 661, 662, 663, 664, 665, 666, 667, 668, 669, 670, 671, 672, 673, 674, 675, 676, 677, 678, 679, 680, 681, 682, 683, 684, 686, 687, 688, 689, 690, 691, 692, 694, 695, 697, 699, 700, 701, 702, 704]}, "histogram": {"y": [2, 1, 0, 0, 1, 1, 1, 3, 3, 11, 19, 40, 108, 213, 1125, 424, 140, 817, 181, 1180, 40], "x": [460, 470, 480, 490, 500, 510, 520, 530, 540, 550, 559, 569, 584, 594, 615, 624, 633, 648, 663, 684, 705]}}