{"percentile": {"y": [100.0, 99.9, 99.8, 99.7, 99.6, 99.5, 99.4, 99.3, 99.2, 99.1, 99.1, 99.0, 98.9, 98.8, 98.7, 98.7, 98.6, 98.5, 98.4, 98.3, 98.2, 98.2, 98.0, 97.9, 97.8, 97.7, 97.6, 97.4, 97.3, 97.3, 97.1, 97.0, 96.9, 96.9, 96.8, 96.7, 96.5, 96.4, 96.3, 96.2, 96.1, 96.0, 96.0, 95.8, 95.6, 95.5, 95.4, 95.3, 95.1, 95.1, 95.0, 94.9, 94.8, 94.6, 94.6, 94.4, 94.3, 94.2, 94.2, 94.1, 94.0, 93.9, 93.8, 93.7, 93.6, 93.3, 93.1, 93.0, 92.8, 92.8, 92.6, 92.5, 92.4, 92.3, 92.1, 92.0, 91.9, 91.7, 91.5, 91.4, 91.3, 91.2, 91.0, 90.6, 90.5, 90.4, 90.1, 89.7, 89.6, 89.3, 88.8, 88.4, 88.1, 87.9, 87.8, 87.7, 87.4, 86.9, 86.7, 86.0, 86.0, 85.8, 85.7, 85.6, 85.4, 85.1, 84.9, 84.7, 84.5, 84.0, 83.8, 83.4, 83.3, 83.1, 82.9, 82.9, 82.5, 82.3, 82.0, 81.5, 81.3, 81.0, 80.7, 80.6, 80.5, 80.3, 79.6, 79.4, 79.2, 78.7, 78.0, 77.8, 77.4, 77.3, 77.0, 76.6, 76.5, 76.1, 75.4, 75.2, 74.8, 74.6, 74.1, 73.6, 73.3, 72.5, 72.3, 71.9, 71.7, 71.5, 70.9, 70.6, 70.2, 70.0, 69.9, 67.2, 66.5, 65.7, 64.5, 63.4, 62.4, 60.8, 60.0, 59.3, 56.7, 56.6, 56.5, 55.9, 55.7, 53.9, 53.7, 53.3, 52.9, 52.5, 49.6, 48.8, 47.1, 45.9, 44.2, 42.6, 40.8, 39.5, 38.5, 37.3, 36.2, 35.2, 33.8, 32.3, 31.400000000000006, 28.599999999999994, 28.299999999999997, 28.0, 27.5, 27.0, 26.299999999999997, 26.200000000000003, 25.799999999999997, 25.799999999999997, 23.900000000000006, 23.099999999999994, 22.200000000000003, 21.299999999999997, 20.200000000000003, 19.400000000000006, 18.099999999999994, 17.400000000000006, 16.400000000000006, 15.5, 14.299999999999997, 13.5, 12.700000000000003, 11.700000000000003, 10.900000000000006, 10.200000000000003, 9.5, 9.299999999999997, 8.599999999999994, 7.900000000000006, 7.700000000000003, 6.299999999999997, 6.0, 5.799999999999997, 5.400000000000006, 5.099999999999994, 4.799999999999997, 4.700000000000003, 4.5, 4.400000000000006, 4.099999999999994, 4.0, 3.9000000000000057, 3.700000000000003, 3.5999999999999943, 3.299999999999997, 3.200000000000003, 3.0, 2.9000000000000057, 2.700000000000003, 2.5, 2.299999999999997, 2.299999999999997, 2.200000000000003, 2.0999999999999943, 2.0, 1.9000000000000057, 1.9000000000000057, 1.7999999999999972, 1.7000000000000028, 1.5999999999999943, 1.5, 1.4000000000000057, 1.2000000000000028, 1.0999999999999943, 1.0, 0.29999999999999716, 0.20000000000000284, 0.0], "x": [281, 289, 319, 326, 328, 333, 335, 336, 338, 343, 346, 352, 354, 355, 356, 360, 364, 369, 377, 381, 382, 384, 387, 388, 390, 393, 396, 398, 400, 404, 405, 406, 407, 409, 412, 413, 414, 416, 417, 418, 419, 420, 421, 422, 424, 425, 426, 427, 428, 429, 430, 431, 433, 434, 436, 437, 438, 439, 440, 442, 443, 445, 446, 447, 448, 449, 450, 451, 452, 453, 456, 457, 458, 459, 460, 461, 463, 464, 465, 466, 467, 468, 469, 470, 472, 473, 474, 475, 476, 477, 478, 479, 482, 483, 484, 485, 486, 487, 489, 490, 491, 492, 493, 494, 495, 496, 497, 498, 499, 500, 502, 503, 504, 505, 506, 507, 509, 510, 511, 512, 514, 515, 516, 517, 518, 519, 520, 522, 523, 524, 525, 526, 527, 528, 529, 530, 531, 532, 533, 534, 535, 536, 537, 538, 539, 540, 541, 542, 543, 544, 545, 546, 547, 548, 549, 550, 551, 552, 553, 554, 555, 556, 557, 558, 559, 560, 561, 562, 563, 564, 565, 566, 567, 568, 569, 570, 571, 572, 573, 574, 575, 576, 577, 578, 579, 580, 581, 582, 583, 584, 585, 586, 587, 588, 589, 590, 591, 593, 594, 595, 596, 597, 598, 599, 600, 601, 602, 603, 604, 605, 606, 607, 608, 609, 610, 611, 612, 613, 614, 615, 616, 617, 618, 619, 620, 621, 622, 623, 624, 629, 630, 634, 635, 636, 638, 639, 640, 642, 643, 645, 648, 653, 655, 659, 660, 663, 668, 670, 671, 675, 678, 679, 681, 683, 684, 703, 704]}, "histogram": {"y": [2, 0, 1, 3, 4, 2, 5, 2, 1, 7, 6, 6, 10, 13, 10, 13, 12, 18, 27, 29, 25, 21, 33, 36, 50, 65, 128, 87, 257, 57, 215, 27, 2, 20, 5, 19, 4], "x": [300, 310, 320, 330, 340, 350, 360, 370, 380, 390, 400, 410, 420, 430, 440, 450, 460, 470, 480, 490, 500, 510, 520, 530, 540, 550, 559, 569, 584, 594, 615, 624, 633, 648, 663, 684, 705]}}