{"percentile": {"y": [100.0, 100.0, 100.0, 100.0, 100.0, 100.0, 99.9, 99.9, 99.9, 99.9, 99.9, 99.9, 99.8, 99.8, 99.8, 99.8, 99.8, 99.7, 99.7, 99.7, 99.7, 99.6, 99.6, 99.5, 99.5, 99.5, 99.4, 99.4, 99.4, 99.3, 99.3, 99.2, 99.2, 99.2, 99.1, 99.1, 99.0, 99.0, 98.9, 98.8, 98.7, 98.7, 98.6, 98.5, 98.4, 98.2, 98.2, 98.0, 97.9, 97.8, 97.7, 97.6, 97.5, 97.4, 97.3, 97.2, 97.1, 97.0, 96.9, 96.9, 96.6, 96.4, 96.2, 95.9, 95.5, 95.0, 94.6, 94.2, 93.7, 93.0, 89.3, 89.1, 88.9, 88.6, 88.1, 87.6, 87.0, 86.5, 86.1, 85.5, 84.8, 84.1, 83.6, 83.0, 82.4, 81.7, 80.9, 80.4, 79.9, 79.1, 78.5, 77.1, 76.3, 75.5, 74.6, 73.8, 73.0, 72.1, 71.3, 70.7, 69.8, 69.8, 69.7, 69.5, 69.3, 69.1, 68.9, 68.7, 68.6, 68.1, 67.2, 66.4, 65.3, 64.4, 63.5, 62.6, 61.6, 60.3, 59.0, 57.8, 56.8, 55.6, 54.5, 53.5, 52.5, 52.4, 52.3, 52.3, 52.2, 52.0, 51.8, 51.6, 51.5, 51.4, 51.3, 51.2, 51.1, 51.0, 50.9, 50.6, 49.8, 48.5, 47.2, 45.7, 44.5, 43.3, 41.9, 40.9, 39.6, 38.5, 37.3, 36.3, 34.900000000000006, 33.8, 32.3, 31.099999999999994, 29.700000000000003, 28.200000000000003, 26.700000000000003, 24.599999999999994, 0.7999999999999972, 0.7999999999999972, 0.7999999999999972, 0.7000000000000028, 0.7000000000000028, 0.7000000000000028, 0.7000000000000028, 0.5999999999999943, 0.5999999999999943, 0.5999999999999943, 0.5, 0.5, 0.5, 0.4000000000000057, 0.4000000000000057, 0.4000000000000057, 0.29999999999999716, 0.29999999999999716, 0.0], "x": [392, 400, 416, 419, 436, 443, 454, 473, 478, 481, 492, 496, 501, 502, 516, 522, 527, 533, 538, 539, 543, 544, 545, 546, 547, 548, 549, 550, 551, 552, 553, 554, 555, 557, 558, 559, 560, 561, 562, 563, 564, 565, 566, 567, 568, 569, 570, 571, 572, 573, 574, 575, 576, 577, 578, 579, 580, 581, 582, 583, 584, 585, 586, 587, 588, 589, 590, 591, 592, 593, 594, 595, 596, 597, 598, 599, 600, 601, 602, 603, 604, 605, 606, 607, 608, 609, 610, 611, 612, 613, 614, 615, 616, 617, 618, 619, 620, 621, 622, 623, 624, 625, 626, 627, 628, 629, 630, 631, 632, 633, 634, 635, 636, 637, 638, 639, 640, 641, 642, 643, 644, 645, 646, 647, 648, 649, 650, 651, 652, 653, 654, 655, 656, 657, 658, 659, 660, 661, 662, 663, 664, 665, 666, 667, 668, 669, 670, 671, 672, 673, 674, 675, 676, 677, 678, 679, 680, 681, 682, 683, 684, 686, 687, 688, 689, 690, 691, 692, 693, 694, 695, 697, 698, 699, 700, 701, 702, 703, 704]}, "histogram": {"y": [2, 0, 2, 0, 1, 1, 1, 0, 2, 1, 3, 4, 1, 2, 3, 24, 17, 62, 108, 505, 840, 497, 120, 1068, 131, 3418, 55], "x": [400, 410, 420, 430, 440, 450, 460, 470, 480, 490, 500, 510, 520, 530, 540, 550, 559, 569, 584, 594, 615, 624, 633, 648, 663, 684, 705]}}