{"percentile": {"x": [376, 413, 428, 431, 434, 449, 459, 464, 466, 477, 484, 489, 498, 499, 502, 511, 512, 513, 517, 520, 524, 527, 534, 535, 539, 551, 553, 554, 555, 556, 557, 558, 559, 565, 568, 569, 571, 572, 573, 574, 575, 577, 581, 583, 584, 586, 589, 592, 597, 598, 603, 615, 619], "y": [98.7, 97.4, 96.0, 94.7, 92.0, 90.7, 89.4, 88.0, 86.7, 85.4, 84.0, 81.4, 80.0, 78.7, 77.4, 76.0, 74.7, 73.4, 72.0, 70.7, 69.4, 68.0, 66.7, 64.0, 62.7, 61.4, 60.0, 57.4, 54.7, 53.4, 52.0, 50.7, 45.4, 44.0, 42.7, 34.7, 33.400000000000006, 30.700000000000003, 26.700000000000003, 22.700000000000003, 21.400000000000006, 16.0, 13.400000000000006, 12.0, 10.700000000000003, 9.400000000000006, 8.0, 6.700000000000003, 5.400000000000006, 4.0, 1.4000000000000057, 0.0, -1.2999999999999972]}, "histogram": {"x": [380, 390, 400, 410, 420, 430, 440, 450, 460, 470, 480, 490, 500, 510, 520, 530, 540, 550, 559, 569, 584, 594, 615, 624, 633, 648, 663, 684, 705], "y": [1, 0, 0, 0, 1, 1, 3, 1, 1, 2, 1, 3, 2, 1, 5, 2, 4, 0, 13, 8, 18, 3, 5, 1, 0, 0, 0, 0, 0]}}