{"percentile": {"x": [220, 239, 245, 255, 257, 266, 267, 272, 276, 277, 287, 296, 310, 316, 318, 320, 330, 331, 334, 335, 337, 339, 340, 342, 351, 355, 363, 364, 367, 376, 377, 382, 383, 385, 392, 396, 398, 400, 401, 403, 405, 406, 408, 410, 412, 413, 414, 415, 417, 418, 423, 425, 428, 433, 434, 435, 437, 440, 441, 443, 445, 446, 449, 450, 451, 452, 453, 454, 457, 458, 459, 460, 462, 463, 466, 467, 468, 469, 470, 474, 475, 476, 479, 481, 482, 483, 485, 486, 487, 489, 490, 493, 494, 495, 496, 497, 500, 501, 502, 503, 504, 505, 506, 508, 509, 510, 511, 512, 513, 514, 515, 516, 517, 518, 519, 521, 523, 524, 525, 526, 527, 528, 529, 530, 531, 532, 533, 535, 536, 537, 538, 539, 540, 542, 543, 544, 545, 547, 549, 550, 551, 552, 553, 554, 555, 556, 557, 558, 559, 560, 562, 564, 565, 566, 567, 569, 570, 571, 572, 573, 574, 575, 576, 577, 578, 579, 580, 581, 582, 583, 584, 585, 586, 587, 588, 589, 590, 591, 592, 593, 594, 595, 596, 597, 598, 599, 600, 601, 602, 603, 604, 605, 606, 607, 608, 609, 610, 612, 613, 614, 615, 616, 617, 620, 624, 634, 635, 640, 642, 648, 672, 684], "y": [99.9, 99.8, 99.6, 99.5, 99.3, 99.2, 99.1, 98.9, 98.8, 98.6, 98.5, 98.4, 97.9, 97.8, 97.7, 97.5, 97.4, 97.2, 97.1, 97.0, 96.7, 96.5, 96.4, 96.3, 96.1, 96.0, 95.8, 95.7, 95.4, 95.3, 95.1, 94.9, 94.6, 94.4, 94.3, 94.2, 93.9, 93.7, 93.5, 93.3, 93.2, 93.0, 92.9, 92.6, 92.3, 92.1, 91.9, 91.8, 91.5, 91.1, 90.9, 90.8, 90.7, 90.5, 90.2, 90.1, 90.0, 89.5, 89.4, 89.3, 89.1, 89.0, 88.8, 88.7, 88.5, 88.4, 88.3, 88.0, 87.8, 87.7, 87.6, 87.3, 87.1, 87.0, 86.9, 86.7, 86.4, 86.3, 86.2, 85.9, 85.7, 85.6, 85.2, 84.9, 84.8, 84.6, 84.3, 84.1, 83.9, 83.8, 83.5, 83.4, 83.2, 83.1, 82.9, 82.8, 82.7, 82.2, 82.0, 81.8, 81.4, 81.1, 80.8, 80.7, 80.4, 80.1, 79.9, 79.4, 79.3, 78.7, 78.6, 78.2, 78.0, 77.7, 77.6, 77.3, 76.8, 76.5, 76.3, 76.2, 75.9, 75.6, 75.2, 75.1, 74.7, 74.5, 74.4, 74.1, 73.4, 72.6, 72.3, 72.1, 71.6, 71.2, 71.0, 70.7, 70.0, 69.8, 69.6, 68.2, 67.7, 67.0, 65.5, 64.3, 61.8, 59.9, 59.0, 57.3, 54.6, 54.5, 54.0, 52.8, 52.1, 51.4, 51.1, 49.0, 48.0, 47.3, 45.8, 43.7, 40.6, 38.5, 37.2, 35.0, 33.599999999999994, 32.2, 31.0, 29.200000000000003, 28.099999999999994, 26.0, 23.200000000000003, 22.900000000000006, 22.799999999999997, 22.599999999999994, 22.400000000000006, 21.200000000000003, 20.700000000000003, 20.5, 20.400000000000006, 20.200000000000003, 19.0, 18.0, 16.599999999999994, 16.0, 15.599999999999994, 14.799999999999997, 13.700000000000003, 12.700000000000003, 11.700000000000003, 10.599999999999994, 9.0, 8.5, 7.900000000000006, 7.099999999999994, 5.900000000000006, 5.200000000000003, 5.0, 4.700000000000003, 3.700000000000003, 3.5999999999999943, 2.299999999999997, 2.200000000000003, 1.9000000000000057, 1.7000000000000028, 1.2999999999999972, 1.2000000000000028, 0.7999999999999972, 0.5, 0.29999999999999716, 0.20000000000000284, 0.0, -0.09999999999999432]}, "histogram": {"x": [240, 270, 300, 310, 320, 330, 340, 350, 360, 370, 380, 390, 400, 410, 420, 430, 440, 450, 460, 470, 480, 490, 500, 510, 520, 530, 540, 550, 559, 569, 584, 594, 615, 624, 633, 648, 663, 684, 705], "y": [2, 5, 5, 3, 3, 1, 7, 1, 2, 4, 2, 5, 5, 8, 11, 3, 8, 6, 10, 8, 7, 12, 6, 18, 18, 18, 25, 24, 97, 40, 184, 30, 119, 7, 0, 8, 0, 2, 0]}}