{"histogram": {"x": [340, 350, 360, 370, 380, 390, 400, 410, 420, 430, 440, 450, 460, 470, 480, 490, 500, 510, 520, 530, 540, 550, 559, 569, 584, 594, 615, 624, 633, 648, 663, 684, 705], "y": [1, 0, 1, 0, 1, 0, 4, 3, 1, 5, 4, 6, 5, 8, 11, 10, 10, 10, 10, 18, 24, 23, 47, 23, 102, 28, 66, 5, 5, 6, 0, 3, 0]}, "percentile": {"x": [337, 357, 379, 393, 395, 396, 403, 406, 410, 419, 421, 423, 429, 432, 435, 437, 439, 441, 442, 443, 445, 446, 449, 452, 453, 456, 458, 462, 463, 464, 467, 469, 470, 471, 472, 474, 475, 476, 477, 479, 481, 483, 484, 486, 487, 488, 491, 492, 493, 495, 496, 498, 500, 501, 503, 506, 507, 508, 509, 510, 512, 514, 515, 516, 518, 519, 521, 522, 525, 526, 527, 528, 529, 530, 531, 533, 534, 536, 537, 538, 539, 540, 541, 545, 546, 547, 548, 549, 550, 551, 552, 553, 554, 555, 556, 557, 558, 559, 560, 562, 563, 564, 565, 566, 567, 568, 569, 570, 571, 572, 573, 574, 575, 576, 577, 578, 579, 580, 581, 582, 583, 584, 585, 586, 587, 588, 589, 591, 592, 593, 594, 595, 596, 597, 598, 599, 600, 601, 602, 603, 604, 605, 606, 607, 608, 609, 610, 611, 612, 613, 614, 615, 619, 620, 622, 623, 624, 625, 629, 633, 634, 635, 638, 642, 645, 678, 684], "y": [99.8, 99.6, 99.4, 99.1, 98.9, 98.5, 98.2, 98.0, 97.8, 97.5, 97.3, 96.9, 96.4, 96.2, 95.9, 95.7, 95.5, 95.3, 95.0, 94.8, 94.6, 94.4, 94.1, 93.7, 93.4, 93.2, 93.0, 92.8, 92.5, 92.3, 92.1, 91.4, 91.2, 90.9, 90.7, 90.3, 89.8, 89.3, 89.1, 88.7, 88.2, 88.0, 87.5, 86.8, 86.6, 86.4, 86.2, 85.7, 85.5, 85.2, 84.8, 84.3, 84.1, 83.6, 83.4, 83.2, 82.7, 82.5, 82.3, 81.8, 81.4, 80.9, 80.5, 80.2, 80.0, 79.5, 79.1, 78.9, 78.4, 78.2, 77.5, 77.0, 76.8, 75.4, 75.2, 75.0, 74.8, 74.1, 72.5, 72.3, 71.6, 70.0, 69.8, 69.1, 68.8, 68.6, 67.7, 67.2, 64.7, 63.8, 63.1, 62.0, 60.6, 59.3, 58.6, 57.5, 55.9, 54.0, 53.6, 53.4, 52.9, 52.4, 52.0, 51.8, 50.8, 50.6, 48.8, 48.6, 47.0, 45.2, 44.5, 43.6, 42.0, 40.4, 39.5, 37.9, 36.0, 34.0, 31.5, 30.599999999999994, 28.299999999999997, 25.599999999999994, 25.099999999999994, 24.400000000000006, 24.200000000000003, 23.700000000000003, 22.099999999999994, 21.700000000000003, 21.5, 21.200000000000003, 19.200000000000003, 18.0, 17.799999999999997, 17.599999999999994, 16.700000000000003, 15.5, 15.099999999999994, 13.900000000000006, 13.299999999999997, 13.0, 11.700000000000003, 11.200000000000003, 11.0, 10.5, 9.799999999999997, 9.200000000000003, 8.700000000000003, 7.799999999999997, 7.299999999999997, 7.099999999999994, 6.400000000000006, 4.200000000000003, 3.9000000000000057, 3.700000000000003, 3.5, 3.200000000000003, 3.0, 2.799999999999997, 2.5999999999999943, 1.9000000000000057, 1.5999999999999943, 1.4000000000000057, 1.0, 0.7000000000000028, 0.5, 0.29999999999999716, -0.20000000000000284]}}