{"histogram": {"y": [14, 18, 5, 3, 5, 1, 1, 0], "x": [594, 615, 624, 633, 648, 663, 684, 705]}, "percentile": {"y": [97.9, 95.7, 69.6, 67.4, 65.3, 60.9, 58.7, 52.2, 50.0, 45.7, 43.5, 41.4, 34.8, 30.5, 26.099999999999994, 24.0, 21.799999999999997, 19.599999999999994, 17.400000000000006, 15.299999999999997, 13.099999999999994, 6.599999999999994, 4.400000000000006, 2.200000000000003, 0.0, -2.0999999999999943], "x": [587, 591, 594, 596, 598, 601, 603, 604, 605, 608, 609, 613, 614, 615, 620, 621, 622, 624, 630, 631, 633, 635, 639, 642, 660, 684]}}