{"histogram": {"x": [310, 320, 330, 340, 350, 360, 370, 380, 390, 400, 410, 420, 430, 440, 450, 460, 470, 480, 490, 500, 510, 520, 530, 540, 550, 559, 569, 584, 594, 615, 624, 633, 648, 663, 684, 705], "y": [1, 0, 0, 0, 2, 2, 4, 0, 3, 9, 7, 8, 12, 10, 9, 10, 15, 14, 12, 15, 18, 31, 20, 24, 42, 90, 53, 189, 38, 115, 7, 6, 8, 3, 13, 2]}, "percentile": {"x": [306, 344, 346, 351, 357, 362, 365, 368, 381, 384, 388, 391, 392, 393, 397, 398, 400, 403, 404, 405, 409, 410, 412, 415, 418, 419, 420, 422, 423, 424, 427, 428, 429, 430, 432, 433, 434, 435, 436, 439, 440, 441, 443, 444, 445, 447, 448, 450, 451, 453, 454, 455, 457, 459, 460, 461, 462, 463, 464, 466, 467, 468, 469, 471, 472, 473, 474, 475, 477, 478, 479, 480, 482, 486, 487, 488, 489, 490, 493, 494, 496, 497, 498, 500, 501, 502, 503, 505, 507, 508, 509, 510, 511, 512, 513, 515, 516, 517, 518, 519, 520, 521, 523, 524, 525, 526, 527, 528, 529, 530, 531, 532, 533, 534, 535, 536, 537, 538, 539, 540, 541, 542, 543, 544, 545, 546, 547, 548, 549, 550, 551, 552, 553, 554, 555, 556, 557, 558, 559, 560, 561, 563, 564, 565, 567, 568, 569, 570, 571, 572, 573, 574, 575, 576, 577, 578, 579, 580, 581, 582, 583, 584, 586, 587, 588, 589, 590, 591, 592, 593, 594, 595, 596, 597, 598, 599, 600, 601, 602, 603, 604, 605, 606, 607, 608, 609, 610, 611, 612, 613, 614, 615, 618, 619, 621, 624, 628, 630, 631, 632, 633, 634, 635, 640, 642, 643, 644, 648, 652, 655, 656, 664, 672, 678, 679, 683, 684, 698, 704], "y": [99.9, 99.8, 99.7, 99.5, 99.4, 99.3, 99.2, 98.9, 98.8, 98.7, 98.5, 98.4, 98.2, 98.0, 97.8, 97.6, 97.4, 97.3, 97.1, 97.0, 96.9, 96.5, 96.4, 96.0, 95.9, 95.6, 95.5, 95.4, 95.2, 95.1, 95.0, 94.7, 94.6, 94.0, 93.9, 93.7, 93.5, 93.3, 93.1, 93.0, 92.7, 92.6, 92.5, 92.3, 92.1, 92.0, 91.8, 91.6, 91.3, 91.2, 91.1, 90.9, 90.8, 90.4, 90.3, 90.2, 89.8, 89.6, 89.4, 89.3, 89.2, 88.5, 88.4, 88.2, 88.0, 87.8, 87.5, 87.4, 87.3, 87.0, 86.8, 86.6, 86.3, 86.1, 85.9, 85.8, 85.6, 85.1, 85.0, 84.9, 84.4, 83.9, 83.6, 83.2, 83.1, 83.0, 82.9, 82.5, 82.4, 81.8, 81.6, 81.0, 80.6, 79.8, 79.7, 79.1, 78.7, 78.4, 78.1, 77.5, 77.0, 76.7, 76.2, 75.8, 75.5, 75.4, 75.1, 75.0, 74.8, 74.5, 74.4, 74.1, 73.9, 73.6, 73.2, 73.1, 72.7, 72.5, 72.2, 71.5, 71.4, 71.2, 70.6, 70.5, 69.3, 68.8, 67.9, 67.6, 67.4, 66.2, 65.8, 64.7, 63.6, 63.1, 61.2, 60.0, 59.0, 58.0, 54.8, 54.4, 53.9, 53.7, 51.6, 51.3, 51.0, 50.9, 48.1, 46.8, 45.8, 44.6, 42.5, 40.9, 39.0, 38.2, 36.6, 35.099999999999994, 33.7, 32.2, 30.5, 29.099999999999994, 26.900000000000006, 24.200000000000003, 24.099999999999994, 23.700000000000003, 23.200000000000003, 22.400000000000006, 22.299999999999997, 22.0, 21.700000000000003, 21.200000000000003, 19.400000000000006, 19.099999999999994, 18.599999999999994, 18.0, 17.0, 15.599999999999994, 15.200000000000003, 14.599999999999994, 13.5, 12.700000000000003, 11.599999999999994, 10.5, 9.799999999999997, 9.200000000000003, 8.400000000000006, 7.900000000000006, 7.400000000000006, 7.099999999999994, 6.5, 6.099999999999994, 5.900000000000006, 4.900000000000006, 4.700000000000003, 4.299999999999997, 4.200000000000003, 4.0, 3.700000000000003, 3.5999999999999943, 3.5, 3.299999999999997, 3.200000000000003, 3.0999999999999943, 3.0, 2.799999999999997, 2.5999999999999943, 2.5, 2.299999999999997, 2.200000000000003, 2.0999999999999943, 1.9000000000000057, 1.7999999999999972, 1.7000000000000028, 1.5999999999999943, 1.4000000000000057, 1.2000000000000028, 1.0999999999999943, 0.20000000000000284, 0.0, -0.09999999999999432]}}