{"percentile": {"x": [361, 403, 405, 415, 439, 444, 459, 474, 478, 488, 498, 499, 504, 510, 521, 522, 524, 532, 533, 537, 539, 540, 541, 543, 544, 545, 546, 547, 548, 550, 551, 553, 554, 557, 558, 559, 560, 561, 562, 563, 564, 565, 566, 567, 568, 569, 570, 571, 572, 573, 574, 575, 576, 577, 578, 579, 580, 581, 582, 583, 584, 585, 586, 587, 588, 589, 590, 591, 592, 593, 594, 595, 596, 597, 598, 599, 600, 601, 602, 603, 604, 605, 606, 607, 608, 609, 610, 611, 612, 613, 614, 615, 616, 617, 618, 619, 620, 621, 622, 623, 624, 625, 626, 627, 628, 629, 630, 631, 632, 633, 634, 635, 636, 637, 638, 639, 640, 641, 642, 643, 644, 645, 646, 647, 648, 649, 650, 651, 652, 653, 654, 655, 656, 657, 658, 659, 660, 661, 662, 663, 664, 665, 666, 667, 668, 669, 670, 671, 672, 673, 674, 675, 676, 677, 678, 679, 680, 681, 682, 683, 684, 685, 687, 688, 689, 691, 693, 694, 695, 697, 698, 700, 701, 702, 703, 704], "y": [100.0, 100.0, 100.0, 100.0, 100.0, 99.9, 99.9, 99.9, 99.9, 99.8, 99.8, 99.8, 99.8, 99.8, 99.7, 99.7, 99.7, 99.7, 99.7, 99.6, 99.6, 99.6, 99.6, 99.5, 99.5, 99.5, 99.4, 99.4, 99.4, 99.3, 99.3, 99.2, 99.1, 99.1, 99.1, 99.0, 99.0, 98.9, 98.8, 98.8, 98.6, 98.6, 98.5, 98.4, 98.2, 97.8, 97.8, 97.7, 97.6, 97.5, 97.4, 97.3, 97.2, 97.1, 96.9, 96.8, 96.7, 96.6, 96.5, 96.4, 96.2, 96.0, 95.8, 95.5, 95.2, 94.5, 94.0, 93.5, 93.0, 92.3, 89.4, 89.2, 89.0, 88.5, 88.0, 87.3, 86.8, 86.2, 85.7, 85.2, 84.6, 83.9, 83.1, 82.5, 81.7, 81.1, 80.5, 79.6, 78.7, 78.3, 77.4, 76.0, 75.1, 74.5, 73.7, 72.8, 71.9, 70.8, 69.9, 69.1, 68.4, 68.3, 68.2, 68.0, 67.7, 67.4, 67.2, 67.1, 66.9, 66.4, 65.6, 64.8, 64.0, 63.1, 62.2, 61.0, 60.0, 58.9, 57.8, 56.6, 55.3, 54.1, 52.9, 52.1, 51.1, 50.9, 50.8, 50.6, 50.5, 50.3, 50.1, 50.0, 49.8, 49.7, 49.5, 49.4, 49.3, 49.2, 49.2, 49.0, 48.0, 46.9, 45.6, 44.3, 43.3, 42.0, 40.6, 39.4, 38.0, 36.9, 35.400000000000006, 34.400000000000006, 33.400000000000006, 32.099999999999994, 30.400000000000006, 29.200000000000003, 27.700000000000003, 26.400000000000006, 24.799999999999997, 22.799999999999997, 0.7999999999999972, 0.7999999999999972, 0.7000000000000028, 0.7000000000000028, 0.5999999999999943, 0.5999999999999943, 0.5, 0.5, 0.4000000000000057, 0.29999999999999716, 0.29999999999999716, 0.29999999999999716, 0.20000000000000284, 0.20000000000000284, 0.09999999999999432, 0.0]}, "histogram": {"x": [370, 380, 390, 400, 410, 420, 430, 440, 450, 460, 470, 480, 490, 500, 510, 520, 530, 540, 550, 559, 569, 584, 594, 615, 624, 633, 648, 663, 684, 705], "y": [1, 0, 0, 0, 2, 1, 0, 1, 1, 1, 0, 3, 1, 2, 2, 0, 3, 7, 13, 17, 61, 85, 355, 702, 398, 103, 805, 110, 2523, 39]}}