{"histogram": {"y": [1, 1, 0, 1, 0, 1, 2, 1, 0, 0, 0, 0, 0, 2, 0, 0, 1, 0, 0, 1, 4, 1, 1, 2, 0, 1, 0, 0, 0, 0, 0, 0], "x": [350, 360, 370, 380, 390, 400, 410, 420, 430, 440, 450, 460, 470, 480, 490, 500, 510, 520, 530, 540, 550, 559, 569, 584, 594, 615, 624, 633, 648, 663, 684, 705]}, "percentile": {"y": [94.8, 89.5, 84.3, 79.0, 73.7, 68.5, 63.2, 57.9, 52.7, 47.4, 42.2, 31.599999999999994, 26.400000000000006, 21.099999999999994, 15.799999999999997, 10.599999999999994, 5.299999999999997, 0.0, -5.200000000000003], "x": [344, 351, 376, 392, 404, 405, 419, 472, 477, 504, 537, 545, 547, 550, 554, 560, 571, 574, 601]}}