{"histogram": {"y": [1, 0, 0, 0, 0, 0, 0, 0, 0, 0, 0, 0, 5, 2, 6, 0, 1, 0, 28, 0], "x": [470, 480, 490, 500, 510, 520, 530, 540, 550, 559, 569, 584, 594, 615, 624, 633, 648, 663, 684, 705]}, "percentile": {"y": [97.7, 92.9, 90.5, 88.1, 85.8, 83.4, 81.0, 78.6, 76.2, 71.5, 69.1, 66.7, 64.3, 59.6, 57.2, 54.8, 52.4, 50.0, 47.7, 42.9, 40.5, 35.8, 33.400000000000006, 31.0, 23.900000000000006, 21.5, -2.299999999999997], "x": [463, 587, 588, 591, 594, 598, 613, 619, 620, 622, 623, 624, 640, 664, 665, 666, 667, 668, 670, 671, 672, 674, 676, 677, 680, 682, 684]}}