{"histogram": {"x": [540, 550, 559, 569, 584, 594, 615, 624, 633, 648, 663, 684, 705], "y": [1, 0, 0, 0, 0, 2, 12, 17, 5, 20, 9, 70, 4]}, "percentile": {"x": [540, 586, 592, 597, 602, 604, 610, 611, 614, 615, 616, 619, 620, 621, 622, 624, 628, 629, 631, 633, 635, 636, 638, 639, 640, 641, 642, 643, 645, 646, 648, 649, 650, 651, 653, 655, 660, 661, 663, 664, 666, 667, 668, 669, 670, 671, 672, 673, 674, 675, 676, 677, 679, 680, 681, 682, 683, 684, 686, 694, 697, 700], "y": [99.3, 98.6, 97.9, 97.2, 96.5, 95.7, 95.0, 94.3, 93.6, 89.3, 88.5, 84.9, 82.1, 80.6, 77.7, 77.0, 76.3, 75.6, 74.9, 73.4, 70.6, 69.8, 69.1, 67.7, 67.0, 65.5, 64.8, 64.1, 62.6, 60.5, 59.0, 58.3, 57.6, 56.2, 55.4, 54.7, 54.0, 53.3, 52.6, 49.7, 47.5, 45.4, 42.5, 38.2, 35.3, 33.900000000000006, 31.0, 27.400000000000006, 24.5, 23.799999999999997, 22.400000000000006, 21.599999999999994, 18.0, 17.299999999999997, 15.900000000000006, 13.700000000000003, 11.599999999999994, 2.200000000000003, 1.5, 0.7999999999999972, 0.0, -0.7000000000000028]}}