{"histogram": {"y": [2, 4, 7, 4, 6, 5, 11, 9, 19, 22, 20, 27, 24, 26, 34, 33, 38, 56, 50, 63, 51, 49, 58, 67, 73, 82, 85, 106, 275, 127, 456, 97, 218, 39, 7, 22, 0, 7, 3], "x": [240, 270, 300, 310, 320, 330, 340, 350, 360, 370, 380, 390, 400, 410, 420, 430, 440, 450, 460, 470, 480, 490, 500, 510, 520, 530, 540, 550, 559, 569, 584, 594, 615, 624, 633, 648, 663, 684, 705]}, "percentile": {"y": [100.0, 100.0, 99.9, 99.9, 99.8, 99.8, 99.7, 99.7, 99.7, 99.6, 99.6, 99.5, 99.5, 99.4, 99.4, 99.3, 99.3, 99.3, 99.2, 99.1, 99.0, 99.0, 99.0, 98.9, 98.8, 98.6, 98.6, 98.5, 98.5, 98.4, 98.3, 98.2, 98.2, 98.1, 98.1, 98.0, 97.9, 97.9, 97.9, 97.7, 97.6, 97.5, 97.3, 97.3, 97.2, 97.1, 97.1, 97.0, 96.8, 96.7, 96.4, 96.4, 96.2, 96.1, 96.1, 96.0, 95.9, 95.8, 95.7, 95.7, 95.5, 95.4, 95.3, 95.2, 95.1, 95.0, 94.9, 94.9, 94.7, 94.4, 94.4, 94.2, 94.1, 94.0, 93.9, 93.8, 93.6, 93.6, 93.5, 93.4, 93.2, 93.1, 93.0, 93.0, 92.9, 92.7, 92.6, 92.5, 92.4, 92.3, 92.2, 92.1, 91.9, 91.8, 91.6, 91.6, 91.4, 91.2, 91.1, 90.9, 90.7, 90.7, 90.4, 90.2, 90.1, 90.0, 89.7, 89.5, 89.4, 89.4, 89.2, 89.1, 89.0, 88.7, 88.5, 88.4, 88.3, 88.1, 88.0, 87.8, 87.6, 87.6, 87.3, 87.1, 86.6, 86.5, 86.2, 86.0, 85.8, 85.7, 85.5, 85.3, 84.8, 84.6, 84.3, 84.1, 83.9, 83.7, 83.4, 83.2, 83.0, 82.9, 82.6, 82.4, 82.2, 82.0, 81.6, 81.2, 81.0, 80.6, 80.4, 80.3, 79.9, 79.6, 79.4, 79.3, 79.0, 78.9, 78.7, 78.5, 78.3, 78.0, 77.6, 77.6, 77.2, 76.9, 76.7, 76.5, 76.4, 76.2, 76.0, 75.7, 75.5, 75.3, 75.0, 74.8, 74.4, 74.2, 74.0, 73.7, 73.7, 73.3, 73.0, 72.6, 72.4, 72.1, 71.8, 71.3, 71.0, 70.8, 70.7, 70.5, 70.0, 69.8, 69.4, 69.1, 68.7, 68.4, 68.0, 67.7, 67.3, 67.1, 66.8, 66.7, 66.3, 65.9, 65.6, 65.1, 64.7, 64.5, 64.1, 63.7, 63.2, 62.9, 62.7, 62.3, 61.9, 61.6, 61.4, 60.8, 60.4, 59.8, 59.5, 59.2, 59.1, 58.8, 58.7, 58.4, 58.0, 57.9, 57.6, 57.3, 54.9, 53.9, 52.9, 51.5, 50.2, 48.7, 47.7, 47.0, 45.5, 42.8, 42.6, 42.2, 42.0, 41.7, 40.6, 40.4, 40.0, 39.7, 39.3, 37.2, 36.6, 35.5, 34.400000000000006, 32.900000000000006, 31.099999999999994, 29.900000000000006, 28.5, 27.099999999999994, 25.5, 23.799999999999997, 22.299999999999997, 21.299999999999997, 20.299999999999997, 19.299999999999997, 17.200000000000003, 17.0, 16.700000000000003, 16.400000000000006, 16.0, 15.299999999999997, 15.099999999999994, 15.0, 14.799999999999997, 14.599999999999994, 13.0, 12.599999999999994, 12.0, 11.299999999999997, 10.700000000000003, 9.900000000000006, 9.5, 8.799999999999997, 8.400000000000006, 7.700000000000003, 6.799999999999997, 6.299999999999997, 6.099999999999994, 5.5, 5.0, 4.799999999999997, 4.5, 4.200000000000003, 4.0, 3.9000000000000057, 3.799999999999997, 3.4000000000000057, 3.200000000000003, 2.9000000000000057, 2.700000000000003, 2.4000000000000057, 2.299999999999997, 2.0, 1.7999999999999972, 1.7999999999999972, 1.7000000000000028, 1.7000000000000028, 1.5999999999999943, 1.5999999999999943, 1.5, 1.4000000000000057, 1.2999999999999972, 1.2000000000000028, 1.2000000000000028, 1.0999999999999943, 1.0999999999999943, 1.0, 0.7999999999999972, 0.7000000000000028, 0.5999999999999943, 0.5, 0.4000000000000057, 0.4000000000000057, 0.4000000000000057, 0.29999999999999716, 0.29999999999999716, 0.20000000000000284, 0.09999999999999432, 0.09999999999999432, 0.0], "x": [234, 236, 253, 258, 260, 269, 282, 284, 285, 288, 291, 292, 299, 301, 303, 306, 310, 314, 316, 319, 320, 321, 324, 327, 330, 331, 332, 334, 336, 338, 339, 341, 344, 346, 347, 349, 350, 351, 352, 353, 354, 355, 356, 357, 358, 360, 361, 362, 364, 365, 366, 367, 368, 370, 371, 372, 373, 374, 376, 377, 378, 379, 380, 381, 382, 383, 384, 385, 386, 387, 388, 389, 390, 391, 392, 393, 394, 395, 396, 397, 398, 399, 400, 401, 402, 403, 404, 405, 406, 407, 408, 409, 410, 411, 412, 413, 414, 415, 416, 417, 418, 419, 420, 421, 422, 423, 424, 425, 426, 427, 428, 429, 430, 431, 432, 433, 434, 435, 436, 437, 438, 439, 440, 441, 442, 443, 444, 445, 446, 447, 448, 449, 450, 451, 452, 453, 454, 455, 456, 457, 458, 459, 460, 461, 462, 463, 464, 465, 466, 467, 468, 469, 470, 471, 472, 473, 474, 475, 476, 477, 478, 479, 480, 481, 482, 483, 484, 485, 486, 487, 488, 489, 490, 491, 492, 493, 494, 495, 496, 497, 498, 499, 500, 501, 502, 503, 504, 505, 506, 507, 508, 509, 510, 511, 512, 513, 514, 515, 516, 517, 518, 519, 520, 521, 522, 523, 524, 525, 526, 527, 528, 529, 530, 531, 532, 533, 534, 535, 536, 537, 538, 539, 540, 541, 542, 543, 544, 545, 546, 547, 548, 549, 550, 551, 552, 553, 554, 555, 556, 557, 558, 559, 560, 561, 562, 563, 564, 565, 566, 567, 568, 569, 570, 571, 572, 573, 574, 575, 576, 577, 578, 579, 580, 581, 582, 583, 584, 585, 586, 587, 588, 589, 590, 591, 592, 593, 594, 595, 596, 597, 598, 599, 600, 601, 602, 603, 604, 605, 606, 607, 608, 609, 610, 611, 612, 613, 614, 615, 616, 617, 618, 619, 620, 621, 622, 623, 624, 625, 628, 629, 631, 633, 634, 635, 636, 637, 638, 640, 641, 642, 643, 644, 645, 667, 668, 669, 677, 679, 684, 697, 704]}}