{"percentile": {"x": [482, 549, 563, 569, 571, 573, 577, 582, 584, 585, 586, 587, 588, 589, 591, 592, 593, 594, 595, 596, 597, 598, 599, 600, 601, 602, 603, 604, 605, 606, 607, 608, 609, 610, 611, 612, 613, 614, 615, 616, 617, 618, 619, 620, 623, 624, 625, 626, 630, 633, 641, 644, 648, 650, 657, 664, 684], "y": [99.7, 99.3, 98.9, 98.1, 97.7, 97.3, 96.9, 96.5, 95.8, 95.4, 95.0, 94.2, 93.4, 93.0, 90.3, 88.7, 86.0, 62.9, 62.2, 60.6, 59.4, 56.3, 54.0, 51.2, 49.3, 46.1, 43.8, 40.3, 36.4, 35.599999999999994, 33.3, 30.099999999999994, 27.400000000000006, 24.299999999999997, 23.5, 21.5, 20.400000000000006, 18.400000000000006, 11.799999999999997, 11.400000000000006, 11.0, 10.599999999999994, 9.0, 7.099999999999994, 6.700000000000003, 4.700000000000003, 4.299999999999997, 4.0, 3.5999999999999943, 2.799999999999997, 2.0, 1.5999999999999943, 1.2000000000000028, 0.7999999999999972, 0.4000000000000057, 0.0, -0.29999999999999716]}, "histogram": {"x": [490, 500, 510, 520, 530, 540, 550, 559, 569, 584, 594, 615, 624, 633, 648, 663, 684, 705], "y": [1, 0, 0, 0, 0, 0, 1, 0, 3, 6, 84, 131, 18, 5, 4, 2, 2, 0]}}