{"histogram": {"y": [3, 0, 0, 0, 1, 0, 0, 1, 1, 0, 1, 1, 1, 2, 1, 0, 3, 0, 4, 0, 8, 6, 19, 6, 11, 2, 1, 1, 0, 1, 0], "x": [360, 370, 380, 390, 400, 410, 420, 430, 440, 450, 460, 470, 480, 490, 500, 510, 520, 530, 540, 550, 559, 569, 584, 594, 615, 624, 633, 648, 663, 684, 705]}, "percentile": {"y": [98.7, 97.3, 95.9, 94.6, 93.2, 91.8, 90.5, 89.1, 87.7, 86.4, 85.0, 83.6, 80.9, 79.5, 76.8, 75.4, 74.0, 71.3, 68.5, 65.8, 64.4, 63.1, 61.7, 60.3, 59.0, 57.6, 54.8, 53.5, 49.4, 46.6, 43.9, 41.1, 38.4, 35.7, 34.3, 32.900000000000006, 28.799999999999997, 27.400000000000006, 26.099999999999994, 24.700000000000003, 20.599999999999994, 19.200000000000003, 16.5, 13.700000000000003, 12.400000000000006, 11.0, 9.599999999999994, 8.299999999999997, 5.5, 4.200000000000003, 2.799999999999997, 1.4000000000000057, 0.0, -1.2999999999999972], "x": [352, 357, 360, 397, 422, 431, 459, 468, 477, 481, 487, 494, 514, 520, 535, 538, 540, 554, 555, 556, 558, 559, 560, 562, 564, 565, 569, 571, 572, 573, 574, 575, 576, 577, 581, 583, 584, 585, 590, 592, 594, 598, 599, 600, 606, 609, 611, 612, 615, 617, 619, 630, 646, 684]}}