{"percentile": {"y": [97.7, 95.4, 93.1, 90.7, 88.4, 83.8, 81.4, 79.1, 76.8, 74.5, 72.1, 69.8, 67.5, 65.2, 62.8, 60.5, 58.2, 55.9, 53.5, 48.9, 46.6, 41.9, 34.900000000000006, 32.599999999999994, 28.0, 0.0, -2.299999999999997], "x": [569, 598, 601, 607, 610, 612, 614, 616, 620, 622, 635, 636, 640, 648, 654, 664, 668, 669, 670, 671, 672, 674, 681, 682, 683, 684, 703]}, "histogram": {"y": [1, 0, 0, 7, 3, 0, 4, 1, 27, 1], "x": [569, 584, 594, 615, 624, 633, 648, 663, 684, 705]}}