{"histogram": {"y": [1, 0, 1, 0, 0, 1, 1, 2, 1, 0, 6, 2, 3, 5, 8, 3, 3, 9, 12, 6, 15, 7, 13, 15, 13, 19, 18, 55, 35, 103, 20, 50, 6, 1, 2, 0, 1, 2], "x": [270, 300, 310, 320, 330, 340, 350, 360, 370, 380, 390, 400, 410, 420, 430, 440, 450, 460, 470, 480, 490, 500, 510, 520, 530, 540, 550, 559, 569, 584, 594, 615, 624, 633, 648, 663, 684, 705]}, "percentile": {"y": [99.8, 99.6, 99.4, 99.1, 98.9, 98.7, 98.5, 98.0, 97.8, 97.5, 97.3, 97.1, 96.6, 96.2, 95.9, 95.5, 95.3, 95.0, 94.8, 94.6, 94.3, 94.1, 93.9, 93.7, 93.4, 93.0, 92.7, 92.5, 92.3, 92.1, 91.8, 91.6, 91.4, 90.9, 90.7, 90.2, 90.0, 89.5, 89.3, 89.1, 88.9, 88.2, 87.9, 87.3, 87.0, 86.8, 86.6, 86.4, 85.9, 85.4, 85.2, 84.5, 84.1, 83.4, 82.9, 82.7, 82.2, 82.0, 81.8, 81.1, 80.6, 80.4, 79.7, 79.5, 79.0, 78.8, 78.6, 77.9, 77.7, 77.4, 77.0, 76.8, 76.1, 75.8, 75.6, 75.4, 74.5, 74.0, 73.8, 73.6, 73.1, 72.9, 72.7, 71.7, 71.5, 71.1, 70.6, 70.1, 69.9, 69.5, 68.8, 68.3, 67.9, 66.9, 66.7, 66.3, 66.0, 65.8, 65.1, 64.7, 64.4, 62.6, 62.2, 60.8, 59.4, 58.0, 56.4, 54.6, 53.7, 52.6, 50.0, 49.8, 49.6, 49.4, 48.9, 45.7, 45.0, 44.3, 42.1, 41.4, 40.5, 39.5, 37.9, 35.7, 34.3, 32.7, 31.299999999999997, 29.299999999999997, 28.099999999999994, 27.0, 25.799999999999997, 23.799999999999997, 22.200000000000003, 18.5, 18.299999999999997, 18.099999999999994, 17.400000000000006, 17.200000000000003, 16.900000000000006, 16.5, 14.0, 13.5, 12.799999999999997, 12.200000000000003, 11.700000000000003, 11.200000000000003, 9.900000000000006, 9.200000000000003, 8.299999999999997, 7.599999999999994, 7.400000000000006, 6.700000000000003, 6.0, 5.299999999999997, 4.799999999999997, 4.599999999999994, 4.400000000000006, 4.200000000000003, 2.5999999999999943, 2.299999999999997, 2.0999999999999943, 1.9000000000000057, 1.4000000000000057, 1.2000000000000028, 1.0, 0.7000000000000028, 0.5, 0.29999999999999716, 0.0, -0.20000000000000284], "x": [257, 304, 335, 342, 353, 355, 365, 381, 382, 384, 387, 390, 400, 401, 402, 413, 415, 419, 420, 421, 422, 423, 426, 427, 429, 430, 433, 436, 440, 445, 447, 450, 454, 455, 457, 458, 459, 460, 461, 462, 463, 465, 466, 467, 468, 469, 471, 475, 479, 480, 481, 482, 483, 485, 487, 488, 489, 490, 492, 496, 499, 500, 501, 504, 505, 506, 507, 508, 509, 510, 512, 513, 514, 515, 516, 517, 518, 520, 521, 522, 523, 524, 527, 528, 529, 530, 531, 532, 534, 535, 536, 537, 538, 539, 540, 542, 543, 544, 545, 546, 549, 550, 551, 552, 553, 554, 555, 556, 557, 558, 559, 560, 561, 562, 563, 564, 567, 568, 569, 570, 571, 572, 573, 574, 575, 576, 577, 578, 579, 580, 581, 582, 583, 584, 585, 586, 589, 590, 591, 593, 594, 595, 596, 597, 598, 599, 600, 601, 602, 603, 604, 607, 608, 609, 610, 612, 613, 614, 615, 617, 618, 619, 622, 623, 633, 635, 640, 666, 695, 704]}}