{"percentile": {"x": [280, 310, 315, 321, 324, 335, 336, 337, 339, 340, 346, 348, 350, 359, 366, 367, 373, 376, 379, 380, 382, 384, 389, 391, 392, 395, 400, 401, 404, 410, 411, 412, 413, 415, 416, 419, 428, 430, 432, 433, 435, 436, 438, 439, 440, 441, 442, 443, 446, 447, 448, 451, 452, 453, 455, 457, 458, 460, 461, 463, 464, 465, 466, 472, 475, 476, 477, 478, 479, 480, 482, 483, 484, 485, 486, 487, 490, 492, 494, 495, 496, 497, 498, 499, 500, 502, 503, 504, 505, 507, 508, 509, 510, 511, 513, 514, 515, 516, 518, 519, 520, 521, 522, 523, 524, 525, 526, 527, 528, 529, 530, 531, 532, 534, 535, 536, 537, 539, 540, 542, 545, 546, 547, 548, 549, 550, 551, 552, 553, 554, 555, 556, 557, 558, 559, 560, 561, 562, 563, 564, 565, 566, 567, 568, 569, 570, 571, 572, 573, 574, 575, 576, 577, 578, 579, 580, 581, 582, 583, 584, 585, 586, 587, 588, 589, 590, 591, 592, 593, 594, 595, 596, 597, 598, 599, 600, 601, 602, 603, 604, 605, 606, 607, 608, 609, 610, 611, 612, 613, 614, 615, 616, 617, 618, 619, 620, 622, 623, 635, 636, 637, 638, 640, 644, 648, 664, 671, 678, 683], "y": [99.9, 99.7, 99.6, 99.4, 99.3, 99.1, 99.0, 98.8, 98.7, 98.5, 98.4, 98.2, 98.1, 97.9, 97.6, 97.5, 97.2, 97.0, 96.8, 96.7, 96.5, 96.4, 96.2, 96.1, 95.8, 95.6, 95.5, 95.3, 95.2, 95.0, 94.9, 94.7, 94.3, 94.1, 94.0, 93.5, 93.2, 93.0, 92.9, 92.4, 92.3, 92.0, 91.5, 91.4, 91.1, 90.8, 90.6, 90.4, 90.3, 90.1, 90.0, 89.8, 89.7, 89.5, 89.2, 89.1, 88.9, 88.6, 88.3, 87.9, 87.5, 86.6, 86.3, 86.2, 85.7, 85.4, 85.3, 85.1, 84.7, 84.3, 84.2, 83.9, 83.7, 83.6, 83.3, 83.1, 82.4, 82.2, 82.1, 81.6, 81.5, 81.0, 80.5, 80.4, 79.9, 79.5, 79.2, 78.6, 77.8, 77.5, 77.2, 76.6, 76.3, 76.0, 75.8, 75.5, 75.4, 75.0, 74.6, 74.3, 73.4, 73.2, 73.1, 72.6, 72.3, 71.8, 71.4, 71.1, 70.8, 70.6, 70.2, 69.7, 69.4, 69.3, 68.8, 68.6, 68.5, 67.9, 67.4, 67.1, 65.9, 65.4, 65.1, 65.0, 64.4, 61.0, 60.4, 59.8, 58.6, 56.1, 55.8, 54.6, 52.8, 51.4, 47.6, 47.2, 46.8, 46.5, 46.1, 45.5, 45.2, 44.9, 44.1, 44.0, 39.7, 38.9, 38.0, 36.8, 35.900000000000006, 34.0, 32.7, 30.5, 29.5, 27.299999999999997, 25.799999999999997, 24.099999999999994, 22.799999999999997, 21.400000000000006, 20.5, 18.0, 17.599999999999994, 17.299999999999997, 16.799999999999997, 16.400000000000006, 15.599999999999994, 15.299999999999997, 15.099999999999994, 15.0, 14.799999999999997, 13.0, 12.700000000000003, 11.799999999999997, 11.599999999999994, 11.299999999999997, 10.099999999999994, 9.700000000000003, 9.0, 8.599999999999994, 8.099999999999994, 7.799999999999997, 7.400000000000006, 6.900000000000006, 6.799999999999997, 6.099999999999994, 5.799999999999997, 5.400000000000006, 5.200000000000003, 4.299999999999997, 4.200000000000003, 4.0, 3.4000000000000057, 3.0999999999999943, 2.9000000000000057, 2.799999999999997, 2.5999999999999943, 2.299999999999997, 2.200000000000003, 2.0, 1.9000000000000057, 1.4000000000000057, 1.0999999999999943, 1.0, 0.7999999999999972, 0.7000000000000028, 0.5, 0.4000000000000057, 0.20000000000000284, 0.0, -0.09999999999999432]}, "histogram": {"x": [300, 310, 320, 330, 340, 350, 360, 370, 380, 390, 400, 410, 420, 430, 440, 450, 460, 470, 480, 490, 500, 510, 520, 530, 540, 550, 559, 569, 584, 594, 615, 624, 633, 648, 663, 684, 705], "y": [1, 1, 1, 2, 5, 3, 1, 3, 5, 3, 5, 3, 10, 3, 13, 7, 9, 15, 13, 13, 16, 24, 19, 21, 18, 42, 88, 52, 142, 33, 63, 9, 0, 10, 0, 4, 0]}}