{"percentile": {"x": [272, 329, 345, 357, 374, 398, 406, 419, 438, 445, 446, 447, 448, 456, 462, 466, 468, 469, 482, 491, 498, 499, 502, 503, 505, 512, 516, 517, 537, 538, 545, 549, 550, 552, 553, 554, 555, 556, 557, 559, 562, 564, 565, 566, 569, 571, 572, 573, 574, 575, 576, 577, 578, 579, 580, 581, 582, 584, 587, 588, 589, 591, 594, 602, 603, 613, 615], "y": [98.9, 97.8, 96.7, 95.6, 94.4, 93.3, 92.2, 91.1, 89.9, 88.8, 87.7, 86.6, 85.4, 84.3, 83.2, 82.1, 80.9, 79.8, 78.7, 77.6, 76.5, 75.3, 74.2, 73.1, 72.0, 70.8, 69.7, 68.6, 67.5, 66.3, 65.2, 64.1, 60.7, 59.6, 58.5, 57.4, 56.2, 52.9, 51.7, 45.0, 43.9, 42.7, 41.6, 40.5, 37.1, 36.0, 34.900000000000006, 32.599999999999994, 31.5, 27.0, 25.900000000000006, 24.799999999999997, 21.400000000000006, 18.0, 16.900000000000006, 15.799999999999997, 14.700000000000003, 13.5, 11.299999999999997, 10.200000000000003, 7.900000000000006, 6.799999999999997, 3.4000000000000057, 2.299999999999997, 1.2000000000000028, 0.0, -1.0999999999999943]}, "histogram": {"x": [300, 310, 320, 330, 340, 350, 360, 370, 380, 390, 400, 410, 420, 430, 440, 450, 460, 470, 480, 490, 500, 510, 520, 530, 540, 550, 559, 569, 584, 594, 615, 624, 633, 648, 663, 684, 705], "y": [1, 0, 0, 1, 0, 1, 1, 0, 1, 0, 1, 1, 1, 0, 1, 4, 1, 4, 0, 1, 3, 3, 3, 0, 2, 5, 14, 7, 21, 9, 4, 0, 0, 0, 0, 0, 0]}}