{"histogram": {"x": [360, 370, 380, 390, 400, 410, 420, 430, 440, 450, 460, 470, 480, 490, 500, 510, 520, 530, 540, 550, 559, 569, 584, 594, 615, 624, 633, 648, 663, 684, 705], "y": [1, 0, 0, 1, 4, 2, 0, 0, 1, 1, 0, 1, 1, 0, 1, 1, 1, 0, 0, 0, 4, 0, 0, 1, 4, 0, 0, 1, 0, 0, 0]}, "percentile": {"x": [354, 388, 395, 398, 399, 400, 402, 403, 438, 445, 462, 480, 500, 507, 518, 554, 556, 557, 559, 592, 599, 604, 609, 614, 638], "y": [95.9, 91.7, 87.5, 83.4, 79.2, 75.0, 70.9, 66.7, 62.5, 58.4, 54.2, 50.0, 45.9, 41.7, 37.5, 33.400000000000006, 29.200000000000003, 25.0, 20.900000000000006, 16.700000000000003, 12.5, 8.400000000000006, 4.200000000000003, 0.0, -4.099999999999994]}}