{"histogram": {"y": [1, 0, 0, 0, 0, 0, 0, 0, 1, 0, 0, 1, 0, 1, 3, 2, 0, 0, 1, 1, 3, 6, 5, 14, 5, 16, 1, 0, 3, 0, 0, 1], "x": [350, 360, 370, 380, 390, 400, 410, 420, 430, 440, 450, 460, 470, 480, 490, 500, 510, 520, 530, 540, 550, 559, 569, 584, 594, 615, 624, 633, 648, 663, 684, 705]}, "percentile": {"y": [98.5, 96.9, 95.4, 93.8, 92.2, 90.7, 89.1, 87.5, 86.0, 84.4, 82.9, 81.3, 79.7, 78.2, 76.6, 73.5, 70.4, 68.8, 67.2, 65.7, 64.1, 61.0, 59.4, 57.9, 53.2, 51.6, 48.5, 46.9, 43.8, 42.2, 39.1, 36.0, 31.299999999999997, 29.700000000000003, 26.599999999999994, 25.0, 21.900000000000006, 20.400000000000006, 18.799999999999997, 17.200000000000003, 14.099999999999994, 12.5, 11.0, 9.400000000000006, 6.299999999999997, 4.700000000000003, 3.200000000000003, 1.5999999999999943, 0.0, -1.5], "x": [345, 425, 458, 477, 484, 489, 490, 494, 498, 522, 532, 542, 547, 550, 551, 554, 558, 559, 564, 567, 568, 569, 572, 573, 574, 576, 577, 578, 579, 583, 584, 590, 594, 595, 598, 601, 602, 603, 604, 605, 607, 608, 612, 614, 615, 620, 634, 642, 647, 685]}}