{"histogram": {"x": [550, 559, 569, 584, 594, 615, 624, 633, 648, 663, 684, 705], "y": [1, 0, 0, 0, 14, 28, 16, 2, 13, 2, 7, 1]}, "percentile": {"x": [549, 591, 593, 594, 595, 596, 598, 600, 601, 602, 603, 607, 608, 610, 611, 612, 613, 614, 615, 616, 617, 618, 620, 621, 623, 624, 633, 635, 636, 637, 638, 640, 641, 644, 645, 646, 647, 652, 660, 664, 665, 667, 669, 672, 677, 683, 704], "y": [98.8, 97.6, 96.4, 82.0, 80.8, 79.6, 78.4, 77.2, 74.7, 73.5, 72.3, 71.1, 69.9, 68.7, 66.3, 62.7, 57.9, 54.3, 48.2, 44.6, 39.8, 37.4, 32.599999999999994, 31.400000000000006, 30.200000000000003, 29.0, 26.599999999999994, 25.400000000000006, 24.099999999999994, 19.299999999999997, 18.099999999999994, 16.900000000000006, 15.700000000000003, 14.5, 13.299999999999997, 12.099999999999994, 10.900000000000006, 9.700000000000003, 8.5, 7.299999999999997, 6.099999999999994, 4.900000000000006, 3.700000000000003, 2.5, 1.2999999999999972, 0.0, -1.2000000000000028]}}