{"histogram": {"x": [320, 330, 340, 350, 360, 370, 380, 390, 400, 410, 420, 430, 440, 450, 460, 470, 480, 490, 500, 510, 520, 530, 540, 550, 559, 569, 584, 594, 615, 624, 633, 648, 663, 684, 705], "y": [1, 0, 1, 0, 1, 1, 0, 1, 1, 0, 6, 3, 2, 3, 1, 8, 3, 5, 3, 7, 5, 6, 6, 11, 35, 16, 46, 10, 13, 2, 1, 1, 0, 1, 0]}, "percentile": {"x": [314, 336, 353, 366, 381, 394, 412, 414, 415, 416, 418, 420, 423, 425, 428, 434, 440, 441, 447, 449, 458, 461, 462, 463, 464, 467, 469, 474, 476, 481, 486, 487, 490, 492, 493, 494, 503, 504, 506, 507, 508, 509, 512, 513, 518, 525, 526, 527, 529, 530, 532, 533, 534, 536, 539, 540, 545, 546, 549, 550, 551, 552, 553, 554, 555, 556, 557, 558, 559, 560, 561, 562, 563, 564, 565, 566, 567, 569, 570, 571, 572, 573, 574, 575, 576, 577, 578, 579, 580, 582, 583, 584, 585, 587, 588, 589, 590, 594, 595, 596, 599, 600, 601, 604, 606, 608, 611, 613, 614, 620, 622, 631, 638, 684], "y": [99.5, 99.0, 98.5, 98.0, 97.5, 97.0, 96.5, 96.0, 95.5, 95.0, 94.5, 94.0, 93.5, 93.0, 92.5, 92.0, 91.5, 91.0, 90.5, 90.0, 89.5, 88.5, 88.0, 87.5, 86.5, 86.0, 85.5, 84.5, 84.0, 83.5, 83.0, 82.5, 81.5, 81.0, 80.5, 79.9, 79.4, 78.9, 78.4, 77.9, 77.4, 76.4, 75.9, 74.9, 73.9, 72.9, 72.4, 71.9, 71.4, 70.9, 70.4, 69.9, 69.4, 68.9, 68.4, 67.9, 66.4, 65.4, 64.9, 62.4, 61.9, 59.3, 58.8, 56.3, 54.8, 51.8, 51.3, 48.3, 44.8, 44.3, 43.3, 42.8, 42.3, 40.8, 40.3, 39.7, 39.2, 36.7, 33.7, 32.7, 31.700000000000003, 31.200000000000003, 29.700000000000003, 28.700000000000003, 26.700000000000003, 25.200000000000003, 24.700000000000003, 22.700000000000003, 19.099999999999994, 18.099999999999994, 16.099999999999994, 13.599999999999994, 13.099999999999994, 12.599999999999994, 12.099999999999994, 11.099999999999994, 10.599999999999994, 8.599999999999994, 7.599999999999994, 7.099999999999994, 6.599999999999994, 5.599999999999994, 5.099999999999994, 4.599999999999994, 4.099999999999994, 3.5999999999999943, 3.0999999999999943, 2.5999999999999943, 2.0999999999999943, 1.5999999999999943, 1.0999999999999943, 0.5999999999999943, 0.0, -0.5]}}