{"histogram": {"y": [2, 1, 1, 1, 2, 2, 0, 2, 2, 6, 5, 4, 5, 3, 8, 10, 25, 9, 55, 20, 53, 3, 1, 3, 1, 5, 0], "x": [400, 410, 420, 430, 440, 450, 460, 470, 480, 490, 500, 510, 520, 530, 540, 550, 559, 569, 584, 594, 615, 624, 633, 648, 663, 684, 705]}, "percentile": {"y": [99.6, 99.2, 98.7, 98.3, 97.9, 97.4, 97.0, 96.5, 96.1, 95.7, 95.2, 94.8, 94.3, 93.9, 93.5, 93.0, 92.2, 91.7, 91.3, 90.4, 90.0, 89.5, 89.1, 88.6, 88.2, 87.8, 87.3, 86.9, 86.5, 86.0, 85.6, 85.1, 84.7, 84.3, 83.8, 83.4, 82.9, 82.5, 80.8, 79.9, 79.0, 78.6, 78.1, 76.4, 75.5, 74.2, 72.4, 71.5, 70.7, 69.3, 68.0, 65.4, 65.0, 64.5, 63.6, 62.8, 62.3, 61.5, 60.6, 59.7, 59.3, 58.4, 56.6, 53.6, 50.5, 49.6, 48.7, 46.5, 45.7, 43.0, 42.6, 39.5, 37.3, 36.9, 36.0, 35.099999999999994, 33.8, 32.900000000000006, 32.5, 32.099999999999994, 28.599999999999994, 28.099999999999994, 26.799999999999997, 26.400000000000006, 25.0, 24.599999999999994, 23.700000000000003, 22.900000000000006, 21.099999999999994, 20.700000000000003, 19.799999999999997, 17.599999999999994, 16.700000000000003, 15.400000000000006, 14.099999999999994, 12.299999999999997, 11.5, 10.599999999999994, 9.700000000000003, 5.299999999999997, 4.900000000000006, 4.400000000000006, 4.0, 3.5999999999999943, 3.0999999999999943, 2.700000000000003, 2.200000000000003, 1.7999999999999972, 1.4000000000000057, 0.9000000000000057, 0.5, -0.4000000000000057], "x": [392, 396, 401, 417, 426, 432, 435, 445, 446, 464, 467, 472, 479, 481, 485, 486, 487, 488, 494, 496, 499, 500, 501, 504, 506, 510, 512, 514, 515, 518, 519, 521, 525, 528, 531, 532, 534, 538, 540, 541, 545, 547, 549, 550, 551, 552, 554, 555, 556, 557, 558, 559, 561, 564, 565, 567, 568, 569, 570, 571, 572, 573, 574, 575, 576, 577, 578, 579, 580, 581, 582, 583, 584, 585, 587, 588, 589, 590, 592, 593, 594, 595, 596, 597, 598, 599, 600, 601, 602, 603, 604, 605, 606, 608, 609, 611, 612, 613, 614, 615, 617, 620, 622, 633, 634, 646, 647, 650, 665, 668, 674, 684]}}