{"percentile": {"x": [573, 580, 586, 589, 591, 592, 593, 594, 595, 596, 597, 598, 599, 600, 601, 602, 603, 604, 605, 606, 607, 608, 609, 610, 611, 613, 614, 615, 616, 617, 618, 619, 620, 621, 622, 623, 624, 625, 627, 629, 631, 633, 635, 642, 643, 645, 658, 668, 678, 684, 701, 704], "y": [99.3, 98.6, 97.9, 96.5, 95.8, 94.4, 91.5, 78.1, 77.4, 76.6, 75.9, 74.5, 73.8, 71.7, 68.8, 68.1, 64.6, 60.3, 56.1, 54.0, 50.4, 49.0, 44.7, 41.2, 39.1, 37.6, 32.0, 25.599999999999994, 24.200000000000003, 22.700000000000003, 20.599999999999994, 19.900000000000006, 19.200000000000003, 18.5, 16.400000000000006, 14.900000000000006, 12.799999999999997, 12.099999999999994, 10.700000000000003, 10.0, 9.299999999999997, 7.099999999999994, 6.400000000000006, 5.700000000000003, 5.0, 4.299999999999997, 3.5999999999999943, 2.9000000000000057, 2.200000000000003, 0.7999999999999972, 0.0, -0.7000000000000028]}, "histogram": {"x": [584, 594, 615, 624, 633, 648, 663, 684, 705], "y": [2, 29, 74, 18, 8, 4, 1, 4, 2]}}