{"histogram": {"y": [2, 1, 1, 0, 3, 3, 3, 1, 2, 6, 6, 5, 4, 8, 10, 9, 13, 10, 14, 12, 16, 11, 20, 21, 16, 32, 73, 36, 76, 16, 29, 3, 0, 0, 0, 0, 1], "x": [300, 310, 320, 330, 340, 350, 360, 370, 380, 390, 400, 410, 420, 430, 440, 450, 460, 470, 480, 490, 500, 510, 520, 530, 540, 550, 559, 569, 584, 594, 615, 624, 633, 648, 663, 684, 705]}, "percentile": {"y": [99.8, 99.6, 99.4, 99.2, 99.0, 98.8, 98.5, 98.3, 97.9, 97.5, 97.2, 97.0, 96.8, 96.6, 96.4, 96.2, 95.9, 95.7, 95.5, 95.3, 95.1, 94.9, 94.6, 94.0, 93.8, 93.6, 93.3, 93.1, 92.9, 92.7, 92.3, 92.0, 91.6, 91.2, 91.0, 90.7, 90.5, 90.3, 90.1, 89.7, 89.2, 88.8, 88.6, 88.4, 88.1, 87.5, 87.3, 87.1, 86.6, 86.4, 86.2, 86.0, 85.5, 85.3, 84.5, 84.2, 83.8, 83.4, 82.7, 82.5, 82.1, 81.7, 81.4, 81.2, 81.0, 80.8, 80.4, 80.1, 79.9, 79.7, 79.5, 78.8, 78.6, 78.2, 78.0, 77.5, 76.9, 76.5, 75.6, 75.2, 74.9, 74.7, 74.3, 73.6, 72.6, 72.3, 72.1, 71.9, 71.5, 71.0, 70.8, 70.2, 69.7, 69.3, 69.1, 68.2, 67.4, 67.1, 66.7, 66.3, 66.1, 65.4, 64.3, 63.7, 63.0, 62.6, 62.4, 61.7, 60.9, 60.7, 60.4, 60.0, 59.6, 59.4, 59.1, 58.3, 57.4, 57.2, 56.8, 56.1, 55.9, 55.0, 54.8, 53.9, 52.9, 50.5, 49.6, 48.8, 47.2, 45.7, 44.0, 41.4, 39.7, 38.8, 34.7, 33.8, 32.7, 31.900000000000006, 30.099999999999994, 29.900000000000006, 29.5, 26.900000000000006, 26.200000000000003, 24.900000000000006, 24.299999999999997, 22.799999999999997, 21.0, 20.200000000000003, 19.299999999999997, 18.0, 16.5, 14.599999999999994, 14.099999999999994, 13.5, 13.299999999999997, 12.400000000000006, 10.400000000000006, 10.0, 8.700000000000003, 8.5, 8.299999999999997, 7.799999999999997, 7.0, 6.799999999999997, 6.5, 6.299999999999997, 6.099999999999994, 5.5, 5.200000000000003, 5.0, 4.599999999999994, 4.400000000000006, 3.700000000000003, 3.5, 3.0999999999999943, 2.9000000000000057, 2.4000000000000057, 1.7999999999999972, 1.5999999999999943, 1.2999999999999972, 0.9000000000000057, 0.7000000000000028, 0.5, 0.29999999999999716, 0.0, -0.20000000000000284], "x": [292, 299, 310, 312, 334, 337, 338, 345, 350, 356, 357, 367, 373, 379, 381, 382, 383, 384, 388, 389, 392, 394, 396, 399, 401, 405, 406, 408, 409, 414, 418, 420, 423, 424, 425, 426, 427, 429, 433, 434, 435, 436, 438, 439, 440, 441, 442, 444, 446, 447, 448, 454, 455, 456, 457, 458, 459, 460, 463, 464, 465, 466, 467, 468, 471, 472, 473, 474, 475, 476, 477, 478, 479, 480, 482, 483, 485, 486, 488, 491, 492, 493, 494, 496, 497, 498, 500, 502, 503, 505, 506, 507, 510, 511, 512, 513, 514, 516, 517, 518, 519, 520, 521, 522, 524, 525, 528, 529, 530, 531, 532, 533, 534, 535, 537, 538, 539, 541, 542, 543, 544, 545, 547, 548, 549, 550, 551, 552, 553, 554, 555, 556, 557, 558, 559, 561, 562, 563, 564, 565, 568, 569, 570, 571, 572, 573, 574, 575, 576, 577, 578, 579, 580, 581, 582, 583, 584, 587, 589, 590, 592, 593, 594, 595, 596, 597, 598, 599, 600, 601, 602, 603, 604, 605, 606, 607, 608, 609, 610, 611, 612, 615, 616, 617, 624, 704]}}