{"percentile": {"x": [433, 462, 492, 497, 502, 509, 514, 520, 536, 545, 548, 550, 553, 554, 555, 556, 559, 569, 571, 574, 575, 576, 577, 578, 580, 584, 589, 596, 599, 601, 602, 604, 605, 606, 607, 608, 609, 614, 615, 642, 650], "y": [98.3, 96.5, 94.7, 92.9, 91.1, 89.3, 87.5, 85.8, 84.0, 82.2, 78.6, 76.8, 75.0, 73.3, 71.5, 69.7, 66.1, 60.8, 59.0, 57.2, 51.8, 50.0, 44.7, 41.1, 39.3, 35.8, 34.0, 32.2, 25.0, 23.299999999999997, 21.5, 17.900000000000006, 16.099999999999994, 14.299999999999997, 12.5, 10.799999999999997, 7.200000000000003, 5.400000000000006, 1.7999999999999972, 0.0, -1.7000000000000028]}, "histogram": {"x": [440, 450, 460, 470, 480, 490, 500, 510, 520, 530, 540, 550, 559, 569, 584, 594, 615, 624, 633, 648, 663, 684, 705], "y": [1, 0, 0, 1, 0, 0, 2, 2, 2, 0, 1, 4, 6, 3, 14, 1, 18, 0, 0, 1, 1, 0, 0]}}