{"histogram": {"x": [550, 559, 569, 584, 594, 615, 624, 633, 648, 663, 684, 705], "y": [1, 0, 0, 1, 3, 20, 7, 5, 17, 6, 28, 4]}, "percentile": {"x": [546, 571, 589, 594, 595, 602, 603, 604, 608, 612, 613, 614, 615, 616, 617, 619, 621, 624, 628, 631, 632, 633, 634, 635, 636, 637, 638, 640, 641, 642, 643, 645, 647, 653, 654, 656, 658, 659, 660, 665, 667, 668, 669, 670, 672, 673, 674, 675, 677, 678, 679, 680, 683, 684, 692, 694, 695, 699], "y": [99.0, 97.9, 96.8, 94.6, 93.5, 92.4, 91.3, 90.2, 89.1, 85.8, 84.7, 82.5, 72.6, 71.5, 70.4, 69.3, 67.1, 64.9, 62.7, 61.6, 60.5, 59.4, 58.3, 57.2, 55.0, 53.9, 52.8, 51.7, 47.3, 44.0, 42.9, 41.8, 40.7, 39.6, 38.5, 37.4, 36.3, 35.2, 34.099999999999994, 33.0, 29.700000000000003, 28.599999999999994, 27.5, 26.400000000000006, 23.099999999999994, 22.0, 20.900000000000006, 18.700000000000003, 13.200000000000003, 12.099999999999994, 8.799999999999997, 7.700000000000003, 5.5, 3.299999999999997, 2.200000000000003, 1.0999999999999943, 0.0, -1.0]}}