{"histogram": {"y": [1, 0, 0, 0, 0, 0, 0, 1, 1, 0, 0, 0, 1, 0, 0, 0, 1, 3, 4, 3, 3, 5, 2, 2, 3, 2, 6, 7, 9, 17, 11, 7, 3, 0, 0, 0, 0, 0], "x": [270, 300, 310, 320, 330, 340, 350, 360, 370, 380, 390, 400, 410, 420, 430, 440, 450, 460, 470, 480, 490, 500, 510, 520, 530, 540, 550, 559, 569, 584, 594, 615, 624, 633, 648, 663, 684, 705]}, "percentile": {"y": [99.0, 97.9, 96.8, 95.7, 94.6, 93.5, 92.4, 91.3, 89.1, 86.9, 85.8, 84.7, 83.6, 82.5, 81.4, 80.3, 78.1, 77.0, 74.8, 73.7, 72.6, 70.4, 69.3, 68.2, 67.1, 66.0, 64.9, 63.8, 62.7, 58.3, 57.2, 55.0, 52.8, 51.7, 50.6, 49.5, 48.4, 47.3, 46.2, 45.1, 44.0, 40.7, 39.6, 38.5, 37.4, 36.3, 35.2, 33.0, 31.900000000000006, 30.799999999999997, 29.700000000000003, 27.5, 26.400000000000006, 22.0, 20.900000000000006, 19.799999999999997, 16.5, 15.400000000000006, 9.900000000000006, 8.799999999999997, 7.700000000000003, 6.599999999999994, 4.400000000000006, 2.200000000000003, 1.0999999999999943, 0.0, -1.0], "x": [266, 355, 364, 401, 443, 451, 455, 457, 463, 470, 473, 474, 475, 487, 489, 490, 495, 498, 499, 503, 508, 518, 523, 524, 525, 533, 539, 541, 544, 550, 553, 556, 557, 558, 559, 561, 562, 564, 565, 566, 567, 569, 571, 572, 574, 575, 576, 577, 578, 579, 580, 582, 583, 584, 586, 588, 589, 591, 594, 596, 599, 604, 612, 615, 618, 620, 622]}}