{"histogram": {"x": [400, 410, 420, 430, 440, 450, 460, 470, 480, 490, 500, 510, 520, 530, 540, 550, 559, 569, 584, 594, 615, 624, 633, 648, 663, 684, 705], "y": [1, 0, 1, 1, 3, 1, 3, 1, 2, 1, 4, 4, 2, 7, 10, 27, 27, 76, 199, 441, 1027, 461, 73, 800, 70, 888, 16]}, "percentile": {"x": [399, 412, 426, 432, 436, 440, 449, 453, 455, 459, 463, 471, 473, 482, 492, 493, 495, 500, 502, 504, 508, 518, 519, 522, 524, 526, 529, 530, 531, 534, 535, 536, 539, 540, 541, 542, 543, 544, 545, 546, 547, 549, 550, 551, 552, 553, 554, 555, 556, 557, 558, 559, 560, 561, 562, 563, 564, 565, 566, 567, 568, 569, 570, 571, 572, 573, 574, 575, 576, 577, 578, 579, 580, 581, 582, 583, 584, 585, 586, 587, 588, 589, 590, 591, 592, 593, 594, 595, 596, 597, 598, 599, 600, 601, 602, 603, 604, 605, 606, 607, 608, 609, 610, 611, 612, 613, 614, 615, 616, 617, 618, 619, 620, 621, 622, 623, 624, 625, 626, 627, 628, 629, 630, 631, 632, 633, 634, 635, 636, 637, 638, 639, 640, 641, 642, 643, 644, 645, 646, 647, 648, 649, 650, 651, 652, 653, 654, 655, 656, 657, 658, 659, 660, 661, 662, 663, 664, 665, 666, 667, 668, 669, 670, 671, 672, 673, 674, 675, 676, 677, 678, 679, 680, 681, 682, 683, 684, 685, 689, 693, 695, 702, 704], "y": [100.0, 100.0, 100.0, 100.0, 99.9, 99.9, 99.9, 99.9, 99.8, 99.8, 99.8, 99.8, 99.7, 99.7, 99.7, 99.7, 99.6, 99.6, 99.6, 99.6, 99.5, 99.5, 99.5, 99.4, 99.4, 99.4, 99.3, 99.3, 99.3, 99.3, 99.2, 99.2, 99.1, 99.1, 99.0, 99.0, 98.9, 98.9, 98.8, 98.7, 98.7, 98.6, 98.4, 98.4, 98.3, 98.2, 98.0, 98.0, 97.9, 97.9, 97.8, 97.8, 97.7, 97.6, 97.5, 97.2, 97.0, 96.9, 96.8, 96.6, 96.4, 95.9, 95.7, 95.5, 95.2, 95.0, 94.7, 94.3, 93.9, 93.7, 93.2, 93.0, 92.7, 92.3, 92.0, 91.6, 91.1, 90.7, 90.1, 89.6, 89.0, 88.1, 87.4, 86.4, 85.5, 84.2, 80.5, 80.0, 79.4, 78.6, 77.6, 76.8, 75.6, 74.2, 73.1, 72.0, 70.8, 69.4, 68.5, 67.5, 66.2, 64.4, 63.0, 61.8, 60.4, 59.2, 57.9, 55.7, 54.8, 53.6, 52.3, 50.8, 49.5, 47.8, 46.8, 45.9, 44.6, 44.5, 44.3, 43.9, 43.8, 43.6, 43.5, 43.2, 43.1, 42.8, 41.7, 40.5, 39.4, 38.0, 36.7, 35.3, 33.7, 32.5, 30.900000000000006, 29.299999999999997, 28.200000000000003, 27.200000000000003, 26.0, 24.599999999999994, 23.5, 23.400000000000006, 23.299999999999997, 23.099999999999994, 22.900000000000006, 22.799999999999997, 22.799999999999997, 22.700000000000003, 22.599999999999994, 22.400000000000006, 22.200000000000003, 22.200000000000003, 22.200000000000003, 22.099999999999994, 22.0, 21.799999999999997, 20.700000000000003, 19.900000000000006, 19.0, 17.599999999999994, 16.599999999999994, 15.700000000000003, 15.0, 14.0, 13.299999999999997, 12.5, 11.599999999999994, 10.799999999999997, 10.099999999999994, 9.200000000000003, 8.400000000000006, 7.599999999999994, 6.900000000000006, 6.099999999999994, 5.5, 4.400000000000006, 0.4000000000000057, 0.4000000000000057, 0.4000000000000057, 0.29999999999999716, 0.29999999999999716, 0.20000000000000284, 0.0]}}