{"histogram": {"x": [300, 310, 320, 330, 340, 350, 360, 370, 380, 390, 400, 410, 420, 430, 440, 450, 460, 470, 480, 490, 500, 510, 520, 530, 540, 550, 559, 569, 584, 594, 615, 624, 633, 648, 663, 684, 705], "y": [1, 0, 0, 0, 1, 0, 4, 3, 2, 3, 4, 3, 1, 6, 4, 3, 3, 1, 3, 7, 10, 10, 6, 7, 6, 14, 24, 13, 45, 8, 21, 3, 0, 2, 1, 0, 0]}, "percentile": {"x": [279, 334, 352, 358, 360, 363, 365, 369, 372, 376, 384, 385, 391, 396, 400, 401, 403, 406, 414, 423, 424, 426, 428, 430, 431, 436, 440, 448, 450, 453, 454, 459, 462, 475, 479, 480, 481, 482, 485, 488, 489, 490, 491, 493, 494, 495, 496, 499, 500, 501, 503, 505, 507, 508, 510, 514, 516, 520, 521, 522, 524, 527, 533, 534, 536, 537, 539, 540, 542, 545, 547, 549, 550, 551, 552, 553, 554, 555, 556, 557, 558, 559, 560, 561, 563, 566, 567, 569, 570, 571, 572, 573, 574, 575, 576, 577, 578, 579, 580, 581, 582, 583, 584, 585, 587, 589, 592, 594, 597, 598, 599, 600, 601, 602, 603, 612, 615, 616, 619, 623, 637, 643, 655], "y": [99.6, 99.1, 98.2, 97.8, 97.3, 96.8, 96.4, 95.9, 95.5, 95.0, 94.1, 93.6, 93.2, 92.3, 91.8, 91.3, 90.9, 90.4, 90.0, 89.5, 89.0, 88.1, 87.7, 87.2, 86.7, 86.3, 85.4, 84.5, 84.0, 83.5, 83.1, 82.6, 82.2, 81.7, 81.2, 80.8, 80.3, 79.9, 79.4, 78.9, 78.0, 77.6, 76.7, 76.2, 75.7, 74.8, 73.9, 73.4, 73.0, 72.5, 72.1, 71.6, 70.7, 70.2, 68.4, 67.5, 67.0, 65.6, 64.7, 64.3, 62.9, 62.4, 62.0, 61.5, 61.1, 60.6, 60.1, 59.7, 58.3, 56.9, 56.5, 56.0, 53.3, 52.3, 51.4, 50.0, 49.1, 47.8, 46.8, 46.4, 43.6, 42.3, 41.3, 40.9, 40.0, 39.5, 39.0, 36.3, 35.8, 34.5, 34.0, 33.099999999999994, 30.799999999999997, 28.5, 27.599999999999994, 26.200000000000003, 23.900000000000006, 21.599999999999994, 20.700000000000003, 19.799999999999997, 18.900000000000006, 17.5, 15.599999999999994, 15.200000000000003, 14.700000000000003, 14.299999999999997, 13.799999999999997, 12.0, 11.5, 10.599999999999994, 8.799999999999997, 7.400000000000006, 6.900000000000006, 6.0, 4.599999999999994, 3.700000000000003, 2.299999999999997, 1.9000000000000057, 1.4000000000000057, 1.0, 0.5, 0.0, -0.4000000000000057]}}