{"histogram": {"x": [550, 559, 569, 584, 594, 615, 624, 633, 648, 663, 684, 705], "y": [2, 2, 1, 2, 28, 78, 39, 7, 86, 22, 333, 7]}, "percentile": {"x": [542, 550, 554, 558, 560, 572, 577, 585, 588, 589, 590, 591, 592, 593, 594, 595, 596, 598, 599, 600, 601, 602, 603, 604, 605, 606, 607, 608, 609, 610, 611, 612, 613, 614, 615, 616, 617, 618, 619, 620, 621, 622, 623, 624, 626, 628, 631, 632, 633, 634, 635, 636, 637, 638, 639, 640, 641, 642, 643, 644, 645, 646, 647, 648, 650, 651, 653, 654, 655, 656, 657, 658, 659, 660, 661, 663, 664, 665, 666, 667, 668, 669, 670, 671, 672, 673, 674, 675, 676, 677, 678, 679, 680, 681, 682, 683, 684, 687, 689, 691, 693, 697, 704], "y": [99.9, 99.7, 99.6, 99.4, 99.2, 99.1, 98.9, 98.6, 98.2, 98.1, 97.9, 97.7, 97.1, 96.4, 94.3, 94.1, 93.9, 93.1, 92.8, 92.0, 91.8, 91.6, 90.8, 90.5, 89.5, 89.2, 88.2, 87.3, 86.8, 86.2, 85.5, 85.0, 83.9, 83.1, 81.4, 81.1, 80.7, 80.1, 78.6, 77.9, 77.1, 76.6, 76.0, 75.0, 74.8, 74.5, 74.1, 74.0, 73.8, 73.3, 72.5, 71.2, 70.7, 69.9, 69.0, 67.4, 66.4, 65.9, 64.9, 64.4, 63.7, 61.9, 60.6, 59.6, 59.0, 58.8, 58.3, 58.0, 57.8, 57.5, 57.0, 56.7, 56.5, 56.3, 56.2, 56.0, 55.5, 53.8, 52.7, 52.2, 51.2, 50.2, 48.1, 45.9, 44.6, 43.6, 41.6, 40.0, 38.5, 36.7, 35.2, 33.400000000000006, 32.099999999999994, 31.099999999999994, 29.299999999999997, 26.900000000000006, 1.0, 0.9000000000000057, 0.5, 0.4000000000000057, 0.20000000000000284, 0.0, -0.09999999999999432]}}