{"percentile": {"x": [541, 542, 549, 564, 565, 570, 573, 574, 575, 579, 583, 586, 587, 589, 591, 593, 594, 596, 597, 598, 600, 601, 602, 603, 604, 605, 608, 609, 610, 611, 612, 613, 614, 615, 616, 617, 618, 619, 620, 621, 622, 623, 624, 627, 629, 631, 632, 633, 634, 635, 636, 637, 638, 639, 640, 641, 642, 643, 644, 645, 646, 648, 650, 654, 657, 661, 662, 663, 664, 665, 666, 667, 668, 669, 670, 671, 672, 673, 674, 675, 676, 677, 678, 679, 680, 681, 682, 683, 684, 691, 692, 693, 694], "y": [99.9, 99.7, 99.5, 99.3, 99.2, 99.0, 98.8, 98.6, 98.4, 98.3, 98.1, 97.9, 97.5, 97.4, 97.2, 96.7, 94.3, 94.1, 93.8, 93.6, 93.1, 92.9, 92.7, 92.2, 92.0, 91.5, 90.4, 89.9, 89.5, 88.6, 88.4, 87.3, 86.8, 85.7, 85.4, 85.0, 84.1, 83.6, 82.5, 81.8, 80.9, 80.2, 79.5, 79.3, 79.1, 78.9, 78.8, 78.2, 77.5, 76.4, 75.9, 75.2, 74.1, 72.9, 72.5, 72.1, 71.2, 69.6, 68.7, 66.8, 65.2, 64.1, 63.9, 63.7, 63.6, 63.4, 63.0, 62.8, 62.1, 61.6, 59.4, 57.8, 56.2, 55.0, 53.2, 51.7, 50.1, 48.9, 47.8, 46.2, 43.9, 43.2, 41.9, 40.7, 39.0, 37.8, 35.599999999999994, 33.0, 0.5999999999999943, 0.4000000000000057, 0.20000000000000284, 0.0, -0.09999999999999432]}, "histogram": {"x": [550, 559, 569, 584, 594, 615, 624, 633, 648, 663, 684, 705], "y": [3, 0, 2, 6, 21, 48, 35, 7, 79, 7, 348, 4]}}