{"histogram": {"y": [1, 0, 0, 0, 1, 1, 1, 0, 1, 3, 4, 1, 5, 4, 3, 3, 10, 4, 6, 9, 7, 8, 17, 11, 33, 7, 13, 3, 1, 1, 0, 1, 0], "x": [340, 350, 360, 370, 380, 390, 400, 410, 420, 430, 440, 450, 460, 470, 480, 490, 500, 510, 520, 530, 540, 550, 559, 569, 584, 594, 615, 624, 633, 648, 663, 684, 705]}, "percentile": {"y": [99.4, 98.8, 98.2, 97.5, 96.9, 96.3, 95.6, 95.0, 94.4, 93.7, 93.1, 92.5, 91.8, 90.6, 89.9, 89.3, 88.7, 88.0, 87.4, 86.8, 86.1, 85.5, 84.9, 84.2, 83.6, 83.0, 82.3, 81.7, 80.4, 79.8, 77.9, 77.3, 76.0, 75.4, 74.7, 74.1, 73.5, 72.8, 71.6, 70.9, 70.3, 69.7, 69.0, 67.8, 67.1, 66.5, 65.9, 65.2, 64.0, 63.3, 62.7, 62.1, 61.4, 60.8, 60.2, 59.5, 58.9, 58.3, 57.0, 56.4, 54.5, 53.8, 52.6, 51.3, 50.7, 49.4, 48.8, 46.9, 43.7, 43.1, 42.5, 41.8, 41.2, 40.6, 36.8, 36.1, 35.5, 34.2, 33.599999999999994, 31.700000000000003, 30.400000000000006, 29.200000000000003, 26.599999999999994, 24.099999999999994, 22.200000000000003, 20.900000000000006, 19.700000000000003, 17.799999999999997, 15.900000000000006, 15.200000000000003, 14.599999999999994, 14.0, 13.299999999999997, 11.400000000000006, 10.799999999999997, 10.200000000000003, 8.900000000000006, 8.299999999999997, 7.0, 6.400000000000006, 5.700000000000003, 5.099999999999994, 4.5, 3.799999999999997, 3.200000000000003, 2.5999999999999943, 1.9000000000000057, 1.2999999999999972, 0.7000000000000028, 0.0, -0.5999999999999943], "x": [335, 373, 384, 391, 414, 427, 428, 430, 431, 436, 438, 439, 448, 452, 455, 458, 460, 464, 468, 469, 470, 471, 475, 476, 484, 489, 490, 493, 494, 495, 496, 497, 498, 502, 503, 505, 508, 511, 513, 514, 515, 520, 521, 522, 525, 526, 528, 529, 530, 532, 533, 535, 537, 538, 539, 540, 543, 545, 546, 548, 550, 552, 553, 554, 555, 556, 557, 558, 559, 560, 561, 564, 565, 567, 569, 570, 571, 572, 573, 574, 575, 577, 578, 579, 580, 581, 582, 583, 584, 589, 591, 592, 593, 594, 596, 599, 600, 601, 602, 603, 604, 607, 609, 610, 615, 616, 622, 624, 628, 635, 684]}}