{"percentile": {"y": [100.0, 100.0, 100.0, 100.0, 100.0, 100.0, 100.0, 100.0, 100.0, 100.0, 100.0, 99.9, 99.9, 99.9, 99.9, 99.9, 99.9, 99.9, 99.9, 99.9, 99.9, 99.9, 99.8, 99.8, 99.8, 99.8, 99.8, 99.8, 99.8, 99.8, 99.8, 99.7, 99.7, 99.7, 99.7, 99.7, 99.5, 99.5, 99.5, 99.5, 99.4, 99.4, 99.4, 99.3, 99.3, 99.3, 99.2, 99.2, 99.2, 99.1, 99.0, 98.9, 98.9, 98.8, 98.7, 98.6, 98.6, 98.5, 98.4, 98.3, 98.1, 98.1, 97.9, 97.9, 97.7, 97.4, 97.2, 97.2, 97.0, 96.8, 96.6, 96.4, 96.1, 95.9, 95.6, 95.3, 95.1, 94.9, 94.8, 94.5, 94.1, 93.9, 93.5, 93.1, 92.7, 91.9, 91.5, 91.0, 90.5, 89.3, 86.5, 86.0, 85.4, 84.7, 84.0, 83.1, 82.1, 81.3, 80.4, 79.4, 78.3, 77.1, 76.1, 74.9, 73.6, 72.3, 71.0, 69.9, 68.6, 67.3, 66.0, 63.6, 62.6, 61.6, 60.5, 59.1, 57.9, 56.5, 55.2, 54.0, 52.8, 52.6, 52.5, 52.3, 52.1, 51.8, 51.5, 51.3, 51.1, 50.8, 49.6, 48.5, 47.1, 46.0, 44.4, 42.9, 41.4, 40.1, 38.5, 36.8, 35.3, 33.7, 32.2, 31.099999999999994, 29.900000000000006, 29.700000000000003, 29.599999999999994, 29.299999999999997, 29.200000000000003, 29.0, 28.799999999999997, 28.599999999999994, 28.400000000000006, 28.299999999999997, 28.200000000000003, 28.099999999999994, 27.900000000000006, 27.900000000000006, 27.799999999999997, 27.5, 26.5, 25.299999999999997, 24.200000000000003, 23.0, 21.900000000000006, 20.700000000000003, 19.5, 18.400000000000006, 17.299999999999997, 16.200000000000003, 15.200000000000003, 14.299999999999997, 13.299999999999997, 12.299999999999997, 11.200000000000003, 10.200000000000003, 9.299999999999997, 8.5, 7.700000000000003, 6.599999999999994, 0.5, 0.5, 0.5, 0.5, 0.5, 0.5, 0.4000000000000057, 0.4000000000000057, 0.4000000000000057, 0.4000000000000057, 0.4000000000000057, 0.4000000000000057, 0.4000000000000057, 0.29999999999999716, 0.29999999999999716, 0.0], "x": [400, 428, 434, 442, 443, 458, 465, 466, 467, 473, 475, 479, 480, 485, 489, 497, 505, 507, 510, 513, 517, 518, 520, 521, 523, 524, 525, 526, 527, 528, 532, 533, 534, 535, 537, 539, 540, 541, 542, 543, 544, 545, 546, 547, 548, 549, 550, 551, 552, 553, 554, 555, 556, 557, 558, 559, 560, 561, 562, 563, 564, 565, 566, 567, 568, 569, 570, 571, 572, 573, 574, 575, 576, 577, 578, 579, 580, 581, 582, 583, 584, 585, 586, 587, 588, 589, 590, 591, 592, 593, 594, 595, 596, 597, 598, 599, 600, 601, 602, 603, 604, 605, 606, 607, 608, 609, 610, 611, 612, 613, 614, 615, 616, 617, 618, 619, 620, 621, 622, 623, 624, 625, 626, 627, 628, 629, 630, 631, 632, 633, 634, 635, 636, 637, 638, 639, 640, 641, 642, 643, 644, 645, 646, 647, 648, 649, 650, 651, 652, 653, 654, 655, 656, 657, 658, 659, 660, 661, 662, 663, 664, 665, 666, 667, 668, 669, 670, 671, 672, 673, 674, 675, 676, 677, 678, 679, 680, 681, 682, 683, 684, 686, 688, 689, 690, 692, 694, 695, 696, 697, 698, 700, 701, 702, 703, 704]}, "histogram": {"y": [1, 0, 0, 1, 1, 2, 1, 4, 4, 2, 1, 3, 6, 9, 33, 39, 81, 157, 416, 992, 2949, 1387, 261, 2698, 301, 3477, 65], "x": [400, 410, 420, 430, 440, 450, 460, 470, 480, 490, 500, 510, 520, 530, 540, 550, 559, 569, 584, 594, 615, 624, 633, 648, 663, 684, 705]}}