{"percentile": {"x": [384, 418, 427, 430, 435, 456, 468, 470, 481, 488, 504, 505, 509, 510, 518, 521, 522, 524, 525, 526, 532, 536, 539, 545, 549, 550, 551, 552, 553, 554, 555, 556, 559, 562, 564, 569, 571, 573, 574, 575, 576, 578, 579, 581, 583, 588, 591, 593, 594, 596, 598, 599, 601, 603, 605, 608, 614, 615], "y": [98.6, 97.2, 95.8, 94.3, 92.9, 91.5, 88.6, 87.2, 85.8, 84.3, 82.9, 81.5, 80.0, 78.6, 77.2, 75.8, 74.3, 72.9, 71.5, 70.0, 68.6, 65.8, 64.3, 62.9, 61.5, 57.2, 55.8, 52.9, 51.5, 50.0, 48.6, 47.2, 41.5, 38.6, 37.2, 35.8, 34.3, 32.900000000000006, 31.5, 28.599999999999994, 27.200000000000003, 25.799999999999997, 22.900000000000006, 21.5, 20.0, 18.599999999999994, 17.200000000000003, 15.799999999999997, 14.299999999999997, 12.900000000000006, 10.0, 8.599999999999994, 7.200000000000003, 4.299999999999997, 2.9000000000000057, 1.5, 0.0, -1.4000000000000057]}, "histogram": {"x": [390, 400, 410, 420, 430, 440, 450, 460, 470, 480, 490, 500, 510, 520, 530, 540, 550, 559, 569, 584, 594, 615, 624, 633, 648, 663, 684, 705], "y": [1, 0, 0, 1, 2, 1, 0, 1, 3, 0, 2, 0, 4, 1, 5, 4, 5, 11, 4, 11, 4, 11, 0, 0, 0, 0, 0, 0]}}