{"histogram": {"x": [594, 615, 624, 633, 648, 663, 684, 705], "y": [3, 5, 2, 0, 0, 0, 0, 0]}, "percentile": {"x": [585, 594, 595, 600, 604, 613, 616, 622], "y": [88.9, 66.7, 55.6, 44.5, 33.400000000000006, 11.200000000000003, 0.0, -11.099999999999994]}}