{"histogram": {"x": [330, 340, 350, 360, 370, 380, 390, 400, 410, 420, 430, 440, 450, 460, 470, 480, 490, 500, 510, 520, 530, 540, 550, 559, 569, 584, 594, 615, 624, 633, 648, 663, 684, 705], "y": [1, 3, 0, 0, 1, 2, 2, 2, 8, 5, 2, 4, 5, 5, 7, 8, 15, 11, 12, 14, 8, 10, 23, 46, 24, 59, 6, 26, 1, 0, 1, 1, 0, 0]}, "percentile": {"x": [329, 332, 338, 365, 379, 385, 389, 397, 400, 401, 402, 403, 405, 407, 409, 415, 417, 418, 422, 428, 431, 438, 439, 440, 441, 443, 449, 454, 457, 459, 460, 461, 462, 466, 467, 468, 471, 472, 474, 477, 478, 479, 481, 482, 483, 484, 485, 486, 489, 490, 492, 493, 494, 496, 497, 498, 500, 501, 502, 503, 504, 507, 508, 509, 510, 511, 512, 513, 514, 516, 517, 519, 520, 521, 523, 525, 526, 527, 528, 530, 531, 533, 535, 536, 538, 539, 540, 541, 543, 544, 545, 547, 550, 551, 552, 553, 554, 555, 556, 557, 558, 559, 563, 564, 565, 566, 567, 568, 569, 570, 571, 572, 573, 574, 575, 576, 577, 578, 579, 580, 581, 582, 583, 584, 585, 589, 591, 592, 593, 594, 595, 596, 598, 599, 600, 601, 602, 603, 604, 605, 607, 608, 610, 612, 616, 637, 658], "y": [99.7, 99.4, 98.8, 98.4, 97.8, 97.5, 97.2, 96.8, 96.5, 96.2, 95.9, 95.5, 95.2, 94.9, 93.9, 93.6, 92.7, 92.3, 92.0, 91.7, 91.4, 91.0, 90.7, 90.4, 90.1, 89.1, 88.8, 88.2, 87.8, 87.5, 87.2, 86.2, 85.9, 85.6, 85.3, 84.9, 84.6, 84.0, 83.3, 83.0, 82.7, 82.4, 82.0, 81.1, 80.4, 79.5, 79.1, 78.8, 78.2, 77.5, 76.9, 75.6, 75.3, 75.0, 74.6, 74.3, 74.0, 73.7, 73.0, 72.4, 71.8, 71.4, 71.1, 70.8, 70.1, 69.5, 68.5, 67.6, 66.9, 66.6, 66.3, 66.0, 65.6, 65.3, 65.0, 64.7, 64.4, 63.7, 63.4, 63.1, 62.4, 62.1, 61.5, 61.1, 60.8, 60.5, 59.9, 59.2, 58.9, 58.6, 57.9, 57.6, 52.5, 50.9, 50.5, 48.6, 46.7, 44.4, 43.5, 41.2, 39.3, 37.7, 36.7, 35.400000000000006, 34.5, 34.099999999999994, 33.5, 33.2, 30.0, 29.0, 28.0, 27.099999999999994, 26.099999999999994, 25.799999999999997, 24.200000000000003, 23.5, 21.900000000000006, 21.599999999999994, 19.299999999999997, 17.400000000000006, 16.400000000000006, 14.799999999999997, 13.900000000000006, 11.0, 10.700000000000003, 10.299999999999997, 10.0, 9.700000000000003, 9.400000000000006, 9.099999999999994, 8.400000000000006, 8.099999999999994, 6.799999999999997, 6.5, 5.799999999999997, 5.5, 5.200000000000003, 4.599999999999994, 3.9000000000000057, 3.299999999999997, 2.5999999999999943, 1.7000000000000028, 1.2999999999999972, 0.7000000000000028, 0.4000000000000057, 0.0, -0.29999999999999716]}}