{"percentile": {"x": [270, 288, 291, 292, 297, 298, 302, 311, 320, 326, 329, 339, 343, 344, 346, 347, 349, 356, 358, 361, 362, 363, 366, 367, 371, 373, 375, 377, 378, 380, 382, 385, 387, 388, 389, 390, 394, 395, 396, 397, 398, 400, 403, 405, 410, 411, 412, 413, 415, 416, 417, 419, 420, 421, 422, 423, 424, 427, 428, 431, 432, 433, 435, 436, 437, 439, 440, 441, 444, 445, 446, 447, 449, 450, 453, 454, 455, 457, 459, 460, 461, 462, 463, 465, 466, 467, 468, 471, 472, 473, 475, 476, 477, 478, 479, 480, 481, 482, 483, 485, 487, 488, 489, 490, 491, 492, 493, 494, 495, 496, 497, 498, 499, 500, 501, 502, 503, 504, 505, 506, 507, 508, 509, 510, 511, 512, 513, 515, 516, 517, 518, 519, 520, 522, 523, 524, 525, 526, 527, 528, 529, 530, 531, 533, 534, 535, 536, 537, 538, 539, 540, 541, 542, 543, 545, 546, 548, 549, 550, 551, 552, 553, 554, 555, 556, 557, 558, 559, 560, 561, 562, 563, 564, 565, 566, 567, 568, 569, 570, 571, 572, 573, 574, 575, 576, 577, 578, 579, 580, 581, 582, 583, 584, 586, 587, 588, 589, 590, 591, 592, 593, 594, 595, 596, 597, 598, 599, 600, 601, 602, 603, 604, 605, 606, 607, 608, 609, 611, 612, 613, 614, 615, 616, 617, 618, 621, 622, 624, 633, 636, 645, 664, 684, 704], "y": [99.9, 99.8, 99.7, 99.6, 99.5, 99.3, 99.2, 99.1, 99.0, 98.9, 98.8, 98.4, 98.3, 98.2, 98.1, 97.9, 97.8, 97.7, 97.6, 97.5, 97.4, 97.2, 97.1, 97.0, 96.9, 96.8, 96.5, 96.4, 96.2, 96.0, 95.7, 95.5, 95.4, 95.2, 95.1, 94.9, 94.8, 94.7, 94.4, 94.2, 94.1, 93.8, 93.7, 93.6, 93.4, 93.1, 93.0, 92.9, 92.8, 92.7, 92.6, 92.3, 92.0, 91.6, 91.5, 91.4, 91.0, 90.8, 90.6, 90.4, 90.3, 90.1, 89.9, 89.6, 89.4, 89.3, 88.9, 88.6, 88.5, 88.3, 88.1, 87.9, 87.8, 87.6, 87.3, 87.1, 86.9, 86.8, 86.7, 86.6, 86.5, 86.3, 86.1, 85.9, 85.6, 85.3, 85.2, 85.1, 84.7, 84.6, 84.4, 84.1, 83.9, 83.7, 83.5, 83.4, 83.2, 82.8, 82.5, 81.8, 81.7, 81.3, 80.7, 80.6, 80.5, 80.1, 79.8, 79.4, 79.1, 79.0, 78.5, 78.0, 77.9, 77.6, 77.5, 77.2, 76.6, 76.4, 76.3, 76.2, 75.8, 75.6, 75.5, 75.3, 74.8, 74.4, 74.2, 73.7, 73.5, 73.2, 72.8, 72.6, 72.4, 71.8, 71.4, 70.5, 70.0, 69.8, 69.6, 69.3, 69.1, 68.8, 68.2, 68.1, 67.4, 67.1, 66.7, 66.2, 66.0, 65.3, 64.6, 64.3, 64.2, 63.9, 62.8, 62.1, 61.5, 61.2, 59.4, 58.7, 58.2, 57.4, 55.9, 55.2, 54.0, 53.0, 52.0, 49.3, 49.0, 48.9, 48.6, 48.2, 46.7, 46.4, 46.0, 45.6, 45.2, 41.5, 40.4, 39.9, 38.1, 36.7, 35.2, 34.400000000000006, 32.5, 31.700000000000003, 30.0, 28.0, 26.599999999999994, 25.0, 24.099999999999994, 23.099999999999994, 19.799999999999997, 19.099999999999994, 19.0, 18.900000000000006, 18.200000000000003, 17.799999999999997, 17.299999999999997, 16.799999999999997, 16.299999999999997, 15.299999999999997, 15.0, 14.599999999999994, 14.099999999999994, 13.5, 12.700000000000003, 12.099999999999994, 11.099999999999994, 10.0, 9.099999999999994, 8.5, 7.799999999999997, 7.200000000000003, 6.299999999999997, 5.799999999999997, 5.400000000000006, 5.0, 3.799999999999997, 3.200000000000003, 3.0, 2.299999999999997, 2.0, 1.7999999999999972, 1.7000000000000028, 1.5, 1.2999999999999972, 1.0, 0.9000000000000057, 0.5999999999999943, 0.5, 0.4000000000000057, 0.20000000000000284, -0.09999999999999432]}, "histogram": {"x": [270, 300, 310, 320, 330, 340, 350, 360, 370, 380, 390, 400, 410, 420, 430, 440, 450, 460, 470, 480, 490, 500, 510, 520, 530, 540, 550, 559, 569, 584, 594, 615, 624, 633, 648, 663, 684, 705], "y": [1, 5, 1, 2, 2, 3, 5, 2, 5, 9, 9, 9, 4, 12, 12, 14, 11, 9, 12, 15, 24, 26, 19, 25, 31, 36, 44, 86, 67, 185, 39, 111, 11, 1, 3, 0, 3, 2]}}