{"histogram": {"y": [1, 0, 0, 0, 1, 0, 0, 0, 0, 0, 1, 0, 1, 0, 1, 0, 0, 1, 2, 1, 0, 3, 0, 1, 0, 0, 3, 1, 8, 2, 17, 3, 17, 0, 1, 0, 0, 0, 0], "x": [240, 270, 300, 310, 320, 330, 340, 350, 360, 370, 380, 390, 400, 410, 420, 430, 440, 450, 460, 470, 480, 490, 500, 510, 520, 530, 540, 550, 559, 569, 584, 594, 615, 624, 633, 648, 663, 684, 705]}, "percentile": {"y": [98.5, 96.9, 95.4, 93.8, 92.2, 90.7, 89.1, 87.5, 86.0, 82.9, 81.3, 79.7, 78.2, 76.6, 75.0, 73.5, 71.9, 68.8, 65.7, 64.1, 61.0, 57.9, 56.3, 53.2, 51.6, 46.9, 45.4, 39.1, 36.0, 34.400000000000006, 32.900000000000006, 31.299999999999997, 29.700000000000003, 28.200000000000003, 26.599999999999994, 25.0, 20.400000000000006, 17.200000000000003, 15.700000000000003, 14.099999999999994, 12.5, 9.400000000000006, 4.700000000000003, 3.200000000000003, 1.5999999999999943, 0.0, -1.5], "x": [234, 317, 375, 392, 417, 450, 454, 460, 468, 483, 489, 508, 535, 539, 540, 544, 551, 553, 555, 556, 557, 569, 570, 572, 573, 575, 576, 577, 578, 580, 582, 583, 588, 589, 594, 596, 597, 598, 599, 600, 602, 603, 605, 606, 610, 614, 631]}}