{"histogram": {"y": [2, 0, 1, 1, 0, 0, 3, 1, 7, 2, 14, 1, 1, 1, 1, 1, 0], "x": [500, 510, 520, 530, 540, 550, 559, 569, 584, 594, 615, 624, 633, 648, 663, 684, 705]}, "percentile": {"y": [94.3, 91.5, 88.6, 85.8, 80.0, 77.2, 74.3, 71.5, 68.6, 62.9, 60.0, 57.2, 51.5, 48.6, 42.9, 37.2, 34.3, 31.5, 28.599999999999994, 25.799999999999997, 22.900000000000006, 20.0, 11.5, 8.599999999999994, 5.799999999999997, 2.9000000000000057, 0.0, -2.799999999999997], "x": [496, 516, 521, 553, 557, 569, 573, 574, 575, 578, 579, 584, 590, 598, 601, 602, 603, 604, 609, 611, 613, 614, 615, 616, 629, 644, 657, 667]}}