{"percentile": {"y": [99.7, 99.3, 98.9, 98.5, 98.1, 97.8, 97.4, 97.0, 96.6, 96.2, 95.9, 95.5, 95.1, 94.7, 94.3, 94.0, 93.6, 93.2, 92.8, 92.4, 92.1, 90.9, 90.5, 90.2, 89.8, 89.4, 89.0, 88.6, 88.3, 87.9, 87.1, 86.4, 85.6, 84.5, 84.1, 83.7, 83.3, 82.9, 82.6, 81.8, 81.4, 81.0, 79.9, 78.8, 78.4, 78.0, 77.6, 76.9, 75.7, 75.3, 75.0, 74.6, 74.2, 73.4, 73.1, 72.7, 72.3, 71.2, 70.8, 70.4, 68.9, 68.1, 67.4, 67.0, 66.6, 66.2, 64.3, 63.9, 63.5, 62.4, 62.0, 61.6, 61.3, 59.4, 59.0, 57.8, 54.8, 53.7, 51.8, 49.9, 48.7, 46.8, 43.8, 43.0, 42.6, 42.3, 40.4, 39.6, 38.8, 38.5, 38.1, 36.6, 34.7, 34.3, 32.7, 31.200000000000003, 30.099999999999994, 29.700000000000003, 28.200000000000003, 26.700000000000003, 24.799999999999997, 22.099999999999994, 20.200000000000003, 18.700000000000003, 17.5, 16.799999999999997, 14.5, 13.700000000000003, 13.0, 10.700000000000003, 9.599999999999994, 8.799999999999997, 8.400000000000006, 7.700000000000003, 7.299999999999997, 6.900000000000006, 6.099999999999994, 5.799999999999997, 5.400000000000006, 5.0, 4.599999999999994, 3.5, 2.700000000000003, 2.299999999999997, 2.0, 1.5999999999999943, 1.2000000000000028, 0.7999999999999972, 0.4000000000000057, 0.0, -0.29999999999999716], "x": [321, 337, 340, 360, 367, 373, 381, 382, 387, 389, 419, 420, 426, 436, 437, 441, 447, 453, 454, 455, 457, 458, 459, 460, 463, 465, 466, 467, 468, 469, 470, 471, 472, 473, 474, 478, 480, 483, 487, 489, 492, 493, 496, 500, 501, 507, 508, 509, 512, 514, 517, 518, 519, 522, 524, 525, 526, 527, 528, 530, 532, 533, 534, 535, 536, 538, 540, 542, 543, 545, 546, 548, 549, 550, 551, 552, 553, 554, 555, 556, 557, 558, 559, 560, 561, 563, 564, 565, 566, 567, 568, 569, 570, 571, 572, 573, 574, 575, 576, 577, 578, 579, 580, 581, 582, 583, 584, 588, 590, 594, 596, 598, 599, 600, 601, 602, 603, 604, 605, 606, 607, 608, 609, 611, 612, 615, 620, 623, 624, 641, 678]}, "histogram": {"y": [1, 2, 0, 1, 1, 1, 4, 0, 0, 2, 1, 2, 2, 9, 8, 10, 4, 8, 5, 7, 10, 16, 13, 41, 19, 58, 10, 24, 3, 0, 1, 0, 1, 0], "x": [330, 340, 350, 360, 370, 380, 390, 400, 410, 420, 430, 440, 450, 460, 470, 480, 490, 500, 510, 520, 530, 540, 550, 559, 569, 584, 594, 615, 624, 633, 648, 663, 684, 705]}}