{"percentile": {"y": [93.4, 86.7, 80.0, 73.4, 66.7, 60.0, 53.4, 46.7, 40.0, 33.400000000000006, 26.700000000000003, 20.0, 13.400000000000006, -6.599999999999994], "x": [568, 573, 594, 619, 635, 637, 640, 643, 644, 648, 666, 672, 674, 684]}, "histogram": {"y": [1, 1, 1, 0, 1, 0, 6, 0, 6, 0], "x": [569, 584, 594, 615, 624, 633, 648, 663, 684, 705]}}