{"histogram": {"x": [540, 550, 559, 569, 584, 594, 615, 624, 633, 648, 663, 684, 705], "y": [1, 0, 1, 2, 1, 8, 60, 39, 11, 88, 11, 202, 2]}, "percentile": {"x": [540, 558, 564, 582, 587, 588, 589, 590, 592, 594, 596, 597, 598, 599, 600, 601, 602, 603, 604, 605, 607, 608, 609, 610, 611, 612, 613, 614, 615, 616, 617, 618, 619, 620, 621, 622, 623, 624, 628, 629, 631, 632, 633, 634, 635, 636, 637, 638, 639, 640, 641, 642, 643, 644, 645, 646, 647, 648, 649, 650, 653, 654, 655, 656, 660, 662, 663, 664, 665, 666, 667, 668, 669, 670, 671, 672, 673, 674, 675, 676, 677, 678, 679, 680, 681, 682, 683, 684, 686, 704], "y": [99.8, 99.6, 99.1, 98.9, 98.6, 98.4, 98.2, 97.9, 97.5, 97.0, 96.8, 96.5, 95.8, 95.3, 95.1, 94.6, 93.9, 93.2, 92.3, 91.8, 91.3, 90.4, 89.9, 89.7, 89.5, 87.8, 87.1, 84.8, 82.9, 82.2, 81.9, 80.8, 79.1, 78.2, 76.3, 75.1, 74.9, 73.7, 73.2, 72.3, 71.6, 71.3, 71.1, 70.4, 68.5, 67.8, 66.9, 65.2, 63.3, 61.9, 59.1, 58.2, 56.8, 55.8, 55.3, 52.8, 51.1, 50.4, 49.7, 49.5, 49.2, 49.0, 48.8, 48.5, 48.3, 48.0, 47.8, 45.7, 43.3, 41.5, 39.1, 37.2, 34.900000000000006, 32.3, 30.900000000000006, 28.5, 27.599999999999994, 25.700000000000003, 25.0, 24.0, 21.900000000000006, 19.799999999999997, 18.599999999999994, 17.0, 14.900000000000006, 13.5, 11.099999999999994, 0.29999999999999716, 0.0, -0.20000000000000284]}}