{"histogram": {"x": [270, 300, 310, 320, 330, 340, 350, 360, 370, 380, 390, 400, 410, 420, 430, 440, 450, 460, 470, 480, 490, 500, 510, 520, 530, 540, 550, 559, 569, 584, 594, 615, 624, 633, 648, 663, 684, 705], "y": [1, 0, 0, 0, 0, 0, 2, 2, 3, 4, 2, 6, 2, 10, 8, 8, 7, 4, 8, 6, 8, 11, 14, 8, 13, 16, 22, 44, 33, 52, 15, 22, 3, 0, 2, 0, 0, 0]}, "percentile": {"x": [253, 341, 342, 354, 359, 361, 370, 373, 376, 379, 380, 383, 385, 393, 395, 397, 398, 400, 403, 407, 412, 413, 414, 415, 417, 419, 420, 421, 422, 423, 425, 428, 429, 430, 431, 432, 434, 435, 438, 439, 440, 441, 442, 444, 445, 446, 447, 450, 452, 454, 460, 461, 462, 463, 465, 468, 470, 473, 474, 479, 480, 483, 485, 487, 488, 490, 492, 493, 494, 495, 496, 498, 500, 501, 503, 504, 505, 506, 509, 512, 513, 514, 517, 518, 520, 522, 524, 525, 526, 527, 528, 530, 531, 533, 535, 536, 537, 538, 539, 540, 542, 543, 544, 545, 547, 548, 550, 551, 552, 553, 554, 555, 556, 557, 558, 559, 560, 561, 562, 564, 565, 566, 567, 569, 570, 572, 573, 574, 575, 576, 577, 578, 579, 580, 582, 583, 584, 588, 589, 590, 592, 594, 595, 596, 598, 599, 600, 601, 602, 603, 604, 605, 608, 615, 616, 620, 622, 642, 645], "y": [99.8, 99.5, 99.2, 98.9, 98.6, 98.3, 97.7, 97.4, 97.1, 96.8, 96.5, 96.2, 95.9, 95.6, 95.3, 95.0, 94.4, 94.1, 93.8, 93.5, 92.9, 92.6, 92.3, 92.0, 91.7, 91.1, 90.5, 90.2, 89.9, 89.6, 89.0, 88.7, 88.4, 88.1, 87.5, 87.2, 86.9, 86.6, 86.3, 86.0, 85.7, 85.4, 85.1, 84.8, 84.5, 84.2, 83.9, 83.6, 83.3, 83.0, 82.4, 82.1, 81.8, 81.5, 81.2, 80.6, 80.0, 79.8, 79.5, 78.9, 78.3, 78.0, 77.4, 76.5, 76.2, 75.9, 75.6, 75.0, 74.7, 74.1, 73.5, 72.9, 72.6, 71.4, 71.1, 70.2, 69.6, 68.7, 68.4, 68.1, 67.8, 67.5, 66.6, 66.3, 66.0, 65.1, 64.8, 64.2, 63.6, 63.0, 62.4, 62.1, 61.5, 60.6, 60.0, 59.8, 59.5, 59.2, 58.0, 57.4, 56.8, 56.5, 56.2, 54.4, 54.1, 53.5, 50.8, 49.9, 48.4, 48.1, 47.2, 46.3, 44.8, 43.6, 42.4, 37.7, 37.1, 36.2, 35.900000000000006, 34.7, 34.099999999999994, 33.2, 32.900000000000006, 27.799999999999997, 27.5, 26.299999999999997, 25.400000000000006, 24.5, 23.599999999999994, 21.200000000000003, 20.0, 18.599999999999994, 16.5, 15.900000000000006, 15.0, 13.799999999999997, 12.299999999999997, 12.0, 10.5, 10.200000000000003, 9.900000000000006, 7.799999999999997, 6.900000000000006, 6.299999999999997, 6.0, 5.099999999999994, 3.9000000000000057, 3.5999999999999943, 3.299999999999997, 2.700000000000003, 2.4000000000000057, 2.0999999999999943, 1.5, 1.2000000000000028, 0.9000000000000057, 0.5999999999999943, 0.29999999999999716, 0.0, -0.20000000000000284]}}