{"histogram": {"x": [440, 450, 460, 470, 480, 490, 500, 510, 520, 530, 540, 550, 559, 569, 584, 594, 615, 624, 633, 648, 663, 684, 705], "y": [1, 3, 2, 1, 2, 2, 1, 1, 0, 2, 1, 4, 9, 5, 17, 6, 20, 2, 1, 1, 0, 2, 0]}, "percentile": {"x": [438, 446, 447, 448, 454, 456, 465, 476, 480, 484, 485, 500, 510, 522, 527, 538, 544, 546, 550, 551, 552, 553, 554, 557, 558, 559, 564, 565, 566, 569, 573, 574, 575, 576, 577, 578, 579, 581, 582, 584, 588, 589, 590, 594, 598, 600, 601, 602, 603, 604, 605, 606, 607, 608, 613, 614, 615, 621, 623, 626, 636, 673, 676], "y": [98.8, 97.6, 96.4, 95.2, 94.0, 92.7, 91.5, 90.3, 89.1, 87.9, 86.6, 85.4, 84.2, 83.0, 81.8, 80.5, 79.3, 76.9, 75.7, 73.2, 72.0, 69.6, 68.3, 67.1, 65.9, 64.7, 62.2, 61.0, 59.8, 58.6, 56.1, 52.5, 51.3, 48.8, 47.6, 46.4, 44.0, 42.7, 41.5, 37.9, 36.6, 34.2, 33.0, 30.5, 28.099999999999994, 26.900000000000006, 25.700000000000003, 24.400000000000006, 23.200000000000003, 22.0, 17.099999999999994, 15.900000000000006, 13.5, 11.0, 9.799999999999997, 7.400000000000006, 6.099999999999994, 4.900000000000006, 3.700000000000003, 2.5, 1.2999999999999972, 0.0, -1.2000000000000028]}}