{"histogram": {"x": [540, 550, 559, 569, 584, 594, 615, 624, 633, 648, 663, 684, 705], "y": [1, 0, 0, 1, 2, 16, 56, 51, 7, 126, 12, 283, 1]}, "percentile": {"x": [540, 569, 571, 576, 588, 590, 592, 593, 594, 595, 598, 599, 600, 601, 603, 604, 605, 606, 607, 608, 609, 610, 611, 612, 613, 614, 615, 616, 617, 618, 619, 620, 621, 622, 623, 624, 626, 627, 631, 633, 634, 635, 636, 637, 638, 639, 640, 641, 642, 643, 644, 645, 646, 647, 648, 649, 651, 653, 655, 660, 661, 663, 664, 665, 666, 667, 668, 669, 670, 671, 672, 673, 674, 675, 676, 677, 678, 679, 680, 681, 682, 683, 684, 702], "y": [99.9, 99.7, 99.5, 99.3, 99.1, 98.8, 98.4, 97.7, 96.4, 96.3, 96.1, 95.7, 95.4, 95.0, 94.3, 94.1, 93.6, 92.7, 92.1, 91.4, 90.7, 90.5, 89.8, 89.1, 88.9, 87.6, 86.4, 85.6, 84.9, 84.0, 83.5, 82.9, 81.0, 79.5, 78.6, 77.2, 76.8, 76.6, 76.4, 75.9, 74.5, 72.7, 70.7, 69.8, 68.7, 67.6, 66.4, 64.6, 62.8, 60.6, 60.0, 57.7, 56.1, 54.6, 53.2, 52.7, 52.1, 51.9, 51.8, 51.4, 51.2, 51.0, 49.4, 48.7, 46.4, 44.2, 42.6, 40.2, 37.9, 36.3, 34.8, 33.2, 32.8, 31.400000000000006, 28.900000000000006, 26.5, 24.400000000000006, 23.099999999999994, 20.799999999999997, 19.0, 16.799999999999997, 14.599999999999994, 0.0, -0.09999999999999432]}}