{"percentile": {"y": [100.0, 100.0, 100.0, 100.0, 99.9, 99.9, 99.9, 99.8, 99.7, 99.7, 99.7, 99.7, 99.7, 99.5, 99.5, 99.5, 99.5, 99.4, 99.4, 99.4, 99.3, 99.2, 99.2, 99.1, 99.0, 99.0, 99.0, 98.9, 98.7, 98.6, 98.5, 98.5, 98.3, 98.1, 98.1, 98.1, 97.9, 97.7, 97.5, 97.4, 97.3, 97.1, 96.8, 96.6, 96.5, 96.4, 96.3, 96.1, 95.7, 95.5, 95.3, 95.1, 94.9, 94.5, 94.0, 93.6, 93.0, 92.3, 90.8, 90.4, 90.1, 89.4, 88.7, 88.0, 87.3, 86.5, 85.6, 84.5, 83.2, 81.9, 80.6, 79.7, 78.3, 77.0, 75.5, 74.2, 72.6, 70.9, 69.5, 64.5, 63.4, 62.5, 61.4, 60.3, 59.2, 58.3, 57.2, 56.1, 54.6, 54.4, 54.0, 53.6, 53.3, 52.9, 52.6, 52.2, 52.0, 51.3, 50.2, 49.0, 47.6, 46.6, 45.1, 44.2, 42.9, 41.2, 39.7, 38.5, 37.1, 35.599999999999994, 34.5, 33.7, 32.3, 32.0, 31.599999999999994, 31.400000000000006, 31.099999999999994, 30.599999999999994, 30.400000000000006, 29.900000000000006, 29.5, 29.200000000000003, 28.900000000000006, 28.700000000000003, 28.5, 28.400000000000006, 28.299999999999997, 28.099999999999994, 26.900000000000006, 25.799999999999997, 24.5, 23.5, 21.900000000000006, 20.799999999999997, 19.400000000000006, 18.400000000000006, 17.099999999999994, 15.900000000000006, 14.900000000000006, 13.900000000000006, 12.799999999999997, 11.799999999999997, 11.0, 9.900000000000006, 9.0, 8.200000000000003, 7.700000000000003, 6.5, 0.9000000000000057, 0.9000000000000057, 0.7999999999999972, 0.7999999999999972, 0.7000000000000028, 0.7000000000000028, 0.5, 0.5, 0.4000000000000057, 0.4000000000000057, 0.4000000000000057, 0.4000000000000057, 0.29999999999999716, 0.29999999999999716, 0.20000000000000284, 0.0], "x": [454, 458, 470, 499, 504, 528, 529, 532, 540, 541, 543, 544, 545, 547, 548, 550, 551, 552, 553, 554, 555, 556, 557, 559, 560, 561, 562, 563, 564, 565, 566, 567, 568, 569, 570, 571, 572, 573, 574, 575, 576, 577, 578, 579, 580, 581, 582, 583, 584, 585, 586, 587, 588, 589, 590, 591, 592, 593, 594, 595, 596, 597, 598, 599, 600, 601, 602, 603, 604, 605, 606, 607, 608, 609, 610, 611, 612, 613, 614, 615, 616, 617, 618, 619, 620, 621, 622, 623, 624, 625, 626, 627, 628, 629, 630, 631, 632, 633, 634, 635, 636, 637, 638, 639, 640, 641, 642, 643, 644, 645, 646, 647, 648, 649, 650, 651, 652, 653, 654, 655, 656, 657, 658, 659, 660, 661, 662, 663, 664, 665, 666, 667, 668, 669, 670, 671, 672, 673, 674, 675, 676, 677, 678, 679, 680, 681, 682, 683, 684, 686, 687, 688, 689, 690, 691, 692, 694, 695, 697, 699, 700, 701, 702, 704]}, "histogram": {"y": [2, 1, 0, 0, 1, 1, 0, 3, 5, 11, 18, 40, 105, 212, 1129, 425, 142, 817, 180, 1169, 39], "x": [460, 470, 480, 490, 500, 510, 520, 530, 540, 550, 559, 569, 584, 594, 615, 624, 633, 648, 663, 684, 705]}}