{"percentile": {"x": [390, 418, 419, 422, 431, 437, 439, 445, 463, 465, 467, 470, 478, 479, 483, 500, 508, 520, 522, 524, 526, 528, 529, 537, 539, 540, 542, 546, 549, 550, 551, 552, 553, 554, 555, 556, 559, 561, 563, 564, 566, 567, 569, 570, 571, 572, 573, 574, 576, 577, 578, 579, 580, 582, 583, 584, 588, 589, 594, 595, 596, 597, 598, 599, 601, 602, 603, 613, 615, 619, 624, 639, 640, 642], "y": [99.2, 98.3, 97.4, 96.5, 95.6, 94.7, 93.8, 92.9, 92.0, 91.1, 90.2, 89.3, 88.4, 87.5, 86.7, 85.8, 84.9, 84.0, 83.1, 82.2, 81.3, 80.4, 79.5, 78.6, 77.7, 76.8, 75.9, 75.0, 74.2, 69.7, 67.9, 67.0, 65.2, 64.3, 63.4, 62.5, 61.7, 60.8, 59.9, 58.1, 57.2, 56.3, 49.2, 48.3, 47.4, 46.5, 45.6, 42.9, 41.1, 39.3, 38.4, 36.7, 35.8, 34.900000000000006, 34.0, 30.400000000000006, 29.5, 27.700000000000003, 21.5, 19.700000000000003, 18.799999999999997, 17.0, 16.099999999999994, 15.200000000000003, 14.299999999999997, 13.400000000000006, 9.900000000000006, 9.0, 3.5999999999999943, 2.700000000000003, 1.7999999999999972, 0.9000000000000057, 0.0, -0.7999999999999972]}, "histogram": {"x": [390, 400, 410, 420, 430, 440, 450, 460, 470, 480, 490, 500, 510, 520, 530, 540, 550, 559, 569, 584, 594, 615, 624, 633, 648, 663, 684, 705], "y": [1, 0, 0, 2, 1, 3, 1, 0, 4, 2, 1, 1, 1, 1, 5, 3, 8, 9, 14, 21, 10, 20, 2, 0, 3, 0, 0, 0]}}