{"percentile": {"x": [569, 586, 587, 589, 590, 597, 598, 600, 601, 603, 605, 608, 610, 614, 615, 617, 618, 620, 622, 628, 635, 637, 638, 639, 640, 641, 644, 645, 646, 647, 648, 654, 664, 665, 666, 667, 668, 669, 670, 671, 672, 673, 674, 675, 676, 677, 678, 679, 680, 681, 682, 683, 684, 687, 691, 703], "y": [99.4, 98.8, 98.2, 97.6, 97.0, 96.4, 95.8, 95.2, 94.6, 92.7, 92.1, 91.5, 90.9, 89.7, 88.5, 87.9, 87.2, 86.0, 85.4, 84.8, 84.2, 83.6, 83.0, 82.4, 81.8, 80.5, 79.9, 78.7, 76.3, 75.7, 73.2, 72.6, 71.4, 68.3, 67.1, 65.9, 64.1, 61.6, 59.2, 54.9, 53.7, 52.5, 51.9, 50.7, 49.4, 48.2, 47.0, 46.4, 44.6, 44.0, 42.1, 38.5, 1.9000000000000057, 1.2999999999999972, 0.0, -0.5999999999999943]}, "histogram": {"x": [569, 584, 594, 615, 624, 633, 648, 663, 684, 705], "y": [1, 0, 4, 14, 5, 1, 19, 1, 116, 4]}}