{"histogram": {"y": [1, 0, 0, 5, 4, 5, 7, 14, 10, 22, 24, 20, 23, 24, 43, 51, 71, 104, 398, 642, 1206, 3545, 6285, 20244, 8882, 1771, 16968, 1813, 18148, 275], "x": [370, 380, 390, 400, 410, 420, 430, 440, 450, 460, 470, 480, 490, 500, 510, 520, 530, 540, 550, 559, 569, 584, 594, 615, 624, 633, 648, 663, 684, 705]}, "percentile": {"y": [100.0, 100.0, 100.0, 100.0, 100.0, 100.0, 100.0, 100.0, 100.0, 100.0, 100.0, 100.0, 100.0, 100.0, 100.0, 100.0, 100.0, 100.0, 100.0, 100.0, 100.0, 100.0, 100.0, 100.0, 100.0, 100.0, 100.0, 100.0, 100.0, 100.0, 100.0, 100.0, 100.0, 100.0, 100.0, 100.0, 100.0, 100.0, 100.0, 100.0, 100.0, 100.0, 100.0, 100.0, 100.0, 100.0, 100.0, 100.0, 99.9, 99.9, 99.9, 99.9, 99.9, 99.9, 99.9, 99.9, 99.9, 99.9, 99.9, 99.9, 99.9, 99.9, 99.9, 99.9, 99.9, 99.9, 99.9, 99.9, 99.9, 99.9, 99.9, 99.9, 99.9, 99.9, 99.9, 99.9, 99.9, 99.9, 99.9, 99.9, 99.8, 99.8, 99.8, 99.8, 99.8, 99.8, 99.8, 99.8, 99.8, 99.8, 99.8, 99.8, 99.8, 99.8, 99.8, 99.8, 99.8, 99.8, 99.7, 99.7, 99.7, 99.7, 99.7, 99.7, 99.7, 99.7, 99.7, 99.7, 99.7, 99.6, 99.6, 99.6, 99.6, 99.6, 99.6, 99.6, 99.6, 99.5, 99.5, 99.5, 99.5, 99.5, 99.4, 99.4, 99.3, 99.3, 99.2, 99.2, 99.2, 99.0, 99.0, 98.9, 98.8, 98.7, 98.7, 98.6, 98.5, 98.4, 98.2, 98.2, 98.1, 98.0, 97.8, 97.6, 97.5, 97.4, 97.3, 97.1, 96.7, 96.6, 96.4, 96.2, 95.9, 95.6, 95.3, 95.0, 94.6, 94.3, 94.0, 93.7, 93.4, 93.1, 92.9, 92.3, 92.0, 91.6, 91.2, 90.7, 89.8, 89.3, 88.7, 88.0, 87.0, 84.5, 84.1, 83.5, 82.7, 81.8, 80.8, 79.7, 78.7, 77.7, 76.5, 75.2, 73.9, 72.7, 71.5, 70.1, 68.8, 67.4, 66.1, 64.7, 63.5, 62.0, 59.4, 58.2, 57.1, 55.9, 54.7, 53.4, 52.0, 50.8, 49.8, 48.4, 48.2, 48.0, 47.7, 47.5, 47.3, 47.0, 46.8, 46.7, 46.2, 44.9, 43.6, 42.2, 40.8, 39.3, 38.0, 36.4, 34.900000000000006, 33.400000000000006, 31.799999999999997, 30.200000000000003, 28.799999999999997, 27.5, 26.400000000000006, 25.200000000000003, 25.0, 24.900000000000006, 24.700000000000003, 24.5, 24.200000000000003, 24.099999999999994, 23.900000000000006, 23.799999999999997, 23.599999999999994, 23.5, 23.400000000000006, 23.299999999999997, 23.200000000000003, 23.099999999999994, 22.900000000000006, 21.799999999999997, 20.700000000000003, 19.599999999999994, 18.5, 17.400000000000006, 16.200000000000003, 15.099999999999994, 14.0, 13.0, 11.900000000000006, 11.0, 10.099999999999994, 9.200000000000003, 8.400000000000006, 7.599999999999994, 6.799999999999997, 6.200000000000003, 5.5, 4.799999999999997, 3.9000000000000057, 0.4000000000000057, 0.4000000000000057, 0.4000000000000057, 0.4000000000000057, 0.4000000000000057, 0.4000000000000057, 0.29999999999999716, 0.29999999999999716, 0.29999999999999716, 0.29999999999999716, 0.29999999999999716, 0.29999999999999716, 0.29999999999999716, 0.29999999999999716, 0.29999999999999716, 0.29999999999999716, 0.29999999999999716, 0.29999999999999716, 0.29999999999999716, 0.20000000000000284, 0.0], "x": [362, 394, 395, 397, 399, 400, 408, 409, 410, 412, 413, 415, 416, 418, 423, 426, 427, 428, 431, 432, 434, 435, 436, 437, 438, 439, 440, 442, 443, 445, 447, 448, 449, 450, 451, 452, 453, 454, 455, 457, 458, 459, 460, 461, 462, 463, 464, 465, 466, 467, 468, 470, 471, 472, 473, 474, 475, 477, 478, 479, 480, 481, 482, 483, 484, 485, 486, 487, 488, 489, 490, 492, 493, 494, 495, 496, 497, 498, 499, 500, 501, 502, 503, 504, 505, 506, 507, 508, 509, 510, 511, 512, 513, 514, 515, 516, 517, 518, 519, 520, 521, 522, 523, 524, 525, 526, 527, 528, 529, 530, 531, 532, 533, 534, 535, 536, 537, 538, 539, 540, 541, 542, 543, 544, 545, 546, 547, 548, 549, 550, 551, 552, 553, 554, 555, 556, 557, 558, 559, 560, 561, 562, 563, 564, 565, 566, 567, 568, 569, 570, 571, 572, 573, 574, 575, 576, 577, 578, 579, 580, 581, 582, 583, 584, 585, 586, 587, 588, 589, 590, 591, 592, 593, 594, 595, 596, 597, 598, 599, 600, 601, 602, 603, 604, 605, 606, 607, 608, 609, 610, 611, 612, 613, 614, 615, 616, 617, 618, 619, 620, 621, 622, 623, 624, 625, 626, 627, 628, 629, 630, 631, 632, 633, 634, 635, 636, 637, 638, 639, 640, 641, 642, 643, 644, 645, 646, 647, 648, 649, 650, 651, 652, 653, 654, 655, 656, 657, 658, 659, 660, 661, 662, 663, 664, 665, 666, 667, 668, 669, 670, 671, 672, 673, 674, 675, 676, 677, 678, 679, 680, 681, 682, 683, 684, 685, 686, 687, 688, 689, 690, 691, 692, 693, 694, 695, 696, 697, 698, 699, 700, 701, 702, 703, 704]}}