{"percentile": {"y": [98.5, 96.9, 95.3, 93.7, 92.1, 90.5, 88.9, 87.4, 85.8, 82.6, 81.0, 79.4, 77.8, 69.9, 66.7, 65.1, 62.0, 60.4, 57.2, 54.0, 52.4, 50.8, 47.7, 42.9, 41.3, 38.1, 35.0, 31.799999999999997, 28.599999999999994, 25.400000000000006, 23.900000000000006, 19.099999999999994, 17.5, 14.299999999999997, 12.700000000000003, 11.200000000000003, 8.0, 6.400000000000006, 4.799999999999997, 3.200000000000003, 1.5999999999999943, 0.0, -1.5], "x": [463, 489, 507, 521, 522, 526, 532, 538, 545, 550, 551, 555, 556, 559, 564, 567, 569, 576, 578, 580, 581, 582, 583, 584, 597, 598, 600, 602, 603, 604, 605, 606, 608, 610, 613, 614, 615, 618, 619, 621, 622, 627, 645]}, "histogram": {"y": [1, 0, 1, 0, 1, 0, 3, 2, 3, 8, 5, 12, 0, 22, 4, 1, 1, 0, 0, 0], "x": [470, 480, 490, 500, 510, 520, 530, 540, 550, 559, 569, 584, 594, 615, 624, 633, 648, 663, 684, 705]}}