{"histogram": {"x": [350, 360, 370, 380, 390, 400, 410, 420, 430, 440, 450, 460, 470, 480, 490, 500, 510, 520, 530, 540, 550, 559, 569, 584, 594, 615, 624, 633, 648, 663, 684, 705], "y": [1, 1, 1, 1, 2, 6, 1, 2, 1, 4, 4, 0, 3, 4, 3, 4, 1, 2, 0, 1, 10, 12, 7, 32, 8, 22, 1, 0, 1, 0, 1, 1]}, "percentile": {"x": [345, 358, 370, 376, 388, 392, 393, 395, 396, 397, 408, 412, 420, 424, 431, 433, 435, 441, 445, 446, 449, 461, 463, 468, 472, 474, 479, 480, 481, 484, 485, 493, 496, 498, 499, 508, 513, 516, 540, 542, 543, 544, 545, 548, 550, 551, 552, 555, 556, 557, 559, 564, 565, 568, 569, 570, 571, 572, 573, 574, 576, 577, 578, 579, 581, 582, 583, 584, 586, 588, 589, 590, 594, 598, 602, 603, 604, 607, 608, 609, 610, 611, 613, 614, 615, 618, 640, 671, 704], "y": [99.3, 98.6, 97.8, 97.1, 95.6, 94.9, 94.2, 92.7, 92.0, 91.2, 90.5, 89.8, 89.0, 88.3, 87.5, 86.1, 85.3, 84.6, 83.9, 83.1, 82.4, 81.7, 80.9, 80.2, 79.5, 78.7, 78.0, 77.3, 76.5, 75.8, 75.0, 74.3, 73.6, 72.8, 72.1, 71.4, 70.6, 69.9, 69.2, 68.4, 67.7, 67.0, 65.5, 64.8, 61.8, 61.1, 60.3, 58.1, 56.7, 55.2, 53.0, 51.5, 50.8, 50.0, 47.8, 47.1, 46.4, 44.2, 42.7, 40.5, 38.3, 36.1, 32.400000000000006, 30.200000000000003, 28.700000000000003, 28.0, 27.299999999999997, 24.299999999999997, 23.599999999999994, 22.099999999999994, 20.599999999999994, 19.900000000000006, 18.400000000000006, 17.0, 16.200000000000003, 15.5, 14.799999999999997, 11.099999999999994, 10.299999999999997, 8.900000000000006, 7.400000000000006, 6.700000000000003, 5.900000000000006, 4.5, 2.299999999999997, 1.5, 0.7999999999999972, 0.0, -0.7000000000000028]}}