{"percentile": {"x": [399, 513, 516, 540, 543, 546, 557, 561, 563, 569, 571, 576, 577, 578, 579, 580, 584, 587, 588, 589, 591, 592, 593, 594, 596, 597, 598, 599, 600, 601, 602, 603, 604, 605, 606, 607, 608, 609, 610, 611, 612, 613, 614, 615, 616, 617, 618, 619, 620, 621, 622, 623, 624, 625, 626, 627, 628, 629, 630, 631, 632, 633, 634, 635, 636, 637, 638, 639, 640, 641, 642, 643, 644, 645, 646, 647, 648, 649, 650, 651, 652, 654, 655, 656, 661, 664, 665, 666, 667, 668, 669, 670, 671, 672, 673, 674, 675, 676, 677, 678, 679, 680, 681, 682, 683, 684, 699], "y": [99.9, 99.7, 99.5, 99.3, 98.9, 98.7, 98.6, 98.4, 98.0, 97.6, 97.4, 97.3, 96.9, 96.7, 96.5, 96.3, 96.1, 95.8, 95.6, 95.4, 95.0, 94.5, 93.5, 90.2, 90.0, 89.3, 88.9, 88.2, 87.4, 87.0, 86.5, 86.3, 86.1, 85.2, 84.8, 84.4, 83.7, 82.9, 82.2, 81.6, 80.7, 80.3, 78.7, 76.8, 75.0, 74.4, 73.5, 72.5, 71.6, 71.2, 70.5, 69.8, 68.6, 68.3, 67.5, 67.3, 66.6, 66.4, 66.2, 65.8, 65.7, 65.5, 65.3, 63.8, 62.9, 61.9, 61.4, 60.8, 58.6, 57.3, 56.4, 54.7, 53.6, 52.7, 51.0, 49.5, 47.6, 47.3, 47.1, 46.7, 46.5, 46.3, 46.1, 45.6, 45.4, 43.5, 41.1, 39.8, 39.5, 37.8, 37.0, 35.7, 34.599999999999994, 33.099999999999994, 31.799999999999997, 28.099999999999994, 26.099999999999994, 24.0, 22.400000000000006, 20.5, 19.0, 18.099999999999994, 17.200000000000003, 15.299999999999997, 12.900000000000006, 0.20000000000000284, -0.09999999999999432]}, "histogram": {"x": [400, 410, 420, 430, 440, 450, 460, 470, 480, 490, 500, 510, 520, 530, 540, 550, 559, 569, 584, 594, 615, 624, 633, 648, 663, 684, 705], "y": [1, 0, 0, 0, 0, 0, 0, 0, 0, 0, 0, 0, 2, 0, 1, 3, 1, 5, 8, 32, 72, 44, 17, 96, 12, 243, 2]}}