{"histogram": {"y": [1, 0, 0, 0, 1, 0, 4, 3, 2, 3, 4, 3, 1, 6, 4, 3, 3, 1, 3, 7, 10, 10, 6, 7, 6, 14, 24, 13, 49, 11, 26, 3, 0, 2, 1, 0, 1], "x": [300, 310, 320, 330, 340, 350, 360, 370, 380, 390, 400, 410, 420, 430, 440, 450, 460, 470, 480, 490, 500, 510, 520, 530, 540, 550, 559, 569, 584, 594, 615, 624, 633, 648, 663, 684, 705]}, "percentile": {"y": [99.6, 99.2, 98.3, 97.9, 97.5, 97.0, 96.6, 96.2, 95.7, 95.3, 94.4, 94.0, 93.6, 92.7, 92.3, 91.8, 91.4, 91.0, 90.5, 90.1, 89.7, 88.8, 88.4, 87.9, 87.5, 87.1, 86.2, 85.3, 84.9, 84.5, 84.0, 83.6, 83.2, 82.7, 82.3, 81.9, 81.4, 81.0, 80.6, 80.1, 79.3, 78.8, 78.0, 77.5, 77.1, 76.2, 75.4, 74.9, 74.5, 74.1, 73.6, 73.2, 72.3, 71.9, 70.2, 69.3, 68.9, 67.6, 66.7, 66.3, 65.0, 64.6, 64.1, 63.7, 63.3, 62.8, 62.4, 62.0, 60.7, 59.4, 58.9, 58.5, 55.9, 55.0, 54.2, 52.9, 52.0, 50.7, 49.8, 49.4, 46.8, 45.5, 44.6, 44.2, 43.3, 42.9, 42.5, 39.9, 39.4, 38.1, 37.7, 36.8, 34.7, 32.5, 31.200000000000003, 29.900000000000006, 27.799999999999997, 25.599999999999994, 24.700000000000003, 23.400000000000006, 22.599999999999994, 20.799999999999997, 18.700000000000003, 18.200000000000003, 17.799999999999997, 17.400000000000006, 16.900000000000006, 16.5, 13.900000000000006, 13.5, 12.599999999999994, 10.900000000000006, 9.599999999999994, 9.099999999999994, 7.400000000000006, 6.099999999999994, 5.700000000000003, 4.799999999999997, 4.400000000000006, 2.5999999999999943, 2.200000000000003, 1.7999999999999972, 1.2999999999999972, 0.9000000000000057, 0.5, 0.0, -0.4000000000000057], "x": [279, 334, 352, 358, 360, 363, 365, 369, 372, 376, 384, 385, 391, 396, 400, 401, 403, 406, 414, 423, 424, 426, 428, 430, 431, 436, 440, 448, 450, 453, 454, 459, 462, 475, 479, 480, 481, 482, 485, 488, 489, 490, 491, 493, 494, 495, 496, 499, 500, 501, 503, 505, 507, 508, 510, 514, 516, 520, 521, 522, 524, 527, 533, 534, 536, 537, 539, 540, 542, 545, 547, 549, 550, 551, 552, 553, 554, 555, 556, 557, 558, 559, 560, 561, 563, 566, 567, 569, 570, 571, 572, 573, 574, 575, 576, 577, 578, 579, 580, 581, 582, 583, 584, 585, 586, 587, 589, 592, 594, 597, 598, 599, 600, 601, 602, 603, 606, 612, 613, 615, 616, 619, 623, 637, 643, 655, 704]}}