{"percentile": {"y": [100.0, 100.0, 100.0, 100.0, 100.0, 100.0, 100.0, 100.0, 100.0, 100.0, 100.0, 99.9, 99.9, 99.9, 99.9, 99.9, 99.9, 99.9, 99.8, 99.8, 99.8, 99.7, 99.7, 99.7, 99.7, 99.6, 99.6, 99.6, 99.5, 99.5, 99.4, 99.4, 99.3, 99.2, 99.2, 99.0, 99.0, 98.9, 98.8, 98.7, 98.6, 98.5, 98.5, 98.4, 98.3, 98.1, 98.0, 97.8, 97.6, 97.5, 97.3, 97.2, 97.1, 97.0, 96.8, 96.5, 96.2, 96.0, 95.8, 95.5, 95.1, 94.8, 94.3, 93.9, 93.3, 91.5, 91.1, 90.9, 90.2, 89.6, 88.9, 88.1, 87.4, 86.6, 85.8, 84.9, 83.9, 83.2, 82.2, 81.1, 80.1, 79.2, 78.2, 77.3, 76.4, 75.1, 73.1, 72.0, 71.0, 69.8, 68.8, 67.7, 66.6, 65.4, 64.5, 63.5, 63.3, 63.0, 62.8, 62.6, 62.4, 62.2, 62.1, 61.9, 61.5, 60.1, 58.8, 57.4, 55.9, 54.3, 52.9, 51.2, 49.6, 47.7, 46.0, 44.1, 42.3, 40.7, 39.2, 37.7, 37.6, 37.4, 37.2, 36.8, 36.6, 36.3, 36.2, 36.1, 35.900000000000006, 35.7, 35.599999999999994, 35.5, 35.400000000000006, 35.400000000000006, 35.2, 33.8, 32.099999999999994, 30.799999999999997, 29.400000000000006, 28.0, 26.400000000000006, 25.0, 23.5, 21.900000000000006, 20.299999999999997, 18.900000000000006, 17.5, 16.099999999999994, 14.900000000000006, 13.700000000000003, 12.5, 11.299999999999997, 10.200000000000003, 8.900000000000006, 7.599999999999994, 0.4000000000000057, 0.4000000000000057, 0.4000000000000057, 0.4000000000000057, 0.4000000000000057, 0.29999999999999716, 0.29999999999999716, 0.29999999999999716, 0.29999999999999716, 0.29999999999999716, 0.29999999999999716, 0.20000000000000284, 0.20000000000000284, 0.20000000000000284, 0.0], "x": [461, 463, 490, 493, 499, 500, 508, 511, 518, 521, 531, 534, 536, 538, 541, 542, 543, 545, 546, 547, 548, 550, 551, 552, 553, 554, 555, 556, 557, 558, 559, 560, 561, 562, 563, 564, 565, 566, 567, 568, 569, 570, 571, 572, 573, 574, 575, 576, 577, 578, 579, 580, 581, 582, 583, 584, 585, 586, 587, 588, 589, 590, 591, 592, 593, 594, 595, 596, 597, 598, 599, 600, 601, 602, 603, 604, 605, 606, 607, 608, 609, 610, 611, 612, 613, 614, 615, 616, 617, 618, 619, 620, 621, 622, 623, 624, 625, 626, 627, 628, 629, 630, 631, 632, 633, 634, 635, 636, 637, 638, 639, 640, 641, 642, 643, 644, 645, 646, 647, 648, 649, 650, 651, 652, 653, 654, 655, 656, 657, 658, 659, 660, 661, 662, 663, 664, 665, 666, 667, 668, 669, 670, 671, 672, 673, 674, 675, 676, 677, 678, 679, 680, 681, 682, 683, 684, 685, 686, 687, 689, 690, 691, 692, 693, 696, 699, 700, 702, 703, 704]}, "histogram": {"y": [3, 0, 1, 3, 1, 2, 1, 5, 24, 40, 98, 262, 619, 2262, 1179, 244, 2929, 309, 4285, 49], "x": [470, 480, 490, 500, 510, 520, 530, 540, 550, 559, 569, 584, 594, 615, 624, 633, 648, 663, 684, 705]}}