{"histogram": {"x": [540, 550, 559, 569, 584, 594, 615, 624, 633, 648, 663, 684, 705], "y": [2, 4, 2, 9, 31, 109, 439, 178, 35, 414, 38, 450, 6]}, "percentile": {"x": [540, 545, 546, 548, 550, 555, 559, 560, 564, 569, 570, 571, 572, 573, 574, 575, 576, 577, 578, 579, 580, 581, 582, 583, 584, 585, 586, 587, 588, 589, 590, 591, 592, 593, 594, 595, 596, 597, 598, 599, 600, 601, 602, 603, 604, 605, 606, 607, 608, 609, 610, 611, 612, 613, 614, 615, 616, 617, 618, 619, 620, 621, 622, 623, 624, 625, 626, 627, 628, 629, 630, 632, 633, 634, 635, 636, 637, 638, 639, 640, 641, 642, 643, 644, 645, 646, 647, 648, 649, 650, 651, 652, 653, 654, 655, 656, 657, 658, 659, 660, 661, 662, 663, 664, 665, 666, 667, 668, 669, 670, 671, 672, 673, 674, 675, 676, 677, 678, 679, 680, 681, 682, 683, 684, 695, 697, 704], "y": [99.9, 99.9, 99.8, 99.8, 99.7, 99.6, 99.6, 99.5, 99.3, 99.1, 98.9, 98.8, 98.8, 98.5, 98.5, 98.4, 98.4, 98.2, 98.1, 98.0, 97.9, 97.7, 97.6, 97.5, 97.3, 97.0, 96.8, 96.5, 96.4, 96.1, 95.9, 95.3, 94.9, 94.0, 90.9, 90.6, 90.1, 89.6, 89.1, 88.5, 87.3, 86.4, 85.1, 83.5, 81.9, 80.6, 79.4, 78.5, 77.2, 75.7, 74.4, 73.1, 71.2, 69.9, 68.3, 65.3, 64.3, 63.2, 61.9, 60.9, 60.0, 57.9, 56.5, 56.1, 54.9, 54.8, 54.5, 54.4, 54.2, 54.0, 53.7, 53.4, 52.9, 51.2, 49.9, 48.2, 46.3, 44.1, 42.9, 41.3, 40.0, 38.5, 36.8, 34.8, 33.3, 31.700000000000003, 30.099999999999994, 28.799999999999997, 28.700000000000003, 28.700000000000003, 28.5, 28.0, 27.400000000000006, 27.299999999999997, 27.299999999999997, 27.099999999999994, 27.0, 27.0, 26.900000000000006, 26.799999999999997, 26.700000000000003, 26.599999999999994, 26.599999999999994, 25.5, 24.5, 23.5, 22.400000000000006, 21.400000000000006, 20.400000000000006, 19.0, 18.200000000000003, 17.200000000000003, 16.0, 14.5, 13.599999999999994, 12.5, 11.5, 10.900000000000006, 10.099999999999994, 9.099999999999994, 8.099999999999994, 7.400000000000006, 6.299999999999997, 0.29999999999999716, 0.29999999999999716, 0.20000000000000284, 0.0]}}