{"histogram": {"y": [1, 0, 3, 1, 1, 0, 0, 1, 3, 2, 1, 1, 4, 2, 5, 3, 1, 4, 2, 1, 1, 2, 1, 2, 5, 2, 2, 3, 2, 1, 2, 1, 4, 1, 1, 0, 0, 1, 0], "x": [240, 270, 300, 310, 320, 330, 340, 350, 360, 370, 380, 390, 400, 410, 420, 430, 440, 450, 460, 470, 480, 490, 500, 510, 520, 530, 540, 550, 559, 569, 584, 594, 615, 624, 633, 648, 663, 684, 705]}, "percentile": {"y": [98.5, 95.5, 94.0, 92.5, 91.0, 89.4, 87.9, 84.9, 83.4, 81.9, 80.4, 78.8, 77.3, 75.8, 74.3, 72.8, 69.7, 66.7, 63.7, 62.2, 60.7, 59.1, 57.6, 56.1, 54.6, 53.1, 51.6, 50.0, 48.5, 47.0, 45.5, 44.0, 42.5, 41.0, 39.4, 37.9, 36.4, 33.400000000000006, 31.900000000000006, 30.400000000000006, 28.799999999999997, 27.299999999999997, 25.799999999999997, 24.299999999999997, 22.799999999999997, 21.299999999999997, 18.200000000000003, 16.700000000000003, 15.200000000000003, 13.700000000000003, 12.200000000000003, 10.700000000000003, 9.099999999999994, 7.599999999999994, 6.099999999999994, 4.599999999999994, 3.0999999999999943, 1.5999999999999943, 0.0, -1.5], "x": [231, 283, 298, 310, 314, 344, 351, 355, 362, 370, 372, 385, 391, 393, 394, 397, 410, 413, 414, 416, 426, 427, 428, 435, 442, 443, 444, 449, 453, 456, 465, 480, 482, 488, 492, 507, 510, 514, 515, 519, 520, 527, 529, 537, 538, 547, 550, 555, 559, 564, 577, 584, 589, 603, 605, 608, 615, 617, 633, 671]}}