{"percentile": {"y": [100.0, 100.0, 99.9, 99.9, 99.9, 99.8, 99.8, 99.7, 99.7, 99.7, 99.6, 99.6, 99.5, 99.5, 99.4, 99.3, 99.2, 99.0, 99.0, 98.8, 98.7, 98.5, 98.1, 98.0, 97.8, 97.8, 97.5, 97.4, 97.2, 97.1, 97.0, 96.9, 96.8, 96.7, 96.6, 96.4, 96.1, 95.8, 95.1, 94.3, 93.8, 92.6, 91.5, 90.4, 87.8, 85.9, 82.3, 62.6, 61.5, 60.5, 58.9, 57.2, 54.9, 52.8, 50.6, 48.4, 45.7, 43.1, 40.6, 39.0, 36.8, 34.400000000000006, 32.0, 29.900000000000006, 28.0, 25.599999999999994, 23.400000000000006, 20.299999999999997, 15.400000000000006, 14.799999999999997, 14.200000000000003, 13.299999999999997, 12.299999999999997, 11.599999999999994, 11.0, 10.599999999999994, 9.900000000000006, 8.5, 8.400000000000006, 8.099999999999994, 7.900000000000006, 7.5, 7.299999999999997, 6.900000000000006, 6.400000000000006, 6.200000000000003, 5.700000000000003, 5.5, 5.200000000000003, 4.900000000000006, 4.5, 4.0, 3.5999999999999943, 3.299999999999997, 3.0999999999999943, 2.799999999999997, 2.4000000000000057, 2.299999999999997, 2.0999999999999943, 2.0, 1.9000000000000057, 1.5999999999999943, 1.5999999999999943, 1.5, 1.4000000000000057, 1.2999999999999972, 1.2000000000000028, 1.0999999999999943, 1.0999999999999943, 1.0, 0.9000000000000057, 0.7999999999999972, 0.7999999999999972, 0.7000000000000028, 0.7000000000000028, 0.5999999999999943, 0.5999999999999943, 0.5999999999999943, 0.5, 0.5, 0.4000000000000057, 0.20000000000000284, 0.20000000000000284, 0.09999999999999432, 0.09999999999999432, 0.0, 0.0], "x": [522, 536, 545, 547, 548, 549, 550, 553, 554, 555, 557, 558, 559, 560, 561, 562, 563, 564, 565, 566, 567, 568, 569, 570, 571, 572, 573, 574, 575, 576, 577, 578, 579, 580, 581, 582, 583, 584, 585, 586, 587, 588, 589, 590, 591, 592, 593, 594, 595, 596, 597, 598, 599, 600, 601, 602, 603, 604, 605, 606, 607, 608, 609, 610, 611, 612, 613, 614, 615, 616, 617, 618, 619, 620, 621, 622, 623, 624, 625, 626, 627, 628, 629, 630, 631, 632, 633, 634, 635, 636, 637, 638, 639, 640, 641, 642, 643, 644, 645, 646, 647, 648, 649, 650, 651, 652, 653, 654, 655, 657, 658, 660, 663, 664, 665, 667, 668, 671, 674, 677, 683, 684, 689, 694, 699, 703, 704]}, "histogram": {"y": [1, 1, 6, 7, 41, 66, 962, 1363, 200, 81, 117, 25, 17, 5], "x": [530, 540, 550, 559, 569, 584, 594, 615, 624, 633, 648, 663, 684, 705]}}