{"histogram": {"y": [1, 2, 20, 20, 1, 41, 4, 205, 3], "x": [584, 594, 615, 624, 633, 648, 663, 684, 705]}, "percentile": {"y": [99.7, 99.4, 99.0, 98.7, 98.4, 98.0, 97.3, 97.0, 95.7, 95.3, 95.0, 94.6, 93.6, 92.3, 91.3, 90.3, 89.9, 88.6, 87.5, 86.5, 85.5, 85.2, 84.8, 84.2, 83.2, 82.5, 81.5, 79.4, 78.4, 77.8, 77.4, 75.4, 74.4, 72.3, 71.3, 71.0, 70.7, 70.3, 70.0, 69.3, 67.6, 67.3, 66.3, 65.6, 63.9, 62.2, 60.9, 59.2, 57.8, 57.5, 56.1, 55.8, 54.1, 53.1, 51.7, 50.4, 48.4, 46.7, 43.6, 0.7000000000000028, 0.4000000000000057, 0.0, -0.29999999999999716], "x": [571, 589, 594, 596, 599, 602, 604, 606, 607, 608, 610, 613, 614, 615, 616, 617, 618, 620, 622, 623, 624, 632, 634, 636, 637, 638, 640, 641, 642, 643, 644, 645, 646, 647, 648, 650, 655, 658, 663, 664, 665, 666, 667, 668, 669, 670, 671, 672, 673, 674, 675, 676, 677, 678, 679, 680, 681, 682, 683, 684, 689, 698, 700]}}