{"histogram": {"x": [240, 270, 300, 310, 320, 330, 340, 350, 360, 370, 380, 390, 400, 410, 420, 430, 440, 450, 460, 470, 480, 490, 500, 510, 520, 530, 540, 550, 559, 569, 584, 594, 615, 624, 633, 648, 663, 684, 705], "y": [2, 5, 5, 2, 3, 1, 7, 1, 2, 4, 2, 5, 5, 8, 10, 3, 8, 6, 10, 8, 7, 12, 7, 18, 18, 18, 25, 24, 97, 39, 172, 25, 88, 4, 0, 4, 0, 2, 0]}, "percentile": {"x": [220, 239, 245, 255, 257, 266, 267, 272, 276, 277, 287, 296, 310, 316, 318, 320, 330, 331, 334, 335, 337, 339, 340, 342, 351, 355, 363, 364, 367, 376, 377, 382, 383, 385, 392, 396, 398, 400, 401, 403, 405, 406, 408, 410, 412, 413, 414, 415, 417, 418, 423, 425, 428, 433, 434, 435, 437, 440, 441, 443, 445, 446, 449, 450, 451, 452, 453, 454, 457, 458, 459, 460, 462, 463, 466, 467, 468, 469, 470, 474, 475, 476, 479, 481, 482, 483, 485, 486, 487, 489, 490, 493, 494, 495, 496, 497, 500, 501, 502, 503, 504, 505, 506, 508, 509, 510, 511, 512, 513, 514, 515, 516, 517, 518, 519, 521, 523, 524, 525, 526, 527, 528, 529, 530, 531, 532, 533, 535, 536, 537, 538, 539, 540, 542, 543, 544, 545, 547, 549, 550, 551, 552, 553, 554, 555, 556, 557, 558, 559, 560, 562, 564, 565, 566, 567, 569, 570, 571, 572, 573, 574, 575, 576, 577, 578, 579, 580, 581, 582, 583, 584, 585, 586, 587, 588, 589, 590, 591, 592, 593, 594, 595, 596, 597, 598, 599, 600, 601, 602, 603, 604, 605, 606, 607, 608, 609, 610, 612, 613, 615, 616, 617, 624, 634, 635, 640, 648, 672, 684], "y": [99.9, 99.7, 99.6, 99.4, 99.3, 99.1, 99.0, 98.8, 98.7, 98.5, 98.4, 98.2, 97.9, 97.8, 97.6, 97.5, 97.3, 97.2, 97.0, 96.8, 96.5, 96.4, 96.2, 96.1, 95.9, 95.8, 95.6, 95.5, 95.2, 95.0, 94.9, 94.6, 94.3, 94.1, 94.0, 93.8, 93.5, 93.3, 93.0, 92.9, 92.7, 92.6, 92.4, 92.1, 91.8, 91.5, 91.4, 91.2, 90.9, 90.6, 90.4, 90.3, 90.1, 90.0, 89.7, 89.5, 89.4, 88.9, 88.8, 88.6, 88.5, 88.3, 88.2, 88.0, 87.9, 87.7, 87.5, 87.2, 87.1, 86.9, 86.8, 86.5, 86.3, 86.2, 86.0, 85.9, 85.6, 85.4, 85.3, 85.0, 84.8, 84.7, 84.2, 83.9, 83.7, 83.6, 83.3, 83.0, 82.8, 82.7, 82.4, 82.2, 82.1, 81.9, 81.6, 81.5, 81.3, 80.8, 80.5, 80.4, 79.9, 79.6, 79.3, 79.2, 78.9, 78.6, 78.3, 77.8, 77.6, 77.0, 76.9, 76.4, 76.3, 76.0, 75.8, 75.5, 74.9, 74.6, 74.4, 74.3, 74.0, 73.7, 73.2, 73.1, 72.6, 72.5, 72.3, 72.0, 71.2, 70.3, 70.0, 69.9, 69.3, 68.8, 68.6, 68.3, 67.6, 67.3, 67.1, 65.6, 65.0, 64.2, 62.7, 61.3, 58.6, 56.6, 55.5, 53.7, 50.8, 50.7, 50.2, 49.0, 48.2, 47.5, 47.2, 44.9, 43.8, 43.0, 41.4, 39.1, 36.3, 34.0, 32.7, 30.5, 29.0, 27.599999999999994, 26.400000000000006, 24.400000000000006, 23.400000000000006, 21.400000000000006, 18.599999999999994, 18.299999999999997, 18.200000000000003, 18.0, 17.700000000000003, 17.0, 16.400000000000006, 16.200000000000003, 16.099999999999994, 15.900000000000006, 14.799999999999997, 14.099999999999994, 12.5, 12.099999999999994, 11.599999999999994, 10.700000000000003, 9.5, 8.599999999999994, 8.0, 6.900000000000006, 5.400000000000006, 4.799999999999997, 4.5, 3.5999999999999943, 2.799999999999997, 2.5999999999999943, 2.299999999999997, 2.0, 1.7000000000000028, 1.4000000000000057, 1.2999999999999972, 1.0999999999999943, 0.7999999999999972, 0.7000000000000028, 0.5, 0.4000000000000057, 0.20000000000000284, 0.0, -0.09999999999999432]}}