{"histogram": {"x": [530, 540, 550, 559, 569, 584, 594, 615, 624, 633, 648, 663, 684, 705], "y": [1, 0, 0, 0, 0, 1, 0, 12, 3, 5, 15, 3, 33, 1]}, "percentile": {"x": [526, 581, 598, 604, 606, 607, 609, 610, 612, 613, 614, 615, 616, 620, 626, 628, 629, 632, 633, 635, 636, 638, 639, 640, 643, 644, 645, 647, 651, 657, 659, 666, 667, 668, 671, 672, 674, 675, 680, 681, 682, 683, 684, 701], "y": [98.7, 97.3, 95.9, 94.6, 91.8, 90.5, 89.1, 87.7, 86.4, 85.0, 83.6, 80.9, 78.1, 76.8, 75.4, 74.0, 72.7, 71.3, 69.9, 68.5, 64.4, 61.7, 60.3, 57.6, 56.2, 53.5, 50.7, 49.4, 48.0, 46.6, 45.3, 43.9, 39.8, 38.4, 37.0, 35.7, 34.3, 31.599999999999994, 28.799999999999997, 26.099999999999994, 23.299999999999997, 19.200000000000003, 0.0, -1.2999999999999972]}}