{"percentile": {"x": [512, 545, 559, 565, 578, 583, 594, 601, 604, 606, 607, 608, 615, 618, 619, 620, 637, 641, 642, 644, 645, 646, 647, 648, 664, 666, 668, 669, 671, 672, 677, 678, 680, 684], "y": [97.9, 95.7, 93.5, 91.4, 89.2, 87.0, 84.8, 82.7, 80.5, 78.3, 76.1, 74.0, 69.6, 65.3, 63.1, 54.4, 52.2, 50.0, 47.9, 41.4, 39.2, 34.8, 32.7, 26.099999999999994, 21.799999999999997, 19.599999999999994, 17.400000000000006, 13.099999999999994, 10.900000000000006, 8.700000000000003, 6.599999999999994, 2.200000000000003, 0.0, -2.0999999999999943]}, "histogram": {"x": [520, 530, 540, 550, 559, 569, 584, 594, 615, 624, 633, 648, 663, 684, 705], "y": [1, 0, 0, 1, 1, 1, 2, 1, 7, 7, 0, 13, 0, 13, 0]}}