{"percentile": {"y": [99.7, 99.3, 98.9, 98.5, 98.1, 97.7, 97.3, 96.9, 96.6, 96.2, 95.8, 95.4, 95.0, 94.6, 94.2, 93.8, 93.5, 93.1, 92.7, 91.5, 91.1, 90.7, 90.4, 90.0, 89.6, 89.2, 88.4, 88.0, 87.6, 87.3, 86.9, 86.5, 86.1, 85.3, 84.2, 83.8, 83.0, 82.6, 82.2, 81.8, 80.3, 79.1, 78.0, 77.6, 76.8, 76.4, 76.0, 75.6, 75.2, 74.9, 74.5, 74.1, 72.9, 72.1, 71.0, 70.6, 70.2, 69.4, 68.7, 68.3, 67.9, 67.5, 66.3, 65.6, 65.2, 64.4, 62.8, 62.1, 59.7, 59.0, 58.6, 56.6, 55.9, 55.1, 54.3, 52.8, 50.8, 50.0, 48.5, 43.1, 42.7, 42.3, 40.7, 38.8, 38.4, 38.0, 37.6, 37.3, 33.0, 32.2, 31.400000000000006, 29.900000000000006, 28.700000000000003, 26.0, 23.700000000000003, 21.0, 18.299999999999997, 16.299999999999997, 14.799999999999997, 14.0, 12.799999999999997, 12.099999999999994, 10.099999999999994, 9.700000000000003, 9.400000000000006, 8.599999999999994, 7.799999999999997, 7.400000000000006, 7.0, 5.5, 5.099999999999994, 4.299999999999997, 3.5, 3.200000000000003, 2.799999999999997, 2.0, 1.2000000000000028, 0.7999999999999972, 0.4000000000000057, -0.29999999999999716], "x": [290, 303, 357, 377, 380, 398, 400, 401, 403, 406, 411, 412, 413, 416, 419, 422, 425, 432, 436, 438, 439, 442, 443, 446, 447, 449, 450, 455, 456, 459, 464, 466, 476, 477, 480, 484, 488, 492, 493, 494, 495, 496, 497, 500, 501, 508, 509, 511, 515, 516, 518, 520, 522, 524, 525, 526, 527, 529, 532, 534, 537, 538, 539, 540, 543, 544, 545, 546, 547, 548, 549, 550, 552, 553, 554, 555, 556, 557, 558, 559, 560, 561, 563, 564, 565, 566, 567, 568, 569, 570, 571, 572, 573, 574, 575, 576, 577, 578, 579, 581, 582, 583, 584, 585, 586, 587, 588, 589, 591, 594, 599, 600, 605, 606, 610, 612, 613, 614, 622, 704]}, "histogram": {"y": [1, 1, 0, 0, 0, 0, 1, 0, 2, 0, 2, 3, 5, 2, 6, 7, 3, 2, 6, 3, 14, 4, 5, 12, 10, 23, 35, 26, 59, 12, 12, 1, 0, 0, 0, 0, 2], "x": [300, 310, 320, 330, 340, 350, 360, 370, 380, 390, 400, 410, 420, 430, 440, 450, 460, 470, 480, 490, 500, 510, 520, 530, 540, 550, 559, 569, 584, 594, 615, 624, 633, 648, 663, 684, 705]}}