{"histogram": {"y": [1, 1, 0, 0, 1, 2, 3, 1, 1, 6, 3, 13, 33, 70, 186, 105, 18, 267, 28, 1034, 19], "x": [460, 470, 480, 490, 500, 510, 520, 530, 540, 550, 559, 569, 584, 594, 615, 624, 633, 648, 663, 684, 705]}, "percentile": {"y": [100.0, 99.9, 99.9, 99.8, 99.8, 99.7, 99.7, 99.6, 99.5, 99.5, 99.4, 99.4, 99.3, 99.2, 99.1, 99.0, 99.0, 98.9, 98.9, 98.7, 98.5, 98.3, 98.2, 98.1, 98.0, 97.7, 97.6, 97.5, 97.4, 97.3, 97.2, 97.0, 96.9, 96.8, 96.6, 96.4, 96.1, 96.0, 95.8, 95.5, 95.1, 94.7, 94.3, 93.8, 93.6, 92.5, 92.4, 92.2, 92.0, 91.5, 91.3, 90.9, 90.4, 89.6, 88.9, 88.4, 87.6, 86.9, 86.4, 86.2, 85.9, 85.3, 84.8, 84.4, 83.8, 83.4, 82.1, 81.7, 81.2, 80.8, 80.1, 79.3, 78.7, 78.0, 77.4, 76.3, 76.2, 76.2, 76.0, 75.7, 75.5, 75.4, 75.4, 75.3, 75.3, 73.9, 72.9, 72.2, 71.5, 70.5, 69.4, 68.2, 67.2, 66.4, 65.5, 64.5, 63.4, 62.2, 61.4, 60.4, 60.3, 60.1, 60.1, 59.8, 59.7, 59.5, 59.3, 59.3, 59.2, 59.1, 58.8, 57.9, 56.6, 55.5, 54.0, 52.9, 51.0, 49.8, 48.1, 46.9, 45.7, 44.9, 43.3, 41.7, 40.3, 38.4, 36.9, 35.099999999999994, 33.400000000000006, 31.799999999999997, 29.599999999999994, 1.0999999999999943, 0.9000000000000057, 0.7999999999999972, 0.7999999999999972, 0.7000000000000028, 0.5999999999999943, 0.5, 0.29999999999999716, 0.29999999999999716, 0.20000000000000284, 0.0], "x": [452, 467, 499, 501, 510, 512, 513, 519, 528, 536, 541, 543, 549, 550, 552, 555, 556, 560, 562, 564, 567, 569, 570, 571, 572, 573, 574, 575, 576, 577, 578, 579, 581, 582, 583, 584, 585, 586, 587, 588, 589, 590, 591, 592, 593, 594, 595, 596, 597, 598, 599, 600, 601, 602, 603, 604, 605, 606, 607, 608, 609, 610, 611, 612, 613, 614, 615, 616, 617, 618, 619, 620, 621, 622, 623, 624, 625, 626, 627, 628, 629, 630, 631, 632, 633, 634, 635, 636, 637, 638, 639, 640, 641, 642, 643, 644, 645, 646, 647, 648, 649, 651, 652, 653, 654, 656, 659, 660, 661, 662, 663, 664, 665, 666, 667, 668, 669, 670, 671, 672, 673, 674, 675, 676, 677, 678, 679, 680, 681, 682, 683, 684, 686, 687, 688, 691, 693, 694, 699, 700, 703, 704]}}