{"histogram": {"y": [2, 0, 2, 0, 1, 1, 1, 0, 2, 1, 3, 4, 1, 2, 12, 24, 18, 63, 109, 501, 842, 482, 116, 1046, 127, 3367, 52], "x": [400, 410, 420, 430, 440, 450, 460, 470, 480, 490, 500, 510, 520, 530, 540, 550, 559, 569, 584, 594, 615, 624, 633, 648, 663, 684, 705]}, "percentile": {"y": [100.0, 100.0, 100.0, 100.0, 100.0, 100.0, 99.9, 99.9, 99.9, 99.9, 99.9, 99.9, 99.8, 99.8, 99.8, 99.8, 99.8, 99.7, 99.7, 99.7, 99.6, 99.5, 99.5, 99.4, 99.4, 99.3, 99.3, 99.3, 99.2, 99.2, 99.2, 99.1, 99.1, 99.0, 99.0, 99.0, 99.0, 98.9, 98.9, 98.8, 98.6, 98.5, 98.5, 98.4, 98.3, 98.3, 98.0, 98.0, 97.8, 97.7, 97.6, 97.5, 97.4, 97.3, 97.2, 97.0, 97.0, 96.8, 96.8, 96.7, 96.7, 96.4, 96.2, 95.9, 95.7, 95.3, 94.8, 94.4, 94.0, 93.5, 92.7, 89.0, 88.9, 88.7, 88.4, 87.9, 87.4, 86.7, 86.2, 85.8, 85.1, 84.4, 83.7, 83.2, 82.6, 82.0, 81.4, 80.5, 80.0, 79.6, 78.8, 78.1, 76.6, 75.8, 75.0, 74.2, 73.4, 72.6, 71.7, 70.9, 70.3, 69.5, 69.4, 69.4, 69.2, 68.9, 68.8, 68.6, 68.4, 68.3, 67.8, 66.8, 66.1, 64.9, 64.1, 63.2, 62.2, 61.3, 60.0, 58.7, 57.5, 56.6, 55.3, 54.3, 53.4, 52.4, 52.3, 52.2, 52.1, 52.0, 51.9, 51.7, 51.5, 51.3, 51.2, 51.1, 51.0, 50.9, 50.9, 50.8, 50.5, 49.6, 48.3, 47.0, 45.6, 44.4, 43.1, 41.7, 40.6, 39.3, 38.2, 37.1, 36.0, 34.7, 33.599999999999994, 32.099999999999994, 30.900000000000006, 29.400000000000006, 27.900000000000006, 26.5, 24.400000000000006, 0.7999999999999972, 0.7999999999999972, 0.7999999999999972, 0.7000000000000028, 0.7000000000000028, 0.7000000000000028, 0.5999999999999943, 0.5999999999999943, 0.5999999999999943, 0.5, 0.5, 0.5, 0.4000000000000057, 0.4000000000000057, 0.4000000000000057, 0.4000000000000057, 0.29999999999999716, 0.29999999999999716, 0.0], "x": [392, 400, 416, 419, 436, 443, 454, 473, 478, 481, 492, 496, 501, 502, 516, 522, 527, 533, 538, 539, 540, 543, 544, 545, 546, 547, 548, 549, 550, 551, 552, 553, 554, 555, 557, 558, 559, 560, 561, 562, 563, 564, 565, 566, 567, 568, 569, 570, 571, 572, 573, 574, 575, 576, 577, 578, 579, 580, 581, 582, 583, 584, 585, 586, 587, 588, 589, 590, 591, 592, 593, 594, 595, 596, 597, 598, 599, 600, 601, 602, 603, 604, 605, 606, 607, 608, 609, 610, 611, 612, 613, 614, 615, 616, 617, 618, 619, 620, 621, 622, 623, 624, 625, 626, 627, 628, 629, 630, 631, 632, 633, 634, 635, 636, 637, 638, 639, 640, 641, 642, 643, 644, 645, 646, 647, 648, 649, 650, 651, 652, 653, 654, 655, 656, 657, 658, 659, 660, 661, 662, 663, 664, 665, 666, 667, 668, 669, 670, 671, 672, 673, 674, 675, 676, 677, 678, 679, 680, 681, 682, 683, 684, 686, 687, 688, 689, 690, 691, 692, 693, 694, 695, 697, 698, 699, 700, 701, 702, 703, 704]}}