{"histogram": {"x": [540, 550, 559, 569, 584, 594, 615, 624, 633, 648, 663, 684, 705], "y": [1, 0, 1, 4, 12, 39, 186, 76, 14, 150, 36, 250, 6]}, "percentile": {"x": [540, 559, 564, 567, 568, 569, 571, 572, 577, 578, 580, 581, 582, 583, 584, 585, 587, 588, 589, 591, 592, 593, 594, 595, 596, 597, 598, 599, 600, 601, 602, 603, 604, 605, 606, 607, 608, 609, 610, 611, 612, 613, 614, 615, 616, 617, 618, 619, 620, 621, 622, 623, 624, 625, 627, 629, 630, 631, 632, 633, 634, 635, 636, 637, 638, 639, 640, 641, 642, 643, 644, 645, 646, 647, 648, 649, 650, 651, 652, 653, 654, 655, 657, 658, 659, 660, 661, 662, 663, 664, 665, 666, 667, 668, 669, 670, 671, 672, 673, 674, 675, 676, 677, 678, 679, 680, 681, 682, 683, 684, 687, 689, 690, 702, 704], "y": [99.9, 99.8, 99.7, 99.5, 99.4, 99.3, 99.1, 99.0, 98.8, 98.5, 98.4, 98.2, 98.1, 98.0, 97.7, 97.5, 97.1, 96.6, 96.2, 96.0, 95.4, 94.5, 92.7, 92.3, 92.0, 91.7, 91.1, 90.5, 90.1, 89.8, 88.8, 87.8, 86.4, 85.1, 83.8, 82.6, 81.3, 80.4, 78.6, 77.4, 76.3, 74.7, 73.2, 68.7, 67.5, 66.5, 65.4, 64.4, 63.6, 62.2, 60.9, 60.1, 58.8, 58.6, 58.1, 57.9, 57.7, 57.5, 57.4, 57.0, 55.6, 54.7, 53.4, 52.1, 50.7, 49.8, 48.0, 46.7, 45.4, 44.2, 42.6, 40.9, 39.7, 38.7, 37.6, 37.3, 36.6, 36.2, 35.8, 35.7, 35.3, 34.8, 34.0, 33.900000000000006, 33.599999999999994, 33.5, 33.400000000000006, 33.099999999999994, 33.0, 31.400000000000006, 29.400000000000006, 27.799999999999997, 27.599999999999994, 25.900000000000006, 25.0, 23.299999999999997, 22.400000000000006, 21.0, 19.400000000000006, 18.5, 17.0, 15.900000000000006, 14.900000000000006, 14.0, 12.799999999999997, 11.400000000000006, 10.299999999999997, 9.200000000000003, 8.299999999999997, 0.7000000000000028, 0.5999999999999943, 0.4000000000000057, 0.29999999999999716, 0.0, -0.09999999999999432]}}