{"percentile": {"x": [319, 327, 339, 353, 370, 371, 375, 383, 385, 386, 398, 400, 402, 403, 405, 406, 408, 410, 411, 415, 416, 417, 421, 427, 429, 430, 435, 436, 439, 441, 442, 445, 449, 454, 455, 456, 457, 458, 459, 460, 463, 464, 468, 474, 475, 476, 477, 478, 479, 480, 481, 482, 483, 484, 487, 488, 489, 492, 494, 495, 496, 497, 500, 503, 504, 505, 506, 507, 508, 509, 510, 511, 512, 514, 516, 519, 520, 521, 522, 523, 524, 525, 526, 527, 528, 530, 531, 533, 534, 535, 537, 538, 539, 540, 542, 543, 545, 547, 548, 549, 550, 551, 552, 553, 554, 555, 556, 557, 558, 559, 560, 561, 562, 563, 564, 565, 566, 568, 569, 570, 571, 572, 573, 574, 575, 576, 577, 578, 579, 580, 581, 582, 583, 584, 585, 586, 587, 588, 589, 590, 591, 592, 593, 594, 595, 596, 597, 598, 599, 600, 601, 602, 603, 604, 605, 606, 607, 608, 609, 610, 611, 612, 613, 614, 615, 616, 617, 618, 619, 620, 621, 622, 624, 625, 626, 628, 632, 633, 634, 635, 636, 637, 638, 639, 640, 641, 642, 643, 645, 646, 647, 648, 663, 664, 665, 667, 672, 674, 675, 676, 677, 678, 679, 680, 681, 682, 684], "y": [99.9, 99.8, 99.7, 99.6, 99.5, 99.4, 99.3, 99.2, 99.0, 98.9, 98.7, 98.6, 98.5, 98.4, 98.3, 98.2, 98.1, 97.9, 97.8, 97.7, 97.6, 97.5, 97.4, 97.3, 97.1, 97.0, 96.7, 96.5, 96.4, 96.2, 96.1, 96.0, 95.9, 95.6, 95.4, 95.3, 95.1, 94.9, 94.8, 94.7, 94.5, 94.4, 94.3, 94.2, 94.0, 93.8, 93.7, 93.5, 93.4, 93.1, 92.9, 92.6, 92.3, 91.9, 91.7, 91.6, 91.3, 91.1, 91.0, 90.7, 90.6, 90.2, 90.0, 89.8, 89.5, 89.4, 89.2, 88.9, 88.6, 88.4, 88.2, 88.1, 88.0, 87.8, 87.5, 87.3, 87.2, 87.1, 86.9, 86.6, 86.4, 86.2, 86.1, 86.0, 85.7, 85.6, 85.5, 85.4, 85.2, 85.0, 84.5, 84.2, 84.1, 83.7, 83.3, 83.2, 82.8, 82.4, 82.1, 81.7, 80.7, 80.2, 79.4, 78.8, 77.1, 75.9, 74.3, 73.6, 72.8, 69.9, 69.8, 69.7, 69.4, 69.3, 68.3, 68.1, 67.7, 67.5, 64.7, 63.9, 63.1, 61.9, 60.2, 58.8, 57.7, 56.0, 54.9, 53.2, 51.4, 50.5, 48.4, 46.7, 45.4, 42.3, 41.8, 41.7, 41.0, 40.6, 40.0, 39.7, 39.3, 39.2, 38.5, 36.1, 35.8, 35.099999999999994, 34.3, 33.3, 32.400000000000006, 30.5, 29.299999999999997, 27.099999999999994, 25.799999999999997, 24.599999999999994, 22.900000000000006, 21.799999999999997, 20.599999999999994, 19.5, 18.200000000000003, 17.299999999999997, 15.799999999999997, 14.900000000000006, 14.099999999999994, 13.400000000000006, 8.799999999999997, 8.299999999999997, 8.200000000000003, 8.099999999999994, 7.700000000000003, 7.400000000000006, 7.200000000000003, 6.799999999999997, 6.5, 6.400000000000006, 6.299999999999997, 6.200000000000003, 6.099999999999994, 5.700000000000003, 5.599999999999994, 5.400000000000006, 5.299999999999997, 5.099999999999994, 4.900000000000006, 4.700000000000003, 4.599999999999994, 4.299999999999997, 3.700000000000003, 3.5, 3.299999999999997, 3.200000000000003, 3.0999999999999943, 2.9000000000000057, 2.5, 2.4000000000000057, 2.200000000000003, 2.0, 1.9000000000000057, 1.7999999999999972, 1.7000000000000028, 1.4000000000000057, 1.2999999999999972, 1.0999999999999943, 1.0, 0.7999999999999972, 0.7000000000000028, 0.5, 0.0]}, "histogram": {"x": [320, 330, 340, 350, 360, 370, 380, 390, 400, 410, 420, 430, 440, 450, 460, 470, 480, 490, 500, 510, 520, 530, 540, 550, 559, 569, 584, 594, 615, 624, 633, 648, 663, 684, 705], "y": [2, 1, 1, 0, 1, 1, 2, 4, 3, 7, 4, 5, 6, 5, 12, 4, 12, 18, 13, 18, 10, 16, 19, 30, 109, 52, 225, 62, 274, 23, 8, 28, 4, 26, 0]}}