{"histogram": {"y": [1, 2, 3, 1, 0, 0, 2, 1, 5, 5, 2, 5, 2, 2, 6, 5, 6, 11, 6, 40, 8, 40, 4, 0, 5, 0, 6, 0], "x": [390, 400, 410, 420, 430, 440, 450, 460, 470, 480, 490, 500, 510, 520, 530, 540, 550, 559, 569, 584, 594, 615, 624, 633, 648, 663, 684, 705]}, "percentile": {"y": [99.5, 98.9, 98.3, 97.7, 97.1, 96.5, 95.9, 95.3, 94.7, 94.1, 93.5, 92.9, 91.7, 91.1, 89.9, 89.3, 88.7, 88.1, 87.5, 86.9, 86.3, 85.1, 84.5, 83.9, 83.3, 82.7, 82.1, 81.5, 80.3, 79.7, 79.1, 78.5, 77.9, 77.3, 76.7, 76.1, 75.5, 74.9, 74.3, 73.7, 73.1, 72.5, 71.3, 70.1, 69.5, 68.3, 67.7, 67.1, 64.7, 64.1, 63.5, 62.9, 61.1, 58.1, 57.5, 55.7, 53.3, 51.5, 49.2, 48.0, 44.4, 43.8, 43.2, 42.0, 40.8, 39.6, 37.2, 36.6, 36.0, 35.400000000000006, 34.8, 34.2, 33.599999999999994, 32.400000000000006, 31.799999999999997, 30.599999999999994, 29.400000000000006, 26.400000000000006, 25.799999999999997, 24.599999999999994, 22.799999999999997, 22.200000000000003, 20.400000000000006, 18.599999999999994, 18.0, 15.599999999999994, 14.400000000000006, 13.200000000000003, 12.599999999999994, 12.0, 8.400000000000006, 7.799999999999997, 7.200000000000003, 6.0, 5.400000000000006, 4.799999999999997, 4.200000000000003, 3.0, 1.7999999999999972, 1.2000000000000028, 0.0, -0.5], "x": [381, 394, 399, 402, 403, 407, 412, 443, 444, 457, 461, 467, 468, 469, 472, 473, 475, 479, 484, 490, 494, 495, 496, 497, 506, 510, 518, 520, 521, 522, 526, 527, 530, 531, 534, 538, 539, 540, 542, 544, 545, 546, 550, 552, 553, 554, 555, 558, 559, 561, 564, 565, 569, 570, 571, 572, 573, 574, 575, 576, 577, 578, 579, 580, 582, 583, 584, 586, 587, 588, 589, 591, 592, 594, 595, 596, 597, 598, 599, 601, 602, 604, 606, 607, 608, 609, 610, 611, 613, 614, 615, 616, 618, 621, 637, 646, 647, 648, 665, 681, 683, 684]}}