{"histogram": {"x": [270, 300, 310, 320, 330, 340, 350, 360, 370, 380, 390, 400, 410, 420, 430, 440, 450, 460, 470, 480, 490, 500, 510, 520, 530, 540, 550, 559, 569, 584, 594, 615, 624, 633, 648, 663, 684, 705], "y": [1, 0, 1, 0, 0, 1, 1, 2, 1, 0, 6, 2, 3, 5, 8, 3, 3, 10, 12, 6, 15, 7, 13, 15, 13, 19, 17, 54, 36, 90, 15, 34, 2, 1, 2, 0, 0, 2]}, "percentile": {"x": [257, 304, 335, 342, 353, 355, 365, 381, 382, 384, 387, 390, 400, 401, 402, 413, 415, 419, 420, 421, 422, 423, 426, 427, 429, 430, 433, 436, 440, 445, 447, 450, 452, 454, 455, 457, 458, 459, 460, 461, 462, 463, 465, 466, 467, 468, 469, 471, 475, 479, 480, 481, 482, 483, 485, 487, 488, 489, 490, 492, 496, 499, 500, 501, 504, 505, 506, 507, 508, 509, 510, 512, 513, 514, 515, 516, 517, 518, 520, 521, 522, 523, 524, 527, 528, 529, 530, 531, 532, 534, 535, 536, 537, 538, 539, 540, 542, 543, 544, 545, 546, 549, 550, 551, 552, 553, 554, 555, 556, 557, 558, 559, 560, 561, 562, 563, 564, 566, 567, 568, 569, 570, 571, 572, 573, 574, 575, 576, 577, 578, 579, 580, 581, 582, 583, 584, 585, 586, 589, 590, 591, 593, 594, 595, 596, 597, 598, 599, 600, 601, 602, 603, 604, 606, 607, 608, 609, 610, 612, 613, 614, 615, 618, 622, 633, 635, 640, 695, 704], "y": [99.8, 99.5, 99.3, 99.0, 98.8, 98.5, 98.3, 97.8, 97.5, 97.3, 97.0, 96.8, 96.3, 95.8, 95.5, 95.0, 94.8, 94.5, 94.3, 94.0, 93.8, 93.5, 93.3, 93.0, 92.8, 92.3, 92.0, 91.8, 91.5, 91.3, 91.0, 90.8, 90.5, 90.3, 89.8, 89.5, 89.0, 88.8, 88.3, 88.0, 87.8, 87.5, 86.8, 86.5, 85.8, 85.5, 85.3, 85.0, 84.8, 84.3, 83.8, 83.5, 82.8, 82.3, 81.5, 81.0, 80.8, 80.3, 80.0, 79.7, 79.0, 78.5, 78.2, 77.5, 77.2, 76.7, 76.5, 76.2, 75.5, 75.2, 75.0, 74.5, 74.2, 73.5, 73.2, 73.0, 72.7, 71.7, 71.2, 71.0, 70.7, 70.2, 70.0, 69.7, 68.7, 68.5, 68.0, 67.5, 67.0, 66.7, 66.2, 65.5, 65.0, 64.5, 63.5, 63.2, 62.7, 62.5, 62.2, 61.5, 61.2, 61.0, 58.9, 58.4, 56.9, 55.4, 54.2, 52.4, 50.7, 49.7, 48.4, 45.4, 45.2, 44.9, 44.7, 44.2, 40.7, 40.4, 39.6, 38.9, 36.4, 35.599999999999994, 34.599999999999994, 33.599999999999994, 31.900000000000006, 29.400000000000006, 27.900000000000006, 26.400000000000006, 24.900000000000006, 23.099999999999994, 22.400000000000006, 21.400000000000006, 20.400000000000006, 18.299999999999997, 16.799999999999997, 13.799999999999997, 13.599999999999994, 13.299999999999997, 12.799999999999997, 12.599999999999994, 12.299999999999997, 11.799999999999997, 10.099999999999994, 9.599999999999994, 8.799999999999997, 8.099999999999994, 7.799999999999997, 7.299999999999997, 6.599999999999994, 6.099999999999994, 5.299999999999997, 4.799999999999997, 4.599999999999994, 4.299999999999997, 4.099999999999994, 3.5999999999999943, 3.0999999999999943, 2.799999999999997, 2.5999999999999943, 2.299999999999997, 2.0999999999999943, 1.5999999999999943, 1.2999999999999972, 1.0999999999999943, 0.7999999999999972, 0.5999999999999943, 0.29999999999999716, 0.0, -0.20000000000000284]}}