{"histogram": {"y": [1, 6, 2, 5, 2, 7, 7, 14, 13, 15, 23, 23, 29, 25, 39, 31, 41, 52, 51, 56, 51, 62, 84, 65, 106, 102, 133, 308, 172, 453, 94, 201, 11, 2, 9, 1, 3, 6], "x": [270, 300, 310, 320, 330, 340, 350, 360, 370, 380, 390, 400, 410, 420, 430, 440, 450, 460, 470, 480, 490, 500, 510, 520, 530, 540, 550, 559, 569, 584, 594, 615, 624, 633, 648, 663, 684, 705]}, "percentile": {"y": [100.0, 100.0, 99.9, 99.9, 99.8, 99.8, 99.7, 99.7, 99.7, 99.6, 99.5, 99.5, 99.4, 99.4, 99.4, 99.3, 99.3, 99.2, 99.2, 99.1, 99.1, 99.0, 98.9, 98.8, 98.8, 98.7, 98.7, 98.6, 98.5, 98.4, 98.3, 98.2, 98.2, 98.1, 98.1, 98.0, 98.0, 97.8, 97.7, 97.7, 97.6, 97.5, 97.4, 97.4, 97.3, 97.2, 97.2, 97.0, 96.9, 96.8, 96.7, 96.6, 96.5, 96.4, 96.3, 96.2, 96.1, 95.9, 95.6, 95.6, 95.4, 95.3, 95.2, 95.1, 95.1, 94.9, 94.7, 94.6, 94.5, 94.3, 94.2, 94.0, 93.8, 93.8, 93.7, 93.6, 93.5, 93.4, 93.1, 93.1, 92.9, 92.7, 92.6, 92.4, 92.2, 92.0, 91.8, 91.7, 91.5, 91.4, 91.2, 91.0, 90.9, 90.8, 90.7, 90.5, 90.5, 90.2, 90.2, 90.0, 89.8, 89.7, 89.5, 89.4, 89.2, 89.0, 88.9, 88.7, 88.5, 88.3, 87.9, 87.8, 87.6, 87.3, 87.2, 87.0, 86.8, 86.6, 86.4, 86.1, 85.7, 85.5, 85.2, 85.1, 84.9, 84.7, 84.4, 84.3, 84.1, 83.9, 83.6, 83.3, 83.1, 82.9, 82.6, 82.3, 82.1, 81.9, 81.7, 81.5, 81.3, 80.9, 80.7, 80.6, 80.5, 80.3, 80.0, 79.6, 79.3, 79.0, 78.7, 78.5, 78.2, 78.1, 77.6, 77.3, 77.1, 76.8, 76.7, 76.3, 76.0, 75.7, 75.4, 74.9, 74.7, 74.4, 74.0, 73.6, 73.2, 72.7, 72.3, 72.1, 71.7, 71.4, 71.1, 70.9, 70.7, 70.4, 69.8, 69.8, 69.5, 69.1, 68.6, 68.3, 68.0, 67.3, 67.0, 66.3, 65.9, 65.4, 64.9, 64.5, 64.1, 63.5, 63.0, 62.6, 62.3, 62.0, 61.5, 61.0, 60.5, 60.3, 60.1, 59.8, 59.6, 58.6, 58.3, 57.9, 57.8, 57.5, 54.7, 54.3, 52.7, 51.8, 50.6, 48.8, 47.5, 46.2, 44.4, 41.3, 41.0, 40.5, 40.1, 39.8, 38.1, 37.7, 37.4, 37.1, 36.9, 33.900000000000006, 33.3, 32.5, 31.099999999999994, 30.0, 28.700000000000003, 27.700000000000003, 26.0, 24.299999999999997, 22.700000000000003, 21.0, 19.900000000000006, 18.799999999999997, 18.099999999999994, 16.799999999999997, 14.200000000000003, 14.099999999999994, 13.799999999999997, 13.5, 13.400000000000006, 12.5, 12.5, 12.200000000000003, 12.099999999999994, 11.799999999999997, 10.099999999999994, 9.799999999999997, 9.5, 8.900000000000006, 8.200000000000003, 7.599999999999994, 7.099999999999994, 6.799999999999997, 6.200000000000003, 5.599999999999994, 5.299999999999997, 4.700000000000003, 4.299999999999997, 3.700000000000003, 3.5, 3.0999999999999943, 2.799999999999997, 2.5, 2.4000000000000057, 2.4000000000000057, 2.0999999999999943, 1.4000000000000057, 1.4000000000000057, 1.2999999999999972, 1.2000000000000028, 1.0999999999999943, 1.0999999999999943, 1.0, 1.0, 0.9000000000000057, 0.9000000000000057, 0.7999999999999972, 0.7000000000000028, 0.7000000000000028, 0.5999999999999943, 0.5999999999999943, 0.5, 0.5, 0.4000000000000057, 0.4000000000000057, 0.29999999999999716, 0.20000000000000284, 0.0], "x": [262, 272, 280, 281, 289, 291, 294, 305, 306, 312, 313, 314, 319, 322, 330, 332, 335, 336, 337, 338, 340, 341, 342, 343, 346, 350, 353, 354, 355, 356, 357, 358, 359, 360, 364, 365, 366, 367, 368, 369, 370, 371, 373, 374, 375, 376, 377, 378, 379, 381, 382, 383, 384, 385, 386, 387, 389, 390, 391, 392, 394, 395, 396, 397, 399, 400, 401, 402, 404, 405, 406, 407, 408, 409, 410, 412, 413, 414, 415, 416, 417, 418, 420, 421, 422, 423, 424, 425, 426, 427, 428, 429, 430, 431, 432, 433, 434, 435, 436, 437, 438, 439, 440, 441, 442, 443, 444, 445, 446, 447, 449, 450, 451, 452, 453, 454, 455, 456, 457, 458, 459, 460, 461, 462, 463, 464, 465, 466, 467, 468, 469, 470, 471, 472, 473, 474, 475, 476, 477, 478, 479, 480, 481, 482, 483, 484, 486, 487, 488, 489, 490, 491, 492, 493, 494, 495, 496, 497, 498, 499, 500, 501, 502, 503, 504, 505, 506, 507, 508, 509, 510, 511, 512, 513, 514, 515, 516, 517, 518, 519, 520, 521, 522, 523, 524, 525, 526, 527, 528, 529, 530, 531, 532, 533, 534, 535, 536, 537, 538, 539, 540, 541, 542, 543, 544, 545, 546, 547, 548, 549, 550, 551, 552, 553, 554, 555, 556, 557, 558, 559, 560, 561, 562, 563, 564, 565, 566, 567, 568, 569, 570, 571, 572, 573, 574, 575, 576, 577, 578, 579, 580, 581, 582, 583, 584, 585, 586, 587, 588, 589, 590, 591, 592, 593, 594, 595, 596, 597, 598, 599, 600, 601, 602, 603, 604, 605, 606, 607, 608, 609, 610, 611, 612, 613, 614, 615, 616, 618, 619, 620, 621, 622, 623, 624, 626, 631, 634, 637, 638, 640, 642, 644, 646, 660, 684, 702, 704]}}