{"histogram": {"x": [584, 594, 615, 624, 633, 648, 663, 684, 705], "y": [1, 0, 10, 2, 0, 4, 1, 13, 0]}, "percentile": {"x": [571, 599, 606, 607, 609, 610, 613, 614, 615, 621, 638, 639, 642, 648, 651, 666, 667, 669, 670, 671, 672, 680, 684], "y": [96.7, 93.4, 90.0, 86.7, 80.0, 73.4, 70.0, 66.7, 63.4, 56.7, 53.4, 50.0, 46.7, 43.4, 40.0, 36.7, 26.700000000000003, 23.400000000000006, 13.400000000000006, 6.700000000000003, 3.4000000000000057, 0.0, -3.299999999999997]}}