{"percentile": {"y": [99.7, 99.4, 99.0, 98.7, 98.3, 98.0, 96.9, 96.6, 95.5, 94.8, 94.5, 94.1, 93.8, 93.1, 92.7, 92.4, 91.0, 89.9, 88.6, 87.9, 87.2, 86.8, 85.4, 84.7, 83.3, 82.6, 79.1, 76.7, 76.0, 75.7, 75.0, 72.2, 70.1, 69.7, 68.3, 67.3, 66.9, 66.6, 66.3, 65.9, 65.6, 64.2, 63.1, 62.1, 61.0, 59.3, 57.5, 56.1, 54.1, 53.4, 51.6, 50.6, 48.5, 45.7, 45.3, 44.0, 43.6, 42.9, 42.6, 41.5, 39.1, 36.6, 34.2, 32.099999999999994, 30.700000000000003, 29.299999999999997, 27.900000000000006, 26.200000000000003, 24.799999999999997, 22.700000000000003, 22.0, 21.299999999999997, 19.200000000000003, 18.5, 17.5, 16.400000000000006, 13.299999999999997, 11.200000000000003, 9.799999999999997, 8.400000000000006, 1.4000000000000057, 1.0999999999999943, 0.7000000000000028, -0.29999999999999716], "x": [540, 583, 588, 590, 591, 592, 593, 594, 596, 597, 598, 599, 601, 602, 603, 604, 605, 606, 607, 608, 609, 610, 611, 612, 613, 614, 615, 616, 617, 618, 619, 620, 621, 622, 623, 624, 627, 629, 630, 631, 633, 634, 635, 636, 637, 638, 639, 640, 641, 642, 643, 644, 645, 646, 647, 648, 650, 651, 656, 663, 664, 665, 666, 667, 668, 669, 670, 671, 672, 673, 674, 675, 676, 677, 678, 679, 680, 681, 682, 683, 684, 687, 702, 704]}, "histogram": {"y": [1, 0, 0, 0, 1, 8, 50, 34, 5, 62, 7, 115, 5], "x": [540, 550, 559, 569, 584, 594, 615, 624, 633, 648, 663, 684, 705]}}