{"histogram": {"y": [1, 0, 0, 0, 5, 0, 0, 2, 7, 12, 30, 53, 132, 431, 225, 48, 471, 92, 1000, 15], "x": [470, 480, 490, 500, 510, 520, 530, 540, 550, 559, 569, 584, 594, 615, 624, 633, 648, 663, 684, 705]}, "percentile": {"y": [100.0, 100.0, 99.9, 99.9, 99.8, 99.8, 99.7, 99.7, 99.6, 99.6, 99.5, 99.5, 99.4, 99.3, 99.3, 99.2, 99.1, 99.1, 99.0, 98.9, 98.9, 98.7, 98.6, 98.5, 98.4, 98.2, 98.0, 97.8, 97.8, 97.6, 97.5, 97.2, 97.2, 96.9, 96.8, 96.8, 96.5, 96.5, 96.3, 96.1, 96.0, 95.7, 95.5, 95.3, 95.0, 94.9, 94.5, 94.3, 93.9, 93.6, 93.0, 90.5, 90.2, 89.7, 89.2, 88.8, 88.3, 87.8, 87.1, 86.4, 85.4, 84.6, 84.0, 83.4, 82.5, 81.9, 81.0, 79.9, 78.7, 77.8, 77.3, 76.1, 73.4, 72.5, 71.5, 70.6, 69.7, 68.6, 67.3, 66.2, 65.4, 64.5, 64.3, 64.2, 63.9, 63.9, 63.5, 63.4, 63.2, 63.0, 62.6, 61.6, 60.4, 59.5, 58.4, 57.0, 56.1, 54.8, 53.7, 51.9, 50.1, 48.9, 47.5, 46.5, 45.7, 43.9, 43.7, 43.6, 43.3, 42.9, 42.5, 42.1, 42.0, 41.8, 41.7, 41.5, 41.1, 40.8, 40.7, 40.6, 40.2, 39.4, 38.3, 37.0, 35.3, 33.7, 32.0, 30.799999999999997, 29.900000000000006, 28.200000000000003, 26.799999999999997, 25.299999999999997, 24.099999999999994, 22.299999999999997, 21.0, 19.400000000000006, 17.900000000000006, 16.400000000000006, 14.799999999999997, 13.299999999999997, 11.400000000000006, 0.5999999999999943, 0.5999999999999943, 0.5, 0.4000000000000057, 0.4000000000000057, 0.29999999999999716, 0.20000000000000284, 0.20000000000000284, 0.09999999999999432, 0.0, 0.0], "x": [461, 504, 505, 507, 509, 537, 538, 542, 545, 546, 547, 550, 551, 553, 554, 555, 557, 558, 559, 560, 562, 563, 564, 565, 566, 567, 568, 569, 571, 572, 573, 574, 575, 576, 577, 578, 579, 580, 581, 582, 583, 584, 585, 586, 587, 588, 589, 590, 591, 592, 593, 594, 595, 596, 597, 598, 599, 600, 601, 602, 603, 604, 605, 606, 607, 608, 609, 610, 611, 612, 613, 614, 615, 616, 617, 618, 619, 620, 621, 622, 623, 624, 625, 626, 627, 628, 629, 630, 631, 632, 633, 634, 635, 636, 637, 638, 639, 640, 641, 642, 643, 644, 645, 646, 647, 648, 649, 650, 651, 652, 653, 654, 655, 656, 657, 658, 659, 660, 661, 662, 663, 664, 665, 666, 667, 668, 669, 670, 671, 672, 673, 674, 675, 676, 677, 678, 679, 680, 681, 682, 683, 684, 685, 687, 689, 690, 692, 694, 697, 700, 703, 704]}}