{"histogram": {"x": [330, 340, 350, 360, 370, 380, 390, 400, 410, 420, 430, 440, 450, 460, 470, 480, 490, 500, 510, 520, 530, 540, 550, 559, 569, 584, 594, 615, 624, 633, 648, 663, 684, 705], "y": [1, 1, 0, 2, 2, 1, 1, 2, 5, 4, 4, 3, 4, 5, 6, 4, 4, 6, 7, 2, 4, 7, 10, 28, 13, 34, 8, 30, 6, 0, 4, 0, 1, 0]}, "percentile": {"x": [329, 335, 352, 353, 363, 370, 380, 388, 392, 393, 404, 405, 408, 415, 417, 418, 420, 421, 423, 425, 432, 433, 440, 441, 445, 448, 449, 453, 454, 456, 457, 458, 464, 465, 466, 467, 469, 471, 475, 476, 478, 482, 483, 485, 488, 493, 494, 495, 498, 501, 503, 507, 510, 516, 519, 522, 523, 527, 532, 534, 538, 539, 540, 542, 545, 547, 548, 550, 551, 552, 553, 554, 555, 556, 557, 558, 559, 560, 561, 563, 564, 565, 569, 570, 571, 572, 573, 574, 575, 576, 577, 578, 579, 580, 581, 583, 584, 587, 589, 590, 591, 593, 594, 595, 597, 598, 599, 600, 601, 602, 603, 604, 605, 607, 608, 609, 610, 611, 612, 613, 615, 616, 617, 618, 622, 624, 636, 638, 640, 684], "y": [99.6, 99.1, 98.6, 98.1, 97.6, 97.2, 96.7, 96.2, 95.7, 95.2, 93.8, 93.3, 92.8, 92.4, 91.9, 91.4, 90.9, 90.4, 89.5, 89.0, 88.5, 88.0, 87.5, 87.1, 86.6, 86.1, 85.6, 85.1, 84.7, 84.2, 83.7, 83.2, 82.7, 82.3, 81.8, 81.3, 80.3, 79.9, 79.4, 78.9, 78.4, 77.9, 77.5, 77.0, 76.5, 76.0, 75.5, 74.1, 73.6, 73.1, 72.6, 71.7, 70.2, 69.8, 69.3, 68.8, 67.8, 67.4, 66.9, 66.4, 65.4, 65.0, 64.0, 63.5, 62.5, 62.1, 61.6, 59.2, 58.7, 58.2, 57.3, 55.3, 51.5, 49.6, 48.6, 48.1, 45.7, 45.2, 44.8, 44.3, 42.8, 41.4, 39.5, 39.0, 38.0, 36.6, 35.599999999999994, 35.099999999999994, 34.7, 31.799999999999997, 31.299999999999997, 30.299999999999997, 28.900000000000006, 27.0, 24.599999999999994, 23.599999999999994, 23.099999999999994, 22.599999999999994, 21.700000000000003, 21.200000000000003, 20.700000000000003, 20.200000000000003, 19.299999999999997, 18.299999999999997, 16.900000000000006, 15.900000000000006, 15.400000000000006, 14.5, 14.0, 13.5, 12.099999999999994, 11.599999999999994, 11.099999999999994, 10.599999999999994, 9.700000000000003, 9.200000000000003, 8.200000000000003, 7.299999999999997, 6.799999999999997, 6.299999999999997, 4.900000000000006, 4.400000000000006, 3.9000000000000057, 3.4000000000000057, 2.9000000000000057, 2.0, 1.5, 0.5, 0.0, -0.4000000000000057]}}