{"percentile": {"y": [99.4, 98.8, 98.2, 97.6, 96.9, 96.3, 95.7, 95.1, 93.8, 93.2, 92.0, 91.4, 90.7, 89.5, 88.9, 88.2, 87.6, 86.4, 85.8, 85.1, 84.5, 83.9, 82.0, 81.4, 80.8, 80.2, 79.6, 78.9, 77.7, 77.1, 74.6, 70.9, 70.2, 69.0, 65.9, 65.3, 64.0, 60.9, 59.7, 59.1, 56.6, 55.3, 54.1, 49.7, 47.9, 46.0, 44.1, 42.9, 40.4, 39.2, 38.6, 36.1, 35.5, 34.8, 33.599999999999994, 33.0, 32.3, 31.700000000000003, 31.099999999999994, 28.599999999999994, 28.0, 27.400000000000006, 26.099999999999994, 25.5, 24.900000000000006, 24.299999999999997, 23.700000000000003, 22.400000000000006, 21.200000000000003, 20.5, 18.700000000000003, 17.400000000000006, 16.799999999999997, 15.599999999999994, 13.700000000000003, 11.900000000000006, 10.0, 7.5, 6.900000000000006, 6.299999999999997, 5.599999999999994, 5.0, 4.400000000000006, 3.799999999999997, 3.200000000000003, 2.5, 1.9000000000000057, 1.2999999999999972, 0.7000000000000028, 0.0, -0.5999999999999943], "x": [383, 388, 407, 408, 416, 440, 450, 462, 464, 468, 469, 474, 497, 499, 501, 506, 512, 513, 514, 516, 517, 532, 537, 538, 543, 546, 550, 553, 554, 555, 556, 559, 560, 563, 564, 565, 568, 569, 570, 571, 572, 573, 574, 575, 576, 577, 578, 579, 580, 582, 583, 584, 585, 587, 588, 589, 590, 591, 593, 594, 595, 596, 597, 598, 599, 600, 601, 603, 604, 605, 607, 608, 609, 610, 611, 613, 614, 615, 616, 617, 619, 620, 621, 634, 637, 638, 641, 642, 645, 665, 684]}, "histogram": {"y": [2, 0, 2, 1, 0, 1, 1, 0, 6, 1, 0, 3, 2, 6, 0, 5, 3, 14, 16, 40, 12, 34, 5, 0, 6, 0, 2, 0], "x": [390, 400, 410, 420, 430, 440, 450, 460, 470, 480, 490, 500, 510, 520, 530, 540, 550, 559, 569, 584, 594, 615, 624, 633, 648, 663, 684, 705]}}