{"histogram": {"y": [1, 1, 0, 0, 3, 0, 0, 2, 2, 2, 4, 4, 3, 5, 7, 35, 46, 76, 244, 352, 1145, 520, 97, 1001, 85, 949, 29], "x": [400, 410, 420, 430, 440, 450, 460, 470, 480, 490, 500, 510, 520, 530, 540, 550, 559, 569, 584, 594, 615, 624, 633, 648, 663, 684, 705]}, "percentile": {"y": [100.0, 100.0, 99.9, 99.9, 99.9, 99.9, 99.9, 99.8, 99.8, 99.8, 99.7, 99.7, 99.7, 99.7, 99.6, 99.6, 99.6, 99.5, 99.5, 99.4, 99.4, 99.4, 99.4, 99.4, 99.3, 99.3, 99.2, 99.2, 99.1, 98.9, 98.9, 98.9, 98.8, 98.6, 98.5, 98.5, 98.3, 98.2, 98.1, 98.0, 97.8, 97.8, 97.6, 97.5, 97.4, 97.3, 97.2, 96.9, 96.7, 96.6, 96.5, 96.3, 95.9, 95.9, 95.6, 95.3, 95.1, 94.6, 94.3, 93.9, 93.5, 93.1, 92.7, 92.4, 92.0, 91.7, 91.2, 90.6, 90.1, 89.8, 89.2, 88.9, 87.8, 87.1, 86.5, 85.9, 85.0, 83.0, 82.4, 81.8, 80.9, 80.0, 79.0, 77.7, 76.8, 75.6, 74.6, 73.4, 72.1, 71.0, 69.6, 68.3, 67.2, 65.8, 64.5, 63.2, 62.4, 60.8, 58.2, 57.2, 55.8, 54.4, 53.2, 51.9, 50.6, 49.6, 48.3, 46.9, 46.5, 46.3, 46.1, 46.0, 45.8, 45.6, 45.3, 45.2, 44.8, 43.6, 42.2, 40.7, 39.2, 37.9, 36.5, 35.0, 33.5, 32.0, 30.099999999999994, 28.400000000000006, 27.0, 25.700000000000003, 24.599999999999994, 23.099999999999994, 23.0, 22.900000000000006, 22.700000000000003, 22.599999999999994, 22.400000000000006, 22.299999999999997, 22.299999999999997, 22.099999999999994, 22.0, 21.900000000000006, 21.799999999999997, 21.799999999999997, 21.599999999999994, 21.5, 21.200000000000003, 20.299999999999997, 19.400000000000006, 18.200000000000003, 17.200000000000003, 16.099999999999994, 14.900000000000006, 13.799999999999997, 13.0, 11.799999999999997, 10.900000000000006, 10.0, 9.200000000000003, 8.5, 7.5, 6.900000000000006, 6.0, 5.700000000000003, 5.0, 4.200000000000003, 3.4000000000000057, 0.7000000000000028, 0.5999999999999943, 0.5999999999999943, 0.5999999999999943, 0.5999999999999943, 0.5, 0.5, 0.0], "x": [394, 410, 439, 463, 464, 478, 480, 483, 485, 494, 499, 501, 503, 504, 509, 513, 520, 521, 530, 531, 532, 533, 534, 536, 538, 541, 542, 543, 544, 545, 547, 548, 549, 550, 551, 552, 553, 554, 555, 556, 557, 558, 559, 560, 561, 562, 563, 564, 565, 566, 567, 568, 569, 570, 571, 572, 573, 574, 575, 576, 577, 578, 579, 580, 581, 582, 583, 584, 585, 586, 587, 588, 589, 590, 591, 592, 593, 594, 595, 596, 597, 598, 599, 600, 601, 602, 603, 604, 605, 606, 607, 608, 609, 610, 611, 612, 613, 614, 615, 616, 617, 618, 619, 620, 621, 622, 623, 624, 625, 626, 627, 628, 629, 630, 631, 632, 633, 634, 635, 636, 637, 638, 639, 640, 641, 642, 643, 644, 645, 646, 647, 648, 649, 650, 651, 652, 653, 654, 655, 656, 657, 658, 659, 660, 661, 662, 663, 664, 665, 666, 667, 668, 669, 670, 671, 672, 673, 674, 675, 676, 677, 678, 679, 680, 681, 682, 683, 684, 689, 693, 696, 697, 700, 702, 704]}}