{"histogram": {"x": [340, 350, 360, 370, 380, 390, 400, 410, 420, 430, 440, 450, 460, 470, 480, 490, 500, 510, 520, 530, 540, 550, 559, 569, 584, 594, 615, 624, 633, 648, 663, 684, 705], "y": [1, 0, 1, 1, 4, 3, 2, 0, 1, 1, 5, 1, 3, 4, 5, 9, 0, 6, 3, 5, 9, 12, 29, 11, 48, 15, 54, 7, 2, 9, 1, 9, 0]}, "percentile": {"x": [338, 359, 367, 373, 374, 378, 384, 385, 386, 391, 392, 418, 425, 432, 434, 436, 439, 448, 456, 457, 460, 463, 465, 469, 470, 475, 476, 477, 478, 481, 482, 484, 485, 486, 488, 489, 501, 506, 508, 510, 513, 515, 521, 525, 530, 534, 535, 538, 540, 542, 543, 545, 546, 549, 550, 551, 552, 553, 554, 555, 556, 557, 558, 559, 562, 563, 564, 569, 570, 571, 572, 573, 574, 575, 576, 577, 578, 579, 580, 581, 582, 583, 584, 585, 586, 588, 589, 594, 596, 597, 598, 599, 600, 601, 602, 603, 604, 605, 606, 607, 608, 609, 611, 612, 614, 615, 617, 620, 621, 624, 628, 630, 634, 635, 636, 637, 639, 641, 643, 645, 656, 665, 676, 677, 678, 681, 684], "y": [99.7, 99.3, 98.9, 98.5, 98.1, 97.4, 97.0, 96.6, 96.2, 95.8, 95.4, 95.0, 94.7, 94.3, 93.9, 93.5, 92.7, 92.4, 92.0, 91.6, 91.2, 90.8, 90.4, 90.0, 89.7, 88.9, 88.5, 88.1, 87.7, 87.4, 87.0, 86.6, 85.8, 85.4, 85.0, 84.3, 83.5, 82.7, 82.4, 82.0, 81.2, 80.8, 80.4, 79.3, 78.9, 78.5, 77.4, 76.2, 75.4, 74.7, 74.3, 72.7, 72.0, 71.6, 70.8, 70.0, 69.3, 68.1, 66.2, 65.4, 63.5, 63.1, 62.7, 59.7, 59.3, 58.5, 58.1, 55.4, 55.0, 54.7, 54.3, 52.0, 51.2, 50.4, 48.9, 47.7, 47.0, 46.2, 43.9, 42.0, 40.8, 40.0, 37.0, 36.6, 36.2, 35.400000000000006, 34.3, 31.200000000000003, 30.799999999999997, 30.0, 28.5, 27.700000000000003, 27.0, 26.599999999999994, 25.0, 23.5, 22.700000000000003, 21.599999999999994, 20.400000000000006, 18.900000000000006, 18.099999999999994, 17.700000000000003, 17.0, 15.400000000000006, 14.700000000000003, 10.400000000000006, 10.0, 9.700000000000003, 8.5, 7.700000000000003, 7.400000000000006, 7.0, 6.599999999999994, 6.200000000000003, 5.799999999999997, 5.400000000000006, 4.700000000000003, 4.299999999999997, 3.9000000000000057, 3.5, 3.0999999999999943, 2.700000000000003, 2.4000000000000057, 1.5999999999999943, 0.4000000000000057, 0.0, -0.29999999999999716]}}