{"percentile": {"y": [99.1, 98.2, 97.3, 96.4, 95.5, 94.6, 93.7, 92.8, 91.9, 91.0, 90.0, 89.1, 88.2, 87.3, 85.5, 84.6, 83.7, 82.8, 81.9, 80.0, 79.1, 77.3, 76.4, 75.5, 73.7, 71.9, 71.0, 70.0, 69.1, 68.2, 67.3, 66.4, 65.5, 61.9, 60.0, 58.2, 57.3, 54.6, 53.7, 51.9, 48.2, 47.3, 45.5, 44.6, 43.7, 42.8, 41.9, 38.2, 35.5, 34.599999999999994, 33.7, 32.8, 31.900000000000006, 27.299999999999997, 26.400000000000006, 24.599999999999994, 23.700000000000003, 21.900000000000006, 21.0, 20.0, 17.299999999999997, 16.400000000000006, 15.5, 13.700000000000003, 12.799999999999997, 11.900000000000006, 11.0, 10.0, 8.200000000000003, 7.299999999999997, 6.400000000000006, 5.5, 4.599999999999994, 3.700000000000003, 2.799999999999997, -0.9000000000000057], "x": [368, 396, 407, 415, 422, 428, 433, 438, 449, 451, 454, 466, 467, 476, 488, 489, 491, 500, 503, 510, 513, 514, 517, 519, 520, 525, 530, 532, 534, 540, 545, 550, 551, 553, 554, 555, 558, 559, 561, 564, 569, 570, 571, 573, 576, 577, 581, 582, 584, 587, 588, 589, 591, 594, 596, 597, 599, 600, 602, 603, 604, 605, 606, 607, 608, 609, 610, 614, 615, 617, 632, 644, 663, 666, 683, 684]}, "histogram": {"y": [1, 0, 0, 1, 1, 1, 2, 2, 1, 2, 2, 1, 3, 2, 3, 7, 3, 3, 2, 13, 7, 14, 9, 21, 1, 1, 1, 1, 6, 0], "x": [370, 380, 390, 400, 410, 420, 430, 440, 450, 460, 470, 480, 490, 500, 510, 520, 530, 540, 550, 559, 569, 584, 594, 615, 624, 633, 648, 663, 684, 705]}}