{"percentile": {"y": [99.9, 99.7, 99.5, 99.4, 99.2, 98.9, 98.7, 98.5, 98.3, 98.2, 98.0, 97.8, 97.7, 97.5, 97.1, 97.0, 96.8, 96.6, 96.5, 96.3, 96.1, 96.0, 95.8, 95.6, 95.4, 95.3, 95.1, 94.8, 94.4, 94.1, 93.7, 93.6, 93.2, 93.1, 92.5, 92.4, 92.2, 92.0, 91.9, 91.5, 91.3, 91.2, 91.0, 90.8, 90.5, 90.3, 90.2, 90.0, 89.8, 89.6, 89.5, 89.1, 88.6, 88.3, 88.1, 87.9, 87.4, 87.3, 87.1, 86.9, 86.7, 86.6, 86.1, 85.7, 85.4, 85.0, 84.9, 84.5, 84.4, 84.2, 83.7, 83.5, 83.3, 83.2, 83.0, 82.8, 82.5, 82.1, 81.8, 81.6, 81.4, 81.1, 80.8, 80.6, 80.1, 79.9, 79.6, 79.2, 79.1, 78.9, 78.7, 78.4, 78.2, 77.4, 77.2, 77.0, 76.8, 76.5, 76.3, 76.2, 76.0, 75.1, 74.8, 74.6, 74.5, 74.3, 73.9, 72.1, 71.4, 71.2, 71.0, 70.7, 69.7, 69.3, 68.8, 67.5, 66.6, 65.1, 63.0, 61.1, 59.9, 57.9, 57.7, 57.0, 56.5, 55.2, 54.3, 54.0, 53.8, 53.5, 49.7, 48.9, 47.7, 47.0, 45.3, 42.7, 41.9, 41.2, 39.8, 38.1, 36.4, 34.5, 33.7, 32.599999999999994, 31.099999999999994, 28.5, 28.400000000000006, 28.200000000000003, 27.5, 27.200000000000003, 25.799999999999997, 25.5, 23.900000000000006, 23.099999999999994, 21.200000000000003, 20.400000000000006, 19.700000000000003, 19.0, 18.299999999999997, 17.599999999999994, 16.099999999999994, 15.700000000000003, 14.900000000000006, 13.200000000000003, 12.5, 11.0, 9.900000000000006, 8.900000000000006, 8.200000000000003, 7.700000000000003, 7.0, 6.5, 6.400000000000006, 6.0, 3.299999999999997, 3.0, 2.5999999999999943, 2.4000000000000057, 2.299999999999997, 2.0999999999999943, 1.9000000000000057, 1.7999999999999972, 1.5999999999999943, 1.2000000000000028, 1.0999999999999943, 0.9000000000000057, 0.7000000000000028, 0.5999999999999943, 0.20000000000000284, 0.0, -0.09999999999999432], "x": [335, 339, 342, 346, 358, 363, 366, 370, 373, 381, 386, 387, 388, 389, 390, 391, 392, 398, 399, 404, 410, 413, 416, 417, 421, 426, 430, 431, 432, 433, 435, 437, 439, 441, 442, 443, 444, 445, 447, 452, 453, 455, 459, 460, 461, 462, 463, 464, 466, 468, 469, 470, 471, 472, 473, 474, 475, 476, 477, 478, 479, 480, 481, 482, 483, 484, 485, 486, 487, 488, 489, 490, 492, 493, 497, 500, 502, 503, 504, 505, 506, 510, 512, 513, 515, 516, 519, 520, 521, 522, 523, 524, 525, 528, 529, 530, 531, 532, 533, 537, 538, 539, 540, 541, 542, 543, 544, 545, 546, 547, 548, 549, 550, 551, 552, 553, 554, 555, 556, 557, 558, 559, 560, 562, 563, 564, 565, 566, 567, 568, 569, 570, 571, 572, 573, 574, 575, 576, 577, 578, 579, 580, 581, 582, 583, 584, 585, 586, 587, 588, 589, 590, 591, 593, 594, 595, 596, 597, 598, 599, 600, 601, 602, 603, 604, 605, 606, 607, 608, 609, 610, 611, 613, 614, 615, 617, 618, 623, 628, 636, 639, 642, 643, 645, 651, 655, 664, 668, 675, 679, 684]}, "histogram": {"y": [2, 2, 1, 4, 1, 7, 4, 2, 3, 3, 11, 8, 6, 10, 15, 18, 4, 10, 11, 13, 13, 30, 69, 48, 124, 43, 105, 5, 1, 6, 2, 6, 0], "x": [340, 350, 360, 370, 380, 390, 400, 410, 420, 430, 440, 450, 460, 470, 480, 490, 500, 510, 520, 530, 540, 550, 559, 569, 584, 594, 615, 624, 633, 648, 663, 684, 705]}}