{"percentile": {"x": [309, 320, 323, 345, 362, 365, 370, 373, 375, 381, 382, 384, 385, 386, 392, 393, 396, 400, 401, 403, 407, 408, 413, 418, 419, 421, 423, 424, 429, 433, 435, 437, 438, 439, 440, 443, 446, 447, 449, 450, 451, 458, 459, 462, 463, 464, 465, 466, 468, 470, 475, 478, 480, 481, 482, 483, 484, 485, 487, 490, 492, 493, 494, 496, 499, 500, 503, 508, 510, 511, 512, 513, 515, 516, 519, 522, 523, 525, 526, 527, 528, 530, 531, 532, 534, 535, 539, 540, 541, 543, 544, 547, 550, 551, 553, 554, 555, 556, 557, 558, 559, 564, 565, 566, 567, 569, 570, 571, 572, 573, 574, 575, 576, 577, 578, 579, 580, 581, 582, 583, 584, 585, 586, 587, 589, 590, 594, 596, 597, 601, 604, 605, 606, 609, 610, 611, 615, 635, 642, 655], "y": [99.7, 99.3, 98.9, 98.6, 97.8, 97.5, 97.1, 96.7, 96.4, 96.0, 95.6, 95.3, 94.9, 94.5, 94.1, 93.4, 93.0, 92.7, 92.3, 91.6, 91.2, 90.8, 90.5, 90.1, 89.7, 89.3, 89.0, 88.2, 87.9, 87.5, 87.1, 86.4, 86.0, 85.7, 84.2, 83.8, 83.1, 82.7, 81.6, 81.2, 80.9, 80.5, 79.8, 79.4, 79.0, 78.6, 78.3, 77.9, 77.5, 76.8, 76.4, 75.7, 75.3, 75.0, 74.6, 74.2, 73.9, 72.7, 72.4, 71.3, 70.9, 70.2, 69.8, 69.1, 68.7, 67.2, 66.5, 66.1, 65.7, 65.4, 65.0, 63.9, 63.5, 63.1, 62.8, 61.7, 61.3, 60.9, 60.6, 60.2, 59.1, 56.9, 56.5, 55.8, 55.4, 55.0, 54.7, 53.9, 53.6, 53.2, 52.8, 52.4, 49.5, 48.4, 46.2, 45.8, 43.6, 41.0, 38.8, 38.1, 34.400000000000006, 33.3, 32.900000000000006, 32.5, 32.2, 28.5, 27.400000000000006, 26.200000000000003, 24.799999999999997, 24.0, 22.599999999999994, 20.299999999999997, 18.900000000000006, 16.700000000000003, 15.200000000000003, 14.400000000000006, 13.299999999999997, 13.0, 12.200000000000003, 11.900000000000006, 10.799999999999997, 10.400000000000006, 9.599999999999994, 9.299999999999997, 7.799999999999997, 7.400000000000006, 7.099999999999994, 6.700000000000003, 6.299999999999997, 6.0, 4.5, 3.4000000000000057, 2.5999999999999943, 1.9000000000000057, 1.5, 1.2000000000000028, 0.7999999999999972, 0.4000000000000057, 0.0, -0.29999999999999716]}, "histogram": {"x": [310, 320, 330, 340, 350, 360, 370, 380, 390, 400, 410, 420, 430, 440, 450, 460, 470, 480, 490, 500, 510, 520, 530, 540, 550, 559, 569, 584, 594, 615, 624, 633, 648, 663, 684, 705], "y": [1, 1, 1, 0, 1, 0, 4, 2, 5, 5, 5, 3, 5, 10, 8, 4, 8, 4, 11, 11, 4, 8, 16, 8, 12, 41, 16, 48, 10, 17, 0, 0, 2, 1, 0, 0]}}