{"histogram": {"y": [2, 0, 4, 2, 1, 5, 4, 8, 11, 9, 16, 10, 21, 26, 24, 21, 25, 35, 27, 33, 33, 47, 94, 66, 213, 72, 187, 8, 3, 9, 1, 12, 1], "x": [340, 350, 360, 370, 380, 390, 400, 410, 420, 430, 440, 450, 460, 470, 480, 490, 500, 510, 520, 530, 540, 550, 559, 569, 584, 594, 615, 624, 633, 648, 663, 684, 705]}, "percentile": {"y": [100.0, 99.9, 99.8, 99.6, 99.5, 99.4, 99.3, 99.2, 98.9, 98.7, 98.6, 98.5, 98.3, 98.1, 97.8, 97.5, 97.4, 97.3, 97.2, 97.0, 96.9, 96.6, 96.5, 96.3, 96.2, 96.0, 95.6, 95.4, 95.2, 95.0, 94.8, 94.6, 94.5, 94.4, 94.0, 93.8, 93.5, 93.4, 93.2, 93.1, 92.5, 92.0, 91.9, 91.8, 91.5, 91.3, 91.1, 91.0, 90.8, 90.7, 90.6, 90.4, 90.2, 89.8, 89.5, 89.4, 89.0, 88.5, 88.4, 88.2, 88.1, 87.7, 87.6, 87.3, 86.9, 86.7, 86.4, 86.2, 86.0, 85.9, 85.8, 85.2, 84.9, 84.6, 84.5, 84.3, 84.1, 83.8, 83.6, 83.3, 82.9, 82.8, 82.7, 82.4, 82.2, 82.0, 81.7, 81.4, 80.9, 80.8, 80.5, 80.0, 79.7, 79.4, 79.2, 78.5, 78.3, 78.0, 77.6, 77.0, 76.9, 76.6, 76.2, 76.1, 75.9, 75.7, 75.2, 74.8, 74.7, 74.3, 73.9, 73.2, 72.6, 72.5, 72.0, 71.7, 71.4, 71.2, 70.8, 70.6, 70.4, 69.8, 69.6, 69.2, 69.1, 68.9, 68.7, 68.3, 67.4, 67.1, 66.5, 66.2, 65.9, 64.7, 64.3, 63.7, 62.9, 62.0, 61.4, 60.8, 59.3, 58.2, 55.5, 55.4, 55.2, 54.9, 54.5, 53.4, 52.8, 52.7, 52.3, 52.0, 49.1, 48.5, 47.9, 46.2, 45.2, 43.4, 41.8, 41.2, 39.5, 38.0, 36.0, 34.5, 33.3, 31.700000000000003, 30.299999999999997, 28.400000000000006, 27.900000000000006, 27.400000000000006, 26.599999999999994, 26.299999999999997, 25.0, 24.799999999999997, 24.099999999999994, 23.900000000000006, 23.799999999999997, 21.400000000000006, 21.0, 20.599999999999994, 19.900000000000006, 18.799999999999997, 18.0, 16.099999999999994, 15.099999999999994, 14.299999999999997, 13.700000000000003, 13.099999999999994, 12.5, 12.099999999999994, 11.0, 10.200000000000003, 9.200000000000003, 8.400000000000006, 8.200000000000003, 7.099999999999994, 6.5, 6.200000000000003, 3.299999999999997, 3.200000000000003, 3.0999999999999943, 2.9000000000000057, 2.799999999999997, 2.700000000000003, 2.5999999999999943, 2.5, 2.4000000000000057, 2.200000000000003, 2.0999999999999943, 1.7000000000000028, 1.5999999999999943, 1.5, 1.4000000000000057, 1.2999999999999972, 1.2000000000000028, 1.0999999999999943, 1.0, 0.9000000000000057, 0.7999999999999972, 0.7000000000000028, 0.0, 0.0], "x": [337, 340, 351, 352, 354, 363, 369, 371, 386, 388, 392, 397, 400, 402, 408, 409, 412, 413, 416, 417, 418, 419, 420, 421, 423, 429, 430, 431, 432, 433, 434, 435, 437, 438, 439, 441, 443, 445, 446, 450, 451, 452, 453, 455, 456, 458, 459, 460, 461, 462, 463, 464, 465, 466, 467, 468, 469, 470, 471, 472, 473, 474, 475, 476, 477, 478, 479, 480, 481, 483, 484, 485, 486, 487, 488, 489, 490, 491, 492, 493, 494, 495, 496, 497, 498, 499, 500, 501, 502, 503, 504, 505, 506, 507, 508, 509, 510, 512, 513, 514, 515, 516, 517, 518, 519, 520, 521, 524, 525, 526, 527, 528, 529, 530, 531, 532, 533, 534, 535, 536, 537, 538, 539, 540, 541, 542, 543, 544, 545, 546, 547, 548, 549, 550, 551, 552, 553, 554, 555, 556, 557, 558, 559, 560, 561, 562, 563, 564, 565, 566, 567, 568, 569, 570, 571, 572, 573, 574, 575, 576, 577, 578, 579, 580, 581, 582, 583, 584, 585, 586, 587, 588, 589, 590, 591, 592, 593, 594, 595, 596, 597, 598, 599, 600, 601, 602, 603, 604, 605, 606, 607, 608, 609, 610, 611, 612, 613, 614, 615, 616, 617, 619, 620, 621, 622, 624, 627, 633, 635, 640, 643, 645, 647, 648, 660, 670, 673, 674, 680, 681, 684, 702]}}