{"percentile": {"y": [99.0, 98.0, 96.0, 95.0, 94.0, 93.0, 76.8, 75.8, 74.8, 73.8, 72.8, 69.7, 67.7, 65.7, 64.7, 60.7, 57.6, 55.6, 54.6, 52.6, 47.5, 45.5, 42.5, 41.5, 38.4, 35.400000000000006, 32.400000000000006, 31.400000000000006, 30.400000000000006, 29.299999999999997, 28.299999999999997, 26.299999999999997, 24.299999999999997, 21.299999999999997, 20.299999999999997, 19.200000000000003, 16.200000000000003, 15.200000000000003, 13.200000000000003, 10.200000000000003, 9.099999999999994, 8.099999999999994, 6.099999999999994, 5.099999999999994, 4.099999999999994, 3.0999999999999943, 0.0, -1.0], "x": [585, 587, 590, 591, 592, 593, 594, 595, 596, 598, 602, 603, 604, 605, 607, 610, 611, 612, 613, 614, 615, 616, 618, 619, 620, 621, 622, 623, 624, 625, 626, 629, 631, 634, 635, 636, 637, 638, 639, 642, 645, 647, 648, 657, 667, 668, 684, 699]}, "histogram": {"y": [23, 29, 17, 6, 18, 1, 5, 1], "x": [594, 615, 624, 633, 648, 663, 684, 705]}}