{"histogram": {"x": [340, 350, 360, 370, 380, 390, 400, 410, 420, 430, 440, 450, 460, 470, 480, 490, 500, 510, 520, 530, 540, 550, 559, 569, 584, 594, 615, 624, 633, 648, 663, 684, 705], "y": [1, 0, 1, 1, 1, 2, 0, 5, 3, 2, 6, 2, 2, 7, 6, 6, 8, 7, 9, 5, 21, 19, 45, 32, 105, 31, 74, 3, 1, 8, 1, 3, 1]}, "percentile": {"x": [336, 359, 370, 375, 383, 403, 404, 405, 406, 415, 416, 420, 424, 425, 433, 435, 436, 438, 448, 450, 452, 457, 461, 462, 463, 464, 466, 467, 468, 473, 474, 475, 477, 480, 481, 482, 484, 487, 490, 491, 494, 495, 497, 498, 500, 501, 505, 506, 507, 510, 511, 512, 513, 514, 518, 519, 522, 525, 529, 530, 532, 533, 534, 535, 536, 537, 538, 539, 540, 541, 545, 547, 548, 549, 550, 552, 553, 554, 555, 556, 557, 558, 559, 560, 561, 562, 563, 564, 565, 567, 568, 569, 570, 571, 572, 573, 574, 575, 576, 577, 578, 579, 580, 581, 582, 583, 584, 585, 586, 587, 588, 589, 590, 591, 592, 593, 594, 596, 597, 598, 599, 600, 601, 602, 603, 605, 606, 607, 608, 609, 610, 611, 612, 613, 614, 615, 617, 624, 625, 634, 638, 639, 643, 644, 663, 677, 684, 700], "y": [99.8, 99.6, 99.3, 99.1, 98.6, 98.1, 97.9, 97.7, 97.4, 97.2, 96.9, 96.7, 96.5, 96.2, 96.0, 95.7, 95.5, 94.8, 94.5, 94.3, 94.1, 93.8, 93.6, 93.3, 93.1, 92.9, 92.6, 92.4, 92.1, 91.9, 91.7, 91.4, 91.2, 90.7, 90.5, 90.2, 90.0, 89.5, 89.3, 89.0, 88.8, 88.3, 88.1, 87.8, 87.3, 87.1, 86.9, 86.6, 86.4, 85.7, 85.2, 84.9, 84.2, 84.0, 83.7, 83.5, 83.3, 83.0, 82.8, 82.3, 82.1, 81.8, 81.3, 80.6, 79.9, 79.4, 78.7, 78.2, 77.3, 77.0, 75.8, 75.6, 75.3, 74.9, 72.7, 72.5, 71.5, 69.6, 68.6, 67.2, 65.8, 65.5, 61.9, 61.0, 60.7, 60.2, 59.5, 57.8, 57.1, 56.9, 56.6, 54.2, 53.3, 51.4, 50.2, 49.7, 48.0, 46.8, 45.6, 43.2, 41.1, 38.9, 36.7, 34.8, 32.7, 31.700000000000003, 29.099999999999994, 28.799999999999997, 28.599999999999994, 28.099999999999994, 27.400000000000006, 25.700000000000003, 25.5, 25.0, 24.5, 24.299999999999997, 21.599999999999994, 20.900000000000006, 20.700000000000003, 20.400000000000006, 19.700000000000003, 17.799999999999997, 16.799999999999997, 15.900000000000006, 14.900000000000006, 14.700000000000003, 13.700000000000003, 13.0, 12.299999999999997, 11.599999999999994, 10.400000000000006, 9.599999999999994, 9.200000000000003, 8.700000000000003, 8.0, 3.9000000000000057, 3.4000000000000057, 3.200000000000003, 2.9000000000000057, 2.700000000000003, 2.4000000000000057, 2.200000000000003, 1.7000000000000028, 1.0, 0.7999999999999972, 0.5, 0.0, -0.20000000000000284]}}