{"percentile": {"y": [98.8, 97.5, 94.9, 92.3, 91.0, 89.7, 87.1, 81.9, 67.6, 66.3, 65.0, 63.7, 57.2, 53.3, 50.7, 46.8, 41.6, 36.4, 35.099999999999994, 33.8, 32.5, 29.900000000000006, 26.0, 23.400000000000006, 22.099999999999994, 19.5, 18.200000000000003, 15.599999999999994, 14.299999999999997, 13.0, 11.700000000000003, 10.400000000000006, 9.099999999999994, 7.799999999999997, 6.5, 5.200000000000003, 2.5999999999999943, 1.2999999999999972, 0.0, -1.2000000000000028], "x": [567, 583, 586, 588, 589, 590, 591, 593, 594, 595, 598, 601, 604, 605, 606, 608, 609, 610, 611, 613, 614, 615, 616, 617, 618, 619, 620, 622, 623, 624, 626, 630, 635, 636, 637, 639, 640, 642, 644, 663]}, "histogram": {"y": [1, 1, 23, 29, 13, 2, 8, 1, 0, 0], "x": [569, 584, 594, 615, 624, 633, 648, 663, 684, 705]}}