{"histogram": {"x": [430, 440, 450, 460, 470, 480, 490, 500, 510, 520, 530, 540, 550, 559, 569, 584, 594, 615, 624, 633, 648, 663, 684, 705], "y": [1, 2, 0, 1, 1, 2, 2, 2, 5, 5, 8, 16, 22, 61, 105, 266, 485, 1254, 546, 111, 940, 88, 1051, 18]}, "percentile": {"x": [427, 431, 438, 452, 468, 477, 480, 488, 489, 495, 498, 502, 505, 506, 512, 514, 517, 519, 523, 524, 525, 526, 527, 529, 530, 532, 534, 537, 539, 540, 541, 542, 543, 544, 545, 546, 547, 548, 549, 550, 551, 552, 553, 554, 555, 556, 557, 558, 559, 560, 561, 562, 563, 564, 565, 566, 567, 568, 569, 570, 571, 572, 573, 574, 575, 576, 577, 578, 579, 580, 581, 582, 583, 584, 585, 586, 587, 588, 589, 590, 591, 592, 593, 594, 595, 596, 597, 598, 599, 600, 601, 602, 603, 604, 605, 606, 607, 608, 609, 610, 611, 612, 613, 614, 615, 616, 617, 618, 619, 620, 621, 622, 623, 624, 625, 626, 627, 628, 629, 630, 631, 632, 633, 634, 635, 636, 637, 638, 639, 640, 641, 642, 643, 644, 645, 646, 647, 648, 649, 650, 651, 652, 653, 654, 655, 656, 657, 658, 659, 660, 661, 662, 663, 664, 665, 666, 667, 668, 669, 670, 671, 672, 673, 674, 675, 676, 677, 678, 679, 680, 681, 682, 683, 684, 685, 686, 687, 692, 698, 699, 702, 703, 704], "y": [100.0, 100.0, 100.0, 100.0, 99.9, 99.9, 99.9, 99.9, 99.9, 99.8, 99.8, 99.8, 99.8, 99.7, 99.7, 99.7, 99.7, 99.6, 99.6, 99.6, 99.5, 99.5, 99.5, 99.5, 99.5, 99.4, 99.4, 99.3, 99.3, 99.1, 99.1, 99.1, 99.0, 99.0, 98.9, 98.9, 98.9, 98.8, 98.8, 98.7, 98.7, 98.6, 98.4, 98.2, 98.1, 97.9, 97.9, 97.7, 97.5, 97.4, 97.3, 97.2, 97.1, 96.7, 96.6, 96.5, 96.3, 96.0, 95.4, 95.1, 94.9, 94.6, 94.2, 93.9, 93.5, 93.1, 92.8, 92.5, 92.0, 91.7, 91.3, 91.0, 90.7, 90.1, 89.6, 89.0, 88.5, 87.9, 86.6, 86.1, 85.4, 84.4, 83.2, 80.3, 79.9, 79.2, 78.4, 77.2, 76.3, 74.9, 73.8, 73.0, 71.6, 70.2, 68.8, 67.8, 66.7, 65.5, 64.2, 62.7, 61.5, 60.1, 58.5, 57.1, 55.2, 53.8, 52.6, 51.7, 50.4, 49.1, 47.9, 46.7, 45.7, 44.3, 44.1, 43.8, 43.5, 43.3, 43.2, 42.9, 42.7, 42.6, 42.0, 40.9, 39.6, 38.3, 37.0, 35.7, 34.400000000000006, 32.900000000000006, 31.5, 30.299999999999997, 28.700000000000003, 27.299999999999997, 26.0, 24.799999999999997, 24.099999999999994, 23.200000000000003, 23.099999999999994, 23.099999999999994, 22.900000000000006, 22.700000000000003, 22.599999999999994, 22.5, 22.299999999999997, 22.200000000000003, 22.0, 21.900000000000006, 21.799999999999997, 21.700000000000003, 21.700000000000003, 21.599999999999994, 21.400000000000006, 20.5, 19.700000000000003, 18.599999999999994, 17.599999999999994, 16.599999999999994, 15.299999999999997, 14.400000000000006, 13.200000000000003, 12.299999999999997, 11.599999999999994, 10.799999999999997, 10.200000000000003, 9.299999999999997, 8.700000000000003, 8.099999999999994, 7.299999999999997, 6.599999999999994, 6.099999999999994, 5.400000000000006, 4.5, 0.4000000000000057, 0.4000000000000057, 0.4000000000000057, 0.29999999999999716, 0.29999999999999716, 0.29999999999999716, 0.29999999999999716, 0.29999999999999716, 0.20000000000000284, 0.0]}}