{"percentile": {"x": [579, 590, 592, 593, 594, 595, 602, 603, 605, 606, 607, 608, 609, 610, 611, 612, 613, 614, 615, 616, 617, 618, 619, 621, 623, 624, 628, 632, 634, 635, 636, 637, 638, 639, 640, 641, 642, 643, 644, 645, 646, 647, 648, 651, 652, 653, 654, 655, 656, 658, 661, 665, 666, 667, 668, 669, 671, 672, 673, 674, 675, 676, 677, 678, 679, 680, 681, 682, 683, 684, 691, 704], "y": [99.7, 99.4, 99.1, 98.8, 98.2, 97.9, 97.6, 97.0, 96.4, 96.1, 94.9, 94.3, 94.0, 93.7, 93.4, 93.1, 92.8, 91.9, 88.6, 87.4, 86.2, 84.6, 83.4, 83.1, 81.9, 81.0, 80.4, 80.1, 78.9, 77.1, 75.0, 74.7, 72.3, 69.8, 67.7, 66.5, 65.3, 64.1, 62.0, 58.7, 56.8, 54.7, 53.5, 53.2, 52.3, 51.4, 51.1, 50.8, 50.5, 49.9, 49.6, 49.0, 47.8, 46.6, 44.5, 43.3, 41.1, 39.3, 37.2, 36.3, 34.5, 33.599999999999994, 32.099999999999994, 30.900000000000006, 29.400000000000006, 28.799999999999997, 27.200000000000003, 23.299999999999997, 21.799999999999997, 0.7000000000000028, 0.4000000000000057, -0.29999999999999716]}, "histogram": {"x": [584, 594, 615, 624, 633, 648, 663, 684, 705], "y": [1, 5, 32, 25, 3, 88, 13, 162, 3]}}