{"histogram": {"x": [530, 540, 550, 559, 569, 584, 594, 615, 624, 633, 648, 663, 684, 705], "y": [1, 2, 1, 2, 12, 27, 54, 211, 141, 27, 311, 38, 386, 9]}, "percentile": {"x": [523, 540, 543, 555, 556, 560, 564, 565, 567, 568, 569, 570, 571, 572, 574, 576, 577, 578, 579, 580, 581, 582, 583, 585, 586, 587, 588, 589, 590, 591, 592, 593, 594, 595, 596, 597, 598, 599, 600, 601, 602, 603, 604, 605, 606, 607, 608, 609, 610, 611, 612, 613, 614, 615, 616, 617, 618, 619, 620, 621, 622, 623, 624, 625, 626, 627, 628, 629, 631, 632, 633, 634, 635, 636, 637, 638, 639, 640, 641, 642, 643, 644, 645, 646, 647, 648, 649, 650, 651, 652, 653, 654, 655, 656, 657, 658, 659, 660, 661, 663, 664, 665, 666, 667, 668, 669, 670, 671, 672, 673, 674, 675, 676, 677, 678, 679, 680, 681, 682, 683, 684, 687, 701, 702, 703, 704], "y": [100.0, 99.8, 99.7, 99.6, 99.6, 99.4, 99.3, 99.2, 99.1, 99.0, 98.6, 98.5, 98.3, 98.2, 98.2, 98.0, 97.8, 97.5, 97.4, 97.1, 96.9, 96.6, 96.4, 96.3, 96.0, 95.7, 95.6, 94.7, 94.5, 94.2, 94.0, 93.1, 91.9, 91.9, 91.5, 91.5, 90.8, 90.1, 89.6, 88.7, 88.1, 87.3, 86.3, 85.4, 84.2, 83.3, 82.4, 81.0, 80.4, 79.7, 78.7, 78.0, 77.2, 74.7, 73.3, 72.1, 70.8, 69.3, 68.2, 67.2, 66.0, 64.5, 63.1, 62.9, 62.7, 62.4, 62.2, 61.9, 61.6, 61.5, 60.9, 59.6, 57.6, 55.9, 54.0, 52.4, 51.2, 49.4, 47.1, 44.8, 43.2, 41.2, 39.8, 38.1, 36.4, 35.400000000000006, 35.3, 35.0, 34.8, 34.400000000000006, 34.3, 34.2, 33.599999999999994, 33.3, 33.099999999999994, 33.0, 32.8, 32.7, 32.599999999999994, 32.3, 31.200000000000003, 30.200000000000003, 28.099999999999994, 26.799999999999997, 25.200000000000003, 23.5, 22.200000000000003, 20.700000000000003, 19.599999999999994, 18.200000000000003, 16.0, 14.599999999999994, 13.400000000000006, 12.299999999999997, 11.5, 10.700000000000003, 9.599999999999994, 8.5, 7.799999999999997, 6.200000000000003, 0.7000000000000028, 0.5999999999999943, 0.5, 0.5, 0.29999999999999716, 0.0]}}