{"histogram": {"x": [270, 300, 310, 320, 330, 340, 350, 360, 370, 380, 390, 400, 410, 420, 430, 440, 450, 460, 470, 480, 490, 500, 510, 520, 530, 540, 550, 559, 569, 584, 594, 615, 624, 633, 648, 663, 684, 705], "y": [1, 2, 0, 0, 0, 0, 1, 3, 4, 4, 7, 5, 3, 5, 2, 6, 9, 11, 8, 12, 10, 15, 20, 14, 21, 18, 20, 48, 29, 79, 12, 33, 1, 1, 2, 0, 0, 0]}, "percentile": {"x": [262, 291, 294, 350, 356, 357, 358, 364, 367, 369, 370, 375, 378, 384, 386, 387, 389, 390, 391, 394, 405, 408, 415, 417, 418, 421, 423, 431, 433, 435, 437, 438, 442, 443, 444, 445, 447, 449, 451, 452, 453, 455, 457, 458, 459, 460, 463, 467, 469, 470, 472, 473, 474, 475, 476, 477, 480, 482, 484, 487, 489, 490, 491, 492, 493, 494, 496, 497, 498, 499, 500, 501, 502, 503, 504, 505, 506, 507, 508, 511, 512, 513, 514, 517, 518, 519, 520, 521, 522, 523, 524, 525, 527, 528, 530, 531, 532, 534, 535, 537, 538, 539, 540, 542, 543, 545, 547, 548, 549, 550, 552, 553, 554, 555, 556, 557, 558, 559, 563, 564, 566, 567, 569, 570, 571, 572, 573, 574, 575, 576, 577, 578, 579, 580, 581, 582, 583, 584, 586, 587, 589, 591, 594, 595, 596, 597, 598, 599, 602, 603, 604, 605, 606, 607, 608, 610, 615, 624, 626, 634, 644], "y": [99.8, 99.6, 99.3, 99.1, 98.8, 98.6, 98.3, 98.1, 97.8, 97.6, 97.3, 97.1, 96.3, 95.9, 95.6, 95.4, 95.1, 94.6, 93.6, 93.4, 92.9, 92.6, 92.4, 91.9, 91.4, 91.2, 90.9, 90.4, 90.2, 89.9, 89.7, 89.4, 89.2, 88.9, 88.7, 88.2, 88.0, 87.2, 87.0, 86.7, 86.5, 86.2, 86.0, 85.0, 84.7, 84.5, 84.2, 83.8, 83.3, 82.5, 82.0, 81.8, 81.5, 81.3, 81.0, 80.5, 79.6, 79.3, 78.8, 78.1, 77.3, 77.1, 76.8, 76.3, 76.1, 75.6, 75.4, 74.6, 74.4, 74.1, 73.4, 73.1, 72.6, 71.4, 70.9, 70.4, 69.4, 68.9, 68.4, 68.0, 67.7, 67.5, 67.0, 66.2, 65.7, 65.5, 65.0, 64.0, 62.8, 62.5, 62.0, 61.8, 60.8, 60.5, 59.8, 59.6, 58.8, 58.6, 58.3, 57.8, 56.8, 56.1, 55.4, 55.1, 54.6, 53.9, 53.4, 53.1, 52.6, 50.4, 48.7, 46.7, 45.7, 44.7, 43.3, 42.0, 40.3, 38.6, 37.8, 36.3, 35.900000000000006, 35.599999999999994, 31.400000000000006, 31.200000000000003, 29.700000000000003, 28.200000000000003, 26.700000000000003, 25.5, 24.700000000000003, 23.299999999999997, 20.799999999999997, 18.599999999999994, 17.099999999999994, 16.299999999999997, 15.599999999999994, 14.900000000000006, 14.400000000000006, 11.900000000000006, 11.700000000000003, 11.400000000000006, 9.900000000000006, 9.700000000000003, 8.900000000000006, 8.700000000000003, 8.400000000000006, 8.0, 6.5, 6.0, 4.700000000000003, 4.200000000000003, 3.799999999999997, 3.0, 2.799999999999997, 2.0, 1.7999999999999972, 1.2999999999999972, 0.7999999999999972, 0.5, 0.29999999999999716, 0.0, -0.20000000000000284]}}