{"histogram": {"y": [2, 24, 77, 57, 11, 131, 16, 222, 2], "x": [584, 594, 615, 624, 633, 648, 663, 684, 705]}, "percentile": {"y": [99.9, 99.7, 99.5, 99.1, 98.4, 98.0, 97.6, 97.5, 97.3, 96.4, 95.2, 95.1, 94.9, 94.1, 93.0, 92.3, 91.9, 91.5, 91.0, 90.4, 89.3, 89.0, 88.6, 87.5, 86.9, 86.6, 86.4, 84.3, 83.8, 82.9, 81.0, 80.3, 79.5, 78.4, 77.9, 76.6, 75.1, 73.4, 71.8, 70.5, 70.3, 69.7, 69.4, 69.2, 68.4, 67.3, 66.2, 64.2, 62.3, 60.9, 58.8, 57.5, 54.6, 52.5, 50.7, 49.0, 47.7, 46.6, 45.3, 44.2, 43.9, 43.7, 43.3, 42.9, 42.7, 42.2, 41.8, 41.6, 41.5, 41.3, 39.6, 38.5, 37.0, 34.400000000000006, 33.099999999999994, 30.400000000000006, 28.5, 27.0, 25.0, 24.299999999999997, 22.599999999999994, 22.0, 20.799999999999997, 18.900000000000006, 18.200000000000003, 17.400000000000006, 16.099999999999994, 15.0, 13.400000000000006, 12.099999999999994, 0.20000000000000284, 0.0, -0.09999999999999432], "x": [575, 580, 585, 586, 588, 589, 590, 591, 592, 593, 594, 595, 596, 597, 599, 600, 601, 602, 603, 604, 605, 606, 607, 608, 609, 610, 611, 612, 613, 614, 615, 616, 617, 618, 619, 620, 621, 622, 623, 624, 625, 628, 629, 631, 633, 634, 635, 636, 637, 638, 639, 640, 641, 642, 643, 644, 645, 646, 647, 648, 650, 651, 652, 653, 654, 657, 658, 660, 661, 662, 664, 665, 666, 667, 668, 669, 670, 671, 672, 673, 674, 675, 676, 677, 678, 679, 680, 681, 682, 683, 684, 689, 704]}}