{"percentile": {"y": [99.2, 98.4, 96.7, 95.0, 90.8, 77.4, 75.7, 73.2, 70.6, 68.1, 67.3, 64.8, 62.2, 60.6, 59.7, 58.9, 57.2, 53.8, 51.3, 47.1, 44.6, 41.2, 39.5, 35.3, 33.7, 32.0, 29.5, 28.599999999999994, 25.299999999999997, 22.700000000000003, 20.200000000000003, 19.400000000000006, 18.5, 16.900000000000006, 16.0, 13.5, 12.700000000000003, 11.799999999999997, 11.0, 9.299999999999997, 7.599999999999994, 5.900000000000006, 5.099999999999994, 4.299999999999997, 3.4000000000000057, 2.5999999999999943, 1.7000000000000028, 0.9000000000000057, 0.0, -0.7999999999999972], "x": [544, 588, 591, 592, 593, 594, 595, 596, 597, 599, 600, 601, 602, 603, 604, 605, 606, 608, 609, 610, 612, 613, 614, 615, 616, 617, 619, 620, 621, 622, 624, 626, 628, 629, 631, 633, 634, 635, 636, 637, 639, 640, 642, 643, 644, 647, 655, 674, 678, 684]}, "histogram": {"y": [1, 0, 0, 0, 26, 50, 18, 8, 13, 1, 3, 0], "x": [550, 559, 569, 584, 594, 615, 624, 633, 648, 663, 684, 705]}}