{"histogram": {"y": [1, 1, 1, 0, 1, 0], "x": [624, 633, 648, 663, 684, 705]}, "percentile": {"y": [66.7, 33.400000000000006, 0.0, -33.30000000000001], "x": [624, 627, 635, 680]}}