{"histogram": {"y": [1, 0, 0, 16, 28, 17, 4, 42, 9, 264, 5], "x": [559, 569, 584, 594, 615, 624, 633, 648, 663, 684, 705]}, "percentile": {"y": [99.8, 99.3, 98.2, 98.0, 97.7, 97.2, 95.6, 95.4, 95.1, 94.3, 93.6, 93.3, 92.8, 92.3, 91.5, 91.2, 91.0, 90.7, 90.4, 90.2, 89.1, 88.9, 88.4, 87.8, 87.6, 87.1, 86.5, 86.0, 85.8, 84.7, 83.9, 83.7, 83.4, 83.2, 82.9, 81.9, 81.3, 81.1, 79.8, 79.3, 78.8, 78.2, 77.2, 76.9, 76.2, 74.6, 74.1, 73.6, 72.3, 72.0, 71.7, 71.2, 71.0, 70.7, 70.2, 69.9, 69.7, 68.4, 68.1, 67.3, 66.3, 65.0, 63.7, 62.6, 61.3, 59.5, 58.0, 56.9, 55.1, 53.6, 52.3, 49.4, 47.3, 45.2, 44.5, 42.6, 41.1, 1.0999999999999943, 0.7999999999999972, 0.5999999999999943, 0.29999999999999716, 0.0, -0.20000000000000284], "x": [555, 587, 588, 590, 591, 593, 594, 596, 597, 598, 600, 602, 603, 605, 606, 608, 609, 610, 611, 612, 613, 614, 615, 616, 617, 618, 620, 621, 622, 623, 624, 625, 626, 627, 628, 634, 635, 636, 637, 638, 639, 640, 641, 642, 643, 644, 645, 646, 647, 648, 649, 653, 654, 655, 656, 658, 660, 664, 665, 666, 667, 668, 669, 670, 671, 672, 673, 674, 675, 676, 677, 678, 679, 680, 681, 682, 683, 684, 688, 697, 700, 701, 704]}}