{"percentile": {"y": [100.0, 99.8, 99.7, 99.6, 99.5, 99.4, 99.3, 99.2, 99.1, 99.0, 98.9, 98.7, 98.6, 98.5, 98.4, 98.3, 98.2, 98.1, 98.0, 97.9, 97.7, 97.6, 97.5, 97.4, 97.3, 97.2, 97.1, 97.1, 97.0, 96.9, 96.8, 96.7, 96.5, 96.4, 96.2, 96.1, 95.8, 95.7, 95.6, 95.6, 95.5, 95.4, 95.3, 95.2, 95.1, 95.0, 94.8, 94.5, 94.4, 94.2, 94.1, 93.9, 93.6, 93.5, 93.3, 93.2, 93.1, 93.0, 92.7, 92.7, 92.6, 92.5, 92.3, 92.2, 92.1, 91.9, 91.8, 91.5, 91.3, 91.2, 91.2, 91.1, 90.6, 90.4, 90.2, 89.8, 89.7, 89.5, 89.2, 88.9, 88.8, 88.4, 88.3, 88.3, 88.2, 87.8, 87.5, 87.4, 87.3, 87.2, 86.9, 86.8, 86.5, 86.4, 86.0, 85.7, 85.6, 85.5, 85.1, 84.9, 84.7, 84.5, 84.2, 84.0, 83.8, 83.7, 83.4, 83.1, 83.0, 82.7, 82.5, 82.3, 82.1, 81.8, 81.7, 81.2, 81.1, 80.8, 80.2, 79.7, 79.3, 78.7, 78.5, 78.0, 77.8, 77.4, 77.1, 76.7, 76.4, 76.2, 75.8, 75.6, 75.4, 74.8, 74.7, 74.3, 73.7, 73.6, 72.9, 72.7, 72.5, 72.2, 72.1, 71.3, 71.0, 70.8, 68.7, 68.5, 68.0, 66.9, 65.1, 64.2, 63.0, 61.7, 60.6, 58.3, 58.1, 57.7, 57.4, 57.2, 55.9, 55.6, 55.1, 54.9, 54.7, 52.3, 51.5, 50.2, 48.9, 47.4, 45.6, 44.3, 42.8, 41.4, 39.8, 38.6, 37.1, 35.8, 34.5, 33.400000000000006, 30.599999999999994, 30.299999999999997, 30.200000000000003, 30.0, 29.900000000000006, 29.299999999999997, 29.099999999999994, 28.5, 28.400000000000006, 28.099999999999994, 26.099999999999994, 25.599999999999994, 25.099999999999994, 24.599999999999994, 23.599999999999994, 22.599999999999994, 21.900000000000006, 21.0, 19.599999999999994, 18.900000000000006, 18.0, 16.700000000000003, 16.099999999999994, 15.599999999999994, 15.0, 14.200000000000003, 13.200000000000003, 12.799999999999997, 12.5, 12.099999999999994, 11.599999999999994, 8.900000000000006, 8.400000000000006, 8.099999999999994, 7.599999999999994, 7.299999999999997, 7.099999999999994, 6.700000000000003, 6.5, 6.0, 5.900000000000006, 5.799999999999997, 5.599999999999994, 5.400000000000006, 5.099999999999994, 4.900000000000006, 4.5, 4.400000000000006, 4.099999999999994, 3.799999999999997, 3.5999999999999943, 3.200000000000003, 3.0999999999999943, 2.9000000000000057, 2.700000000000003, 2.5999999999999943, 2.5, 2.4000000000000057, 2.200000000000003, 2.0, 1.9000000000000057, 1.5, 1.5, 1.4000000000000057, 1.2999999999999972, 1.2000000000000028, 1.0999999999999943, 0.9000000000000057, 0.7000000000000028, 0.09999999999999432, 0.0], "x": [294, 305, 307, 315, 326, 332, 333, 340, 345, 347, 349, 358, 359, 360, 362, 368, 372, 373, 374, 375, 376, 379, 381, 384, 385, 386, 391, 393, 395, 400, 405, 406, 407, 409, 411, 414, 416, 418, 419, 420, 422, 423, 427, 428, 429, 430, 431, 432, 434, 438, 440, 441, 442, 443, 445, 446, 447, 449, 450, 451, 452, 453, 454, 455, 456, 457, 458, 459, 460, 463, 464, 465, 466, 467, 468, 469, 470, 471, 472, 473, 474, 475, 477, 478, 479, 480, 481, 482, 483, 485, 486, 487, 488, 489, 490, 491, 492, 494, 495, 496, 497, 498, 499, 500, 501, 502, 504, 505, 506, 507, 508, 509, 510, 511, 512, 513, 514, 515, 516, 517, 518, 519, 520, 523, 524, 525, 527, 528, 529, 530, 531, 532, 534, 535, 536, 537, 538, 539, 540, 541, 542, 543, 544, 545, 546, 548, 550, 551, 552, 553, 554, 555, 556, 557, 558, 559, 560, 561, 562, 563, 564, 565, 566, 567, 568, 569, 570, 571, 572, 573, 574, 575, 576, 577, 578, 579, 580, 581, 582, 583, 584, 585, 586, 587, 588, 589, 590, 591, 592, 593, 594, 595, 596, 597, 598, 599, 600, 601, 602, 603, 604, 605, 606, 607, 608, 609, 610, 611, 612, 613, 614, 615, 616, 617, 618, 619, 620, 621, 622, 623, 624, 628, 633, 634, 635, 636, 637, 638, 639, 640, 641, 643, 644, 645, 646, 648, 665, 666, 667, 668, 669, 670, 672, 673, 676, 678, 681, 682, 683, 684, 704]}, "histogram": {"y": [1, 3, 1, 1, 3, 3, 5, 2, 7, 4, 4, 5, 9, 6, 10, 14, 15, 18, 20, 19, 21, 21, 38, 25, 35, 45, 111, 64, 232, 48, 184, 32, 3, 32, 0, 26, 2], "x": [300, 310, 320, 330, 340, 350, 360, 370, 380, 390, 400, 410, 420, 430, 440, 450, 460, 470, 480, 490, 500, 510, 520, 530, 540, 550, 559, 569, 584, 594, 615, 624, 633, 648, 663, 684, 705]}}