{"histogram": {"x": [530, 540, 550, 559, 569, 584, 594, 615, 624, 633, 648, 663, 684, 705], "y": [1, 1, 2, 2, 10, 21, 38, 116, 51, 16, 147, 22, 408, 1]}, "percentile": {"x": [527, 540, 550, 553, 558, 561, 562, 564, 565, 566, 569, 572, 573, 574, 575, 576, 577, 579, 580, 583, 584, 585, 587, 589, 590, 591, 592, 593, 594, 595, 597, 598, 599, 600, 601, 602, 603, 604, 605, 606, 607, 608, 609, 610, 611, 612, 613, 614, 615, 616, 617, 618, 619, 620, 621, 622, 623, 624, 625, 626, 628, 629, 630, 631, 632, 633, 634, 635, 636, 637, 638, 639, 640, 641, 642, 643, 644, 645, 646, 647, 648, 649, 650, 651, 652, 653, 654, 655, 656, 658, 660, 662, 663, 664, 665, 666, 667, 668, 669, 670, 671, 672, 673, 674, 675, 676, 677, 678, 679, 680, 681, 682, 683, 684, 700], "y": [99.9, 99.8, 99.6, 99.5, 99.3, 99.2, 99.0, 98.7, 98.4, 98.3, 98.1, 97.9, 97.5, 97.4, 96.9, 96.6, 96.5, 96.1, 96.0, 95.9, 95.6, 95.3, 94.7, 94.2, 93.6, 93.5, 93.3, 93.0, 91.1, 90.7, 89.9, 89.5, 88.9, 87.8, 87.6, 86.9, 86.3, 85.3, 84.8, 84.5, 83.5, 82.8, 82.1, 81.4, 81.0, 79.6, 79.3, 78.0, 77.2, 76.7, 75.7, 75.3, 74.5, 73.9, 73.3, 72.7, 71.8, 71.1, 70.8, 70.7, 70.6, 70.5, 70.3, 70.1, 69.9, 69.2, 68.6, 67.7, 66.4, 65.0, 63.3, 62.2, 61.1, 60.3, 59.5, 57.5, 56.5, 55.1, 53.6, 52.7, 51.5, 51.4, 51.3, 50.9, 50.6, 50.5, 50.2, 50.1, 49.9, 49.6, 49.5, 49.4, 48.9, 48.1, 46.9, 45.8, 44.2, 43.4, 42.1, 41.0, 39.1, 37.4, 36.5, 35.099999999999994, 33.5, 31.799999999999997, 30.799999999999997, 30.0, 28.799999999999997, 26.799999999999997, 25.200000000000003, 23.5, 20.900000000000006, 0.0, -0.09999999999999432]}}