{"histogram": {"x": [540, 550, 559, 569, 584, 594, 615, 624, 633, 648, 663, 684, 705], "y": [1, 0, 0, 1, 1, 12, 76, 45, 3, 119, 7, 178, 1]}, "percentile": {"x": [540, 562, 584, 586, 589, 592, 593, 594, 595, 596, 597, 598, 599, 600, 601, 602, 603, 604, 605, 606, 607, 608, 609, 610, 611, 612, 613, 614, 615, 616, 617, 618, 619, 620, 621, 622, 623, 624, 625, 628, 633, 634, 635, 636, 637, 638, 639, 640, 641, 642, 643, 644, 645, 646, 647, 648, 649, 652, 653, 661, 664, 665, 666, 667, 668, 669, 670, 671, 672, 673, 674, 675, 676, 677, 678, 679, 680, 681, 682, 683, 684, 704], "y": [99.8, 99.6, 99.4, 99.1, 98.7, 98.5, 97.6, 96.7, 96.4, 96.2, 95.3, 94.9, 94.4, 93.7, 93.5, 93.1, 92.8, 92.4, 91.9, 91.2, 90.6, 90.1, 89.0, 87.2, 86.1, 84.9, 83.8, 82.2, 79.5, 77.7, 76.3, 75.7, 74.8, 74.5, 73.2, 71.8, 70.5, 69.4, 69.1, 68.9, 68.7, 66.6, 65.5, 63.9, 61.4, 59.4, 58.5, 56.0, 54.7, 53.1, 51.3, 49.0, 46.1, 44.7, 43.2, 41.8, 41.6, 40.9, 40.7, 40.2, 38.9, 38.0, 35.7, 34.599999999999994, 32.3, 31.0, 28.900000000000006, 27.099999999999994, 25.799999999999997, 24.200000000000003, 22.799999999999997, 21.299999999999997, 19.900000000000006, 19.200000000000003, 17.900000000000006, 15.200000000000003, 14.0, 12.700000000000003, 11.799999999999997, 10.0, 0.0, -0.20000000000000284]}}