{"percentile": {"x": [287, 350, 351, 356, 360, 362, 369, 372, 374, 375, 381, 382, 383, 385, 387, 391, 393, 396, 399, 400, 402, 405, 406, 409, 410, 414, 416, 417, 420, 425, 431, 434, 435, 436, 438, 440, 448, 451, 452, 453, 456, 458, 459, 461, 462, 464, 468, 469, 470, 471, 474, 475, 477, 478, 480, 481, 482, 483, 484, 485, 486, 487, 488, 489, 490, 491, 492, 493, 496, 498, 499, 500, 501, 502, 503, 505, 506, 507, 509, 510, 511, 512, 513, 516, 517, 518, 519, 520, 521, 522, 523, 524, 525, 527, 528, 529, 532, 533, 534, 535, 537, 538, 540, 541, 542, 544, 545, 546, 547, 548, 549, 550, 551, 552, 553, 554, 555, 556, 557, 558, 559, 560, 561, 562, 563, 564, 565, 566, 567, 568, 569, 570, 571, 572, 573, 574, 575, 576, 577, 578, 579, 580, 581, 582, 583, 584, 585, 587, 588, 589, 590, 591, 592, 593, 594, 595, 596, 597, 598, 599, 600, 601, 602, 603, 604, 605, 606, 607, 608, 609, 610, 611, 612, 613, 614, 615, 617, 618, 619, 620, 621, 622, 623, 624, 627, 630, 631, 635, 636, 637, 638, 639, 641, 642, 643, 646, 666, 670, 672, 677, 678, 683, 684], "y": [99.9, 99.8, 99.5, 99.3, 99.2, 99.0, 98.9, 98.7, 98.6, 98.5, 98.3, 98.0, 97.7, 97.6, 97.4, 97.3, 97.1, 97.0, 96.9, 96.7, 96.6, 96.4, 96.3, 96.1, 96.0, 95.8, 95.7, 95.6, 95.4, 95.3, 95.1, 95.0, 94.7, 94.5, 94.1, 94.0, 93.8, 93.7, 93.5, 93.4, 93.2, 93.1, 92.9, 92.6, 92.4, 92.1, 91.6, 91.5, 91.1, 90.6, 90.5, 89.7, 89.6, 89.3, 89.0, 88.9, 88.7, 88.6, 88.4, 88.1, 87.9, 87.7, 87.6, 87.1, 87.0, 86.8, 86.7, 86.3, 86.0, 85.8, 85.5, 85.4, 85.0, 84.5, 84.4, 84.2, 84.1, 83.9, 83.4, 83.2, 82.9, 82.6, 82.2, 81.9, 81.6, 81.2, 80.6, 80.2, 79.7, 79.4, 79.2, 78.7, 78.3, 77.6, 76.7, 76.2, 76.0, 75.4, 75.2, 74.8, 74.7, 74.2, 73.6, 73.5, 73.2, 73.1, 72.3, 71.9, 71.7, 71.3, 71.2, 69.7, 69.0, 67.7, 66.7, 66.1, 64.6, 63.0, 61.6, 60.6, 58.1, 58.0, 57.5, 57.4, 56.7, 56.2, 55.9, 55.8, 55.5, 54.9, 52.7, 52.3, 51.7, 51.0, 49.8, 47.9, 46.2, 45.3, 43.3, 42.1, 40.3, 38.8, 37.4, 36.3, 34.599999999999994, 31.700000000000003, 31.5, 31.400000000000006, 31.0, 29.799999999999997, 29.200000000000003, 28.400000000000006, 27.799999999999997, 27.299999999999997, 24.0, 23.599999999999994, 22.799999999999997, 21.200000000000003, 20.700000000000003, 19.599999999999994, 18.299999999999997, 17.799999999999997, 17.200000000000003, 16.599999999999994, 15.099999999999994, 14.400000000000006, 14.099999999999994, 13.5, 13.099999999999994, 12.5, 11.400000000000006, 10.5, 9.799999999999997, 9.5, 9.0, 7.599999999999994, 7.5, 7.0, 6.700000000000003, 6.0, 5.599999999999994, 5.299999999999997, 5.099999999999994, 4.799999999999997, 4.700000000000003, 4.5, 4.400000000000006, 4.0, 3.4000000000000057, 3.0999999999999943, 3.0, 2.700000000000003, 2.4000000000000057, 2.200000000000003, 1.9000000000000057, 1.7999999999999972, 1.5999999999999943, 1.4000000000000057, 1.2000000000000028, 0.7999999999999972, 0.5999999999999943, 0.20000000000000284, -0.09999999999999432]}, "histogram": {"x": [300, 310, 320, 330, 340, 350, 360, 370, 380, 390, 400, 410, 420, 430, 440, 450, 460, 470, 480, 490, 500, 510, 520, 530, 540, 550, 559, 569, 584, 594, 615, 624, 633, 648, 663, 684, 705], "y": [1, 0, 0, 0, 0, 1, 4, 2, 3, 7, 5, 5, 4, 1, 9, 1, 6, 13, 14, 14, 11, 15, 21, 27, 18, 27, 80, 37, 145, 53, 113, 19, 3, 18, 0, 13, 0]}}