{"histogram": {"y": [5, 7, 6, 11, 9, 9, 17, 16, 17, 17, 26, 24, 23, 22, 24, 42, 35, 42, 43, 33, 40, 47, 54, 55, 43, 57, 76, 215, 92, 339, 71, 179, 26, 2, 17, 2, 2, 3], "x": [270, 300, 310, 320, 330, 340, 350, 360, 370, 380, 390, 400, 410, 420, 430, 440, 450, 460, 470, 480, 490, 500, 510, 520, 530, 540, 550, 559, 569, 584, 594, 615, 624, 633, 648, 663, 684, 705]}, "percentile": {"y": [100.0, 99.9, 99.8, 99.8, 99.7, 99.6, 99.6, 99.5, 99.5, 99.4, 99.4, 99.3, 99.2, 99.1, 99.1, 99.0, 98.9, 98.8, 98.7, 98.7, 98.6, 98.5, 98.4, 98.3, 98.3, 98.2, 98.1, 98.0, 97.9, 97.9, 97.8, 97.7, 97.6, 97.5, 97.5, 97.4, 97.4, 97.2, 97.1, 96.8, 96.7, 96.6, 96.6, 96.4, 96.3, 96.3, 96.1, 96.0, 95.9, 95.8, 95.6, 95.6, 95.5, 95.4, 95.3, 95.2, 95.0, 95.0, 94.8, 94.7, 94.7, 94.5, 94.3, 94.2, 94.1, 94.0, 93.9, 93.8, 93.5, 93.4, 93.3, 93.1, 93.0, 92.8, 92.6, 92.5, 92.3, 92.0, 91.9, 91.9, 91.6, 91.5, 91.3, 91.2, 91.0, 90.9, 90.8, 90.7, 90.4, 90.2, 90.1, 89.9, 89.9, 89.6, 89.6, 89.5, 89.3, 89.2, 89.1, 89.0, 88.9, 88.8, 88.5, 88.3, 88.1, 88.1, 87.9, 87.7, 87.6, 87.5, 87.4, 87.3, 87.2, 87.0, 86.7, 86.7, 86.5, 86.3, 86.0, 85.8, 85.6, 85.2, 84.9, 84.6, 84.3, 84.1, 83.9, 83.7, 83.3, 83.1, 83.0, 82.8, 82.6, 82.3, 82.1, 81.9, 81.6, 81.3, 81.1, 80.9, 80.6, 80.4, 80.1, 79.9, 79.7, 79.5, 79.2, 78.9, 78.5, 78.2, 78.1, 77.9, 77.8, 77.4, 77.3, 77.2, 77.1, 76.7, 76.4, 76.1, 76.0, 75.7, 75.6, 75.5, 75.4, 75.2, 75.1, 74.9, 74.5, 74.4, 73.9, 73.7, 73.3, 73.2, 72.9, 72.7, 72.5, 71.9, 71.6, 71.4, 70.9, 70.8, 70.6, 70.5, 70.0, 69.7, 69.5, 69.4, 69.1, 68.9, 68.4, 68.1, 67.5, 67.3, 67.0, 66.7, 66.6, 66.1, 65.8, 65.5, 65.2, 65.1, 64.3, 64.2, 63.9, 63.6, 63.5, 63.2, 63.1, 62.6, 62.3, 62.2, 61.9, 61.6, 61.4, 61.1, 60.8, 60.4, 60.2, 59.9, 59.6, 59.4, 58.6, 58.5, 58.3, 58.1, 57.2, 57.1, 56.9, 56.8, 56.4, 54.3, 53.8, 52.4, 51.2, 50.0, 48.6, 46.9, 46.1, 44.6, 42.0, 41.7, 41.0, 40.8, 40.7, 39.8, 39.5, 39.3, 39.1, 39.0, 36.7, 36.1, 34.599999999999994, 33.2, 32.099999999999994, 30.700000000000003, 29.599999999999994, 27.799999999999997, 26.599999999999994, 25.799999999999997, 24.299999999999997, 23.299999999999997, 22.0, 20.700000000000003, 19.599999999999994, 17.299999999999997, 17.099999999999994, 17.099999999999994, 16.799999999999997, 16.400000000000006, 15.700000000000003, 15.599999999999994, 15.299999999999997, 15.200000000000003, 15.0, 13.200000000000003, 12.900000000000006, 12.200000000000003, 11.799999999999997, 11.099999999999994, 10.200000000000003, 9.700000000000003, 9.200000000000003, 8.599999999999994, 8.200000000000003, 7.700000000000003, 7.099999999999994, 6.700000000000003, 6.400000000000006, 5.599999999999994, 5.299999999999997, 4.799999999999997, 4.5, 4.200000000000003, 4.0, 3.799999999999997, 3.0, 2.700000000000003, 2.5, 2.299999999999997, 2.0999999999999943, 1.7999999999999972, 1.7999999999999972, 1.7000000000000028, 1.5, 1.4000000000000057, 1.2999999999999972, 1.0999999999999943, 0.9000000000000057, 0.9000000000000057, 0.7999999999999972, 0.7000000000000028, 0.5999999999999943, 0.5, 0.4000000000000057, 0.29999999999999716, 0.29999999999999716, 0.20000000000000284, 0.20000000000000284, 0.09999999999999432, 0.0], "x": [243, 254, 261, 270, 273, 280, 282, 284, 287, 295, 298, 302, 307, 308, 309, 310, 314, 315, 316, 317, 318, 319, 320, 321, 322, 324, 326, 327, 328, 329, 331, 333, 335, 337, 338, 339, 340, 341, 344, 345, 346, 347, 348, 349, 351, 352, 354, 355, 356, 357, 358, 359, 360, 361, 362, 364, 365, 366, 367, 368, 369, 370, 371, 372, 375, 376, 377, 378, 380, 381, 382, 383, 384, 385, 386, 388, 389, 390, 391, 392, 393, 394, 395, 396, 397, 398, 399, 400, 401, 403, 404, 405, 406, 407, 408, 409, 410, 411, 412, 413, 414, 416, 417, 418, 419, 420, 422, 423, 424, 425, 426, 427, 428, 429, 430, 431, 432, 433, 434, 435, 436, 437, 438, 439, 440, 441, 443, 444, 445, 446, 447, 448, 449, 450, 451, 452, 453, 454, 455, 456, 457, 458, 459, 460, 461, 462, 463, 464, 465, 466, 467, 468, 469, 470, 471, 472, 473, 474, 475, 476, 477, 478, 479, 481, 482, 483, 484, 485, 486, 487, 488, 489, 490, 491, 492, 493, 494, 495, 496, 497, 498, 499, 500, 501, 502, 503, 504, 505, 506, 507, 508, 509, 510, 511, 512, 513, 514, 515, 516, 517, 518, 519, 520, 521, 522, 523, 524, 525, 526, 527, 528, 529, 530, 531, 532, 533, 534, 535, 536, 537, 538, 539, 540, 542, 543, 544, 545, 546, 547, 548, 549, 550, 551, 552, 553, 554, 555, 556, 557, 558, 559, 560, 561, 562, 563, 564, 565, 566, 567, 568, 569, 570, 571, 572, 573, 574, 575, 576, 577, 578, 579, 580, 581, 582, 583, 584, 585, 586, 587, 588, 589, 590, 591, 592, 593, 594, 595, 596, 597, 598, 599, 600, 601, 602, 603, 604, 605, 606, 607, 608, 609, 610, 611, 612, 613, 614, 615, 616, 617, 618, 619, 620, 621, 622, 624, 626, 634, 635, 636, 637, 638, 639, 640, 642, 643, 655, 659, 677, 684, 686, 704]}}