{"percentile": {"y": [98.4, 96.8, 95.2, 93.6, 92.0, 88.8, 87.1, 85.5, 83.9, 82.3, 80.7, 79.1, 77.5, 75.9, 74.2, 71.0, 66.2, 63.0, 61.3, 59.7, 58.1, 54.9, 53.3, 51.7, 50.0, 48.4, 45.2, 43.6, 42.0, 40.4, 38.8, 33.900000000000006, 32.3, 30.700000000000003, 29.099999999999994, 27.5, 25.900000000000006, 19.400000000000006, 17.799999999999997, 14.599999999999994, 11.299999999999997, 9.700000000000003, 8.099999999999994, 4.900000000000006, 3.299999999999997, 1.7000000000000028, 0.0, -1.5999999999999943], "x": [416, 418, 442, 450, 485, 497, 505, 510, 515, 523, 527, 529, 530, 540, 549, 550, 552, 555, 556, 557, 558, 559, 565, 566, 567, 569, 571, 574, 575, 577, 579, 581, 584, 589, 593, 594, 595, 597, 601, 603, 604, 608, 609, 615, 622, 626, 634, 648]}, "histogram": {"y": [2, 0, 0, 2, 0, 0, 0, 1, 2, 2, 1, 4, 1, 3, 10, 4, 10, 3, 14, 1, 1, 2, 0, 0, 0], "x": [420, 430, 440, 450, 460, 470, 480, 490, 500, 510, 520, 530, 540, 550, 559, 569, 584, 594, 615, 624, 633, 648, 663, 684, 705]}}