{"histogram": {"y": [1, 0, 6, 1, 2, 4, 2, 10, 1], "x": [584, 594, 615, 624, 633, 648, 663, 684, 705]}, "percentile": {"y": [96.2, 92.4, 88.5, 73.1, 69.3, 65.4, 61.6, 57.7, 53.9, 50.0, 46.2, 42.4, 38.5, 34.7, 30.799999999999997, 27.0, 23.099999999999994, 15.400000000000006, 11.599999999999994, 7.700000000000003, 3.9000000000000057, 0.0, -3.799999999999997], "x": [580, 606, 611, 615, 616, 626, 628, 634, 639, 644, 647, 661, 663, 667, 668, 669, 674, 676, 677, 681, 682, 684, 695]}}