{"percentile": {"x": [131, 416, 418, 428, 435, 452, 460, 464, 467, 472, 479, 485, 489, 492, 503, 504, 511, 514, 518, 520, 522, 526, 527, 537, 540, 542, 543, 544, 545, 546, 549, 550, 551, 552, 553, 554, 555, 556, 557, 558, 559, 560, 561, 562, 563, 564, 565, 566, 567, 568, 569, 570, 571, 572, 573, 574, 575, 576, 577, 578, 579, 580, 581, 582, 583, 584, 585, 586, 587, 588, 589, 590, 591, 592, 593, 594, 595, 596, 597, 598, 599, 600, 601, 602, 603, 604, 605, 606, 607, 608, 609, 610, 611, 612, 613, 614, 615, 616, 617, 618, 619, 620, 621, 622, 623, 624, 625, 626, 627, 628, 629, 630, 631, 632, 633, 634, 635, 636, 637, 638, 639, 640, 641, 642, 643, 644, 645, 646, 647, 648, 649, 650, 651, 652, 653, 654, 655, 656, 657, 658, 659, 660, 661, 662, 663, 664, 665, 666, 667, 668, 669, 670, 671, 672, 673, 674, 675, 676, 677, 678, 679, 680, 681, 682, 683, 684, 685, 686, 687, 688, 691, 692, 693, 694, 695, 697, 698, 700, 701, 702, 703, 704], "y": [100.0, 100.0, 100.0, 100.0, 100.0, 99.9, 99.9, 99.9, 99.9, 99.8, 99.8, 99.8, 99.8, 99.8, 99.8, 99.7, 99.7, 99.7, 99.7, 99.6, 99.6, 99.6, 99.6, 99.5, 99.4, 99.3, 99.3, 99.3, 99.3, 99.2, 99.2, 99.1, 99.1, 99.0, 99.0, 98.9, 98.8, 98.8, 98.7, 98.6, 98.6, 98.5, 98.4, 98.3, 98.2, 98.1, 98.0, 97.9, 97.8, 97.7, 97.2, 97.2, 97.1, 96.9, 96.8, 96.7, 96.5, 96.3, 96.2, 96.1, 95.9, 95.8, 95.7, 95.6, 95.4, 95.1, 94.9, 94.6, 94.3, 93.9, 93.4, 92.9, 92.5, 91.9, 91.0, 86.9, 86.6, 86.3, 85.9, 85.5, 85.0, 84.3, 83.8, 83.2, 82.5, 81.9, 81.2, 80.6, 79.8, 79.1, 78.4, 77.3, 76.5, 75.6, 74.8, 74.3, 73.2, 72.6, 71.8, 70.9, 70.2, 69.1, 68.0, 67.0, 66.0, 65.3, 65.1, 65.0, 64.9, 64.8, 64.6, 64.3, 64.2, 64.1, 63.7, 62.8, 61.9, 60.9, 59.8, 58.7, 57.7, 56.7, 55.4, 54.1, 52.9, 51.9, 50.4, 49.3, 48.6, 47.5, 47.4, 47.3, 47.1, 47.0, 46.8, 46.6, 46.5, 46.5, 46.4, 46.2, 46.1, 46.0, 45.9, 45.8, 45.7, 44.7, 43.5, 42.5, 41.2, 40.4, 39.2, 38.0, 36.8, 35.8, 34.7, 33.5, 32.3, 31.099999999999994, 29.799999999999997, 28.700000000000003, 27.5, 26.5, 25.5, 23.799999999999997, 21.900000000000006, 0.7000000000000028, 0.5999999999999943, 0.5999999999999943, 0.5999999999999943, 0.5, 0.5, 0.5, 0.5, 0.5, 0.4000000000000057, 0.4000000000000057, 0.4000000000000057, 0.29999999999999716, 0.29999999999999716, 0.20000000000000284, 0.20000000000000284, 0.0]}, "histogram": {"x": [240, 270, 300, 310, 320, 330, 340, 350, 360, 370, 380, 390, 400, 410, 420, 430, 440, 450, 460, 470, 480, 490, 500, 510, 520, 530, 540, 550, 559, 569, 584, 594, 615, 624, 633, 648, 663, 684, 705], "y": [1, 0, 0, 0, 0, 0, 0, 0, 0, 0, 0, 0, 0, 0, 2, 1, 1, 0, 3, 2, 2, 2, 1, 3, 6, 3, 10, 14, 29, 74, 117, 450, 757, 434, 86, 888, 103, 2474, 34]}}