{"histogram": {"y": [1, 0, 0, 0, 0, 0, 0, 0, 0, 0, 0, 3, 3, 7, 13, 6, 1, 13, 0, 59, 1], "x": [460, 470, 480, 490, 500, 510, 520, 530, 540, 550, 559, 569, 584, 594, 615, 624, 633, 648, 663, 684, 705]}, "percentile": {"y": [99.1, 98.2, 96.3, 95.3, 94.4, 93.4, 92.5, 91.6, 89.7, 86.8, 85.9, 85.0, 84.0, 83.1, 82.1, 79.3, 78.4, 76.5, 75.5, 74.6, 73.6, 71.7, 70.8, 69.9, 68.9, 68.0, 66.1, 65.1, 64.2, 62.3, 60.4, 59.5, 58.5, 56.7, 55.7, 53.8, 51.9, 48.2, 46.3, 44.4, 42.5, 41.6, 40.6, 39.7, 37.8, 36.8, 35.0, 32.099999999999994, 31.200000000000003, 29.299999999999997, 27.400000000000006, 25.5, 22.700000000000003, 19.900000000000006, 0.0, -0.9000000000000057], "x": [456, 561, 569, 579, 582, 583, 589, 592, 593, 594, 601, 602, 603, 604, 605, 606, 607, 610, 612, 615, 616, 620, 621, 623, 624, 633, 637, 639, 640, 642, 643, 644, 645, 646, 648, 664, 665, 666, 667, 668, 669, 670, 671, 673, 674, 675, 676, 677, 678, 679, 680, 681, 682, 683, 684, 700]}}