{"histogram": {"y": [1, 0, 2, 4, 19, 63, 28, 11, 96, 20, 266, 3], "x": [550, 559, 569, 584, 594, 615, 624, 633, 648, 663, 684, 705]}, "percentile": {"y": [99.9, 99.5, 99.3, 99.1, 98.7, 98.3, 97.9, 97.7, 97.1, 96.1, 95.0, 94.6, 93.8, 93.4, 93.2, 92.2, 91.8, 91.1, 90.9, 90.3, 89.7, 89.3, 88.7, 88.1, 87.7, 87.2, 86.6, 85.8, 84.8, 83.8, 83.4, 82.7, 82.3, 81.9, 81.1, 80.3, 80.1, 79.2, 78.4, 77.8, 77.2, 77.0, 76.6, 76.4, 75.8, 75.0, 74.5, 73.3, 72.1, 70.4, 68.6, 67.6, 67.0, 65.5, 64.1, 63.1, 61.8, 60.2, 59.0, 58.1, 56.3, 56.1, 55.7, 55.5, 55.3, 55.1, 54.5, 54.3, 53.8, 53.2, 52.8, 52.6, 52.4, 51.6, 50.6, 50.0, 48.9, 47.5, 46.9, 45.6, 44.6, 43.4, 42.4, 40.7, 38.9, 37.9, 36.8, 35.400000000000006, 34.400000000000006, 33.099999999999994, 32.3, 30.700000000000003, 27.599999999999994, 0.4000000000000057, 0.20000000000000284, 0.0, -0.09999999999999432], "x": [549, 564, 572, 575, 584, 589, 590, 591, 592, 593, 594, 595, 596, 597, 598, 599, 600, 601, 602, 603, 604, 605, 606, 607, 608, 609, 610, 611, 612, 613, 614, 615, 616, 617, 618, 619, 620, 621, 622, 623, 624, 627, 628, 630, 632, 633, 634, 635, 636, 637, 638, 639, 640, 641, 642, 643, 644, 645, 646, 647, 648, 649, 650, 651, 652, 653, 655, 657, 658, 660, 661, 662, 663, 664, 665, 666, 667, 668, 669, 670, 671, 672, 673, 674, 675, 676, 677, 678, 679, 680, 681, 682, 683, 684, 685, 700, 704]}}