{"histogram": {"x": [540, 550, 559, 569, 584, 594, 615, 624, 633, 648, 663, 684, 705], "y": [1, 5, 7, 17, 46, 95, 411, 227, 37, 379, 41, 474, 5]}, "percentile": {"x": [532, 544, 545, 546, 550, 552, 553, 554, 556, 559, 560, 562, 563, 565, 566, 567, 568, 569, 570, 571, 572, 573, 574, 575, 576, 577, 578, 579, 581, 582, 583, 584, 585, 586, 587, 588, 589, 590, 591, 592, 593, 594, 595, 596, 597, 598, 599, 600, 601, 602, 603, 604, 605, 606, 607, 608, 609, 610, 611, 612, 613, 614, 615, 616, 617, 618, 619, 620, 621, 622, 623, 624, 625, 626, 627, 628, 629, 630, 631, 632, 633, 634, 635, 636, 637, 638, 639, 640, 641, 642, 643, 644, 645, 646, 647, 648, 649, 650, 651, 652, 653, 654, 655, 656, 657, 658, 660, 661, 662, 663, 664, 665, 666, 667, 668, 669, 670, 671, 672, 673, 674, 675, 676, 677, 678, 679, 680, 681, 682, 683, 684, 700, 704], "y": [100.0, 99.9, 99.9, 99.8, 99.7, 99.6, 99.6, 99.5, 99.5, 99.3, 99.2, 99.2, 98.9, 98.8, 98.7, 98.6, 98.6, 98.3, 98.2, 98.1, 97.8, 97.8, 97.6, 97.5, 97.4, 97.2, 97.1, 96.7, 96.5, 96.2, 96.0, 95.7, 95.6, 95.3, 95.2, 95.0, 94.7, 94.1, 93.7, 93.1, 92.1, 90.2, 90.1, 89.6, 89.2, 88.7, 87.5, 86.5, 85.3, 84.5, 83.1, 82.2, 81.1, 79.9, 78.7, 77.6, 76.4, 75.1, 73.5, 71.8, 69.9, 68.6, 66.7, 64.8, 63.6, 62.1, 60.6, 58.7, 57.2, 56.0, 55.0, 53.7, 53.6, 53.5, 53.4, 53.1, 52.8, 52.5, 52.2, 51.9, 51.5, 50.2, 48.8, 47.5, 45.8, 44.4, 42.7, 41.0, 39.3, 38.3, 36.9, 34.8, 33.400000000000006, 31.5, 30.700000000000003, 29.799999999999997, 29.599999999999994, 29.400000000000006, 29.099999999999994, 28.900000000000006, 28.700000000000003, 28.400000000000006, 28.200000000000003, 28.099999999999994, 28.099999999999994, 28.0, 27.900000000000006, 27.900000000000006, 27.700000000000003, 27.5, 26.299999999999997, 25.299999999999997, 23.700000000000003, 21.900000000000006, 20.5, 19.200000000000003, 18.099999999999994, 16.900000000000006, 15.799999999999997, 14.200000000000003, 13.299999999999997, 12.299999999999997, 11.099999999999994, 10.200000000000003, 9.099999999999994, 8.400000000000006, 7.700000000000003, 6.799999999999997, 5.799999999999997, 4.400000000000006, 0.29999999999999716, 0.20000000000000284, 0.0]}}