{"percentile": {"x": [592, 594, 595, 598, 599, 600, 601, 602, 603, 607, 609, 610, 613, 615, 622, 624, 628, 637, 638, 650, 661, 678, 684], "y": [92.6, 85.2, 81.5, 77.8, 74.1, 70.4, 66.7, 63.0, 51.9, 48.2, 44.5, 40.8, 33.400000000000006, 29.700000000000003, 26.0, 22.299999999999997, 18.599999999999994, 14.900000000000006, 11.200000000000003, 7.5, 3.799999999999997, 0.0, -3.700000000000003]}, "histogram": {"x": [594, 615, 624, 633, 648, 663, 684, 705], "y": [4, 15, 2, 1, 2, 2, 2, 0]}}