{"histogram": {"y": [3, 0, 0, 1, 0, 3, 2, 1, 3, 1, 1, 2, 5, 3, 22, 21, 63, 130, 276, 728, 286, 53, 576, 47, 520, 2], "x": [410, 420, 430, 440, 450, 460, 470, 480, 490, 500, 510, 520, 530, 540, 550, 559, 569, 584, 594, 615, 624, 633, 648, 663, 684, 705]}, "percentile": {"y": [100.0, 99.9, 99.9, 99.9, 99.8, 99.8, 99.8, 99.7, 99.7, 99.6, 99.6, 99.5, 99.5, 99.5, 99.4, 99.4, 99.4, 99.3, 99.2, 99.2, 99.2, 99.1, 99.0, 98.9, 98.8, 98.7, 98.7, 98.6, 98.4, 98.3, 98.3, 98.2, 98.1, 98.0, 97.9, 97.8, 97.6, 97.4, 97.2, 97.1, 97.0, 96.6, 96.5, 96.2, 96.0, 95.8, 95.3, 95.0, 94.8, 94.2, 93.8, 93.4, 93.1, 92.8, 92.6, 92.4, 92.0, 91.8, 91.5, 91.1, 90.7, 90.6, 89.9, 89.4, 88.9, 88.2, 87.2, 86.3, 85.3, 84.5, 83.1, 80.5, 80.3, 79.5, 78.6, 77.3, 76.4, 74.9, 73.7, 72.6, 71.4, 69.8, 68.1, 67.1, 65.4, 64.0, 62.6, 61.2, 60.3, 59.0, 57.8, 56.5, 54.0, 53.0, 52.1, 51.1, 49.8, 48.5, 46.9, 45.4, 44.3, 43.6, 43.5, 43.4, 43.1, 43.0, 42.3, 42.0, 41.9, 41.8, 41.7, 40.2, 38.6, 37.1, 35.599999999999994, 34.3, 32.8, 31.400000000000006, 30.099999999999994, 28.299999999999997, 26.900000000000006, 25.200000000000003, 24.299999999999997, 23.0, 21.799999999999997, 20.700000000000003, 20.599999999999994, 20.400000000000006, 20.400000000000006, 20.099999999999994, 19.799999999999997, 19.700000000000003, 19.599999999999994, 19.5, 19.400000000000006, 19.400000000000006, 19.299999999999997, 19.200000000000003, 19.200000000000003, 19.099999999999994, 19.0, 18.200000000000003, 17.400000000000006, 16.5, 15.299999999999997, 14.0, 13.200000000000003, 12.299999999999997, 11.5, 10.700000000000003, 9.900000000000006, 9.099999999999994, 8.299999999999997, 7.5, 6.900000000000006, 6.299999999999997, 5.700000000000003, 5.099999999999994, 4.5, 3.799999999999997, 3.200000000000003, 0.09999999999999432, 0.0], "x": [408, 409, 432, 452, 457, 458, 463, 470, 473, 481, 483, 496, 510, 512, 517, 522, 523, 526, 530, 531, 534, 537, 541, 543, 545, 546, 547, 548, 549, 550, 551, 554, 555, 556, 557, 558, 559, 560, 561, 562, 563, 564, 565, 566, 567, 568, 569, 570, 571, 572, 573, 574, 575, 576, 577, 578, 579, 580, 581, 582, 583, 584, 585, 586, 587, 588, 589, 590, 591, 592, 593, 594, 595, 596, 597, 598, 599, 600, 601, 602, 603, 604, 605, 606, 607, 608, 609, 610, 611, 612, 613, 614, 615, 616, 617, 618, 619, 620, 621, 622, 623, 624, 625, 626, 627, 628, 629, 630, 631, 632, 633, 634, 635, 636, 637, 638, 639, 640, 641, 642, 643, 644, 645, 646, 647, 648, 649, 650, 651, 652, 653, 654, 655, 656, 657, 658, 659, 660, 661, 662, 663, 664, 665, 666, 667, 668, 669, 670, 671, 672, 673, 674, 675, 676, 677, 678, 679, 680, 681, 682, 683, 684, 704]}}