{"histogram": {"y": [1, 1, 4, 1, 4, 0, 2, 1, 8, 0], "x": [569, 584, 594, 615, 624, 633, 648, 663, 684, 705]}, "percentile": {"y": [95.3, 90.5, 85.8, 81.0, 76.2, 71.5, 66.7, 62.0, 57.2, 52.4, 47.7, 42.9, 38.1, 33.400000000000006, 28.599999999999994, 23.900000000000006, 19.099999999999994, 14.299999999999997, 9.599999999999994, -4.700000000000003], "x": [566, 580, 590, 592, 593, 594, 612, 619, 620, 623, 624, 637, 643, 649, 671, 673, 675, 678, 679, 684]}}