{"histogram": {"x": [569, 584, 594, 615, 624, 633, 648, 663, 684, 705], "y": [2, 0, 7, 11, 6, 1, 13, 1, 36, 0]}, "percentile": {"x": [563, 569, 588, 591, 592, 593, 594, 600, 601, 602, 604, 608, 611, 612, 615, 617, 618, 622, 623, 624, 627, 638, 639, 640, 641, 643, 644, 645, 646, 651, 666, 668, 669, 670, 671, 672, 673, 676, 677, 678, 680, 681, 683, 684], "y": [98.7, 97.4, 96.1, 94.8, 93.5, 92.2, 88.2, 85.6, 84.3, 82.9, 81.6, 79.0, 76.4, 75.0, 73.7, 71.1, 69.8, 68.5, 67.2, 65.8, 64.5, 63.2, 61.9, 60.6, 55.3, 52.7, 51.4, 48.7, 47.4, 46.1, 44.8, 43.5, 40.8, 39.5, 36.9, 32.900000000000006, 31.599999999999994, 30.299999999999997, 29.0, 26.400000000000006, 23.700000000000003, 22.400000000000006, 21.099999999999994, -1.2999999999999972]}}