{"percentile": {"x": [594, 596, 598, 599, 600, 601, 602, 603, 608, 609, 610, 611, 612, 614, 615, 616, 618, 619, 623, 624, 625, 627, 628, 630, 634, 636, 638, 640, 641, 642, 643, 645, 648, 653, 655, 659, 666, 675, 684], "y": [86.2, 84.7, 83.1, 81.6, 80.0, 78.5, 77.0, 73.9, 70.8, 69.3, 67.7, 66.2, 61.6, 58.5, 53.9, 52.4, 50.8, 49.3, 47.7, 44.7, 43.1, 38.5, 37.0, 33.900000000000006, 30.799999999999997, 29.299999999999997, 27.700000000000003, 26.200000000000003, 24.700000000000003, 21.599999999999994, 17.0, 15.400000000000006, 13.900000000000006, 12.400000000000006, 10.799999999999997, 9.299999999999997, 7.700000000000003, 6.200000000000003, -1.5]}, "histogram": {"x": [594, 615, 624, 633, 648, 663, 684, 705], "y": [9, 21, 6, 7, 13, 3, 7, 0]}}