{"percentile": {"x": [572, 589, 590, 593, 599, 600, 606, 610, 613, 615, 616, 617, 618, 619, 620, 621, 623, 624, 625, 627, 629, 630, 633, 634, 635, 636, 637, 640, 641, 642, 643, 644, 645, 646, 647, 648, 664, 665, 667, 668, 669, 670, 671, 675, 676, 678, 679, 681, 682, 683, 684], "y": [99.2, 97.5, 96.6, 95.8, 94.9, 94.1, 92.4, 90.6, 88.9, 87.2, 86.4, 85.5, 83.8, 83.0, 81.2, 79.5, 78.7, 77.8, 77.0, 75.3, 74.4, 73.6, 72.7, 71.0, 70.1, 69.3, 67.6, 66.7, 64.2, 63.3, 62.4, 59.9, 59.0, 58.2, 56.5, 53.0, 50.5, 49.6, 45.3, 44.5, 43.6, 41.1, 36.8, 35.099999999999994, 34.2, 33.400000000000006, 30.799999999999997, 27.400000000000006, 26.5, 24.799999999999997, -0.7999999999999972]}, "histogram": {"x": [584, 594, 615, 624, 633, 648, 663, 684, 705], "y": [1, 4, 10, 11, 6, 23, 0, 63, 0]}}