{"histogram": {"y": [3, 0, 2, 6, 21, 48, 36, 7, 80, 7, 355, 4], "x": [550, 559, 569, 584, 594, 615, 624, 633, 648, 663, 684, 705]}, "percentile": {"y": [99.9, 99.7, 99.5, 99.3, 99.2, 99.0, 98.8, 98.6, 98.5, 98.3, 98.1, 97.9, 97.6, 97.4, 97.2, 96.7, 94.4, 94.2, 93.9, 93.7, 93.2, 93.0, 92.8, 92.3, 92.1, 91.6, 90.5, 90.0, 89.7, 88.8, 88.6, 87.5, 87.0, 86.0, 85.6, 85.3, 84.4, 83.9, 82.8, 82.1, 81.0, 80.3, 79.6, 79.5, 79.3, 79.1, 78.9, 78.4, 77.7, 76.6, 76.1, 75.4, 74.3, 73.1, 72.6, 72.2, 71.4, 69.8, 68.9, 67.0, 65.4, 64.3, 64.1, 64.0, 63.8, 63.6, 63.3, 63.1, 62.2, 61.7, 59.6, 57.8, 56.0, 54.8, 53.0, 51.6, 50.0, 48.8, 47.8, 46.2, 43.9, 43.2, 42.0, 40.7, 39.1, 37.9, 35.8, 33.0, 0.5999999999999943, 0.4000000000000057, 0.20000000000000284, 0.0, -0.09999999999999432], "x": [541, 542, 549, 564, 565, 570, 573, 574, 575, 579, 583, 586, 587, 589, 591, 593, 594, 596, 597, 598, 600, 601, 602, 603, 604, 605, 608, 609, 610, 611, 612, 613, 614, 615, 616, 617, 618, 619, 620, 621, 622, 623, 624, 627, 629, 631, 632, 633, 634, 635, 636, 637, 638, 639, 640, 641, 642, 643, 644, 645, 646, 648, 650, 654, 657, 661, 662, 663, 664, 665, 666, 667, 668, 669, 670, 671, 672, 673, 674, 675, 676, 677, 678, 679, 680, 681, 682, 683, 684, 691, 692, 693, 694]}}