{"histogram": {"x": [300, 310, 320, 330, 340, 350, 360, 370, 380, 390, 400, 410, 420, 430, 440, 450, 460, 470, 480, 490, 500, 510, 520, 530, 540, 550, 559, 569, 584, 594, 615, 624, 633, 648, 663, 684, 705], "y": [1, 0, 0, 0, 0, 0, 0, 0, 0, 0, 1, 1, 2, 0, 1, 0, 0, 2, 0, 0, 2, 0, 1, 1, 4, 0, 2, 3, 15, 4, 16, 1, 0, 1, 1, 0, 0]}, "percentile": {"x": [288, 397, 409, 417, 420, 431, 461, 465, 497, 500, 514, 530, 531, 534, 539, 540, 553, 557, 561, 566, 569, 572, 573, 575, 576, 577, 578, 579, 580, 582, 584, 587, 589, 590, 595, 597, 599, 602, 603, 605, 606, 607, 608, 612, 613, 615, 624, 645, 653], "y": [98.3, 96.6, 94.9, 93.2, 91.4, 89.7, 88.0, 86.3, 84.5, 82.8, 81.1, 79.4, 77.6, 75.9, 74.2, 72.5, 70.7, 69.0, 67.3, 65.6, 63.8, 62.1, 60.4, 55.2, 53.5, 51.8, 50.0, 46.6, 43.2, 39.7, 38.0, 36.3, 32.8, 31.099999999999994, 29.400000000000006, 25.900000000000006, 24.200000000000003, 22.5, 20.700000000000003, 17.299999999999997, 15.599999999999994, 13.799999999999997, 12.099999999999994, 8.700000000000003, 6.900000000000006, 3.5, 1.7999999999999972, 0.0, -1.7000000000000028]}}