{"percentile": {"y": [100.0, 100.0, 100.0, 100.0, 100.0, 100.0, 100.0, 100.0, 100.0, 99.9, 99.9, 99.9, 99.9, 99.9, 99.9, 99.9, 99.9, 99.9, 99.8, 99.8, 99.8, 99.8, 99.8, 99.8, 99.8, 99.8, 99.7, 99.7, 99.7, 99.7, 99.7, 99.7, 99.7, 99.7, 99.6, 99.6, 99.6, 99.5, 99.5, 99.5, 99.4, 99.4, 99.4, 99.3, 99.3, 99.2, 99.2, 99.1, 99.1, 99.0, 99.0, 98.9, 98.9, 98.8, 98.7, 98.7, 98.6, 98.5, 98.4, 98.3, 98.2, 98.1, 98.0, 97.9, 97.7, 97.6, 97.6, 97.3, 97.2, 97.0, 96.8, 96.6, 96.5, 96.2, 95.9, 95.7, 95.6, 95.4, 95.3, 95.0, 94.8, 94.3, 94.0, 93.6, 92.9, 92.2, 91.7, 91.0, 89.9, 86.5, 86.2, 85.7, 84.9, 84.1, 83.3, 82.2, 81.3, 80.5, 79.5, 78.3, 77.1, 76.0, 74.9, 73.7, 72.5, 71.2, 70.1, 68.8, 67.7, 66.5, 64.1, 63.2, 62.1, 60.9, 59.6, 58.5, 57.0, 55.8, 54.9, 53.6, 53.5, 53.3, 53.1, 52.9, 52.7, 52.5, 52.3, 52.1, 51.7, 50.6, 49.3, 47.7, 46.3, 45.0, 43.6, 42.0, 40.6, 39.2, 37.4, 35.8, 34.2, 32.900000000000006, 31.599999999999994, 30.5, 30.299999999999997, 30.200000000000003, 30.0, 29.900000000000006, 29.700000000000003, 29.599999999999994, 29.5, 29.299999999999997, 29.200000000000003, 29.0, 28.900000000000006, 28.700000000000003, 28.599999999999994, 28.5, 28.299999999999997, 27.200000000000003, 26.099999999999994, 25.0, 23.700000000000003, 22.599999999999994, 21.400000000000006, 20.400000000000006, 19.299999999999997, 18.099999999999994, 16.900000000000006, 15.900000000000006, 14.900000000000006, 13.799999999999997, 12.799999999999997, 11.799999999999997, 10.700000000000003, 10.0, 9.200000000000003, 8.299999999999997, 7.099999999999994, 0.5, 0.5, 0.5, 0.4000000000000057, 0.4000000000000057, 0.4000000000000057, 0.4000000000000057, 0.4000000000000057, 0.29999999999999716, 0.29999999999999716, 0.29999999999999716, 0.29999999999999716, 0.29999999999999716, 0.0], "x": [362, 415, 416, 427, 443, 445, 447, 448, 460, 461, 467, 486, 492, 497, 499, 500, 502, 504, 508, 509, 510, 511, 513, 514, 518, 522, 524, 526, 527, 530, 531, 535, 536, 537, 538, 540, 541, 542, 543, 544, 545, 546, 547, 548, 549, 550, 551, 552, 553, 554, 555, 556, 557, 558, 559, 560, 561, 562, 563, 564, 565, 566, 567, 568, 569, 570, 571, 572, 573, 574, 575, 576, 577, 578, 579, 580, 581, 582, 583, 584, 585, 586, 587, 588, 589, 590, 591, 592, 593, 594, 595, 596, 597, 598, 599, 600, 601, 602, 603, 604, 605, 606, 607, 608, 609, 610, 611, 612, 613, 614, 615, 616, 617, 618, 619, 620, 621, 622, 623, 624, 625, 626, 627, 628, 629, 630, 631, 632, 633, 634, 635, 636, 637, 638, 639, 640, 641, 642, 643, 644, 645, 646, 647, 648, 649, 650, 651, 652, 653, 654, 655, 656, 657, 658, 659, 660, 661, 662, 663, 664, 665, 666, 667, 668, 669, 670, 671, 672, 673, 674, 675, 676, 677, 678, 679, 680, 681, 682, 683, 684, 687, 690, 691, 693, 694, 697, 698, 699, 700, 701, 702, 703, 704]}, "histogram": {"y": [1, 0, 0, 0, 0, 2, 1, 0, 4, 1, 2, 0, 1, 4, 6, 6, 5, 13, 38, 49, 101, 269, 847, 2235, 1050, 186, 2116, 221, 2774, 44], "x": [370, 380, 390, 400, 410, 420, 430, 440, 450, 460, 470, 480, 490, 500, 510, 520, 530, 540, 550, 559, 569, 584, 594, 615, 624, 633, 648, 663, 684, 705]}}