{"histogram": {"x": [470, 480, 490, 500, 510, 520, 530, 540, 550, 559, 569, 584, 594, 615, 624, 633, 648, 663, 684, 705], "y": [4, 0, 1, 2, 1, 2, 1, 17, 25, 34, 81, 224, 447, 1623, 784, 143, 1827, 182, 2289, 24]}, "percentile": {"x": [461, 463, 469, 490, 493, 500, 508, 511, 518, 521, 531, 534, 536, 538, 540, 541, 542, 543, 545, 546, 547, 548, 550, 551, 552, 553, 554, 555, 556, 557, 558, 559, 560, 561, 562, 563, 564, 565, 566, 567, 568, 569, 570, 571, 572, 573, 574, 575, 576, 577, 578, 579, 580, 581, 582, 583, 584, 585, 586, 587, 588, 589, 590, 591, 592, 593, 594, 595, 596, 597, 598, 599, 600, 601, 602, 603, 604, 605, 606, 607, 608, 609, 610, 611, 612, 613, 614, 615, 616, 617, 618, 619, 620, 621, 622, 623, 624, 625, 626, 627, 628, 629, 630, 631, 632, 633, 634, 635, 636, 637, 638, 639, 640, 641, 642, 643, 644, 645, 646, 647, 648, 649, 650, 651, 652, 653, 654, 655, 656, 657, 658, 659, 660, 661, 662, 663, 664, 665, 666, 667, 668, 669, 670, 671, 672, 673, 674, 675, 676, 677, 678, 679, 680, 681, 682, 683, 684, 685, 687, 691, 693, 696, 699, 700, 702, 703, 704], "y": [100.0, 100.0, 100.0, 100.0, 100.0, 100.0, 99.9, 99.9, 99.9, 99.9, 99.9, 99.9, 99.9, 99.8, 99.7, 99.6, 99.6, 99.6, 99.6, 99.5, 99.5, 99.5, 99.4, 99.3, 99.3, 99.3, 99.2, 99.2, 99.1, 99.1, 99.0, 98.9, 98.9, 98.8, 98.7, 98.6, 98.4, 98.3, 98.2, 98.2, 98.0, 97.9, 97.8, 97.6, 97.5, 97.4, 97.2, 97.0, 96.7, 96.5, 96.3, 96.0, 95.9, 95.7, 95.6, 95.4, 95.0, 94.7, 94.4, 94.0, 93.7, 93.1, 92.8, 92.3, 91.8, 91.1, 89.2, 88.8, 88.5, 87.7, 87.0, 86.1, 85.3, 84.5, 83.4, 82.4, 81.4, 80.2, 79.3, 78.2, 76.9, 75.7, 74.6, 73.4, 72.5, 71.6, 70.2, 68.1, 67.0, 65.8, 64.6, 63.6, 62.4, 61.1, 59.9, 58.9, 57.9, 57.7, 57.4, 57.2, 57.0, 56.8, 56.7, 56.6, 56.4, 56.1, 54.6, 53.3, 51.9, 50.4, 48.8, 47.4, 45.8, 44.2, 42.4, 40.6, 38.7, 36.8, 35.3, 33.900000000000006, 32.400000000000006, 32.3, 32.099999999999994, 31.900000000000006, 31.599999999999994, 31.400000000000006, 31.200000000000003, 31.0, 30.900000000000006, 30.700000000000003, 30.5, 30.5, 30.299999999999997, 30.200000000000003, 30.200000000000003, 30.0, 28.599999999999994, 27.099999999999994, 26.0, 24.599999999999994, 23.200000000000003, 21.700000000000003, 20.400000000000006, 18.900000000000006, 17.400000000000006, 16.0, 14.599999999999994, 13.299999999999997, 12.099999999999994, 11.099999999999994, 10.200000000000003, 9.099999999999994, 8.099999999999994, 7.200000000000003, 6.099999999999994, 5.0, 0.29999999999999716, 0.29999999999999716, 0.29999999999999716, 0.29999999999999716, 0.29999999999999716, 0.29999999999999716, 0.20000000000000284, 0.20000000000000284, 0.20000000000000284, 0.20000000000000284, 0.0]}}