{"percentile": {"y": [98.9, 97.8, 96.6, 82.8, 81.7, 80.5, 79.4, 78.2, 74.8, 73.6, 72.5, 71.3, 69.0, 67.9, 65.6, 62.1, 57.5, 54.1, 48.3, 44.9, 40.3, 38.0, 33.400000000000006, 32.2, 31.099999999999994, 29.900000000000006, 27.599999999999994, 26.5, 25.299999999999997, 20.700000000000003, 19.599999999999994, 18.400000000000006, 17.299999999999997, 16.099999999999994, 15.0, 13.799999999999997, 12.700000000000003, 11.5, 10.400000000000006, 9.200000000000003, 8.099999999999994, 6.900000000000006, 5.799999999999997, 4.599999999999994, 3.5, 2.299999999999997, 1.2000000000000028, 0.0, -1.0999999999999943], "x": [549, 591, 593, 594, 595, 596, 598, 600, 601, 602, 603, 607, 608, 610, 611, 612, 613, 614, 615, 616, 617, 618, 620, 621, 623, 624, 633, 635, 636, 637, 638, 640, 641, 644, 645, 646, 647, 652, 654, 660, 664, 665, 667, 669, 672, 677, 683, 684, 704]}, "histogram": {"y": [1, 0, 0, 0, 14, 30, 16, 2, 13, 3, 8, 1], "x": [550, 559, 569, 584, 594, 615, 624, 633, 648, 663, 684, 705]}}