{"histogram": {"y": [1, 0, 0, 1, 0, 2, 0, 1, 0, 1, 1, 2, 0, 3, 2, 3, 3, 0, 3, 1, 3, 6, 9, 3, 4, 7, 10, 25, 10, 19, 2, 14, 1, 0, 0, 0, 0, 2], "x": [270, 300, 310, 320, 330, 340, 350, 360, 370, 380, 390, 400, 410, 420, 430, 440, 450, 460, 470, 480, 490, 500, 510, 520, 530, 540, 550, 559, 569, 584, 594, 615, 624, 633, 648, 663, 684, 705]}, "percentile": {"y": [99.3, 98.6, 97.9, 97.2, 96.4, 95.7, 95.0, 94.3, 93.5, 92.8, 92.1, 91.4, 90.6, 89.9, 89.2, 88.5, 87.7, 87.0, 86.3, 85.6, 84.8, 84.1, 83.4, 82.7, 81.9, 80.5, 79.8, 79.0, 78.3, 77.6, 76.9, 76.1, 75.4, 74.0, 72.5, 71.8, 71.1, 69.6, 68.9, 68.2, 67.4, 66.7, 66.0, 65.3, 64.5, 62.4, 61.6, 60.2, 59.5, 58.7, 56.6, 55.8, 55.1, 52.2, 51.5, 47.9, 45.0, 42.1, 39.9, 39.2, 37.0, 34.099999999999994, 33.400000000000006, 31.900000000000006, 30.5, 29.799999999999997, 28.299999999999997, 27.599999999999994, 26.900000000000006, 26.099999999999994, 24.0, 22.5, 21.799999999999997, 21.099999999999994, 18.200000000000003, 16.700000000000003, 16.0, 15.299999999999997, 13.099999999999994, 12.400000000000006, 11.599999999999994, 10.200000000000003, 9.5, 7.299999999999997, 6.599999999999994, 5.099999999999994, 4.400000000000006, 2.9000000000000057, 1.5, 0.7999999999999972, 0.0, -0.7000000000000028], "x": [265, 317, 332, 333, 351, 374, 387, 391, 398, 412, 413, 415, 425, 429, 431, 433, 439, 442, 447, 448, 464, 465, 469, 472, 482, 490, 491, 492, 493, 494, 496, 500, 501, 502, 503, 505, 507, 510, 511, 518, 520, 521, 523, 527, 529, 535, 537, 539, 540, 542, 545, 546, 548, 550, 552, 553, 554, 555, 556, 557, 558, 559, 561, 563, 564, 565, 566, 567, 569, 570, 571, 572, 573, 576, 578, 580, 581, 582, 584, 590, 594, 595, 597, 598, 600, 604, 605, 606, 615, 617, 700, 704]}}