{"histogram": {"x": [370, 380, 390, 400, 410, 420, 430, 440, 450, 460, 470, 480, 490, 500, 510, 520, 530, 540, 550, 559, 569, 584, 594, 615, 624, 633, 648, 663, 684, 705], "y": [1, 0, 0, 0, 0, 2, 1, 0, 4, 1, 2, 0, 1, 4, 6, 6, 5, 10, 29, 40, 83, 204, 460, 1182, 514, 88, 1037, 104, 1150, 17]}, "percentile": {"x": [362, 415, 416, 427, 443, 445, 447, 448, 460, 461, 467, 486, 492, 497, 499, 500, 502, 504, 508, 509, 510, 511, 513, 514, 518, 522, 524, 526, 527, 530, 531, 535, 536, 537, 538, 540, 541, 542, 543, 544, 545, 546, 547, 548, 549, 550, 551, 552, 553, 554, 555, 556, 557, 558, 559, 560, 561, 562, 563, 564, 565, 566, 567, 568, 569, 570, 571, 572, 573, 574, 575, 576, 577, 578, 579, 580, 581, 582, 583, 584, 585, 586, 587, 588, 589, 590, 591, 592, 593, 594, 595, 596, 597, 598, 599, 600, 601, 602, 603, 604, 605, 606, 607, 608, 609, 610, 611, 612, 613, 614, 615, 616, 617, 618, 619, 620, 621, 622, 623, 624, 625, 626, 627, 628, 629, 630, 631, 632, 633, 634, 635, 636, 637, 638, 639, 640, 641, 642, 643, 644, 645, 646, 647, 648, 649, 650, 651, 652, 653, 654, 655, 656, 657, 658, 659, 660, 661, 662, 663, 664, 665, 666, 667, 668, 669, 670, 671, 672, 673, 674, 675, 676, 677, 678, 679, 680, 681, 682, 683, 684, 691, 694, 697, 699, 701, 702, 703, 704], "y": [100.0, 100.0, 100.0, 100.0, 99.9, 99.9, 99.9, 99.9, 99.9, 99.8, 99.8, 99.8, 99.8, 99.8, 99.7, 99.7, 99.7, 99.7, 99.6, 99.6, 99.6, 99.6, 99.5, 99.5, 99.5, 99.5, 99.4, 99.4, 99.4, 99.4, 99.3, 99.3, 99.3, 99.3, 99.2, 99.2, 99.1, 99.1, 99.1, 99.0, 98.9, 98.9, 98.8, 98.8, 98.7, 98.6, 98.6, 98.5, 98.5, 98.3, 98.2, 98.2, 98.1, 97.9, 97.8, 97.7, 97.6, 97.5, 97.3, 97.0, 96.9, 96.8, 96.7, 96.5, 96.1, 96.0, 96.0, 95.6, 95.4, 95.0, 94.8, 94.5, 94.2, 93.9, 93.4, 93.1, 92.8, 92.6, 92.4, 92.0, 91.7, 91.1, 90.7, 90.2, 89.1, 88.5, 87.8, 87.0, 85.8, 82.7, 82.4, 81.7, 80.8, 79.9, 79.1, 77.7, 76.8, 75.7, 74.9, 73.7, 72.2, 70.9, 69.7, 68.6, 67.2, 66.0, 64.9, 63.4, 62.4, 61.1, 58.8, 58.0, 57.1, 55.9, 54.4, 53.3, 51.9, 50.6, 49.7, 48.4, 48.4, 48.1, 47.9, 47.7, 47.6, 47.3, 47.2, 47.0, 46.7, 45.5, 44.2, 42.7, 41.4, 40.2, 38.7, 37.1, 35.599999999999994, 34.3, 32.599999999999994, 31.099999999999994, 29.400000000000006, 28.0, 26.799999999999997, 25.700000000000003, 25.5, 25.400000000000006, 25.299999999999997, 25.200000000000003, 25.0, 25.0, 24.700000000000003, 24.599999999999994, 24.400000000000006, 24.299999999999997, 24.200000000000003, 24.0, 24.0, 23.799999999999997, 23.599999999999994, 22.5, 21.299999999999997, 20.0, 18.900000000000006, 17.900000000000006, 16.799999999999997, 15.799999999999997, 14.700000000000003, 13.900000000000006, 12.900000000000006, 12.0, 11.099999999999994, 10.200000000000003, 9.400000000000006, 8.5, 7.700000000000003, 7.299999999999997, 6.599999999999994, 5.799999999999997, 5.0, 0.4000000000000057, 0.4000000000000057, 0.29999999999999716, 0.29999999999999716, 0.29999999999999716, 0.29999999999999716, 0.20000000000000284, 0.20000000000000284, 0.0]}}