{"histogram": {"x": [460, 470, 480, 490, 500, 510, 520, 530, 540, 550, 559, 569, 584, 594, 615, 624, 633, 648, 663, 684, 705], "y": [1, 1, 0, 0, 1, 2, 3, 1, 2, 6, 3, 9, 29, 52, 125, 80, 17, 189, 17, 641, 9]}, "percentile": {"x": [452, 467, 499, 501, 510, 512, 513, 519, 528, 536, 540, 541, 543, 545, 549, 550, 552, 555, 556, 560, 562, 564, 567, 569, 570, 571, 572, 573, 574, 575, 576, 577, 578, 579, 581, 582, 583, 584, 585, 586, 587, 588, 589, 590, 591, 592, 593, 594, 595, 596, 597, 598, 599, 600, 601, 602, 603, 604, 605, 606, 607, 608, 609, 610, 611, 612, 613, 614, 615, 616, 617, 618, 619, 620, 621, 622, 623, 624, 625, 626, 627, 628, 629, 630, 631, 633, 634, 635, 636, 637, 638, 639, 640, 641, 642, 643, 644, 645, 646, 647, 648, 649, 652, 653, 654, 656, 659, 661, 662, 663, 664, 665, 666, 667, 668, 669, 670, 671, 672, 673, 674, 675, 676, 677, 678, 679, 680, 681, 682, 683, 684, 686, 688, 694, 699, 700, 704], "y": [100.0, 99.9, 99.8, 99.7, 99.6, 99.5, 99.5, 99.4, 99.3, 99.2, 99.1, 99.0, 99.0, 98.9, 98.8, 98.6, 98.5, 98.4, 98.4, 98.3, 98.2, 98.0, 97.9, 97.6, 97.4, 97.4, 97.3, 96.9, 96.8, 96.8, 96.6, 96.4, 96.3, 96.0, 95.8, 95.7, 95.4, 95.2, 94.9, 94.8, 94.7, 94.2, 93.9, 93.6, 93.0, 92.4, 92.0, 90.8, 90.7, 90.4, 90.1, 89.6, 89.4, 89.1, 88.6, 87.9, 87.1, 86.5, 85.6, 85.0, 84.2, 84.1, 83.8, 83.5, 82.9, 82.3, 81.8, 81.3, 80.3, 79.7, 79.2, 78.7, 77.9, 77.2, 76.4, 75.5, 74.8, 73.5, 73.4, 73.3, 73.1, 72.8, 72.6, 72.3, 72.2, 72.1, 70.6, 69.5, 68.8, 68.2, 66.9, 65.8, 64.4, 63.2, 62.3, 61.5, 60.8, 59.6, 58.3, 57.3, 56.2, 56.1, 56.0, 55.8, 55.7, 55.4, 55.2, 55.1, 55.1, 54.7, 54.0, 52.7, 51.6, 50.5, 49.5, 47.6, 46.4, 44.8, 43.6, 42.4, 41.5, 39.8, 38.0, 36.2, 34.3, 32.599999999999994, 30.700000000000003, 28.799999999999997, 27.099999999999994, 25.200000000000003, 0.7000000000000028, 0.5999999999999943, 0.5999999999999943, 0.4000000000000057, 0.09999999999999432, 0.0, 0.0]}}