{"histogram": {"x": [320, 330, 340, 350, 360, 370, 380, 390, 400, 410, 420, 430, 440, 450, 460, 470, 480, 490, 500, 510, 520, 530, 540, 550, 559, 569, 584, 594, 615, 624, 633, 648, 663, 684, 705], "y": [1, 0, 0, 0, 0, 0, 0, 0, 0, 0, 1, 0, 1, 0, 0, 0, 1, 0, 1, 1, 0, 0, 0, 2, 7, 4, 7, 0, 21, 1, 0, 0, 0, 1, 0]}, "percentile": {"x": [318, 415, 431, 479, 491, 506, 550, 552, 554, 556, 559, 563, 566, 569, 570, 574, 576, 581, 582, 583, 597, 600, 604, 605, 607, 608, 609, 611, 612, 613, 614, 615, 622, 678], "y": [98.0, 95.9, 93.8, 91.7, 89.6, 87.5, 83.4, 81.3, 77.1, 75.0, 68.8, 66.7, 64.6, 60.5, 58.4, 56.3, 54.2, 50.0, 48.0, 45.9, 43.8, 37.5, 35.5, 31.299999999999997, 29.200000000000003, 27.099999999999994, 25.0, 23.0, 18.799999999999997, 14.599999999999994, 12.5, 2.0999999999999943, 0.0, -2.0]}}