{"histogram": {"y": [2, 0, 0, 0, 0, 0, 1, 0, 1, 2, 1, 4, 4, 9, 11, 6, 11, 8, 18, 12, 23, 18, 24, 36, 42, 44, 131, 285, 272, 840, 1350, 5175, 10386, 5794, 1230, 12922, 1739, 39135, 605], "x": [240, 270, 300, 310, 320, 330, 340, 350, 360, 370, 380, 390, 400, 410, 420, 430, 440, 450, 460, 470, 480, 490, 500, 510, 520, 530, 540, 550, 559, 569, 584, 594, 615, 624, 633, 648, 663, 684, 705]}, "percentile": {"y": [100.0, 100.0, 100.0, 100.0, 100.0, 100.0, 100.0, 100.0, 100.0, 100.0, 100.0, 100.0, 100.0, 100.0, 100.0, 100.0, 100.0, 100.0, 100.0, 100.0, 100.0, 100.0, 100.0, 100.0, 100.0, 100.0, 100.0, 100.0, 100.0, 100.0, 100.0, 100.0, 100.0, 100.0, 100.0, 100.0, 100.0, 100.0, 100.0, 100.0, 100.0, 100.0, 100.0, 100.0, 100.0, 100.0, 100.0, 100.0, 100.0, 100.0, 100.0, 100.0, 100.0, 99.9, 99.9, 99.9, 99.9, 99.9, 99.9, 99.9, 99.9, 99.9, 99.9, 99.9, 99.9, 99.9, 99.9, 99.9, 99.9, 99.9, 99.9, 99.9, 99.9, 99.9, 99.9, 99.9, 99.9, 99.9, 99.9, 99.9, 99.9, 99.9, 99.9, 99.8, 99.8, 99.8, 99.8, 99.8, 99.8, 99.8, 99.8, 99.8, 99.8, 99.8, 99.8, 99.8, 99.8, 99.8, 99.8, 99.8, 99.8, 99.8, 99.8, 99.7, 99.7, 99.7, 99.7, 99.7, 99.7, 99.7, 99.7, 99.7, 99.7, 99.7, 99.7, 99.7, 99.7, 99.7, 99.7, 99.7, 99.6, 99.5, 99.5, 99.5, 99.5, 99.5, 99.4, 99.4, 99.3, 99.3, 99.3, 99.2, 99.2, 99.1, 99.1, 99.0, 99.0, 99.0, 98.9, 98.9, 98.8, 98.8, 98.7, 98.7, 98.6, 98.5, 98.4, 98.3, 98.2, 98.1, 97.8, 97.7, 97.7, 97.6, 97.5, 97.3, 97.2, 97.1, 97.0, 96.9, 96.7, 96.6, 96.5, 96.4, 96.3, 96.1, 95.9, 95.7, 95.4, 95.1, 94.6, 94.2, 93.9, 93.4, 92.6, 89.7, 89.4, 89.1, 88.7, 88.3, 87.8, 87.2, 86.8, 86.2, 85.6, 85.0, 84.2, 83.7, 83.0, 82.4, 81.7, 80.9, 80.3, 79.5, 78.8, 78.1, 76.7, 76.0, 75.3, 74.5, 73.7, 72.8, 71.8, 71.0, 70.3, 69.5, 69.3, 69.2, 69.0, 68.9, 68.7, 68.5, 68.4, 68.3, 67.9, 67.1, 66.1, 65.1, 64.1, 63.1, 62.0, 60.9, 59.7, 58.5, 57.3, 56.1, 54.8, 53.7, 52.8, 51.8, 51.7, 51.5, 51.4, 51.2, 51.0, 50.9, 50.7, 50.5, 50.4, 50.2, 50.1, 50.0, 49.9, 49.8, 49.6, 48.6, 47.5, 46.4, 45.2, 44.0, 42.7, 41.5, 40.3, 39.0, 37.8, 36.5, 35.400000000000006, 34.099999999999994, 32.900000000000006, 31.599999999999994, 30.299999999999997, 28.900000000000006, 27.5, 26.0, 23.799999999999997, 0.7999999999999972, 0.7999999999999972, 0.7999999999999972, 0.7000000000000028, 0.7000000000000028, 0.7000000000000028, 0.5999999999999943, 0.5999999999999943, 0.5999999999999943, 0.5, 0.5, 0.4000000000000057, 0.4000000000000057, 0.4000000000000057, 0.4000000000000057, 0.29999999999999716, 0.29999999999999716, 0.29999999999999716, 0.29999999999999716, 0.20000000000000284, 0.0], "x": [40, 131, 334, 358, 361, 362, 376, 386, 387, 388, 390, 392, 399, 400, 401, 402, 403, 405, 408, 409, 410, 411, 412, 414, 415, 416, 418, 419, 423, 426, 428, 434, 435, 436, 438, 439, 440, 441, 442, 443, 444, 447, 448, 452, 453, 454, 455, 456, 458, 459, 460, 461, 462, 464, 465, 467, 468, 472, 473, 474, 475, 476, 478, 479, 480, 481, 484, 485, 486, 487, 488, 489, 490, 491, 492, 493, 494, 496, 497, 498, 499, 500, 501, 502, 503, 504, 505, 506, 507, 508, 509, 510, 511, 512, 513, 514, 515, 516, 517, 518, 519, 520, 521, 522, 523, 524, 525, 526, 527, 528, 529, 530, 531, 532, 533, 534, 535, 536, 537, 538, 539, 540, 541, 542, 543, 544, 545, 546, 547, 548, 549, 550, 551, 552, 553, 554, 555, 556, 557, 558, 559, 560, 561, 562, 563, 564, 565, 566, 567, 568, 569, 570, 571, 572, 573, 574, 575, 576, 577, 578, 579, 580, 581, 582, 583, 584, 585, 586, 587, 588, 589, 590, 591, 592, 593, 594, 595, 596, 597, 598, 599, 600, 601, 602, 603, 604, 605, 606, 607, 608, 609, 610, 611, 612, 613, 614, 615, 616, 617, 618, 619, 620, 621, 622, 623, 624, 625, 626, 627, 628, 629, 630, 631, 632, 633, 634, 635, 636, 637, 638, 639, 640, 641, 642, 643, 644, 645, 646, 647, 648, 649, 650, 651, 652, 653, 654, 655, 656, 657, 658, 659, 660, 661, 662, 663, 664, 665, 666, 667, 668, 669, 670, 671, 672, 673, 674, 675, 676, 677, 678, 679, 680, 681, 682, 683, 684, 685, 686, 687, 688, 689, 690, 691, 692, 693, 694, 695, 696, 697, 698, 699, 700, 701, 702, 703, 704]}}