{"percentile": {"x": [392, 408, 419, 432, 445, 494, 497, 501, 502, 518, 523, 527, 535, 544, 547, 548, 550, 553, 554, 558, 559, 560, 562, 563, 564, 565, 566, 567, 568, 569, 572, 574, 575, 577, 578, 579, 580, 581, 582, 583, 584, 585, 586, 587, 588, 589, 590, 591, 592, 593, 594, 595, 596, 597, 598, 599, 601, 602, 603, 604, 605, 606, 607, 608, 609, 610, 612, 613, 614, 615, 616, 617, 618, 619, 620, 621, 622, 623, 624, 625, 626, 628, 631, 632, 633, 634, 635, 636, 637, 638, 639, 640, 641, 642, 643, 644, 645, 646, 647, 648, 649, 651, 654, 655, 659, 660, 663, 664, 665, 666, 667, 668, 669, 670, 671, 672, 673, 674, 675, 676, 677, 678, 679, 680, 681, 682, 683, 684, 686], "y": [99.9, 99.8, 99.7, 99.5, 99.4, 99.2, 99.0, 98.9, 98.8, 98.7, 98.5, 98.4, 98.3, 98.2, 97.9, 97.8, 97.7, 97.5, 97.4, 97.3, 97.0, 96.9, 96.8, 96.4, 96.1, 95.9, 95.5, 95.4, 95.1, 95.0, 94.9, 94.8, 94.2, 94.1, 94.0, 93.9, 93.6, 93.4, 93.2, 93.1, 92.6, 92.2, 92.0, 91.6, 91.3, 90.3, 89.7, 89.3, 87.6, 86.1, 82.6, 82.5, 82.1, 81.9, 81.8, 81.4, 81.1, 81.0, 80.9, 80.6, 80.0, 79.5, 79.2, 78.9, 78.6, 78.2, 77.7, 77.6, 77.5, 76.3, 75.8, 74.5, 73.8, 73.2, 72.4, 71.2, 70.5, 69.5, 69.0, 68.8, 68.7, 68.5, 68.4, 68.3, 68.1, 67.8, 67.0, 66.5, 65.7, 64.5, 63.6, 63.2, 62.1, 60.7, 59.6, 57.2, 56.0, 54.8, 53.8, 52.8, 52.5, 52.3, 52.1, 52.0, 51.9, 51.8, 51.2, 50.5, 49.4, 48.2, 46.8, 45.7, 44.3, 43.8, 42.4, 40.4, 38.5, 37.4, 36.0, 34.900000000000006, 33.8, 31.400000000000006, 30.299999999999997, 29.400000000000006, 27.700000000000003, 26.299999999999997, 24.099999999999994, 0.0, -0.09999999999999432]}, "histogram": {"x": [400, 410, 420, 430, 440, 450, 460, 470, 480, 490, 500, 510, 520, 530, 540, 550, 559, 569, 584, 594, 615, 624, 633, 648, 663, 684, 705], "y": [1, 1, 1, 0, 1, 1, 0, 0, 0, 0, 3, 2, 1, 2, 1, 5, 5, 16, 19, 79, 50, 58, 7, 122, 12, 406, 1]}}