{"histogram": {"x": [400, 410, 420, 430, 440, 450, 460, 470, 480, 490, 500, 510, 520, 530, 540, 550, 559, 569, 584, 594, 615, 624, 633, 648, 663, 684, 705], "y": [1, 0, 0, 1, 0, 1, 3, 1, 1, 5, 0, 5, 6, 7, 14, 27, 60, 77, 211, 386, 1152, 546, 92, 1090, 89, 1268, 15]}, "percentile": {"x": [397, 426, 450, 453, 458, 459, 465, 473, 481, 483, 486, 487, 503, 504, 507, 508, 509, 511, 512, 513, 514, 520, 521, 524, 525, 526, 532, 534, 535, 537, 538, 539, 540, 542, 543, 544, 545, 546, 547, 548, 549, 550, 551, 552, 553, 554, 555, 556, 557, 558, 559, 560, 561, 562, 563, 564, 565, 566, 567, 568, 569, 570, 571, 572, 573, 574, 575, 576, 577, 578, 579, 580, 581, 582, 583, 584, 585, 586, 587, 588, 589, 590, 591, 592, 593, 594, 595, 596, 597, 598, 599, 600, 601, 602, 603, 604, 605, 606, 607, 608, 609, 610, 611, 612, 613, 614, 615, 616, 617, 618, 619, 620, 621, 622, 623, 624, 625, 626, 627, 628, 629, 630, 631, 632, 633, 634, 635, 636, 637, 638, 639, 640, 641, 642, 643, 644, 645, 646, 647, 648, 649, 650, 652, 653, 654, 655, 656, 657, 658, 659, 660, 661, 662, 663, 664, 665, 666, 667, 668, 669, 670, 671, 672, 673, 674, 675, 676, 677, 678, 679, 680, 681, 682, 683, 684, 686, 690, 700, 701, 702, 704], "y": [100.0, 100.0, 100.0, 100.0, 100.0, 99.9, 99.9, 99.9, 99.9, 99.9, 99.8, 99.8, 99.8, 99.8, 99.7, 99.7, 99.7, 99.7, 99.7, 99.6, 99.6, 99.6, 99.5, 99.5, 99.5, 99.4, 99.4, 99.4, 99.4, 99.3, 99.3, 99.3, 99.2, 99.1, 99.1, 99.0, 98.9, 98.9, 98.9, 98.8, 98.8, 98.6, 98.6, 98.4, 98.3, 98.2, 98.1, 98.0, 97.8, 97.6, 97.4, 97.4, 97.3, 97.2, 97.1, 96.8, 96.7, 96.6, 96.5, 96.3, 95.9, 95.8, 95.5, 95.3, 94.9, 94.6, 94.4, 94.0, 93.7, 93.3, 93.0, 92.9, 92.6, 92.4, 92.2, 91.7, 91.4, 91.2, 90.6, 90.1, 89.4, 89.0, 88.3, 87.8, 86.6, 84.1, 83.7, 83.2, 82.4, 81.5, 80.6, 79.9, 79.1, 78.1, 77.0, 75.8, 74.6, 73.5, 72.4, 71.2, 69.7, 68.7, 67.4, 66.1, 64.6, 63.2, 61.3, 60.0, 59.2, 58.0, 56.8, 55.5, 54.4, 53.1, 52.1, 50.5, 50.4, 50.2, 49.9, 49.7, 49.6, 49.4, 49.3, 49.2, 48.7, 47.6, 46.5, 45.1, 43.9, 42.3, 40.9, 39.4, 37.8, 35.8, 34.400000000000006, 33.0, 31.299999999999997, 29.900000000000006, 28.5, 27.200000000000003, 27.099999999999994, 26.900000000000006, 26.700000000000003, 26.599999999999994, 26.400000000000006, 26.200000000000003, 26.200000000000003, 26.0, 25.799999999999997, 25.799999999999997, 25.599999999999994, 25.599999999999994, 25.5, 25.400000000000006, 24.299999999999997, 23.099999999999994, 21.799999999999997, 20.5, 19.299999999999997, 17.900000000000006, 16.700000000000003, 15.700000000000003, 14.5, 13.5, 12.599999999999994, 11.900000000000006, 11.0, 10.0, 8.900000000000006, 8.200000000000003, 7.400000000000006, 6.700000000000003, 5.799999999999997, 4.799999999999997, 0.29999999999999716, 0.29999999999999716, 0.29999999999999716, 0.29999999999999716, 0.20000000000000284, 0.20000000000000284, 0.0]}}