{"percentile": {"x": [522, 542, 545, 560, 564, 567, 569, 574, 575, 576, 577, 585, 586, 587, 588, 589, 590, 592, 593, 594, 595, 596, 597, 598, 599, 600, 601, 602, 603, 604, 605, 606, 607, 608, 609, 610, 611, 612, 613, 614, 615, 616, 617, 618, 619, 620, 621, 622, 623, 624, 626, 628, 629, 630, 631, 632, 633, 634, 635, 636, 637, 638, 639, 640, 641, 642, 643, 644, 645, 646, 647, 648, 651, 653, 654, 655, 658, 659, 660, 661, 662, 663, 664, 665, 666, 667, 668, 669, 670, 671, 672, 673, 674, 675, 676, 677, 678, 679, 680, 681, 682, 683, 684, 701, 702, 704], "y": [99.9, 99.7, 99.6, 99.4, 99.2, 99.1, 98.8, 98.6, 98.3, 98.0, 97.8, 97.3, 97.0, 96.7, 96.0, 95.7, 95.6, 95.2, 94.6, 92.8, 92.4, 92.2, 92.0, 91.7, 91.4, 91.2, 91.1, 90.1, 89.3, 89.0, 88.8, 88.2, 87.9, 87.6, 86.8, 86.0, 85.0, 84.5, 84.0, 83.6, 82.0, 81.3, 80.7, 80.5, 79.4, 78.1, 77.5, 77.0, 75.4, 74.9, 74.8, 74.6, 74.4, 74.3, 74.0, 73.8, 73.2, 72.0, 70.9, 70.4, 68.7, 67.6, 67.1, 66.0, 65.3, 64.2, 63.2, 62.6, 61.5, 60.7, 59.6, 58.4, 58.3, 58.1, 58.0, 57.8, 57.5, 57.3, 57.0, 56.8, 56.5, 56.2, 53.8, 51.9, 51.6, 50.4, 49.3, 48.5, 47.1, 46.0, 44.8, 43.1, 41.5, 39.9, 38.9, 38.1, 37.3, 36.7, 35.400000000000006, 33.8, 32.2, 30.099999999999994, 0.5, 0.4000000000000057, 0.0, -0.09999999999999432]}, "histogram": {"x": [530, 540, 550, 559, 569, 584, 594, 615, 624, 633, 648, 663, 684, 705], "y": [1, 0, 2, 0, 5, 6, 31, 68, 44, 11, 92, 14, 348, 4]}}