{"histogram": {"x": [470, 480, 490, 500, 510, 520, 530, 540, 550, 559, 569, 584, 594, 615, 624, 633, 648, 663, 684, 705], "y": [3, 0, 1, 2, 1, 2, 1, 5, 24, 33, 81, 224, 448, 1645, 797, 147, 1848, 183, 2302, 25]}, "percentile": {"x": [461, 463, 490, 493, 500, 508, 511, 518, 521, 531, 534, 536, 538, 541, 542, 543, 545, 546, 547, 548, 550, 551, 552, 553, 554, 555, 556, 557, 558, 559, 560, 561, 562, 563, 564, 565, 566, 567, 568, 569, 570, 571, 572, 573, 574, 575, 576, 577, 578, 579, 580, 581, 582, 583, 584, 585, 586, 587, 588, 589, 590, 591, 592, 593, 594, 595, 596, 597, 598, 599, 600, 601, 602, 603, 604, 605, 606, 607, 608, 609, 610, 611, 612, 613, 614, 615, 616, 617, 618, 619, 620, 621, 622, 623, 624, 625, 626, 627, 628, 629, 630, 631, 632, 633, 634, 635, 636, 637, 638, 639, 640, 641, 642, 643, 644, 645, 646, 647, 648, 649, 650, 651, 652, 653, 654, 655, 656, 657, 658, 659, 660, 661, 662, 663, 664, 665, 666, 667, 668, 669, 670, 671, 672, 673, 674, 675, 676, 677, 678, 679, 680, 681, 682, 683, 684, 685, 687, 691, 693, 696, 699, 700, 702, 703, 704], "y": [100.0, 100.0, 100.0, 100.0, 100.0, 100.0, 99.9, 99.9, 99.9, 99.9, 99.9, 99.9, 99.9, 99.8, 99.8, 99.8, 99.8, 99.7, 99.7, 99.7, 99.5, 99.5, 99.5, 99.5, 99.4, 99.4, 99.3, 99.3, 99.2, 99.1, 99.1, 99.0, 98.9, 98.8, 98.6, 98.5, 98.4, 98.4, 98.2, 98.1, 98.0, 97.8, 97.7, 97.6, 97.5, 97.2, 96.9, 96.7, 96.5, 96.3, 96.2, 96.0, 95.8, 95.7, 95.2, 94.9, 94.6, 94.3, 93.9, 93.4, 93.1, 92.6, 92.0, 91.4, 89.4, 89.0, 88.7, 87.9, 87.3, 86.4, 85.5, 84.7, 83.7, 82.7, 81.7, 80.5, 79.6, 78.4, 77.1, 75.9, 74.8, 73.6, 72.7, 71.8, 70.4, 68.3, 67.1, 65.9, 64.7, 63.6, 62.5, 61.2, 59.9, 59.0, 58.0, 57.8, 57.4, 57.2, 57.0, 56.8, 56.7, 56.6, 56.5, 56.1, 54.7, 53.4, 51.9, 50.5, 48.8, 47.4, 45.8, 44.3, 42.4, 40.5, 38.6, 36.7, 35.2, 33.8, 32.3, 32.2, 32.099999999999994, 31.799999999999997, 31.599999999999994, 31.299999999999997, 31.099999999999994, 30.900000000000006, 30.799999999999997, 30.599999999999994, 30.400000000000006, 30.400000000000006, 30.299999999999997, 30.200000000000003, 30.099999999999994, 30.0, 28.599999999999994, 27.0, 25.900000000000006, 24.5, 23.200000000000003, 21.599999999999994, 20.299999999999997, 18.799999999999997, 17.299999999999997, 15.900000000000006, 14.599999999999994, 13.299999999999997, 12.099999999999994, 11.099999999999994, 10.200000000000003, 9.099999999999994, 8.099999999999994, 7.200000000000003, 6.099999999999994, 5.0, 0.4000000000000057, 0.29999999999999716, 0.29999999999999716, 0.29999999999999716, 0.29999999999999716, 0.29999999999999716, 0.20000000000000284, 0.20000000000000284, 0.20000000000000284, 0.20000000000000284, 0.0]}}