{"percentile": {"y": [100.0, 99.9, 99.8, 99.7, 99.6, 99.4, 99.2, 99.0, 98.9, 98.7, 98.6, 98.5, 98.3, 98.2, 98.1, 98.0, 97.8, 97.6, 97.2, 96.6, 96.3, 96.0, 95.8, 95.1, 93.0, 92.7, 92.3, 91.7, 91.1, 91.1, 90.6, 89.7, 88.6, 88.0, 87.3, 85.4, 84.2, 83.4, 82.4, 81.5, 80.1, 79.0, 77.9, 77.1, 75.2, 72.2, 71.1, 69.7, 68.7, 67.2, 66.0, 64.5, 63.5, 62.6, 61.1, 60.9, 60.4, 60.2, 60.0, 59.7, 59.4, 59.3, 58.7, 57.9, 56.7, 55.8, 54.0, 52.1, 50.2, 48.3, 46.4, 44.4, 42.8, 41.1, 39.4, 38.0, 36.6, 34.7, 34.599999999999994, 34.5, 34.400000000000006, 34.3, 34.099999999999994, 33.8, 33.8, 33.599999999999994, 33.3, 33.2, 32.900000000000006, 31.900000000000006, 30.400000000000006, 29.400000000000006, 27.900000000000006, 26.599999999999994, 25.900000000000006, 25.299999999999997, 23.799999999999997, 22.5, 21.200000000000003, 19.5, 18.0, 16.700000000000003, 15.200000000000003, 13.299999999999997, 12.099999999999994, 11.099999999999994, 10.299999999999997, 9.200000000000003, 8.299999999999997, 0.20000000000000284, 0.09999999999999432, 0.0], "x": [492, 549, 553, 554, 555, 559, 567, 572, 573, 574, 575, 576, 577, 579, 582, 583, 584, 586, 587, 589, 590, 591, 592, 593, 594, 595, 596, 597, 598, 599, 600, 601, 602, 603, 604, 605, 606, 607, 608, 609, 610, 611, 612, 613, 614, 615, 616, 617, 618, 619, 620, 621, 622, 623, 624, 625, 626, 627, 628, 629, 630, 632, 633, 634, 635, 636, 637, 638, 639, 640, 641, 642, 643, 644, 645, 646, 647, 648, 649, 651, 652, 653, 654, 655, 657, 658, 661, 662, 663, 664, 665, 666, 667, 668, 669, 670, 671, 672, 673, 674, 675, 676, 677, 678, 679, 680, 681, 682, 683, 684, 703, 704]}, "histogram": {"y": [1, 0, 0, 0, 0, 1, 5, 3, 16, 55, 238, 127, 28, 274, 21, 374, 3], "x": [500, 510, 520, 530, 540, 550, 559, 569, 584, 594, 615, 624, 633, 648, 663, 684, 705]}}