{"histogram": {"x": [440, 450, 460, 470, 480, 490, 500, 510, 520, 530, 540, 550, 559, 569, 584, 594, 615, 624, 633, 648, 663, 684, 705], "y": [1, 0, 0, 0, 0, 0, 0, 0, 0, 0, 0, 4, 0, 4, 15, 40, 104, 91, 9, 166, 33, 577, 6]}, "percentile": {"x": [439, 542, 548, 549, 550, 563, 566, 568, 571, 574, 575, 576, 577, 578, 581, 582, 584, 586, 587, 588, 589, 590, 591, 592, 593, 594, 595, 596, 597, 599, 600, 601, 602, 603, 605, 606, 607, 608, 609, 610, 611, 612, 613, 614, 615, 616, 617, 618, 619, 620, 621, 622, 623, 624, 628, 629, 631, 632, 633, 634, 635, 636, 637, 638, 639, 640, 641, 642, 643, 644, 645, 646, 647, 648, 649, 650, 651, 652, 653, 654, 655, 656, 657, 658, 659, 660, 663, 664, 665, 666, 667, 668, 669, 670, 671, 672, 673, 674, 675, 676, 677, 678, 679, 680, 681, 682, 683, 684, 688, 689, 692, 700, 704], "y": [100.0, 99.9, 99.8, 99.7, 99.6, 99.4, 99.3, 99.2, 99.1, 98.8, 98.6, 98.5, 98.4, 98.1, 98.0, 98.0, 97.8, 97.7, 97.2, 97.0, 96.4, 96.1, 96.0, 95.8, 95.3, 93.9, 93.8, 93.4, 93.1, 92.7, 92.4, 92.0, 91.6, 90.9, 90.4, 89.9, 89.5, 88.8, 88.1, 87.7, 86.9, 86.4, 85.8, 85.1, 84.0, 83.2, 82.1, 81.2, 80.8, 79.6, 78.9, 77.6, 76.5, 75.4, 75.1, 75.0, 74.8, 74.7, 74.5, 74.0, 72.9, 71.7, 71.2, 70.2, 69.1, 67.8, 66.4, 65.3, 63.3, 62.6, 61.3, 60.7, 60.0, 58.7, 58.3, 58.1, 58.0, 57.4, 57.1, 56.9, 56.7, 56.6, 56.4, 56.1, 55.9, 55.8, 55.5, 54.8, 53.7, 52.5, 51.1, 49.8, 48.0, 46.8, 45.3, 44.0, 41.9, 41.1, 40.0, 38.8, 37.5, 36.3, 34.599999999999994, 32.900000000000006, 31.700000000000003, 30.5, 28.299999999999997, 0.5, 0.4000000000000057, 0.29999999999999716, 0.09999999999999432, 0.0, 0.0]}}