{"histogram": {"x": [470, 480, 490, 500, 510, 520, 530, 540, 550, 559, 569, 584, 594, 615, 624, 633, 648, 663, 684, 705], "y": [3, 0, 1, 2, 1, 2, 1, 5, 22, 34, 82, 227, 448, 1633, 793, 146, 1857, 186, 2310, 25]}, "percentile": {"x": [461, 463, 490, 493, 500, 508, 511, 518, 521, 531, 534, 536, 538, 541, 542, 543, 545, 546, 547, 548, 550, 551, 552, 553, 554, 555, 556, 557, 558, 559, 560, 561, 562, 563, 564, 565, 566, 567, 568, 569, 570, 571, 572, 573, 574, 575, 576, 577, 578, 579, 580, 581, 582, 583, 584, 585, 586, 587, 588, 589, 590, 591, 592, 593, 594, 595, 596, 597, 598, 599, 600, 601, 602, 603, 604, 605, 606, 607, 608, 609, 610, 611, 612, 613, 614, 615, 616, 617, 618, 619, 620, 621, 622, 623, 624, 625, 626, 627, 628, 629, 630, 631, 632, 633, 634, 635, 636, 637, 638, 639, 640, 641, 642, 643, 644, 645, 646, 647, 648, 649, 650, 651, 652, 653, 654, 655, 656, 657, 658, 659, 660, 661, 662, 663, 664, 665, 666, 667, 668, 669, 670, 671, 672, 673, 674, 675, 676, 677, 678, 679, 680, 681, 682, 683, 684, 685, 687, 691, 693, 696, 699, 700, 702, 703, 704], "y": [100.0, 100.0, 100.0, 100.0, 100.0, 100.0, 99.9, 99.9, 99.9, 99.9, 99.9, 99.9, 99.9, 99.8, 99.8, 99.8, 99.8, 99.8, 99.7, 99.7, 99.6, 99.6, 99.5, 99.5, 99.4, 99.4, 99.3, 99.3, 99.2, 99.1, 99.1, 99.0, 98.9, 98.8, 98.6, 98.5, 98.5, 98.4, 98.2, 98.1, 98.0, 97.9, 97.7, 97.6, 97.5, 97.2, 96.9, 96.7, 96.5, 96.3, 96.2, 96.0, 95.8, 95.6, 95.2, 94.8, 94.6, 94.3, 93.9, 93.4, 93.0, 92.6, 92.0, 91.3, 89.4, 89.0, 88.7, 87.9, 87.2, 86.4, 85.5, 84.7, 83.7, 82.7, 81.7, 80.6, 79.7, 78.5, 77.2, 76.0, 74.9, 73.7, 72.8, 71.9, 70.5, 68.4, 67.2, 66.0, 64.8, 63.8, 62.6, 61.4, 60.1, 59.2, 58.2, 58.0, 57.6, 57.4, 57.3, 57.0, 56.9, 56.8, 56.7, 56.3, 54.8, 53.5, 52.1, 50.6, 49.0, 47.6, 45.9, 44.4, 42.6, 40.7, 38.8, 36.9, 35.400000000000006, 33.900000000000006, 32.5, 32.400000000000006, 32.2, 31.900000000000006, 31.599999999999994, 31.400000000000006, 31.200000000000003, 31.0, 30.900000000000006, 30.700000000000003, 30.5, 30.5, 30.400000000000006, 30.299999999999997, 30.200000000000003, 30.099999999999994, 28.599999999999994, 27.0, 26.0, 24.599999999999994, 23.200000000000003, 21.700000000000003, 20.299999999999997, 18.700000000000003, 17.299999999999997, 15.900000000000006, 14.599999999999994, 13.299999999999997, 12.099999999999994, 11.099999999999994, 10.099999999999994, 9.099999999999994, 8.099999999999994, 7.099999999999994, 6.099999999999994, 4.900000000000006, 0.4000000000000057, 0.29999999999999716, 0.29999999999999716, 0.29999999999999716, 0.29999999999999716, 0.29999999999999716, 0.20000000000000284, 0.20000000000000284, 0.20000000000000284, 0.20000000000000284, 0.0]}}