{"percentile": {"x": [580, 592, 593, 594, 598, 601, 602, 603, 604, 605, 606, 608, 609, 610, 612, 613, 614, 615, 616, 617, 619, 620, 621, 622, 623, 624, 626, 627, 628, 629, 630, 631, 632, 633, 634, 635, 636, 637, 638, 639, 640, 641, 642, 643, 644, 645, 646, 647, 648, 649, 650, 657, 660, 662, 663, 664, 665, 666, 667, 668, 669, 670, 671, 672, 673, 674, 675, 676, 677, 678, 679, 680, 681, 682, 683, 684, 694, 698, 704], "y": [99.5, 98.8, 98.0, 97.5, 97.0, 96.0, 95.0, 94.5, 94.2, 94.0, 93.7, 92.9, 92.2, 91.9, 90.7, 89.1, 88.6, 87.6, 87.1, 85.6, 84.3, 82.8, 82.0, 81.8, 80.8, 79.5, 79.2, 79.0, 78.7, 78.5, 78.2, 78.0, 77.5, 77.0, 75.2, 74.2, 72.4, 70.1, 69.1, 67.6, 65.3, 64.3, 62.2, 60.5, 58.9, 57.4, 56.1, 54.9, 53.6, 53.3, 53.1, 52.8, 52.6, 52.3, 52.1, 51.1, 49.3, 47.8, 46.5, 45.7, 43.7, 41.9, 40.2, 38.9, 37.1, 35.8, 33.599999999999994, 31.5, 29.700000000000003, 27.700000000000003, 24.700000000000003, 22.900000000000006, 21.400000000000006, 20.599999999999994, 17.299999999999997, 0.5999999999999943, 0.29999999999999716, 0.0, -0.20000000000000284]}, "histogram": {"x": [584, 594, 615, 624, 633, 648, 663, 684, 705], "y": [2, 8, 39, 32, 10, 92, 6, 203, 3]}}