{"percentile": {"y": [99.4, 98.7, 98.0, 97.3, 96.6, 95.9, 95.2, 94.5, 93.8, 93.1, 91.7, 91.0, 89.6, 88.2, 87.5, 86.9, 86.2, 85.5, 84.1, 83.4, 82.7, 82.0, 81.3, 80.6, 79.9, 79.2, 78.5, 77.8, 77.1, 76.4, 75.7, 75.0, 74.4, 73.0, 71.6, 70.9, 70.2, 68.8, 68.1, 67.4, 65.3, 64.6, 63.2, 61.9, 61.2, 59.8, 59.1, 58.4, 57.0, 56.3, 54.9, 51.4, 50.7, 48.0, 46.6, 45.2, 44.5, 41.7, 40.3, 37.5, 36.2, 34.8, 33.400000000000006, 32.7, 31.299999999999997, 30.599999999999994, 29.200000000000003, 25.700000000000003, 25.0, 24.400000000000006, 18.799999999999997, 17.400000000000006, 16.700000000000003, 14.599999999999994, 13.900000000000006, 13.200000000000003, 12.5, 11.200000000000003, 9.099999999999994, 8.400000000000006, 7.700000000000003, 7.0, 6.299999999999997, 4.900000000000006, 2.799999999999997, 2.0999999999999943, 1.4000000000000057, 0.7000000000000028, 0.0, -0.5999999999999943], "x": [324, 353, 365, 370, 396, 407, 410, 427, 441, 449, 462, 473, 475, 481, 482, 483, 485, 490, 491, 496, 498, 499, 500, 502, 505, 507, 508, 509, 514, 517, 519, 520, 521, 522, 528, 529, 532, 539, 540, 544, 545, 547, 550, 551, 552, 553, 554, 555, 556, 557, 558, 559, 562, 564, 566, 567, 568, 569, 571, 572, 573, 574, 576, 579, 580, 581, 582, 584, 585, 586, 589, 590, 594, 595, 596, 599, 603, 604, 605, 607, 608, 610, 612, 614, 615, 618, 624, 629, 637, 653]}, "histogram": {"y": [1, 0, 0, 1, 2, 0, 0, 1, 2, 0, 1, 0, 2, 0, 2, 3, 6, 6, 5, 4, 6, 4, 7, 17, 14, 23, 13, 20, 2, 1, 1, 1, 0, 0], "x": [330, 340, 350, 360, 370, 380, 390, 400, 410, 420, 430, 440, 450, 460, 470, 480, 490, 500, 510, 520, 530, 540, 550, 559, 569, 584, 594, 615, 624, 633, 648, 663, 684, 705]}}