{"percentile": {"y": [98.5, 95.5, 94.0, 91.0, 89.4, 87.9, 86.4, 84.9, 83.4, 80.4, 78.8, 77.3, 75.8, 74.3, 72.8, 71.3, 69.7, 68.2, 66.7, 65.2, 63.7, 62.2, 60.7, 57.6, 56.1, 54.6, 53.1, 51.6, 50.0, 48.5, 44.0, 42.5, 41.0, 36.4, 34.900000000000006, 33.400000000000006, 30.400000000000006, 28.799999999999997, 27.299999999999997, 25.799999999999997, 24.299999999999997, 22.799999999999997, 21.299999999999997, 19.700000000000003, 18.200000000000003, 16.700000000000003, 15.200000000000003, 13.700000000000003, 12.200000000000003, 9.099999999999994, 7.599999999999994, 6.099999999999994, 4.599999999999994, 3.0999999999999943, 1.5999999999999943, 0.0, -1.5], "x": [311, 324, 367, 373, 389, 392, 397, 400, 402, 403, 407, 419, 422, 426, 429, 432, 433, 445, 446, 448, 457, 460, 465, 467, 470, 481, 485, 489, 490, 492, 512, 520, 523, 536, 545, 546, 550, 554, 559, 560, 564, 567, 568, 575, 578, 579, 582, 584, 586, 594, 599, 601, 607, 612, 620, 636, 684]}, "histogram": {"y": [1, 2, 0, 0, 0, 1, 2, 1, 3, 4, 1, 3, 2, 3, 2, 4, 0, 4, 1, 0, 4, 1, 3, 4, 2, 4, 5, 3, 4, 1, 0, 1, 0, 1, 0], "x": [320, 330, 340, 350, 360, 370, 380, 390, 400, 410, 420, 430, 440, 450, 460, 470, 480, 490, 500, 510, 520, 530, 540, 550, 559, 569, 584, 594, 615, 624, 633, 648, 663, 684, 705]}}