{"histogram": {"x": [300, 310, 320, 330, 340, 350, 360, 370, 380, 390, 400, 410, 420, 430, 440, 450, 460, 470, 480, 490, 500, 510, 520, 530, 540, 550, 559, 569, 584, 594, 615, 624, 633, 648, 663, 684, 705], "y": [1, 1, 1, 2, 5, 3, 1, 3, 5, 3, 5, 3, 10, 3, 13, 7, 9, 15, 12, 12, 16, 24, 19, 21, 18, 42, 89, 50, 131, 28, 46, 5, 0, 4, 0, 2, 0]}, "percentile": {"x": [280, 310, 315, 321, 324, 335, 336, 337, 339, 340, 346, 348, 350, 359, 366, 367, 373, 376, 379, 380, 382, 384, 389, 391, 392, 395, 400, 401, 404, 410, 411, 412, 413, 415, 416, 419, 428, 430, 432, 433, 435, 436, 438, 439, 440, 441, 442, 443, 446, 447, 448, 451, 452, 453, 455, 457, 458, 460, 461, 463, 464, 465, 466, 472, 475, 476, 477, 478, 479, 480, 482, 483, 484, 485, 486, 487, 490, 492, 494, 495, 496, 497, 498, 499, 500, 502, 503, 504, 505, 507, 508, 509, 510, 511, 513, 514, 515, 516, 518, 519, 520, 521, 522, 523, 524, 525, 526, 527, 528, 529, 530, 531, 532, 534, 535, 536, 537, 539, 540, 542, 545, 546, 547, 548, 549, 550, 551, 552, 553, 554, 555, 556, 557, 558, 559, 560, 561, 562, 563, 564, 565, 566, 567, 568, 569, 570, 571, 572, 573, 574, 575, 576, 577, 578, 579, 580, 581, 582, 583, 584, 585, 586, 587, 588, 589, 590, 591, 592, 593, 594, 595, 596, 598, 599, 600, 601, 602, 603, 604, 605, 606, 608, 609, 610, 611, 612, 613, 614, 615, 616, 618, 619, 620, 636, 637, 640, 644, 671, 678], "y": [99.9, 99.7, 99.6, 99.4, 99.2, 99.1, 98.9, 98.7, 98.6, 98.4, 98.2, 98.1, 97.9, 97.7, 97.4, 97.3, 96.9, 96.8, 96.6, 96.4, 96.3, 96.1, 95.9, 95.8, 95.4, 95.3, 95.1, 95.0, 94.8, 94.6, 94.5, 94.3, 93.8, 93.6, 93.5, 93.0, 92.6, 92.5, 92.3, 91.8, 91.7, 91.3, 90.8, 90.7, 90.3, 90.0, 89.9, 89.7, 89.5, 89.4, 89.2, 89.0, 88.9, 88.7, 88.4, 88.2, 88.0, 87.7, 87.4, 86.9, 86.6, 85.6, 85.2, 85.1, 84.8, 84.4, 84.3, 84.1, 83.6, 83.3, 83.1, 82.8, 82.6, 82.5, 82.1, 82.0, 81.3, 81.1, 81.0, 80.5, 80.3, 79.8, 79.3, 79.2, 78.7, 78.2, 77.8, 77.2, 76.4, 76.0, 75.7, 75.0, 74.7, 74.4, 74.2, 73.9, 73.7, 73.4, 72.9, 72.6, 71.6, 71.4, 71.3, 70.8, 70.4, 70.0, 69.5, 69.1, 68.8, 68.6, 68.1, 67.6, 67.3, 67.2, 66.7, 66.5, 66.3, 65.7, 65.2, 64.9, 63.5, 63.0, 62.7, 62.5, 61.9, 58.3, 57.6, 57.0, 55.6, 52.8, 52.4, 51.0, 49.2, 47.7, 43.6, 43.1, 42.8, 42.5, 42.0, 41.3, 41.0, 40.7, 39.9, 39.7, 35.400000000000006, 34.599999999999994, 33.599999999999994, 32.3, 31.299999999999997, 29.5, 28.0, 25.700000000000003, 24.700000000000003, 22.700000000000003, 21.299999999999997, 19.5, 18.0, 16.799999999999997, 15.799999999999997, 13.900000000000006, 13.5, 13.400000000000006, 13.200000000000003, 12.700000000000003, 12.099999999999994, 11.700000000000003, 11.599999999999994, 11.400000000000006, 11.200000000000003, 9.299999999999997, 8.900000000000006, 8.099999999999994, 7.799999999999997, 6.599999999999994, 6.099999999999994, 5.5, 5.0, 4.799999999999997, 4.5, 4.200000000000003, 3.700000000000003, 3.299999999999997, 3.200000000000003, 3.0, 2.799999999999997, 2.200000000000003, 2.0, 1.9000000000000057, 1.7000000000000028, 1.4000000000000057, 1.2000000000000028, 1.0, 0.9000000000000057, 0.7000000000000028, 0.5, 0.4000000000000057, 0.20000000000000284, 0.0, -0.09999999999999432]}}