{"percentile": {"y": [100.0, 99.9, 99.7, 99.6, 99.5, 99.3, 99.2, 99.0, 98.9, 98.8, 98.7, 98.6, 98.3, 98.0, 97.4, 97.3, 96.5, 96.3, 95.7, 94.6, 94.5, 94.4, 94.1, 93.7, 93.2, 92.6, 91.5, 90.9, 90.1, 89.4, 88.2, 87.5, 86.5, 85.8, 84.1, 83.4, 82.6, 82.0, 80.5, 79.2, 76.1, 75.3, 74.0, 72.4, 71.4, 69.9, 68.4, 66.9, 66.0, 64.1, 63.9, 63.7, 63.3, 63.1, 63.0, 62.7, 62.5, 62.4, 61.9, 60.0, 58.2, 56.8, 54.9, 53.4, 51.3, 49.7, 47.8, 46.3, 44.1, 42.5, 41.4, 40.0, 38.7, 37.7, 37.6, 37.5, 37.3, 37.2, 37.0, 36.7, 36.6, 36.2, 34.900000000000006, 33.400000000000006, 31.299999999999997, 28.799999999999997, 27.5, 25.599999999999994, 24.400000000000006, 23.0, 21.5, 19.5, 18.400000000000006, 17.0, 16.0, 14.400000000000006, 13.099999999999994, 11.700000000000003, 10.5, 8.799999999999997, 7.900000000000006, 7.0, 0.29999999999999716, 0.20000000000000284, 0.09999999999999432, 0.0, 0.0], "x": [559, 565, 572, 573, 574, 575, 576, 577, 578, 579, 580, 582, 587, 588, 589, 590, 591, 592, 593, 594, 595, 596, 597, 598, 599, 600, 601, 602, 603, 604, 605, 606, 607, 608, 609, 610, 611, 612, 613, 614, 615, 616, 617, 618, 619, 620, 621, 622, 623, 624, 625, 626, 627, 628, 629, 630, 631, 632, 633, 634, 635, 636, 637, 638, 639, 640, 641, 642, 643, 644, 645, 646, 647, 648, 650, 652, 653, 654, 655, 657, 658, 662, 664, 665, 666, 667, 668, 669, 670, 671, 672, 673, 674, 675, 676, 677, 678, 679, 680, 681, 682, 683, 684, 689, 691, 693, 697]}, "histogram": {"y": [1, 1, 13, 40, 186, 121, 22, 243, 15, 361, 4], "x": [559, 569, 584, 594, 615, 624, 633, 648, 663, 684, 705]}}