{"histogram": {"y": [6, 0, 4, 0, 2, 1, 3, 0, 1, 0, 3, 2, 1, 1, 0, 1, 4, 1, 1, 2, 2, 1, 4, 3, 0, 2, 2, 3, 5, 1, 0, 0, 0, 0, 0, 0, 0], "x": [300, 310, 320, 330, 340, 350, 360, 370, 380, 390, 400, 410, 420, 430, 440, 450, 460, 470, 480, 490, 500, 510, 520, 530, 540, 550, 559, 569, 584, 594, 615, 624, 633, 648, 663, 684, 705]}, "percentile": {"y": [98.2, 96.4, 94.6, 92.8, 91.0, 89.1, 87.3, 85.5, 83.7, 81.9, 80.0, 78.2, 76.4, 72.8, 71.0, 69.1, 67.3, 63.7, 61.9, 60.0, 58.2, 56.4, 54.6, 52.8, 47.3, 45.5, 43.7, 41.9, 40.0, 38.2, 36.4, 34.599999999999994, 31.0, 29.099999999999994, 27.299999999999997, 25.5, 23.700000000000003, 21.900000000000006, 20.0, 18.200000000000003, 16.400000000000006, 14.599999999999994, 12.799999999999997, 11.0, 9.099999999999994, 7.299999999999997, 5.5, 3.700000000000003, 0.0, -1.7999999999999972], "x": [280, 284, 285, 287, 288, 291, 312, 314, 319, 320, 332, 339, 341, 351, 354, 380, 397, 400, 404, 407, 419, 429, 445, 455, 456, 468, 479, 481, 486, 492, 495, 501, 511, 518, 520, 521, 522, 529, 542, 550, 555, 559, 561, 563, 569, 575, 577, 582, 584, 585]}}