{"histogram": {"y": [1, 0, 0, 1, 0, 0, 0, 0, 0, 0, 0, 1, 0, 1, 0, 0, 2, 2, 0, 1, 0, 0, 1, 2, 2, 0, 4, 0, 0, 1, 0, 0, 0], "x": [340, 350, 360, 370, 380, 390, 400, 410, 420, 430, 440, 450, 460, 470, 480, 490, 500, 510, 520, 530, 540, 550, 559, 569, 584, 594, 615, 624, 633, 648, 663, 684, 705]}, "percentile": {"y": [94.5, 88.9, 83.4, 77.8, 72.3, 66.7, 61.2, 55.6, 50.0, 44.5, 38.9, 33.400000000000006, 27.799999999999997, 22.299999999999997, 11.200000000000003, 0.0, -5.5], "x": [337, 363, 447, 463, 494, 500, 505, 506, 528, 554, 560, 565, 570, 579, 598, 615, 639]}}