{"histogram": {"y": [5, 19, 10, 3, 30, 2, 75, 0], "x": [594, 615, 624, 633, 648, 663, 684, 705]}, "percentile": {"y": [98.7, 96.6, 95.9, 94.5, 93.8, 92.4, 91.7, 90.3, 89.6, 88.9, 87.5, 85.4, 84.7, 84.0, 83.3, 82.6, 80.5, 79.8, 79.1, 78.4, 77.7, 76.3, 75.6, 74.9, 74.2, 73.5, 72.8, 70.0, 65.8, 65.1, 63.7, 63.0, 62.3, 61.6, 60.9, 59.5, 55.3, 54.6, 53.2, 52.5, 51.8, 51.1, 50.4, 48.3, 45.5, 44.1, 42.0, 37.1, 35.0, 32.900000000000006, 32.2, 30.799999999999997, 30.099999999999994, 28.700000000000003, 25.200000000000003, 21.0, 19.599999999999994, 18.900000000000006, 18.200000000000003, 16.799999999999997, -0.5999999999999943], "x": [593, 594, 598, 601, 602, 604, 605, 606, 608, 609, 611, 612, 613, 614, 615, 616, 617, 619, 620, 621, 622, 624, 628, 631, 633, 635, 636, 637, 638, 639, 640, 641, 642, 643, 644, 645, 646, 647, 648, 659, 661, 664, 665, 666, 667, 668, 669, 670, 671, 672, 673, 675, 676, 677, 678, 679, 680, 681, 682, 683, 684]}}