{"percentile": {"x": [540, 579, 590, 592, 593, 594, 595, 602, 603, 605, 606, 607, 608, 609, 610, 611, 612, 613, 614, 615, 616, 617, 618, 619, 621, 623, 624, 628, 632, 634, 635, 636, 637, 638, 639, 640, 641, 642, 643, 644, 645, 646, 647, 648, 651, 652, 653, 654, 655, 656, 658, 661, 665, 666, 667, 668, 669, 671, 672, 673, 674, 675, 676, 677, 678, 679, 680, 681, 682, 683, 684, 691, 704], "y": [99.7, 99.4, 99.1, 98.8, 98.5, 97.9, 97.6, 97.3, 96.7, 96.1, 95.8, 94.6, 94.0, 93.7, 93.4, 93.1, 92.8, 92.5, 91.6, 88.2, 87.0, 85.8, 84.3, 83.1, 82.8, 81.6, 80.7, 80.0, 79.7, 78.5, 76.7, 74.9, 74.6, 72.2, 69.7, 67.6, 66.4, 65.2, 64.0, 61.9, 58.5, 56.7, 54.6, 53.4, 53.1, 52.2, 51.3, 51.0, 50.7, 50.4, 49.7, 49.4, 48.8, 47.6, 46.4, 44.3, 43.1, 41.0, 39.4, 37.3, 36.4, 34.599999999999994, 33.7, 32.2, 31.0, 29.400000000000006, 28.799999999999997, 27.299999999999997, 23.400000000000006, 21.900000000000006, 0.7000000000000028, 0.4000000000000057, -0.29999999999999716]}, "histogram": {"x": [540, 550, 559, 569, 584, 594, 615, 624, 633, 648, 663, 684, 705], "y": [1, 0, 0, 0, 1, 5, 32, 25, 3, 87, 13, 161, 3]}}