{"percentile": {"y": [99.7, 99.5, 99.3, 98.9, 98.7, 98.3, 98.1, 97.8, 97.4, 96.8, 96.6, 95.9, 94.9, 94.7, 94.5, 94.0, 93.2, 92.6, 92.4, 92.2, 91.3, 91.1, 90.9, 89.8, 88.6, 86.5, 86.3, 85.6, 85.0, 84.0, 83.3, 82.1, 81.4, 80.2, 79.3, 79.1, 78.9, 78.7, 77.8, 76.2, 74.5, 73.0, 71.5, 69.0, 67.3, 66.0, 64.4, 63.5, 60.8, 59.1, 56.0, 54.7, 52.6, 52.2, 52.0, 51.5, 50.9, 50.7, 50.5, 50.3, 50.1, 49.8, 49.6, 49.0, 47.7, 46.9, 44.0, 42.5, 40.4, 39.5, 37.4, 35.900000000000006, 35.099999999999994, 34.099999999999994, 31.299999999999997, 29.799999999999997, 28.200000000000003, 26.299999999999997, 23.099999999999994, 21.200000000000003, 19.900000000000006, 18.700000000000003, 17.0, 14.900000000000006, 1.0, 0.7999999999999972, 0.5999999999999943, 0.20000000000000284, -0.09999999999999432], "x": [540, 575, 578, 581, 585, 588, 589, 593, 594, 597, 599, 600, 602, 603, 604, 605, 606, 607, 608, 609, 610, 611, 612, 613, 614, 615, 616, 617, 618, 619, 620, 621, 622, 623, 624, 626, 628, 633, 634, 635, 636, 637, 638, 639, 640, 641, 642, 643, 644, 645, 646, 647, 648, 650, 651, 652, 653, 654, 655, 656, 658, 659, 660, 663, 664, 665, 666, 667, 668, 669, 670, 671, 672, 673, 674, 675, 676, 677, 678, 679, 680, 681, 682, 683, 684, 689, 694, 703, 704]}, "histogram": {"y": [2, 0, 0, 0, 4, 8, 57, 38, 3, 137, 19, 252, 6], "x": [540, 550, 559, 569, 584, 594, 615, 624, 633, 648, 663, 684, 705]}}