{"histogram": {"y": [1, 3, 5, 0, 3, 2, 1, 1, 5, 7, 2, 3, 3, 6, 10, 6, 14, 8, 11, 15, 11, 26, 64, 32, 109, 48, 100, 14, 4, 7, 0, 11, 1], "x": [340, 350, 360, 370, 380, 390, 400, 410, 420, 430, 440, 450, 460, 470, 480, 490, 500, 510, 520, 530, 540, 550, 559, 569, 584, 594, 615, 624, 633, 648, 663, 684, 705]}, "percentile": {"y": [99.9, 99.7, 99.3, 99.1, 98.7, 98.5, 98.4, 98.2, 98.0, 97.8, 97.4, 97.2, 97.0, 96.7, 96.5, 96.1, 95.9, 95.7, 95.5, 95.4, 94.8, 94.6, 94.4, 94.2, 94.0, 93.8, 93.7, 93.3, 93.1, 92.7, 92.5, 92.3, 92.2, 91.8, 91.4, 91.2, 90.8, 90.7, 90.5, 90.3, 90.1, 89.9, 89.7, 89.5, 89.1, 88.8, 88.6, 88.2, 88.0, 87.6, 87.5, 86.9, 86.5, 86.1, 86.0, 85.8, 85.6, 85.4, 85.0, 84.8, 84.6, 84.3, 84.1, 83.7, 83.3, 83.1, 82.9, 82.6, 81.8, 81.6, 81.3, 81.1, 80.1, 79.7, 79.6, 79.4, 78.8, 78.6, 78.1, 77.9, 77.7, 76.0, 75.4, 73.2, 72.6, 71.7, 70.4, 69.2, 68.7, 67.2, 65.3, 64.3, 61.1, 60.8, 60.6, 59.1, 58.9, 58.5, 58.1, 57.6, 55.1, 54.2, 53.4, 52.7, 50.6, 49.3, 47.4, 46.1, 44.6, 42.3, 41.6, 40.8, 38.8, 38.4, 37.3, 34.599999999999994, 33.5, 33.3, 32.8, 32.400000000000006, 31.099999999999994, 30.900000000000006, 30.299999999999997, 29.900000000000006, 25.599999999999994, 24.900000000000006, 24.299999999999997, 22.200000000000003, 20.900000000000006, 19.799999999999997, 19.400000000000006, 18.799999999999997, 17.5, 16.599999999999994, 15.799999999999997, 14.700000000000003, 13.0, 12.599999999999994, 11.5, 10.799999999999997, 10.599999999999994, 10.0, 9.400000000000006, 8.900000000000006, 6.799999999999997, 6.400000000000006, 5.900000000000006, 5.5, 5.099999999999994, 4.700000000000003, 4.200000000000003, 4.0, 3.5999999999999943, 3.4000000000000057, 3.200000000000003, 3.0999999999999943, 2.9000000000000057, 2.700000000000003, 2.299999999999997, 2.0999999999999943, 1.9000000000000057, 1.7000000000000028, 1.5999999999999943, 1.4000000000000057, 1.2000000000000028, 0.0, -0.09999999999999432], "x": [335, 341, 350, 352, 354, 358, 359, 377, 378, 380, 390, 398, 404, 413, 414, 420, 422, 426, 427, 429, 430, 433, 434, 443, 445, 448, 457, 459, 461, 464, 465, 469, 470, 471, 472, 474, 477, 478, 479, 480, 482, 486, 488, 489, 490, 491, 493, 494, 495, 496, 497, 498, 499, 501, 502, 504, 506, 507, 510, 512, 514, 515, 516, 517, 518, 519, 520, 521, 522, 525, 526, 528, 529, 531, 532, 533, 536, 539, 540, 543, 544, 545, 548, 550, 551, 552, 553, 554, 555, 556, 557, 558, 559, 562, 563, 564, 565, 566, 567, 568, 569, 570, 571, 572, 573, 574, 575, 576, 577, 578, 579, 580, 581, 582, 583, 584, 585, 586, 587, 588, 589, 591, 592, 593, 594, 595, 596, 597, 598, 599, 600, 601, 602, 603, 604, 605, 606, 607, 608, 609, 610, 611, 613, 614, 615, 616, 618, 620, 621, 622, 624, 629, 631, 633, 634, 639, 640, 641, 645, 646, 666, 667, 668, 674, 679, 684, 704]}}