{"histogram": {"y": [1, 1, 12, 76, 45, 3, 120, 8, 178, 1], "x": [569, 584, 594, 615, 624, 633, 648, 663, 684, 705]}, "percentile": {"y": [99.8, 99.6, 99.4, 98.9, 98.7, 97.8, 96.9, 96.7, 96.4, 95.5, 95.1, 94.6, 94.0, 93.7, 93.3, 93.1, 92.6, 92.2, 91.5, 90.8, 90.4, 89.2, 87.4, 86.3, 85.2, 84.1, 82.5, 79.8, 78.0, 76.6, 76.0, 75.0, 74.8, 73.5, 72.1, 70.8, 69.6, 69.4, 69.2, 69.0, 66.9, 65.8, 64.2, 61.8, 59.7, 58.8, 56.4, 55.0, 53.4, 51.6, 49.4, 46.2, 44.9, 43.3, 41.9, 41.7, 41.0, 40.8, 40.6, 40.1, 38.8, 37.9, 35.599999999999994, 34.5, 32.3, 30.900000000000006, 28.900000000000006, 27.099999999999994, 25.700000000000003, 24.099999999999994, 22.799999999999997, 21.200000000000003, 19.900000000000006, 19.200000000000003, 17.799999999999997, 15.099999999999994, 14.0, 12.700000000000003, 11.799999999999997, 10.0, 0.0, -0.20000000000000284], "x": [562, 584, 586, 589, 592, 593, 594, 595, 596, 597, 598, 599, 600, 601, 602, 603, 604, 605, 606, 607, 608, 609, 610, 611, 612, 613, 614, 615, 616, 617, 618, 619, 620, 621, 622, 623, 624, 625, 628, 633, 634, 635, 636, 637, 638, 639, 640, 641, 642, 643, 644, 645, 646, 647, 648, 649, 652, 653, 657, 661, 664, 665, 666, 667, 668, 669, 670, 671, 672, 673, 674, 675, 676, 677, 678, 679, 680, 681, 682, 683, 684, 704]}}