{"histogram": {"y": [1, 0, 0, 0, 0, 0, 0, 0, 0, 0, 0, 0, 1, 0, 2, 2, 4, 3, 4, 3, 3, 0, 0, 0, 0, 0, 0], "x": [400, 410, 420, 430, 440, 450, 460, 470, 480, 490, 500, 510, 520, 530, 540, 550, 559, 569, 584, 594, 615, 624, 633, 648, 663, 684, 705]}, "percentile": {"y": [95.5, 91.0, 86.4, 81.9, 77.3, 72.8, 68.2, 63.7, 54.6, 50.0, 45.5, 41.0, 36.4, 31.900000000000006, 27.299999999999997, 22.799999999999997, 18.200000000000003, 13.700000000000003, 9.099999999999994, 4.599999999999994, 0.0, -4.5], "x": [394, 518, 533, 539, 543, 545, 553, 558, 559, 562, 564, 569, 570, 574, 575, 584, 585, 591, 593, 599, 604, 605]}}