{"percentile": {"y": [100.0, 100.0, 100.0, 100.0, 100.0, 100.0, 100.0, 99.9, 99.9, 99.9, 99.9, 99.9, 99.9, 99.9, 99.8, 99.8, 99.8, 99.8, 99.8, 99.8, 99.8, 99.7, 99.7, 99.7, 99.7, 99.7, 99.7, 99.7, 99.6, 99.6, 99.6, 99.6, 99.6, 99.5, 99.5, 99.5, 99.5, 99.4, 99.4, 99.3, 99.3, 99.2, 99.1, 99.1, 99.0, 98.9, 98.9, 98.8, 98.8, 98.8, 98.7, 98.7, 98.6, 98.5, 98.3, 98.2, 98.1, 98.0, 97.9, 97.8, 97.5, 97.4, 97.2, 97.0, 96.8, 96.6, 96.4, 96.2, 96.1, 95.8, 95.6, 95.4, 95.1, 95.0, 94.7, 94.4, 94.1, 93.6, 93.3, 92.8, 92.2, 91.6, 90.9, 90.1, 88.9, 85.4, 84.9, 84.3, 83.6, 82.8, 82.0, 80.9, 79.8, 78.8, 77.9, 76.8, 75.7, 74.7, 73.7, 72.5, 71.0, 69.6, 68.4, 67.1, 66.0, 64.8, 62.7, 61.7, 60.6, 59.3, 58.0, 56.7, 55.2, 54.1, 53.1, 51.8, 51.7, 51.5, 51.3, 51.0, 50.8, 50.7, 50.5, 50.3, 49.8, 48.6, 47.3, 46.0, 44.8, 43.4, 42.1, 40.5, 39.1, 37.6, 35.7, 34.2, 33.099999999999994, 31.799999999999997, 30.299999999999997, 29.200000000000003, 29.099999999999994, 29.0, 28.700000000000003, 28.599999999999994, 28.400000000000006, 28.299999999999997, 28.200000000000003, 28.099999999999994, 27.900000000000006, 27.799999999999997, 27.700000000000003, 27.700000000000003, 27.599999999999994, 27.5, 27.400000000000006, 26.299999999999997, 25.400000000000006, 24.400000000000006, 23.0, 22.0, 20.799999999999997, 20.0, 18.900000000000006, 18.0, 17.0, 15.900000000000006, 14.900000000000006, 14.0, 13.0, 12.0, 11.200000000000003, 10.299999999999997, 9.200000000000003, 8.299999999999997, 6.900000000000006, 0.4000000000000057, 0.4000000000000057, 0.4000000000000057, 0.4000000000000057, 0.29999999999999716, 0.29999999999999716, 0.29999999999999716, 0.29999999999999716, 0.20000000000000284, 0.20000000000000284, 0.20000000000000284, 0.0], "x": [399, 412, 426, 432, 436, 440, 449, 453, 455, 459, 463, 471, 473, 482, 492, 493, 495, 500, 502, 504, 508, 518, 519, 522, 524, 526, 529, 530, 531, 534, 535, 536, 539, 541, 542, 543, 544, 545, 546, 547, 549, 550, 551, 552, 553, 554, 555, 556, 557, 558, 559, 560, 561, 562, 563, 564, 565, 566, 567, 568, 569, 570, 571, 572, 573, 574, 575, 576, 577, 578, 579, 580, 581, 582, 583, 584, 585, 586, 587, 588, 589, 590, 591, 592, 593, 594, 595, 596, 597, 598, 599, 600, 601, 602, 603, 604, 605, 606, 607, 608, 609, 610, 611, 612, 613, 614, 615, 616, 617, 618, 619, 620, 621, 622, 623, 624, 625, 626, 627, 628, 629, 630, 631, 632, 633, 634, 635, 636, 637, 638, 639, 640, 641, 642, 643, 644, 645, 646, 647, 648, 649, 650, 651, 652, 653, 654, 655, 656, 657, 658, 659, 660, 661, 662, 663, 664, 665, 666, 667, 668, 669, 670, 671, 672, 673, 674, 675, 676, 677, 678, 679, 680, 681, 682, 683, 684, 685, 689, 691, 692, 693, 695, 698, 700, 702, 703, 704]}, "histogram": {"y": [1, 0, 1, 1, 3, 1, 3, 1, 3, 1, 4, 4, 2, 6, 8, 31, 38, 93, 251, 718, 1806, 866, 156, 1648, 143, 2147, 29], "x": [400, 410, 420, 430, 440, 450, 460, 470, 480, 490, 500, 510, 520, 530, 540, 550, 559, 569, 584, 594, 615, 624, 633, 648, 663, 684, 705]}}