{"percentile": {"y": [99.8, 99.5, 99.0, 98.7, 98.5, 98.2, 97.7, 97.4, 97.1, 96.9, 96.6, 96.3, 96.1, 95.8, 95.6, 95.3, 95.0, 94.8, 94.5, 94.2, 94.0, 93.7, 93.4, 93.2, 92.6, 92.4, 91.8, 91.3, 91.1, 90.8, 90.3, 90.0, 89.5, 89.2, 88.7, 88.1, 87.9, 87.6, 86.8, 86.3, 86.0, 85.8, 85.2, 84.4, 83.9, 83.1, 82.9, 82.6, 82.3, 82.1, 81.5, 80.7, 80.5, 79.9, 79.4, 79.2, 78.6, 78.1, 77.8, 77.3, 77.0, 76.5, 76.2, 75.4, 75.2, 74.9, 74.1, 73.9, 73.6, 72.5, 71.5, 71.2, 70.9, 69.6, 69.4, 68.6, 68.0, 67.2, 67.0, 66.7, 66.5, 66.2, 65.9, 64.9, 64.6, 64.3, 64.1, 63.3, 63.0, 62.5, 62.2, 60.6, 59.6, 58.0, 56.9, 54.0, 53.2, 51.9, 50.3, 45.8, 45.3, 44.5, 43.2, 42.6, 42.4, 42.1, 39.2, 37.1, 33.900000000000006, 33.099999999999994, 31.0, 29.200000000000003, 26.5, 24.700000000000003, 21.200000000000003, 18.799999999999997, 17.799999999999997, 15.700000000000003, 14.599999999999994, 13.0, 11.200000000000003, 10.900000000000006, 10.599999999999994, 9.799999999999997, 9.599999999999994, 9.299999999999997, 8.799999999999997, 8.299999999999997, 8.0, 7.700000000000003, 6.700000000000003, 6.099999999999994, 5.099999999999994, 4.799999999999997, 4.299999999999997, 3.799999999999997, 3.0, 2.200000000000003, 1.9000000000000057, 1.5999999999999943, 1.4000000000000057, 1.0999999999999943, 0.7999999999999972, 0.5999999999999943, 0.0, -0.20000000000000284], "x": [314, 332, 339, 348, 357, 370, 372, 379, 380, 384, 386, 387, 398, 402, 404, 410, 418, 421, 424, 428, 429, 430, 431, 432, 435, 439, 440, 442, 444, 446, 448, 453, 457, 461, 462, 466, 467, 468, 472, 473, 475, 476, 482, 484, 485, 486, 488, 489, 491, 492, 493, 494, 498, 499, 500, 501, 503, 504, 505, 507, 508, 510, 512, 513, 515, 516, 519, 520, 521, 522, 524, 525, 526, 528, 529, 530, 531, 533, 535, 536, 537, 538, 539, 540, 541, 543, 544, 545, 547, 548, 549, 550, 551, 552, 553, 554, 556, 557, 558, 559, 560, 563, 564, 565, 566, 567, 569, 571, 572, 573, 574, 575, 576, 577, 578, 579, 580, 581, 582, 583, 584, 587, 588, 589, 590, 591, 593, 594, 596, 597, 598, 599, 600, 601, 603, 604, 605, 606, 607, 608, 609, 611, 612, 614, 615, 624]}, "histogram": {"y": [1, 0, 3, 1, 1, 1, 4, 3, 1, 3, 1, 5, 7, 6, 3, 7, 7, 12, 12, 11, 10, 20, 14, 16, 56, 25, 106, 11, 31, 1, 0, 0, 0, 0, 0], "x": [320, 330, 340, 350, 360, 370, 380, 390, 400, 410, 420, 430, 440, 450, 460, 470, 480, 490, 500, 510, 520, 530, 540, 550, 559, 569, 584, 594, 615, 624, 633, 648, 663, 684, 705]}}