{"percentile": {"y": [99.8, 99.5, 99.2, 99.0, 98.7, 98.4, 98.1, 97.9, 97.3, 95.4, 95.1, 94.6, 94.3, 93.8, 93.5, 92.9, 92.1, 91.6, 91.3, 90.8, 90.5, 89.7, 88.8, 88.6, 88.3, 88.0, 87.8, 87.2, 86.9, 86.1, 85.6, 85.0, 84.2, 83.1, 82.6, 82.3, 80.4, 79.6, 78.7, 78.5, 77.4, 76.6, 76.3, 76.0, 75.7, 75.5, 75.2, 73.5, 73.0, 71.6, 70.3, 68.9, 68.1, 66.4, 65.6, 64.8, 64.3, 63.4, 62.1, 61.3, 59.9, 58.2, 57.4, 55.5, 54.1, 50.6, 47.0, 0.9000000000000057, 0.5999999999999943, 0.29999999999999716, 0.0, -0.20000000000000284], "x": [544, 574, 583, 586, 588, 589, 590, 592, 593, 594, 595, 597, 605, 606, 609, 611, 612, 616, 617, 618, 619, 620, 621, 624, 627, 631, 632, 633, 634, 635, 636, 637, 638, 639, 640, 641, 642, 644, 645, 646, 647, 648, 650, 653, 656, 661, 663, 664, 665, 666, 667, 668, 669, 670, 671, 672, 673, 674, 675, 676, 677, 678, 679, 680, 681, 682, 683, 684, 694, 698, 699, 700]}, "histogram": {"y": [1, 0, 0, 2, 14, 12, 13, 5, 39, 5, 272, 4], "x": [550, 559, 569, 584, 594, 615, 624, 633, 648, 663, 684, 705]}}