{"histogram": {"y": [1, 1, 1, 0, 0, 3, 3, 8, 4, 7, 4, 10, 11, 11, 10, 12, 20, 11, 24, 16, 29, 25, 34, 44, 93, 60, 159, 51, 146, 11, 4, 11, 2, 12, 1], "x": [320, 330, 340, 350, 360, 370, 380, 390, 400, 410, 420, 430, 440, 450, 460, 470, 480, 490, 500, 510, 520, 530, 540, 550, 559, 569, 584, 594, 615, 624, 633, 648, 663, 684, 705]}, "percentile": {"y": [99.9, 99.8, 99.7, 99.6, 99.5, 99.3, 99.2, 99.1, 99.0, 98.9, 98.7, 98.5, 98.3, 98.1, 98.0, 97.9, 97.8, 97.7, 97.5, 97.3, 97.1, 96.9, 96.8, 96.7, 96.6, 96.5, 96.4, 96.2, 96.1, 96.0, 95.9, 95.6, 95.5, 95.4, 95.0, 94.9, 94.8, 94.7, 94.1, 93.8, 93.7, 93.6, 93.5, 93.2, 93.0, 92.8, 92.7, 92.5, 92.4, 92.3, 92.2, 91.9, 91.8, 91.7, 91.2, 91.1, 90.7, 90.5, 90.3, 90.1, 89.9, 89.8, 89.7, 89.3, 89.1, 89.0, 88.8, 88.5, 88.4, 88.0, 87.6, 87.4, 87.2, 87.0, 86.8, 86.7, 86.6, 86.1, 85.6, 85.3, 84.8, 84.5, 84.3, 84.2, 83.8, 83.2, 83.1, 82.7, 82.4, 82.3, 82.0, 81.9, 81.8, 81.3, 81.1, 80.6, 80.4, 80.1, 79.8, 79.3, 79.2, 78.8, 78.5, 77.9, 77.5, 77.1, 76.8, 76.7, 76.4, 76.3, 75.8, 75.5, 75.1, 74.9, 74.4, 74.0, 73.9, 73.7, 73.6, 73.3, 72.6, 72.1, 71.9, 70.8, 70.7, 70.1, 69.9, 69.7, 68.8, 68.5, 68.1, 67.5, 67.4, 65.6, 64.7, 64.4, 63.1, 62.0, 61.1, 60.0, 59.0, 57.3, 54.5, 54.2, 53.6, 53.0, 52.6, 51.1, 50.9, 50.5, 50.2, 49.8, 47.3, 46.7, 45.8, 44.8, 43.7, 42.3, 41.0, 39.5, 37.9, 36.0, 34.8, 34.2, 32.599999999999994, 31.599999999999994, 30.5, 28.299999999999997, 27.700000000000003, 27.299999999999997, 26.799999999999997, 26.299999999999997, 25.200000000000003, 24.900000000000006, 24.5, 24.0, 23.900000000000006, 22.200000000000003, 21.599999999999994, 20.900000000000006, 20.099999999999994, 19.299999999999997, 18.099999999999994, 16.900000000000006, 16.200000000000003, 15.299999999999997, 13.900000000000006, 13.299999999999997, 12.299999999999997, 11.900000000000006, 11.299999999999997, 10.700000000000003, 10.099999999999994, 8.900000000000006, 8.0, 7.400000000000006, 7.099999999999994, 6.700000000000003, 4.799999999999997, 4.700000000000003, 4.599999999999994, 4.5, 4.299999999999997, 4.0, 3.700000000000003, 3.5999999999999943, 3.5, 3.4000000000000057, 3.299999999999997, 3.200000000000003, 3.0, 2.9000000000000057, 2.700000000000003, 2.5999999999999943, 2.4000000000000057, 2.0, 1.7999999999999972, 1.7000000000000028, 1.5999999999999943, 1.5, 1.4000000000000057, 1.2000000000000028, 1.0999999999999943, 1.0, 0.9000000000000057, 0.7999999999999972, 0.0, -0.09999999999999432], "x": [316, 326, 336, 366, 367, 369, 376, 379, 380, 381, 384, 385, 386, 389, 390, 392, 395, 398, 400, 403, 404, 407, 408, 409, 411, 414, 418, 420, 422, 423, 425, 426, 427, 429, 430, 431, 434, 437, 438, 439, 440, 441, 442, 443, 444, 445, 447, 448, 450, 451, 452, 454, 455, 459, 460, 461, 463, 464, 465, 466, 468, 469, 471, 472, 473, 474, 475, 476, 477, 478, 479, 480, 482, 483, 484, 485, 487, 490, 491, 492, 495, 496, 497, 498, 499, 500, 501, 502, 503, 504, 505, 507, 509, 510, 511, 512, 513, 514, 515, 516, 517, 518, 519, 520, 521, 522, 523, 524, 525, 526, 527, 528, 529, 530, 531, 532, 533, 534, 535, 536, 537, 538, 539, 540, 541, 542, 543, 544, 545, 546, 547, 548, 549, 550, 551, 552, 553, 554, 555, 556, 557, 558, 559, 560, 561, 562, 563, 564, 565, 566, 567, 568, 569, 570, 571, 572, 573, 574, 575, 576, 577, 578, 579, 580, 581, 582, 583, 584, 585, 586, 587, 588, 589, 590, 591, 592, 593, 594, 595, 596, 597, 598, 599, 600, 601, 602, 603, 604, 605, 606, 607, 608, 609, 610, 611, 612, 613, 614, 615, 616, 617, 618, 619, 620, 621, 623, 624, 626, 628, 631, 633, 635, 637, 639, 641, 642, 643, 644, 660, 663, 664, 665, 674, 678, 681, 683, 684, 704]}}