{"histogram": {"y": [2, 5, 5, 2, 3, 1, 7, 1, 2, 4, 2, 5, 5, 8, 10, 3, 8, 6, 10, 8, 7, 12, 7, 18, 18, 18, 25, 24, 97, 40, 184, 30, 120, 7, 0, 8, 0, 2, 0], "x": [240, 270, 300, 310, 320, 330, 340, 350, 360, 370, 380, 390, 400, 410, 420, 430, 440, 450, 460, 470, 480, 490, 500, 510, 520, 530, 540, 550, 559, 569, 584, 594, 615, 624, 633, 648, 663, 684, 705]}, "percentile": {"y": [99.9, 99.8, 99.6, 99.5, 99.3, 99.2, 99.1, 98.9, 98.8, 98.6, 98.5, 98.4, 98.1, 97.9, 97.8, 97.7, 97.5, 97.4, 97.2, 97.1, 96.8, 96.7, 96.5, 96.4, 96.3, 96.1, 96.0, 95.8, 95.6, 95.4, 95.3, 95.0, 94.7, 94.6, 94.4, 94.3, 94.0, 93.9, 93.6, 93.5, 93.3, 93.2, 93.0, 92.8, 92.5, 92.2, 92.1, 91.9, 91.6, 91.4, 91.2, 91.1, 90.9, 90.8, 90.5, 90.4, 90.2, 89.8, 89.7, 89.5, 89.4, 89.3, 89.1, 89.0, 88.8, 88.7, 88.5, 88.3, 88.1, 88.0, 87.8, 87.6, 87.4, 87.3, 87.1, 87.0, 86.7, 86.6, 86.4, 86.2, 86.0, 85.9, 85.5, 85.2, 85.0, 84.9, 84.6, 84.3, 84.2, 84.1, 83.8, 83.6, 83.5, 83.4, 83.1, 82.9, 82.8, 82.4, 82.1, 82.0, 81.5, 81.3, 81.0, 80.8, 80.6, 80.3, 80.0, 79.6, 79.4, 78.9, 78.7, 78.3, 78.2, 77.9, 77.7, 77.5, 76.9, 76.6, 76.5, 76.3, 76.1, 75.8, 75.4, 75.2, 74.8, 74.7, 74.5, 74.2, 73.5, 72.7, 72.4, 72.3, 71.7, 71.3, 71.2, 70.9, 70.2, 69.9, 69.8, 68.4, 67.8, 67.1, 65.7, 64.4, 61.9, 60.1, 59.1, 57.4, 54.7, 54.6, 54.2, 52.9, 52.2, 51.5, 51.2, 49.1, 48.2, 47.5, 45.9, 43.8, 40.7, 38.6, 37.4, 35.099999999999994, 33.7, 32.3, 31.200000000000003, 29.400000000000006, 28.200000000000003, 26.099999999999994, 23.299999999999997, 23.099999999999994, 22.900000000000006, 22.799999999999997, 22.5, 21.400000000000006, 20.799999999999997, 20.700000000000003, 20.5, 20.400000000000006, 19.099999999999994, 18.099999999999994, 16.700000000000003, 16.200000000000003, 15.799999999999997, 14.900000000000006, 13.799999999999997, 12.799999999999997, 11.799999999999997, 10.700000000000003, 9.200000000000003, 8.599999999999994, 8.0, 7.200000000000003, 6.099999999999994, 5.400000000000006, 5.099999999999994, 4.700000000000003, 3.700000000000003, 3.5999999999999943, 2.299999999999997, 2.200000000000003, 1.9000000000000057, 1.7000000000000028, 1.2999999999999972, 1.2000000000000028, 0.7999999999999972, 0.5, 0.29999999999999716, 0.20000000000000284, 0.0, -0.09999999999999432], "x": [220, 239, 245, 255, 257, 266, 267, 272, 276, 277, 287, 296, 310, 316, 318, 320, 330, 331, 334, 335, 337, 339, 340, 342, 351, 355, 363, 364, 367, 376, 377, 382, 383, 385, 392, 396, 398, 400, 401, 403, 405, 406, 408, 410, 412, 413, 414, 415, 417, 418, 423, 425, 428, 433, 434, 435, 437, 440, 441, 443, 445, 446, 449, 450, 451, 452, 453, 454, 457, 458, 459, 460, 462, 463, 466, 467, 468, 469, 470, 474, 475, 476, 479, 481, 482, 483, 485, 486, 487, 489, 490, 493, 494, 495, 496, 497, 500, 501, 502, 503, 504, 505, 506, 508, 509, 510, 511, 512, 513, 514, 515, 516, 517, 518, 519, 521, 523, 524, 525, 526, 527, 528, 529, 530, 531, 532, 533, 535, 536, 537, 538, 539, 540, 542, 543, 544, 545, 547, 549, 550, 551, 552, 553, 554, 555, 556, 557, 558, 559, 560, 562, 564, 565, 566, 567, 569, 570, 571, 572, 573, 574, 575, 576, 577, 578, 579, 580, 581, 582, 583, 584, 585, 586, 587, 588, 589, 590, 591, 592, 593, 594, 595, 596, 597, 598, 599, 600, 601, 602, 603, 604, 605, 606, 607, 608, 609, 610, 612, 613, 614, 615, 616, 617, 620, 624, 634, 635, 640, 642, 648, 672, 684]}}