{"histogram": {"x": [310, 320, 330, 340, 350, 360, 370, 380, 390, 400, 410, 420, 430, 440, 450, 460, 470, 480, 490, 500, 510, 520, 530, 540, 550, 559, 569, 584, 594, 615, 624, 633, 648, 663, 684, 705], "y": [1, 0, 0, 1, 0, 0, 2, 0, 1, 1, 1, 0, 1, 3, 1, 2, 2, 2, 0, 2, 2, 2, 1, 0, 0, 2, 2, 0, 0, 2, 0, 0, 0, 0, 3, 0]}, "percentile": {"x": [310, 332, 368, 369, 385, 391, 408, 428, 431, 433, 440, 442, 454, 456, 462, 470, 475, 478, 492, 498, 501, 505, 515, 524, 552, 559, 561, 569, 602, 605, 669, 684], "y": [97.0, 94.0, 91.0, 87.9, 84.9, 81.9, 78.8, 75.8, 72.8, 69.7, 66.7, 63.7, 60.7, 57.6, 54.6, 51.6, 48.5, 45.5, 42.5, 39.4, 36.4, 33.400000000000006, 27.299999999999997, 24.299999999999997, 21.299999999999997, 18.200000000000003, 15.200000000000003, 12.200000000000003, 9.099999999999994, 6.099999999999994, 3.0999999999999943, -3.0]}}