{"histogram": {"x": [594, 615, 624, 633, 648, 663, 684, 705], "y": [6, 22, 2, 2, 1, 1, 3, 0]}, "percentile": {"x": [586, 590, 594, 600, 601, 603, 604, 605, 606, 607, 608, 611, 614, 615, 620, 621, 627, 630, 641, 653, 673, 684], "y": [97.3, 94.5, 83.4, 80.6, 75.0, 69.5, 61.2, 55.6, 50.0, 41.7, 38.9, 30.599999999999994, 25.0, 22.299999999999997, 19.5, 16.700000000000003, 13.900000000000006, 11.200000000000003, 8.400000000000006, 5.599999999999994, 2.799999999999997, -2.700000000000003]}}