{"percentile": {"y": [99.8, 99.6, 99.4, 99.2, 99.0, 98.8, 98.5, 98.3, 98.1, 97.9, 97.7, 97.5, 97.2, 97.0, 96.8, 96.4, 96.2, 96.0, 95.7, 95.5, 95.3, 94.9, 94.7, 94.2, 93.8, 93.6, 93.4, 93.2, 92.9, 92.7, 92.5, 92.3, 91.9, 91.4, 91.0, 90.6, 90.4, 90.1, 89.9, 89.5, 89.3, 88.6, 88.4, 88.2, 88.0, 87.8, 87.3, 87.1, 86.9, 86.7, 86.5, 85.6, 85.4, 84.7, 84.5, 84.1, 83.7, 83.2, 83.0, 82.6, 82.4, 81.9, 81.3, 81.1, 80.9, 80.7, 80.4, 79.6, 79.4, 78.5, 78.3, 78.1, 77.9, 77.4, 77.0, 76.8, 76.6, 76.3, 75.9, 75.5, 74.8, 74.6, 74.4, 74.2, 74.0, 73.3, 73.1, 72.7, 72.5, 72.2, 71.8, 71.6, 71.4, 71.0, 70.7, 70.3, 69.7, 69.2, 68.6, 68.2, 67.7, 67.5, 67.3, 67.1, 66.4, 66.0, 65.8, 65.6, 64.9, 64.7, 64.3, 64.1, 63.6, 63.4, 63.0, 62.8, 61.9, 61.7, 61.5, 61.0, 60.8, 60.6, 60.4, 60.2, 59.5, 59.3, 58.7, 57.8, 57.6, 56.9, 56.1, 55.7, 55.4, 55.0, 54.1, 53.9, 53.7, 53.1, 52.0, 51.8, 51.6, 51.1, 50.7, 46.2, 45.5, 44.4, 43.6, 42.5, 41.6, 39.9, 37.5, 35.599999999999994, 32.400000000000006, 31.700000000000003, 31.5, 31.099999999999994, 29.599999999999994, 29.400000000000006, 29.099999999999994, 26.599999999999994, 25.5, 24.799999999999997, 23.5, 22.700000000000003, 20.700000000000003, 19.900000000000006, 18.599999999999994, 16.599999999999994, 15.799999999999997, 14.700000000000003, 13.799999999999997, 13.0, 12.799999999999997, 11.900000000000006, 9.700000000000003, 9.5, 9.099999999999994, 8.900000000000006, 8.5, 8.200000000000003, 6.5, 6.299999999999997, 6.099999999999994, 5.900000000000006, 5.400000000000006, 4.599999999999994, 4.400000000000006, 3.9000000000000057, 3.5, 3.299999999999997, 3.0999999999999943, 2.9000000000000057, 2.4000000000000057, 1.7999999999999972, 1.5999999999999943, 1.0999999999999943, 0.9000000000000057, 0.7000000000000028, 0.5, 0.29999999999999716, 0.0, -0.20000000000000284], "x": [276, 281, 292, 296, 301, 309, 319, 342, 345, 346, 352, 353, 354, 366, 370, 372, 376, 377, 379, 380, 382, 383, 384, 385, 387, 388, 391, 392, 394, 395, 396, 400, 401, 403, 404, 406, 407, 408, 409, 410, 411, 412, 413, 417, 419, 420, 421, 423, 426, 427, 428, 429, 430, 431, 434, 435, 436, 442, 443, 444, 446, 447, 448, 449, 451, 453, 454, 455, 456, 457, 458, 459, 461, 462, 463, 465, 467, 468, 469, 470, 471, 472, 473, 474, 475, 476, 477, 479, 484, 485, 486, 487, 488, 489, 491, 492, 493, 495, 496, 498, 502, 503, 504, 505, 506, 507, 508, 509, 510, 512, 513, 515, 516, 517, 518, 519, 520, 521, 522, 523, 525, 526, 527, 528, 530, 531, 532, 533, 534, 535, 536, 537, 538, 539, 540, 541, 543, 544, 545, 546, 547, 548, 549, 550, 551, 552, 553, 554, 555, 556, 557, 558, 559, 560, 561, 563, 564, 566, 567, 569, 570, 571, 572, 573, 574, 575, 576, 577, 578, 579, 580, 581, 582, 583, 584, 585, 586, 587, 589, 593, 594, 595, 596, 597, 598, 599, 600, 602, 603, 604, 605, 606, 608, 610, 611, 613, 615, 621, 629, 633, 639, 704]}, "histogram": {"y": [4, 2, 1, 0, 0, 3, 3, 2, 6, 9, 6, 13, 8, 11, 8, 12, 14, 12, 13, 8, 13, 15, 14, 11, 25, 37, 64, 27, 78, 15, 26, 1, 2, 1, 0, 0, 1], "x": [300, 310, 320, 330, 340, 350, 360, 370, 380, 390, 400, 410, 420, 430, 440, 450, 460, 470, 480, 490, 500, 510, 520, 530, 540, 550, 559, 569, 584, 594, 615, 624, 633, 648, 663, 684, 705]}}