{"percentile": {"y": [100.0, 100.0, 100.0, 99.9, 99.9, 99.9, 99.9, 99.9, 99.8, 99.8, 99.8, 99.8, 99.7, 99.7, 99.7, 99.7, 99.7, 99.6, 99.6, 99.6, 99.6, 99.5, 99.5, 99.5, 99.5, 99.4, 99.4, 99.3, 99.3, 99.2, 99.2, 99.2, 99.1, 99.0, 99.0, 98.9, 98.9, 98.8, 98.8, 98.7, 98.6, 98.6, 98.4, 98.3, 98.2, 98.1, 98.0, 97.8, 97.7, 97.6, 97.5, 97.4, 97.0, 96.9, 96.7, 96.3, 96.1, 95.7, 95.5, 95.3, 95.2, 95.1, 94.8, 94.7, 94.4, 94.2, 93.9, 93.8, 93.4, 93.0, 92.6, 92.2, 91.4, 90.8, 90.2, 89.6, 88.5, 85.5, 85.3, 84.7, 83.9, 83.0, 82.2, 80.8, 79.9, 78.9, 77.9, 76.5, 75.2, 74.3, 72.7, 71.5, 70.4, 69.3, 68.5, 67.4, 66.3, 65.2, 62.7, 61.7, 60.6, 59.7, 58.4, 57.2, 55.8, 54.6, 53.2, 52.4, 52.2, 52.0, 51.6, 51.4, 51.0, 50.6, 50.5, 50.4, 50.2, 48.8, 47.1, 45.6, 44.1, 42.7, 41.1, 39.7, 38.5, 36.9, 35.3, 33.599999999999994, 32.5, 31.0, 29.400000000000006, 28.200000000000003, 28.0, 27.900000000000006, 27.799999999999997, 27.5, 27.200000000000003, 27.099999999999994, 26.700000000000003, 26.599999999999994, 26.5, 26.400000000000006, 26.299999999999997, 26.299999999999997, 26.299999999999997, 26.200000000000003, 26.099999999999994, 25.099999999999994, 24.0, 23.099999999999994, 22.0, 20.599999999999994, 19.299999999999997, 18.200000000000003, 17.200000000000003, 16.200000000000003, 15.200000000000003, 14.099999999999994, 13.0, 11.900000000000006, 11.0, 10.099999999999994, 9.200000000000003, 8.400000000000006, 7.5, 6.599999999999994, 5.400000000000006, 0.20000000000000284, 0.20000000000000284, 0.20000000000000284, 0.20000000000000284, 0.0], "x": [408, 409, 432, 449, 452, 457, 458, 463, 470, 473, 478, 481, 483, 496, 510, 512, 517, 519, 522, 523, 526, 530, 531, 534, 537, 540, 541, 543, 544, 545, 546, 547, 548, 549, 550, 551, 552, 554, 555, 556, 557, 558, 559, 560, 561, 562, 563, 564, 565, 566, 567, 568, 569, 570, 571, 572, 573, 574, 575, 576, 577, 578, 579, 580, 581, 582, 583, 584, 585, 586, 587, 588, 589, 590, 591, 592, 593, 594, 595, 596, 597, 598, 599, 600, 601, 602, 603, 604, 605, 606, 607, 608, 609, 610, 611, 612, 613, 614, 615, 616, 617, 618, 619, 620, 621, 622, 623, 624, 625, 626, 627, 628, 629, 630, 631, 632, 633, 634, 635, 636, 637, 638, 639, 640, 641, 642, 643, 644, 645, 646, 647, 648, 649, 650, 651, 652, 653, 654, 655, 656, 657, 658, 659, 660, 661, 662, 663, 664, 665, 666, 667, 668, 669, 670, 671, 672, 673, 674, 675, 676, 677, 678, 679, 680, 681, 682, 683, 684, 688, 699, 700, 704]}, "histogram": {"y": [3, 0, 0, 1, 1, 3, 2, 2, 3, 1, 1, 3, 6, 4, 23, 27, 71, 159, 415, 1131, 517, 106, 1098, 102, 1287, 10], "x": [410, 420, 430, 440, 450, 460, 470, 480, 490, 500, 510, 520, 530, 540, 550, 559, 569, 584, 594, 615, 624, 633, 648, 663, 684, 705]}}