{"histogram": {"x": [550, 559, 569, 584, 594, 615, 624, 633, 648, 663, 684, 705], "y": [1, 0, 1, 2, 15, 32, 28, 7, 69, 13, 313, 8]}, "percentile": {"x": [546, 566, 579, 580, 586, 589, 592, 593, 594, 596, 597, 598, 600, 602, 603, 604, 605, 607, 608, 609, 610, 611, 612, 615, 616, 617, 618, 619, 620, 621, 622, 623, 624, 626, 627, 629, 631, 632, 633, 634, 635, 637, 638, 639, 640, 641, 642, 643, 644, 645, 646, 647, 648, 650, 651, 652, 654, 655, 656, 657, 658, 661, 664, 665, 666, 667, 668, 669, 670, 671, 672, 673, 674, 675, 676, 677, 678, 679, 680, 681, 682, 683, 684, 688, 692, 693, 695, 697, 701, 704], "y": [99.8, 99.6, 99.4, 99.2, 99.0, 98.4, 98.2, 97.8, 96.2, 96.0, 95.5, 95.1, 94.3, 93.9, 93.7, 93.5, 92.9, 92.5, 92.3, 91.9, 91.6, 91.2, 91.0, 89.6, 89.0, 88.8, 87.3, 86.7, 86.1, 85.9, 85.5, 84.9, 83.9, 83.7, 83.5, 83.2, 83.0, 82.6, 82.4, 81.2, 80.2, 78.9, 77.7, 76.1, 75.7, 74.2, 73.8, 72.6, 71.8, 70.7, 69.3, 68.9, 68.3, 68.1, 67.9, 67.7, 67.5, 66.9, 66.4, 66.2, 65.8, 65.6, 65.0, 64.0, 63.0, 60.9, 59.7, 58.0, 57.4, 56.4, 54.8, 54.4, 53.1, 52.5, 51.3, 50.9, 49.2, 48.4, 46.4, 44.7, 42.7, 38.8, 1.5, 1.2999999999999972, 1.0999999999999943, 0.9000000000000057, 0.7000000000000028, 0.5, 0.29999999999999716, -0.20000000000000284]}}