{"histogram": {"y": [3, 4, 7, 4, 11, 12, 7, 4, 11, 19, 19, 24, 10, 22, 28, 33, 32, 27, 40, 48, 42, 47, 47, 62, 177, 75, 257, 53, 129, 6, 2, 2, 1, 2, 3], "x": [320, 330, 340, 350, 360, 370, 380, 390, 400, 410, 420, 430, 440, 450, 460, 470, 480, 490, 500, 510, 520, 530, 540, 550, 559, 569, 584, 594, 615, 624, 633, 648, 663, 684, 705]}, "percentile": {"y": [99.9, 99.8, 99.7, 99.6, 99.5, 99.4, 99.3, 99.1, 98.9, 98.9, 98.8, 98.7, 98.6, 98.6, 98.5, 98.2, 98.1, 98.0, 97.8, 97.6, 97.5, 97.4, 97.2, 97.0, 96.8, 96.7, 96.7, 96.6, 96.5, 96.4, 96.3, 96.2, 96.1, 96.0, 95.9, 95.8, 95.6, 95.4, 95.2, 95.2, 95.1, 94.9, 94.8, 94.8, 94.5, 94.3, 94.1, 93.9, 93.6, 93.4, 93.2, 93.0, 93.0, 92.7, 92.6, 92.6, 92.4, 92.3, 92.1, 91.9, 91.8, 91.5, 91.4, 91.3, 91.2, 90.8, 90.8, 90.4, 90.2, 90.1, 90.0, 89.8, 89.7, 89.6, 89.5, 89.4, 89.3, 89.2, 88.8, 88.7, 88.6, 88.5, 88.1, 87.8, 87.7, 87.6, 87.2, 87.0, 86.9, 86.5, 86.2, 86.0, 85.9, 85.6, 85.5, 85.2, 85.1, 84.9, 84.6, 84.4, 84.2, 84.1, 83.7, 83.3, 82.9, 82.6, 82.2, 81.8, 81.5, 81.4, 81.2, 80.9, 80.7, 80.3, 80.0, 79.9, 79.7, 79.6, 79.2, 79.1, 78.8, 78.7, 78.5, 78.2, 77.8, 77.4, 76.9, 76.6, 76.5, 76.1, 75.9, 75.9, 75.6, 75.1, 74.6, 74.2, 73.7, 73.4, 73.0, 72.8, 72.5, 72.1, 71.7, 71.3, 71.0, 70.5, 70.4, 70.0, 69.6, 69.2, 68.8, 68.5, 68.3, 68.0, 67.5, 67.2, 66.7, 66.2, 65.9, 65.5, 65.5, 65.0, 64.4, 64.3, 64.0, 63.7, 63.3, 62.9, 62.5, 62.1, 61.8, 61.4, 61.2, 60.6, 60.5, 60.2, 60.0, 59.6, 58.8, 58.7, 58.6, 58.3, 58.0, 55.7, 55.1, 54.3, 53.0, 50.9, 49.5, 47.7, 46.2, 44.7, 41.7, 41.3, 41.1, 40.9, 40.3, 39.9, 39.7, 39.4, 38.9, 38.7, 35.8, 35.099999999999994, 34.3, 33.5, 32.0, 30.299999999999997, 29.400000000000006, 28.0, 26.400000000000006, 24.900000000000006, 23.099999999999994, 22.400000000000006, 21.299999999999997, 20.299999999999997, 18.599999999999994, 15.599999999999994, 15.5, 15.299999999999997, 14.900000000000006, 14.400000000000006, 13.5, 13.099999999999994, 13.099999999999994, 13.0, 12.700000000000003, 11.400000000000006, 11.200000000000003, 11.0, 10.200000000000003, 9.5, 8.700000000000003, 8.200000000000003, 8.0, 7.200000000000003, 6.599999999999994, 6.299999999999997, 5.400000000000006, 4.900000000000006, 4.5, 3.9000000000000057, 3.799999999999997, 3.299999999999997, 2.799999999999997, 2.299999999999997, 2.0, 1.7999999999999972, 1.2000000000000028, 1.2000000000000028, 1.0999999999999943, 0.9000000000000057, 0.7999999999999972, 0.7999999999999972, 0.7000000000000028, 0.5999999999999943, 0.5, 0.4000000000000057, 0.4000000000000057, 0.29999999999999716, 0.20000000000000284, 0.09999999999999432, 0.0], "x": [311, 313, 322, 328, 329, 333, 336, 337, 338, 341, 343, 344, 350, 351, 354, 355, 358, 359, 360, 363, 364, 365, 366, 368, 370, 373, 374, 375, 377, 378, 379, 383, 385, 390, 392, 393, 395, 396, 398, 399, 400, 401, 403, 404, 405, 407, 408, 409, 410, 411, 412, 413, 414, 415, 416, 417, 418, 419, 420, 421, 422, 423, 424, 425, 426, 427, 428, 429, 430, 431, 432, 434, 435, 436, 439, 440, 441, 442, 443, 444, 445, 446, 447, 448, 450, 451, 452, 453, 454, 455, 456, 457, 458, 459, 460, 461, 462, 463, 464, 465, 466, 467, 468, 469, 470, 472, 473, 474, 475, 476, 477, 478, 479, 480, 481, 482, 483, 484, 485, 486, 487, 488, 489, 490, 491, 492, 493, 494, 495, 496, 497, 498, 499, 500, 501, 502, 503, 504, 505, 506, 507, 508, 509, 510, 511, 512, 513, 514, 515, 516, 517, 518, 519, 520, 521, 522, 523, 524, 525, 526, 527, 528, 529, 530, 531, 532, 533, 534, 535, 536, 537, 538, 539, 540, 541, 542, 543, 544, 545, 546, 547, 548, 549, 550, 551, 552, 553, 554, 555, 556, 557, 558, 559, 560, 561, 562, 563, 564, 565, 566, 567, 568, 569, 570, 571, 572, 573, 574, 575, 576, 577, 578, 579, 580, 581, 582, 583, 584, 585, 586, 587, 588, 589, 590, 591, 592, 593, 594, 595, 596, 597, 598, 599, 600, 601, 602, 603, 604, 605, 606, 607, 608, 609, 610, 611, 612, 613, 614, 615, 617, 619, 620, 621, 624, 625, 633, 638, 647, 655, 678, 684, 691, 704]}}