{"percentile": {"x": [319, 361, 365, 367, 396, 406, 408, 411, 427, 430, 431, 433, 435, 438, 439, 441, 455, 457, 463, 470, 478, 479, 481, 483, 488, 489, 495, 497, 498, 499, 500, 503, 505, 507, 508, 510, 512, 514, 516, 518, 520, 523, 524, 525, 526, 528, 530, 532, 533, 534, 539, 541, 543, 544, 545, 547, 550, 553, 554, 555, 556, 557, 558, 559, 560, 564, 565, 566, 567, 570, 571, 572, 573, 574, 575, 576, 577, 578, 579, 580, 581, 582, 583, 584, 585, 586, 587, 588, 589, 590, 592, 593, 594, 597, 598, 599, 600, 602, 603, 605, 607, 608, 610, 611, 612, 614, 615, 621, 635, 642, 647, 683, 684, 698], "y": [99.6, 99.1, 98.6, 98.1, 97.7, 97.2, 96.7, 95.7, 95.3, 94.8, 94.3, 93.8, 92.9, 92.4, 91.9, 91.4, 91.0, 90.5, 90.0, 89.5, 88.6, 88.1, 87.6, 87.1, 86.7, 86.2, 85.7, 85.2, 84.3, 83.8, 83.3, 82.8, 82.3, 81.9, 81.4, 80.9, 80.4, 80.0, 79.5, 79.0, 78.0, 77.1, 76.6, 76.1, 75.6, 74.2, 73.7, 73.3, 72.8, 71.8, 71.3, 70.9, 69.9, 69.4, 68.5, 68.0, 67.0, 66.6, 64.6, 63.2, 62.3, 60.3, 57.9, 55.6, 55.1, 52.2, 51.2, 50.8, 50.3, 49.8, 47.9, 46.9, 46.0, 43.6, 43.1, 41.2, 37.8, 36.4, 35.0, 33.5, 33.099999999999994, 30.200000000000003, 28.299999999999997, 25.900000000000006, 24.0, 23.5, 22.099999999999994, 21.099999999999994, 20.599999999999994, 20.099999999999994, 19.700000000000003, 19.200000000000003, 17.299999999999997, 15.799999999999997, 14.900000000000006, 13.900000000000006, 13.0, 11.099999999999994, 10.099999999999994, 9.599999999999994, 8.700000000000003, 7.700000000000003, 6.700000000000003, 6.299999999999997, 5.799999999999997, 5.299999999999997, 2.9000000000000057, 2.4000000000000057, 2.0, 1.5, 1.0, 0.5, 0.0, -0.4000000000000057]}, "histogram": {"x": [320, 330, 340, 350, 360, 370, 380, 390, 400, 410, 420, 430, 440, 450, 460, 470, 480, 490, 500, 510, 520, 530, 540, 550, 559, 569, 584, 594, 615, 624, 633, 648, 663, 684, 705], "y": [1, 0, 0, 0, 0, 3, 0, 0, 1, 2, 2, 2, 6, 1, 2, 2, 3, 4, 6, 5, 6, 9, 5, 9, 24, 11, 51, 18, 30, 1, 0, 3, 0, 2, 1]}}