{"histogram": {"y": [2, 5, 22, 25, 3, 42, 4, 85, 0], "x": [584, 594, 615, 624, 633, 648, 663, 684, 705]}, "percentile": {"y": [99.5, 99.0, 98.4, 96.3, 95.2, 94.7, 94.2, 93.1, 92.6, 92.0, 91.5, 89.9, 89.4, 88.8, 87.8, 84.5, 83.5, 81.9, 80.3, 77.6, 77.1, 76.5, 73.8, 72.8, 71.2, 70.6, 70.1, 69.6, 67.4, 66.9, 65.3, 64.2, 61.5, 59.9, 59.4, 57.3, 55.7, 55.1, 51.9, 49.8, 48.7, 47.1, 46.6, 45.5, 45.0, 42.3, 39.1, 37.5, 36.4, 35.900000000000006, 33.7, 32.099999999999994, 29.5, 27.299999999999997, 25.200000000000003, 23.599999999999994, 21.400000000000006, 18.799999999999997, 17.200000000000003, 15.0, 14.0, 13.400000000000006, 11.799999999999997, 10.200000000000003, -0.5], "x": [583, 584, 592, 594, 598, 599, 600, 602, 605, 607, 608, 609, 611, 613, 614, 615, 616, 617, 618, 619, 620, 621, 622, 623, 624, 625, 627, 630, 634, 635, 636, 637, 638, 639, 640, 641, 642, 643, 645, 646, 647, 648, 650, 654, 659, 664, 665, 666, 667, 668, 669, 670, 671, 672, 674, 675, 676, 677, 678, 679, 680, 681, 682, 683, 684]}}