{"histogram": {"y": [1, 1, 0, 0, 0, 1, 1, 1, 0, 1, 3, 0, 2, 1, 1, 2, 1, 2, 6, 8, 7, 20, 11, 56, 11, 69, 4, 3, 5, 0, 7, 0], "x": [350, 360, 370, 380, 390, 400, 410, 420, 430, 440, 450, 460, 470, 480, 490, 500, 510, 520, 530, 540, 550, 559, 569, 584, 594, 615, 624, 633, 648, 663, 684, 705]}, "percentile": {"y": [99.6, 99.2, 98.7, 98.3, 97.8, 97.4, 96.9, 96.5, 96.0, 95.6, 95.1, 94.7, 94.2, 93.8, 93.4, 92.9, 92.5, 92.0, 91.1, 90.7, 90.2, 89.8, 89.3, 88.9, 88.4, 87.5, 86.7, 86.2, 85.8, 84.9, 84.4, 84.0, 83.5, 83.1, 82.6, 82.2, 80.9, 78.6, 77.7, 77.3, 76.8, 76.4, 73.7, 73.3, 71.0, 70.1, 68.8, 68.4, 67.5, 66.6, 66.1, 64.3, 61.7, 57.6, 55.4, 53.2, 50.9, 50.5, 48.7, 45.6, 44.2, 43.8, 42.9, 42.5, 41.1, 38.9, 38.4, 36.7, 36.2, 34.0, 32.599999999999994, 32.2, 31.299999999999997, 30.400000000000006, 29.5, 27.700000000000003, 26.799999999999997, 25.5, 22.799999999999997, 21.5, 20.099999999999994, 19.200000000000003, 17.0, 15.700000000000003, 15.200000000000003, 8.099999999999994, 7.599999999999994, 7.200000000000003, 6.700000000000003, 6.299999999999997, 5.900000000000006, 5.0, 4.5, 4.099999999999994, 2.700000000000003, 2.299999999999997, 0.9000000000000057, 0.5, -0.4000000000000057], "x": [350, 355, 395, 410, 416, 440, 448, 449, 450, 465, 470, 480, 490, 491, 496, 510, 515, 518, 521, 524, 525, 528, 529, 531, 532, 533, 536, 538, 539, 542, 544, 545, 547, 548, 550, 551, 553, 554, 555, 556, 557, 558, 559, 561, 564, 565, 569, 570, 571, 572, 573, 574, 575, 576, 577, 578, 579, 580, 581, 582, 583, 584, 586, 588, 593, 594, 595, 596, 598, 599, 600, 601, 602, 603, 604, 605, 606, 607, 608, 609, 610, 611, 612, 613, 614, 615, 619, 620, 622, 623, 628, 633, 634, 638, 648, 665, 666, 681, 684]}}