{"percentile": {"y": [100.0, 100.0, 100.0, 100.0, 100.0, 100.0, 100.0, 99.9, 99.9, 99.9, 99.9, 99.9, 99.9, 99.9, 99.9, 99.8, 99.8, 99.8, 99.8, 99.8, 99.8, 99.8, 99.7, 99.7, 99.7, 99.7, 99.7, 99.7, 99.6, 99.6, 99.6, 99.6, 99.6, 99.5, 99.5, 99.5, 99.4, 99.4, 99.3, 99.3, 99.3, 99.2, 99.1, 99.1, 99.0, 99.0, 98.9, 98.8, 98.8, 98.8, 98.7, 98.7, 98.6, 98.5, 98.4, 98.3, 98.2, 98.1, 98.0, 97.9, 97.7, 97.5, 97.4, 97.2, 97.0, 96.8, 96.6, 96.4, 96.2, 96.0, 95.7, 95.5, 95.4, 95.1, 94.9, 94.7, 94.3, 94.1, 93.6, 93.3, 92.8, 92.1, 91.6, 90.9, 90.1, 88.9, 85.3, 84.9, 84.4, 83.6, 82.9, 82.0, 81.1, 79.9, 78.9, 78.0, 77.0, 75.9, 74.9, 74.0, 72.8, 71.2, 69.8, 68.7, 67.3, 66.3, 65.1, 63.0, 62.0, 60.9, 59.7, 58.4, 57.1, 55.5, 54.4, 53.3, 52.1, 52.0, 51.8, 51.6, 51.3, 51.1, 51.0, 50.7, 50.6, 50.2, 48.9, 47.6, 46.4, 45.0, 43.7, 42.3, 40.6, 39.2, 37.7, 35.900000000000006, 34.3, 33.2, 31.900000000000006, 30.400000000000006, 29.299999999999997, 29.200000000000003, 29.099999999999994, 28.900000000000006, 28.700000000000003, 28.5, 28.400000000000006, 28.299999999999997, 28.200000000000003, 28.0, 27.900000000000006, 27.799999999999997, 27.799999999999997, 27.700000000000003, 27.700000000000003, 27.5, 26.400000000000006, 25.5, 24.5, 23.099999999999994, 22.0, 20.799999999999997, 19.900000000000006, 18.900000000000006, 18.0, 16.900000000000006, 15.900000000000006, 14.900000000000006, 14.0, 12.900000000000006, 12.0, 11.099999999999994, 10.200000000000003, 9.099999999999994, 8.299999999999997, 6.900000000000006, 0.4000000000000057, 0.4000000000000057, 0.4000000000000057, 0.29999999999999716, 0.29999999999999716, 0.29999999999999716, 0.29999999999999716, 0.29999999999999716, 0.20000000000000284, 0.20000000000000284, 0.20000000000000284, 0.0], "x": [399, 412, 426, 432, 436, 440, 449, 453, 455, 459, 463, 471, 473, 482, 492, 493, 495, 500, 502, 504, 508, 518, 519, 522, 524, 526, 529, 530, 531, 534, 535, 536, 539, 540, 541, 542, 543, 544, 545, 546, 547, 549, 550, 551, 552, 553, 554, 555, 556, 557, 558, 559, 560, 561, 562, 563, 564, 565, 566, 567, 568, 569, 570, 571, 572, 573, 574, 575, 576, 577, 578, 579, 580, 581, 582, 583, 584, 585, 586, 587, 588, 589, 590, 591, 592, 593, 594, 595, 596, 597, 598, 599, 600, 601, 602, 603, 604, 605, 606, 607, 608, 609, 610, 611, 612, 613, 614, 615, 616, 617, 618, 619, 620, 621, 622, 623, 624, 625, 626, 627, 628, 629, 630, 631, 632, 633, 634, 635, 636, 637, 638, 639, 640, 641, 642, 643, 644, 645, 646, 647, 648, 649, 650, 651, 652, 653, 654, 655, 656, 657, 658, 659, 660, 661, 662, 663, 664, 665, 666, 667, 668, 669, 670, 671, 672, 673, 674, 675, 676, 677, 678, 679, 680, 681, 682, 683, 684, 685, 689, 691, 692, 693, 695, 698, 700, 702, 703, 704]}, "histogram": {"y": [1, 0, 1, 1, 3, 1, 3, 1, 2, 1, 4, 4, 2, 7, 12, 31, 36, 91, 248, 707, 1755, 857, 153, 1643, 140, 2128, 29], "x": [400, 410, 420, 430, 440, 450, 460, 470, 480, 490, 500, 510, 520, 530, 540, 550, 559, 569, 584, 594, 615, 624, 633, 648, 663, 684, 705]}}