{"percentile": {"y": [98.5, 96.9, 95.4, 93.8, 92.2, 90.7, 89.1, 87.5, 86.0, 84.4, 81.3, 79.7, 78.2, 76.6, 75.0, 73.5, 70.4, 68.8, 67.2, 61.0, 59.4, 57.9, 56.3, 54.7, 51.6, 50.0, 48.5, 45.4, 37.5, 36.0, 34.400000000000006, 32.900000000000006, 31.299999999999997, 28.200000000000003, 26.599999999999994, 25.0, 23.5, 21.900000000000006, 20.400000000000006, 18.799999999999997, 15.700000000000003, 12.5, 11.0, 9.400000000000006, 7.900000000000006, 4.700000000000003, 1.5999999999999943, 0.0, -1.5], "x": [342, 437, 456, 469, 480, 485, 512, 521, 537, 551, 554, 555, 556, 559, 563, 569, 571, 572, 573, 574, 575, 576, 577, 578, 580, 581, 582, 583, 584, 586, 587, 590, 592, 594, 596, 597, 598, 599, 600, 601, 602, 603, 604, 606, 608, 611, 614, 621, 661]}, "histogram": {"y": [1, 0, 0, 0, 0, 0, 0, 0, 0, 1, 0, 1, 1, 1, 1, 0, 0, 1, 1, 1, 0, 6, 2, 23, 6, 17, 1, 0, 0, 1, 0, 0], "x": [350, 360, 370, 380, 390, 400, 410, 420, 430, 440, 450, 460, 470, 480, 490, 500, 510, 520, 530, 540, 550, 559, 569, 584, 594, 615, 624, 633, 648, 663, 684, 705]}}