{"percentile": {"x": [460, 467, 476, 485, 505, 519, 526, 535, 543, 546, 547, 550, 551, 555, 562, 564, 569, 573, 579, 583, 589, 597, 602, 607], "y": [96.7, 93.4, 86.7, 83.4, 80.0, 76.7, 73.4, 70.0, 63.4, 60.0, 56.7, 50.0, 46.7, 43.4, 40.0, 36.7, 26.700000000000003, 20.0, 16.700000000000003, 13.400000000000006, 10.0, 6.700000000000003, 0.0, -3.299999999999997]}, "histogram": {"x": [460, 470, 480, 490, 500, 510, 520, 530, 540, 550, 559, 569, 584, 594, 615, 624, 633, 648, 663, 684, 705], "y": [1, 1, 2, 1, 0, 1, 1, 1, 1, 6, 2, 5, 4, 1, 4, 0, 0, 0, 0, 0, 0]}}