{"histogram": {"y": [2, 4, 7, 4, 6, 5, 11, 8, 18, 22, 20, 27, 22, 25, 34, 33, 38, 56, 50, 62, 51, 48, 58, 66, 74, 82, 84, 107, 272, 127, 456, 96, 219, 39, 7, 22, 0, 7, 3], "x": [240, 270, 300, 310, 320, 330, 340, 350, 360, 370, 380, 390, 400, 410, 420, 430, 440, 450, 460, 470, 480, 490, 500, 510, 520, 530, 540, 550, 559, 569, 584, 594, 615, 624, 633, 648, 663, 684, 705]}, "percentile": {"y": [100.0, 100.0, 99.9, 99.9, 99.8, 99.8, 99.7, 99.7, 99.7, 99.6, 99.6, 99.5, 99.5, 99.4, 99.4, 99.3, 99.3, 99.3, 99.2, 99.1, 99.0, 99.0, 98.9, 98.9, 98.8, 98.6, 98.6, 98.5, 98.5, 98.4, 98.3, 98.2, 98.2, 98.1, 98.1, 98.0, 98.0, 97.9, 97.9, 97.8, 97.6, 97.5, 97.4, 97.4, 97.3, 97.2, 97.1, 97.1, 96.9, 96.7, 96.5, 96.4, 96.3, 96.2, 96.1, 96.1, 96.0, 95.9, 95.8, 95.7, 95.6, 95.5, 95.3, 95.3, 95.2, 95.1, 95.0, 94.9, 94.7, 94.5, 94.4, 94.3, 94.1, 94.1, 94.0, 93.8, 93.8, 93.7, 93.6, 93.5, 93.4, 93.2, 93.2, 93.1, 93.1, 92.9, 92.7, 92.7, 92.6, 92.5, 92.3, 92.3, 92.1, 91.9, 91.8, 91.8, 91.6, 91.4, 91.2, 91.1, 90.9, 90.8, 90.6, 90.4, 90.3, 90.1, 89.8, 89.7, 89.6, 89.5, 89.4, 89.3, 89.1, 88.9, 88.7, 88.6, 88.5, 88.3, 88.2, 87.9, 87.8, 87.7, 87.5, 87.2, 86.8, 86.7, 86.4, 86.2, 86.0, 85.8, 85.7, 85.5, 85.0, 84.8, 84.5, 84.3, 84.1, 83.8, 83.6, 83.3, 83.1, 83.0, 82.8, 82.6, 82.3, 82.1, 81.8, 81.4, 81.2, 80.8, 80.6, 80.5, 80.1, 79.8, 79.6, 79.4, 79.2, 79.0, 78.9, 78.6, 78.4, 78.1, 77.8, 77.7, 77.3, 77.1, 76.9, 76.7, 76.6, 76.3, 76.1, 75.9, 75.7, 75.5, 75.2, 75.0, 74.6, 74.4, 74.2, 73.9, 73.9, 73.5, 73.1, 72.9, 72.7, 72.4, 72.0, 71.6, 71.3, 71.0, 70.9, 70.7, 70.2, 70.0, 69.6, 69.3, 69.0, 68.7, 68.2, 67.8, 67.5, 67.3, 67.0, 66.8, 66.5, 66.1, 65.7, 65.3, 64.9, 64.7, 64.3, 63.9, 63.4, 63.1, 62.8, 62.5, 62.1, 61.8, 61.6, 60.9, 60.5, 60.0, 59.7, 59.4, 59.3, 59.0, 58.9, 58.5, 58.1, 58.0, 57.8, 57.4, 55.0, 54.0, 53.1, 51.7, 50.3, 48.9, 47.9, 47.2, 45.6, 43.0, 42.8, 42.4, 42.1, 41.8, 40.8, 40.6, 40.2, 39.9, 39.5, 37.4, 36.7, 35.7, 34.599999999999994, 33.099999999999994, 31.400000000000006, 30.200000000000003, 28.700000000000003, 27.299999999999997, 25.700000000000003, 24.0, 22.5, 21.5, 20.400000000000006, 19.5, 17.299999999999997, 17.099999999999994, 16.700000000000003, 16.400000000000006, 16.099999999999994, 15.400000000000006, 15.200000000000003, 15.099999999999994, 14.799999999999997, 14.700000000000003, 13.099999999999994, 12.700000000000003, 12.099999999999994, 11.400000000000006, 10.799999999999997, 10.0, 9.599999999999994, 8.900000000000006, 8.5, 7.799999999999997, 6.799999999999997, 6.299999999999997, 6.099999999999994, 5.5, 5.099999999999994, 4.799999999999997, 4.5, 4.200000000000003, 4.0, 3.9000000000000057, 3.799999999999997, 3.4000000000000057, 3.200000000000003, 3.0, 2.700000000000003, 2.4000000000000057, 2.299999999999997, 2.0, 1.9000000000000057, 1.7999999999999972, 1.7000000000000028, 1.7000000000000028, 1.5999999999999943, 1.5999999999999943, 1.5, 1.4000000000000057, 1.2999999999999972, 1.2000000000000028, 1.2000000000000028, 1.2000000000000028, 1.0999999999999943, 1.0, 0.7999999999999972, 0.7000000000000028, 0.5999999999999943, 0.5, 0.4000000000000057, 0.4000000000000057, 0.4000000000000057, 0.29999999999999716, 0.29999999999999716, 0.20000000000000284, 0.09999999999999432, 0.09999999999999432, 0.0], "x": [234, 236, 253, 258, 260, 269, 282, 284, 285, 288, 291, 292, 299, 301, 303, 306, 310, 314, 316, 319, 320, 321, 324, 327, 330, 331, 332, 334, 336, 338, 339, 341, 344, 346, 347, 349, 350, 351, 352, 353, 354, 355, 356, 357, 358, 360, 361, 362, 364, 365, 366, 367, 368, 370, 371, 372, 373, 374, 376, 377, 378, 379, 380, 381, 382, 383, 384, 385, 386, 387, 388, 389, 390, 391, 392, 393, 394, 395, 396, 397, 398, 399, 400, 401, 402, 403, 404, 405, 406, 407, 408, 409, 410, 411, 412, 413, 414, 415, 416, 417, 418, 419, 420, 421, 422, 423, 424, 425, 426, 427, 428, 429, 430, 431, 432, 433, 434, 435, 436, 437, 438, 439, 440, 441, 442, 443, 444, 445, 446, 447, 448, 449, 450, 451, 452, 453, 454, 455, 456, 457, 458, 459, 460, 461, 462, 463, 464, 465, 466, 467, 468, 469, 470, 471, 472, 473, 474, 475, 476, 477, 478, 479, 480, 481, 482, 483, 484, 485, 486, 487, 488, 489, 490, 491, 492, 493, 494, 495, 496, 497, 498, 499, 500, 501, 502, 503, 504, 505, 506, 507, 508, 509, 510, 511, 512, 513, 514, 515, 516, 517, 518, 519, 520, 521, 522, 523, 524, 525, 526, 527, 528, 529, 530, 531, 532, 533, 534, 535, 536, 537, 538, 539, 540, 541, 542, 543, 544, 545, 546, 547, 548, 549, 550, 551, 552, 553, 554, 555, 556, 557, 558, 559, 560, 561, 562, 563, 564, 565, 566, 567, 568, 569, 570, 571, 572, 573, 574, 575, 576, 577, 578, 579, 580, 581, 582, 583, 584, 585, 586, 587, 588, 589, 590, 591, 592, 593, 594, 595, 596, 597, 598, 599, 600, 601, 602, 603, 604, 605, 606, 607, 608, 609, 610, 611, 612, 613, 614, 615, 616, 617, 618, 619, 620, 621, 622, 623, 624, 625, 628, 629, 631, 633, 634, 635, 636, 637, 638, 640, 641, 642, 643, 644, 645, 667, 668, 669, 677, 679, 684, 697, 704]}}