{"histogram": {"y": [5, 7, 20, 11, 14, 8, 12, 13, 17, 11, 10, 18, 16, 20, 22, 14, 12, 21, 27, 21, 17, 22, 21, 19, 27, 22, 19, 21, 31, 35, 45, 21, 36, 4, 2, 7, 0, 3, 0], "x": [240, 270, 300, 310, 320, 330, 340, 350, 360, 370, 380, 390, 400, 410, 420, 430, 440, 450, 460, 470, 480, 490, 500, 510, 520, 530, 540, 550, 559, 569, 584, 594, 615, 624, 633, 648, 663, 684, 705]}, "percentile": {"y": [99.9, 99.7, 99.6, 99.4, 99.3, 99.1, 99.0, 98.8, 98.7, 98.5, 98.4, 98.2, 97.9, 97.7, 97.6, 97.4, 97.1, 96.8, 96.5, 96.2, 95.9, 95.7, 95.6, 95.4, 95.1, 95.0, 94.7, 94.2, 94.0, 93.9, 93.7, 93.4, 93.3, 93.0, 92.7, 92.2, 92.0, 91.9, 91.7, 91.3, 91.1, 90.7, 90.4, 90.2, 90.0, 89.9, 89.7, 89.4, 89.3, 88.7, 88.5, 88.4, 88.2, 88.0, 87.7, 87.6, 87.1, 86.7, 86.5, 86.4, 86.2, 85.4, 85.3, 84.8, 84.2, 84.0, 83.9, 83.6, 83.4, 83.3, 83.1, 83.0, 82.5, 82.2, 81.9, 81.7, 81.6, 81.3, 81.0, 80.8, 80.7, 80.4, 79.6, 79.3, 79.1, 78.5, 78.2, 77.9, 77.6, 77.4, 77.1, 77.0, 76.5, 76.2, 75.7, 75.6, 75.1, 75.0, 74.7, 74.0, 73.7, 73.4, 73.0, 72.7, 72.5, 72.0, 71.9, 71.1, 70.5, 69.9, 69.7, 69.6, 69.1, 68.7, 68.5, 68.2, 68.0, 67.9, 67.6, 67.3, 67.0, 66.5, 66.4, 66.2, 65.9, 65.7, 65.1, 65.0, 64.8, 64.7, 64.4, 64.2, 63.7, 63.3, 63.0, 62.7, 62.2, 61.9, 61.6, 61.4, 61.1, 60.5, 60.4, 59.9, 59.7, 58.5, 58.2, 57.9, 57.6, 57.3, 57.1, 57.0, 56.5, 56.2, 55.7, 55.6, 55.0, 54.5, 54.4, 54.0, 53.9, 53.6, 53.3, 52.8, 52.5, 52.2, 51.4, 51.0, 50.5, 50.4, 50.0, 49.9, 49.7, 49.4, 48.7, 48.0, 47.7, 47.1, 47.0, 46.0, 45.7, 45.3, 45.1, 44.8, 44.2, 44.0, 43.7, 43.4, 43.1, 42.8, 42.4, 42.2, 41.9, 41.4, 41.0, 40.7, 40.2, 39.6, 39.4, 39.3, 38.8, 38.5, 37.7, 37.6, 37.0, 36.7, 36.4, 35.900000000000006, 35.599999999999994, 35.0, 34.7, 34.400000000000006, 34.2, 34.0, 33.400000000000006, 33.099999999999994, 32.7, 32.0, 31.400000000000006, 31.299999999999997, 30.700000000000003, 30.400000000000006, 30.200000000000003, 30.0, 29.700000000000003, 28.200000000000003, 27.700000000000003, 27.299999999999997, 26.700000000000003, 26.0, 25.599999999999994, 24.799999999999997, 24.5, 23.400000000000006, 22.799999999999997, 22.5, 22.200000000000003, 21.900000000000006, 20.400000000000006, 20.200000000000003, 20.0, 19.599999999999994, 19.400000000000006, 18.0, 17.700000000000003, 17.400000000000006, 17.0, 16.5, 16.0, 15.700000000000003, 15.099999999999994, 14.700000000000003, 14.200000000000003, 13.400000000000006, 13.0, 12.799999999999997, 11.099999999999994, 11.0, 10.799999999999997, 10.5, 10.200000000000003, 10.0, 7.900000000000006, 7.700000000000003, 7.400000000000006, 6.799999999999997, 6.5, 6.400000000000006, 6.200000000000003, 5.900000000000006, 5.700000000000003, 5.599999999999994, 5.299999999999997, 4.5, 4.200000000000003, 4.0, 3.700000000000003, 3.4000000000000057, 3.299999999999997, 3.0999999999999943, 2.4000000000000057, 2.0, 1.9000000000000057, 1.7000000000000028, 1.4000000000000057, 1.2999999999999972, 1.0, 0.7000000000000028, 0.5, 0.4000000000000057, 0.20000000000000284, 0.0, -0.09999999999999432], "x": [220, 222, 231, 232, 236, 247, 255, 258, 260, 262, 266, 267, 275, 276, 278, 280, 283, 284, 285, 287, 288, 291, 298, 299, 300, 301, 302, 304, 307, 308, 309, 310, 311, 312, 313, 314, 316, 317, 319, 320, 321, 324, 325, 328, 329, 332, 334, 335, 336, 337, 338, 339, 340, 341, 342, 343, 344, 345, 347, 349, 350, 351, 352, 354, 355, 356, 357, 359, 362, 363, 364, 366, 367, 369, 370, 371, 372, 373, 375, 377, 378, 380, 382, 383, 385, 386, 388, 389, 390, 391, 392, 393, 394, 395, 397, 399, 400, 401, 402, 403, 404, 406, 407, 408, 409, 410, 411, 413, 414, 415, 416, 417, 419, 420, 421, 422, 423, 425, 426, 427, 428, 429, 431, 432, 433, 434, 435, 437, 439, 440, 441, 442, 443, 444, 445, 446, 447, 448, 449, 450, 451, 452, 453, 454, 455, 456, 457, 458, 459, 460, 461, 462, 463, 464, 465, 466, 467, 468, 469, 470, 472, 473, 474, 475, 476, 479, 480, 481, 482, 484, 485, 486, 487, 488, 489, 490, 491, 492, 494, 495, 496, 498, 499, 500, 501, 502, 503, 504, 505, 506, 507, 508, 510, 511, 512, 513, 514, 515, 516, 517, 518, 519, 520, 521, 522, 523, 525, 526, 527, 528, 529, 530, 531, 535, 536, 537, 538, 539, 540, 541, 545, 546, 547, 548, 549, 550, 551, 553, 554, 555, 556, 557, 558, 559, 560, 561, 562, 563, 564, 565, 566, 567, 568, 569, 570, 573, 574, 575, 576, 577, 578, 579, 580, 581, 582, 583, 584, 585, 586, 587, 589, 590, 594, 595, 596, 598, 599, 600, 601, 602, 603, 604, 605, 606, 607, 608, 610, 611, 612, 614, 615, 617, 618, 620, 633, 635, 636, 639, 642, 648, 671, 675, 684]}}