{"histogram": {"y": [9, 19, 6, 7, 13, 3, 7, 0], "x": [594, 615, 624, 633, 648, 663, 684, 705]}, "percentile": {"y": [85.8, 84.2, 82.6, 81.0, 79.4, 77.8, 76.2, 74.7, 71.5, 69.9, 68.3, 66.7, 63.5, 60.4, 55.6, 54.0, 52.4, 50.8, 49.3, 46.1, 44.5, 39.7, 38.1, 35.0, 31.799999999999997, 30.200000000000003, 28.599999999999994, 27.0, 25.400000000000006, 22.299999999999997, 17.5, 15.900000000000006, 14.299999999999997, 12.700000000000003, 11.200000000000003, 9.599999999999994, 8.0, 6.400000000000006, -1.5], "x": [594, 596, 598, 599, 600, 601, 602, 603, 608, 609, 610, 611, 612, 614, 615, 616, 618, 619, 623, 624, 625, 627, 628, 630, 634, 636, 638, 640, 641, 642, 643, 645, 648, 653, 655, 659, 666, 675, 684]}}