{"histogram": {"y": [1, 0, 0, 2, 1, 3, 1, 0, 4, 2, 1, 1, 1, 1, 5, 3, 8, 8, 14, 21, 10, 19, 2, 0, 3, 0, 0, 0], "x": [390, 400, 410, 420, 430, 440, 450, 460, 470, 480, 490, 500, 510, 520, 530, 540, 550, 559, 569, 584, 594, 615, 624, 633, 648, 663, 684, 705]}, "percentile": {"y": [99.1, 98.2, 97.3, 96.4, 95.5, 94.6, 93.7, 92.8, 91.9, 91.0, 90.0, 89.1, 88.2, 87.3, 86.4, 85.5, 84.6, 83.7, 82.8, 81.9, 81.0, 80.0, 79.1, 78.2, 77.3, 76.4, 75.5, 74.6, 73.7, 69.1, 67.3, 66.4, 64.6, 63.7, 62.8, 61.9, 61.0, 60.0, 58.2, 57.3, 56.4, 49.1, 48.2, 47.3, 46.4, 45.5, 42.8, 41.0, 39.1, 38.2, 36.4, 35.5, 34.599999999999994, 33.7, 30.0, 29.099999999999994, 27.299999999999997, 21.0, 20.0, 19.099999999999994, 17.299999999999997, 16.400000000000006, 15.5, 14.599999999999994, 13.700000000000003, 10.0, 9.099999999999994, 3.700000000000003, 2.799999999999997, 1.9000000000000057, 1.0, 0.0, -0.9000000000000057], "x": [390, 418, 419, 422, 431, 437, 439, 445, 463, 465, 467, 470, 478, 479, 483, 500, 508, 520, 522, 524, 526, 528, 529, 537, 539, 540, 542, 546, 549, 550, 551, 552, 553, 554, 555, 556, 561, 563, 564, 566, 567, 569, 570, 571, 572, 573, 574, 576, 577, 578, 579, 580, 582, 583, 584, 588, 589, 594, 595, 596, 597, 598, 599, 601, 602, 603, 613, 615, 619, 624, 639, 640, 642]}}