{"percentile": {"y": [100.0, 100.0, 100.0, 100.0, 100.0, 99.9, 99.9, 99.9, 99.9, 99.9, 99.8, 99.8, 99.8, 99.8, 99.8, 99.7, 99.7, 99.7, 99.7, 99.7, 99.6, 99.6, 99.5, 99.5, 99.5, 99.4, 99.3, 99.3, 99.2, 99.2, 99.1, 99.1, 99.0, 98.9, 98.9, 98.8, 98.8, 98.7, 98.6, 98.3, 98.3, 98.2, 98.0, 97.9, 97.6, 97.6, 97.4, 97.4, 97.3, 97.1, 97.0, 96.7, 96.5, 96.5, 96.3, 96.2, 96.1, 96.0, 95.8, 95.7, 95.5, 95.2, 94.8, 94.4, 93.9, 93.5, 93.1, 92.6, 91.6, 88.2, 87.9, 87.7, 87.3, 86.9, 86.4, 85.6, 84.9, 84.5, 83.9, 83.0, 82.2, 81.5, 80.7, 80.1, 79.3, 78.5, 77.8, 76.9, 76.2, 75.5, 74.2, 73.4, 72.7, 72.1, 71.5, 70.3, 69.5, 68.8, 68.1, 67.3, 67.2, 67.0, 66.9, 66.7, 66.6, 66.3, 66.2, 66.1, 65.7, 65.0, 64.1, 63.3, 62.3, 61.4, 60.1, 59.1, 57.7, 56.4, 55.1, 53.7, 52.7, 51.8, 50.9, 50.3, 50.2, 50.1, 49.9, 49.7, 49.6, 49.4, 49.3, 49.2, 49.0, 48.8, 48.7, 48.5, 48.5, 48.4, 48.3, 47.4, 46.3, 45.2, 44.3, 43.1, 42.2, 41.2, 40.2, 38.8, 37.4, 36.4, 35.400000000000006, 34.2, 33.099999999999994, 32.0, 30.5, 29.099999999999994, 27.799999999999997, 26.5, 24.599999999999994, 0.7000000000000028, 0.7000000000000028, 0.5999999999999943, 0.5999999999999943, 0.5999999999999943, 0.5999999999999943, 0.5, 0.5, 0.5, 0.4000000000000057, 0.4000000000000057, 0.29999999999999716, 0.29999999999999716, 0.29999999999999716, 0.20000000000000284, 0.20000000000000284, 0.09999999999999432, 0.09999999999999432, 0.0], "x": [408, 409, 439, 459, 464, 468, 472, 473, 485, 492, 493, 497, 501, 504, 512, 523, 525, 527, 529, 533, 541, 542, 543, 544, 546, 547, 548, 550, 552, 553, 554, 555, 556, 557, 558, 560, 561, 562, 563, 564, 565, 566, 567, 568, 569, 570, 571, 572, 573, 574, 575, 576, 577, 578, 579, 580, 581, 582, 583, 584, 585, 586, 587, 588, 589, 590, 591, 592, 593, 594, 595, 596, 597, 598, 599, 600, 601, 602, 603, 604, 605, 606, 607, 608, 609, 610, 611, 612, 613, 614, 615, 616, 617, 618, 619, 620, 621, 622, 623, 624, 625, 626, 627, 628, 629, 630, 631, 632, 633, 634, 635, 636, 637, 638, 639, 640, 641, 642, 643, 644, 645, 646, 647, 648, 649, 650, 651, 652, 653, 654, 655, 656, 657, 658, 659, 660, 661, 662, 663, 664, 665, 666, 667, 668, 669, 670, 671, 672, 673, 674, 675, 676, 677, 678, 679, 680, 681, 682, 683, 684, 685, 687, 688, 689, 690, 691, 692, 693, 694, 695, 696, 698, 699, 700, 701, 702, 703, 704]}, "histogram": {"y": [2, 0, 0, 1, 0, 1, 2, 2, 1, 3, 2, 1, 4, 1, 20, 18, 64, 98, 377, 712, 349, 77, 782, 97, 2408, 34], "x": [410, 420, 430, 440, 450, 460, 470, 480, 490, 500, 510, 520, 530, 540, 550, 559, 569, 584, 594, 615, 624, 633, 648, 663, 684, 705]}}