{"percentile": {"y": [99.9, 99.7, 99.5, 99.2, 98.9, 98.7, 98.5, 98.4, 98.2, 97.9, 97.7, 97.4, 97.2, 97.0, 96.9, 96.7, 96.5, 96.4, 95.9, 95.7, 95.5, 94.7, 94.2, 94.0, 93.9, 93.7, 93.5, 93.4, 92.9, 92.7, 92.5, 91.9, 91.7, 91.5, 91.4, 90.9, 90.7, 90.5, 90.2, 89.8, 89.5, 89.2, 88.8, 88.5, 88.3, 88.0, 87.8, 87.5, 87.3, 86.7, 86.5, 86.3, 86.2, 86.0, 85.8, 85.7, 85.5, 85.0, 84.5, 84.3, 84.0, 83.8, 83.5, 83.2, 82.7, 82.2, 82.0, 81.8, 81.7, 81.5, 81.3, 81.0, 80.8, 80.7, 80.2, 79.5, 79.0, 78.3, 78.0, 77.3, 77.0, 76.5, 76.1, 75.5, 75.3, 75.0, 74.6, 74.5, 74.3, 74.0, 73.8, 73.6, 73.3, 73.1, 72.5, 71.8, 71.6, 71.3, 71.1, 70.3, 69.4, 68.9, 68.6, 68.4, 65.9, 65.1, 64.1, 63.6, 61.8, 60.6, 58.7, 57.2, 56.6, 53.7, 53.2, 53.1, 52.9, 51.6, 50.9, 50.2, 50.0, 48.2, 47.0, 45.7, 44.0, 42.7, 40.7, 39.0, 37.5, 35.2, 34.5, 32.7, 32.0, 30.799999999999997, 29.5, 28.799999999999997, 25.799999999999997, 25.599999999999994, 25.299999999999997, 24.5, 24.099999999999994, 23.299999999999997, 22.5, 22.299999999999997, 22.0, 19.299999999999997, 18.099999999999994, 17.799999999999997, 16.799999999999997, 16.299999999999997, 15.400000000000006, 13.900000000000006, 13.599999999999994, 13.299999999999997, 12.299999999999997, 11.900000000000006, 11.599999999999994, 11.400000000000006, 11.099999999999994, 10.299999999999997, 9.900000000000006, 9.599999999999994, 9.099999999999994, 8.200000000000003, 7.599999999999994, 7.099999999999994, 5.200000000000003, 5.099999999999994, 4.900000000000006, 4.599999999999994, 4.400000000000006, 4.200000000000003, 4.099999999999994, 3.9000000000000057, 3.700000000000003, 3.5999999999999943, 3.4000000000000057, 3.200000000000003, 3.0999999999999943, 2.9000000000000057, 2.700000000000003, 2.4000000000000057, 2.0999999999999943, 1.9000000000000057, 1.5999999999999943, 1.4000000000000057, 0.0, -0.09999999999999432], "x": [311, 353, 354, 357, 377, 380, 381, 382, 384, 393, 407, 411, 412, 415, 422, 425, 426, 430, 431, 432, 433, 440, 441, 442, 443, 446, 448, 450, 451, 452, 453, 455, 458, 459, 461, 462, 463, 464, 467, 468, 469, 470, 471, 476, 477, 478, 479, 480, 481, 482, 483, 484, 486, 487, 489, 491, 493, 494, 495, 496, 498, 499, 501, 503, 505, 506, 507, 508, 509, 510, 511, 512, 513, 514, 515, 518, 519, 520, 521, 522, 523, 524, 525, 526, 527, 528, 529, 531, 532, 533, 534, 535, 536, 537, 538, 539, 540, 542, 543, 545, 546, 547, 548, 549, 550, 551, 552, 553, 554, 555, 556, 557, 558, 559, 560, 561, 562, 564, 565, 566, 567, 569, 570, 571, 572, 573, 574, 575, 576, 577, 578, 579, 580, 581, 582, 583, 584, 585, 586, 587, 588, 589, 590, 591, 592, 594, 595, 596, 597, 598, 599, 600, 601, 602, 603, 604, 605, 606, 607, 608, 609, 610, 611, 612, 613, 614, 615, 616, 617, 618, 619, 620, 621, 622, 624, 625, 627, 629, 637, 643, 660, 669, 674, 676, 677, 683, 684, 704]}, "histogram": {"y": [1, 0, 0, 0, 4, 0, 3, 3, 2, 1, 4, 4, 10, 8, 11, 14, 10, 10, 12, 14, 19, 22, 18, 34, 73, 33, 134, 39, 84, 9, 3, 2, 1, 16, 1], "x": [320, 330, 340, 350, 360, 370, 380, 390, 400, 410, 420, 430, 440, 450, 460, 470, 480, 490, 500, 510, 520, 530, 540, 550, 559, 569, 584, 594, 615, 624, 633, 648, 663, 684, 705]}}