{"percentile": {"x": [335, 373, 384, 391, 414, 427, 428, 430, 431, 436, 438, 439, 448, 452, 455, 458, 460, 464, 468, 469, 470, 471, 475, 476, 484, 489, 490, 493, 494, 495, 496, 497, 498, 502, 503, 505, 508, 511, 513, 514, 515, 520, 521, 522, 525, 526, 528, 529, 530, 532, 533, 535, 537, 538, 539, 540, 543, 545, 546, 548, 550, 552, 553, 554, 555, 556, 557, 558, 559, 560, 561, 564, 565, 567, 569, 570, 571, 572, 573, 574, 575, 577, 578, 579, 580, 581, 582, 583, 584, 589, 591, 592, 593, 594, 596, 599, 600, 601, 602, 603, 604, 607, 609, 610, 615, 616, 622, 624, 628, 635, 684], "y": [99.4, 98.8, 98.2, 97.5, 96.9, 96.3, 95.7, 95.0, 94.4, 93.8, 93.2, 92.5, 91.9, 90.7, 90.0, 89.4, 88.8, 88.2, 87.5, 86.9, 86.3, 85.7, 85.0, 84.4, 83.8, 83.2, 82.5, 81.9, 80.7, 80.0, 78.2, 77.5, 76.3, 75.7, 75.0, 74.4, 73.8, 73.2, 71.9, 71.3, 70.7, 70.0, 69.4, 68.2, 67.5, 66.9, 66.3, 65.7, 64.4, 63.2, 62.5, 61.9, 61.3, 60.7, 60.0, 59.4, 58.8, 58.2, 56.9, 56.3, 54.4, 53.8, 52.5, 51.3, 50.7, 49.4, 48.8, 46.9, 43.2, 42.5, 41.9, 41.3, 40.7, 40.0, 36.9, 36.3, 35.7, 34.400000000000006, 33.8, 31.900000000000006, 30.700000000000003, 29.400000000000006, 26.900000000000006, 24.400000000000006, 22.5, 21.299999999999997, 20.0, 18.200000000000003, 16.299999999999997, 15.700000000000003, 15.0, 14.400000000000006, 13.799999999999997, 11.299999999999997, 10.700000000000003, 10.0, 8.799999999999997, 8.200000000000003, 6.900000000000006, 6.299999999999997, 5.700000000000003, 5.0, 4.400000000000006, 3.799999999999997, 3.200000000000003, 2.5, 1.9000000000000057, 1.2999999999999972, 0.7000000000000028, 0.0, -0.5999999999999943]}, "histogram": {"x": [340, 350, 360, 370, 380, 390, 400, 410, 420, 430, 440, 450, 460, 470, 480, 490, 500, 510, 520, 530, 540, 550, 559, 569, 584, 594, 615, 624, 633, 648, 663, 684, 705], "y": [1, 0, 0, 0, 1, 1, 1, 0, 1, 3, 4, 1, 5, 4, 3, 3, 10, 4, 6, 9, 8, 8, 18, 10, 33, 8, 13, 3, 1, 1, 0, 1, 0]}}