{"percentile": {"y": [99.7, 99.4, 99.1, 98.8, 98.5, 98.2, 97.9, 97.5, 97.2, 96.9, 96.6, 96.3, 96.0, 95.3, 95.0, 94.7, 94.4, 94.1, 93.8, 93.5, 93.2, 92.8, 92.5, 92.2, 91.9, 91.6, 91.0, 90.6, 90.3, 90.0, 89.7, 89.4, 89.1, 88.8, 88.5, 88.1, 87.8, 87.5, 86.9, 86.6, 86.3, 85.0, 84.7, 84.4, 84.1, 83.7, 83.4, 83.1, 82.8, 82.5, 82.2, 81.6, 81.2, 80.9, 80.6, 80.3, 79.7, 79.0, 78.7, 78.4, 78.1, 77.5, 77.2, 76.5, 75.9, 74.7, 74.3, 74.0, 73.1, 72.5, 70.9, 70.6, 69.3, 68.1, 66.8, 66.5, 64.6, 63.4, 61.8, 59.3, 59.0, 58.7, 58.4, 57.4, 56.5, 55.8, 55.5, 54.6, 52.1, 50.8, 48.6, 47.4, 46.4, 43.9, 42.7, 41.7, 40.5, 38.9, 36.7, 35.8, 34.5, 33.599999999999994, 32.7, 29.5, 29.200000000000003, 28.900000000000006, 27.599999999999994, 26.700000000000003, 26.099999999999994, 25.799999999999997, 24.200000000000003, 22.599999999999994, 21.700000000000003, 21.400000000000006, 21.099999999999994, 19.5, 18.5, 17.299999999999997, 15.700000000000003, 15.400000000000006, 14.200000000000003, 13.799999999999997, 12.900000000000006, 11.599999999999994, 11.299999999999997, 10.400000000000006, 9.799999999999997, 7.299999999999997, 6.299999999999997, 6.0, 5.700000000000003, 5.400000000000006, 5.099999999999994, 4.799999999999997, 4.400000000000006, 4.099999999999994, 3.799999999999997, 3.5, 3.200000000000003, 2.9000000000000057, 2.5999999999999943, 2.200000000000003, 1.9000000000000057, 1.5999999999999943, 1.2999999999999972, 1.0, 0.7000000000000028, 0.4000000000000057, 0.0, -0.29999999999999716], "x": [279, 295, 355, 359, 365, 373, 385, 388, 393, 400, 405, 407, 408, 428, 433, 434, 435, 436, 437, 440, 442, 444, 445, 453, 457, 463, 466, 467, 470, 472, 475, 476, 477, 478, 483, 485, 486, 488, 490, 491, 492, 494, 495, 500, 505, 506, 508, 509, 510, 511, 513, 516, 518, 520, 521, 522, 525, 528, 531, 532, 535, 536, 537, 540, 543, 544, 545, 546, 547, 549, 550, 551, 552, 553, 554, 555, 556, 557, 558, 559, 560, 561, 562, 563, 564, 565, 566, 567, 569, 570, 571, 572, 573, 574, 575, 576, 577, 578, 579, 580, 581, 582, 583, 584, 585, 586, 587, 589, 591, 593, 594, 596, 597, 599, 600, 601, 602, 603, 604, 605, 607, 608, 609, 610, 612, 613, 614, 615, 616, 618, 620, 621, 622, 623, 624, 627, 635, 636, 638, 640, 641, 648, 666, 669, 672, 674, 680, 681, 683, 704]}, "histogram": {"y": [2, 0, 0, 0, 0, 0, 2, 1, 1, 2, 2, 3, 0, 2, 6, 3, 2, 5, 5, 6, 8, 5, 6, 6, 8, 18, 37, 23, 72, 17, 54, 9, 1, 6, 0, 7, 1], "x": [300, 310, 320, 330, 340, 350, 360, 370, 380, 390, 400, 410, 420, 430, 440, 450, 460, 470, 480, 490, 500, 510, 520, 530, 540, 550, 559, 569, 584, 594, 615, 624, 633, 648, 663, 684, 705]}}