{"percentile": {"x": [573, 578, 591, 592, 593, 594, 596, 597, 598, 599, 601, 602, 603, 604, 605, 606, 607, 608, 609, 610, 611, 612, 613, 614, 615, 617, 619, 620, 621, 624, 625, 626, 627, 629, 632, 633, 635, 636, 639, 641, 644, 645, 652, 655, 661, 662], "y": [98.9, 97.8, 95.6, 92.3, 90.0, 82.3, 81.2, 80.0, 77.8, 75.6, 74.5, 71.2, 68.9, 65.6, 63.4, 62.3, 60.0, 56.7, 55.6, 52.3, 47.8, 45.6, 42.3, 36.7, 27.799999999999997, 26.700000000000003, 25.599999999999994, 24.5, 21.200000000000003, 18.900000000000006, 17.799999999999997, 16.700000000000003, 15.599999999999994, 14.5, 13.400000000000006, 12.299999999999997, 11.200000000000003, 8.900000000000006, 7.799999999999997, 5.599999999999994, 4.5, 3.4000000000000057, 2.299999999999997, 1.2000000000000028, 0.0, -1.0999999999999943]}, "histogram": {"x": [584, 594, 615, 624, 633, 648, 663, 684, 705], "y": [2, 14, 49, 8, 6, 8, 4, 0, 0]}}