{"histogram": {"x": [540, 550, 559, 569, 584, 594, 615, 624, 633, 648, 663, 684, 705], "y": [1, 0, 0, 1, 2, 3, 11, 5, 1, 9, 2, 26, 0]}, "percentile": {"x": [540, 568, 570, 577, 588, 589, 606, 610, 611, 612, 613, 614, 615, 619, 622, 624, 633, 635, 636, 638, 640, 644, 648, 649, 655, 666, 667, 668, 670, 676, 679, 680, 681, 682, 683, 684], "y": [98.4, 96.7, 95.0, 93.4, 90.0, 88.4, 86.7, 83.4, 81.7, 78.4, 76.7, 75.0, 70.0, 68.4, 66.7, 61.7, 60.0, 55.0, 53.4, 51.7, 50.0, 48.4, 45.0, 43.4, 41.7, 38.4, 36.7, 33.400000000000006, 28.400000000000006, 26.700000000000003, 25.0, 23.400000000000006, 21.700000000000003, 16.700000000000003, 15.0, -1.5999999999999943]}}