{"histogram": {"x": [569, 584, 594, 615, 624, 633, 648, 663, 684, 705], "y": [1, 2, 11, 24, 11, 5, 49, 8, 105, 0]}, "percentile": {"x": [566, 572, 580, 586, 589, 592, 593, 594, 598, 601, 602, 604, 605, 606, 607, 608, 609, 612, 613, 614, 615, 616, 617, 618, 620, 621, 622, 623, 624, 625, 626, 629, 633, 634, 635, 637, 638, 639, 640, 641, 642, 643, 644, 645, 647, 648, 650, 651, 654, 655, 657, 663, 665, 666, 667, 668, 669, 670, 671, 672, 673, 674, 675, 676, 677, 678, 679, 680, 681, 682, 683, 684], "y": [99.6, 99.1, 98.7, 97.7, 96.8, 96.3, 95.9, 93.5, 93.1, 92.6, 91.7, 90.7, 89.8, 89.4, 88.4, 87.5, 85.6, 85.2, 84.2, 83.3, 82.4, 81.0, 80.5, 80.0, 79.6, 79.1, 78.2, 77.7, 77.3, 76.8, 75.9, 75.4, 74.9, 73.1, 71.7, 69.8, 68.0, 67.5, 65.2, 64.2, 61.9, 61.0, 57.7, 55.4, 54.0, 52.1, 51.7, 51.2, 50.7, 49.8, 49.4, 48.4, 46.6, 45.2, 43.8, 41.9, 40.0, 36.8, 34.5, 33.099999999999994, 31.200000000000003, 29.400000000000006, 27.5, 24.700000000000003, 22.400000000000006, 21.400000000000006, 19.599999999999994, 17.299999999999997, 16.299999999999997, 14.900000000000006, 13.099999999999994, -0.4000000000000057]}}