{"histogram": {"x": [430, 440, 450, 460, 470, 480, 490, 500, 510, 520, 530, 540, 550, 559, 569, 584, 594, 615, 624, 633, 648, 663, 684, 705], "y": [1, 0, 0, 0, 1, 0, 1, 1, 0, 1, 0, 1, 0, 5, 5, 11, 3, 18, 1, 0, 2, 1, 2, 0]}, "percentile": {"x": [427, 464, 490, 494, 520, 533, 553, 556, 557, 559, 560, 569, 571, 572, 573, 574, 577, 579, 580, 583, 584, 589, 590, 594, 595, 596, 597, 598, 602, 603, 604, 605, 607, 608, 610, 613, 614, 615, 621, 643, 644, 651, 682, 684], "y": [98.2, 96.3, 94.4, 92.5, 90.6, 88.7, 85.0, 83.1, 81.2, 79.3, 75.5, 69.9, 68.0, 66.1, 64.2, 60.4, 58.5, 56.7, 54.8, 51.0, 49.1, 47.2, 45.3, 43.4, 41.6, 39.7, 35.900000000000006, 34.0, 32.099999999999994, 30.200000000000003, 26.5, 24.599999999999994, 22.700000000000003, 20.799999999999997, 18.900000000000006, 15.099999999999994, 13.299999999999997, 9.5, 7.599999999999994, 5.700000000000003, 3.799999999999997, 1.9000000000000057, 0.0, -1.7999999999999972]}}