{"histogram": {"y": [1, 1, 8, 3, 8, 4, 12, 12, 13, 27, 21, 19, 29, 26, 32, 20, 29, 26, 38, 39, 38, 65, 60, 52, 65, 60, 81, 101, 301, 124, 439, 87, 206, 9, 5, 7, 0, 1, 1], "x": [240, 270, 300, 310, 320, 330, 340, 350, 360, 370, 380, 390, 400, 410, 420, 430, 440, 450, 460, 470, 480, 490, 500, 510, 520, 530, 540, 550, 559, 569, 584, 594, 615, 624, 633, 648, 663, 684, 705]}, "percentile": {"y": [100.0, 100.0, 99.9, 99.9, 99.8, 99.7, 99.7, 99.6, 99.5, 99.5, 99.4, 99.3, 99.3, 99.2, 99.0, 99.0, 98.9, 98.9, 98.8, 98.8, 98.7, 98.6, 98.6, 98.5, 98.5, 98.3, 98.3, 98.2, 98.2, 98.1, 97.9, 97.8, 97.8, 97.7, 97.6, 97.6, 97.5, 97.4, 97.3, 97.2, 97.1, 97.0, 96.7, 96.7, 96.6, 96.5, 96.3, 96.2, 96.1, 95.9, 95.7, 95.7, 95.6, 95.5, 95.4, 95.3, 95.2, 95.0, 94.9, 94.8, 94.7, 94.7, 94.6, 94.5, 94.4, 94.2, 94.1, 94.0, 93.8, 93.8, 93.7, 93.5, 93.4, 93.3, 93.0, 92.9, 92.8, 92.5, 92.4, 92.3, 92.1, 92.0, 91.9, 91.8, 91.7, 91.5, 91.4, 91.2, 91.1, 90.9, 90.8, 90.7, 90.4, 90.3, 90.2, 89.9, 89.9, 89.6, 89.5, 89.4, 89.3, 89.1, 89.1, 89.0, 88.9, 88.8, 88.7, 88.6, 88.6, 88.4, 88.4, 88.2, 88.1, 87.8, 87.7, 87.6, 87.4, 87.2, 87.2, 87.0, 86.9, 86.9, 86.8, 86.7, 86.5, 86.4, 86.2, 86.0, 85.8, 85.5, 85.2, 84.8, 84.6, 84.5, 84.4, 84.3, 84.1, 84.1, 83.9, 83.8, 83.5, 83.1, 82.9, 82.8, 82.6, 82.4, 82.3, 82.1, 81.9, 81.7, 81.6, 81.4, 81.2, 81.0, 80.9, 80.7, 80.4, 80.2, 80.0, 79.6, 79.3, 79.0, 78.6, 78.4, 77.9, 77.7, 77.3, 76.9, 76.6, 76.5, 76.3, 75.9, 75.5, 75.2, 75.0, 74.7, 74.4, 74.1, 73.9, 73.8, 73.6, 73.2, 73.1, 72.8, 72.5, 72.2, 71.9, 71.7, 71.5, 71.1, 70.9, 70.6, 70.2, 69.7, 69.5, 69.1, 68.7, 68.5, 68.1, 67.7, 67.4, 67.1, 66.8, 66.6, 66.3, 66.1, 65.8, 65.7, 65.5, 65.1, 64.7, 64.2, 63.9, 63.5, 63.2, 62.5, 61.9, 61.6, 61.4, 61.2, 61.1, 60.3, 60.2, 59.9, 59.7, 59.7, 57.0, 56.5, 55.5, 53.8, 51.7, 49.8, 48.7, 47.4, 46.0, 42.5, 42.1, 42.1, 41.7, 41.4, 40.2, 39.9, 39.3, 39.0, 36.5, 35.599999999999994, 34.7, 33.8, 32.7, 30.799999999999997, 29.599999999999994, 28.299999999999997, 26.799999999999997, 25.099999999999994, 23.299999999999997, 22.0, 20.5, 19.200000000000003, 18.0, 15.299999999999997, 15.099999999999994, 14.900000000000006, 14.700000000000003, 14.599999999999994, 13.599999999999994, 13.400000000000006, 13.299999999999997, 13.099999999999994, 13.0, 11.099999999999994, 10.700000000000003, 9.900000000000006, 9.400000000000006, 9.299999999999997, 8.799999999999997, 7.799999999999997, 7.299999999999997, 6.5, 5.799999999999997, 4.900000000000006, 4.5, 4.099999999999994, 3.5999999999999943, 3.0, 2.4000000000000057, 2.200000000000003, 2.0, 1.7000000000000028, 1.5, 1.4000000000000057, 1.0999999999999943, 1.0, 0.9000000000000057, 0.7999999999999972, 0.7000000000000028, 0.7000000000000028, 0.5999999999999943, 0.5, 0.5, 0.4000000000000057, 0.4000000000000057, 0.29999999999999716, 0.20000000000000284, 0.09999999999999432, 0.0, 0.0], "x": [234, 266, 287, 288, 292, 296, 297, 300, 301, 302, 310, 312, 314, 317, 320, 321, 324, 325, 329, 331, 332, 333, 334, 336, 337, 338, 340, 341, 342, 344, 345, 346, 348, 350, 351, 352, 354, 357, 358, 359, 360, 361, 362, 363, 364, 365, 366, 367, 368, 369, 370, 371, 372, 373, 374, 375, 376, 377, 378, 379, 380, 381, 382, 383, 384, 385, 387, 388, 390, 391, 392, 393, 394, 395, 396, 397, 398, 399, 400, 401, 402, 403, 404, 405, 406, 408, 409, 410, 411, 412, 413, 414, 415, 416, 417, 418, 419, 420, 421, 422, 423, 424, 425, 426, 427, 428, 429, 430, 431, 432, 433, 434, 435, 436, 437, 438, 439, 440, 441, 442, 443, 444, 445, 446, 447, 448, 449, 450, 451, 452, 453, 454, 456, 457, 458, 459, 460, 461, 462, 463, 464, 465, 466, 467, 468, 469, 470, 471, 472, 473, 474, 475, 476, 477, 478, 479, 480, 481, 482, 483, 484, 485, 486, 487, 488, 489, 490, 491, 492, 493, 494, 495, 496, 497, 498, 499, 500, 501, 502, 503, 504, 505, 506, 507, 508, 509, 510, 511, 512, 513, 514, 515, 516, 517, 518, 519, 520, 521, 522, 523, 524, 525, 526, 527, 528, 529, 530, 531, 532, 533, 534, 535, 536, 537, 538, 539, 540, 541, 542, 543, 544, 545, 546, 547, 548, 549, 550, 551, 552, 553, 554, 555, 556, 557, 558, 559, 560, 561, 562, 563, 564, 565, 566, 567, 569, 570, 571, 572, 573, 574, 575, 576, 577, 578, 579, 580, 581, 582, 583, 584, 585, 586, 587, 588, 589, 590, 591, 592, 593, 594, 595, 596, 597, 598, 599, 600, 601, 602, 603, 604, 605, 606, 607, 608, 609, 610, 611, 612, 613, 614, 615, 617, 619, 621, 622, 624, 625, 627, 628, 632, 635, 638, 641, 646, 665, 704]}}