{"histogram": {"y": [3, 4, 7, 4, 11, 11, 7, 4, 11, 19, 19, 25, 10, 22, 28, 33, 31, 26, 40, 48, 41, 47, 46, 62, 170, 75, 254, 50, 129, 6, 2, 2, 1, 2, 3], "x": [320, 330, 340, 350, 360, 370, 380, 390, 400, 410, 420, 430, 440, 450, 460, 470, 480, 490, 500, 510, 520, 530, 540, 550, 559, 569, 584, 594, 615, 624, 633, 648, 663, 684, 705]}, "percentile": {"y": [99.9, 99.8, 99.7, 99.6, 99.5, 99.4, 99.3, 99.1, 98.9, 98.9, 98.8, 98.7, 98.6, 98.5, 98.5, 98.2, 98.1, 98.0, 97.7, 97.6, 97.5, 97.4, 97.2, 97.0, 96.9, 96.8, 96.7, 96.6, 96.5, 96.5, 96.3, 96.2, 96.1, 96.0, 95.9, 95.8, 95.6, 95.4, 95.3, 95.2, 95.1, 94.9, 94.9, 94.8, 94.5, 94.3, 94.1, 93.9, 93.6, 93.3, 93.2, 93.0, 92.9, 92.7, 92.6, 92.5, 92.4, 92.3, 92.1, 91.8, 91.7, 91.5, 91.3, 91.2, 91.1, 90.7, 90.6, 90.3, 90.1, 90.0, 89.9, 89.7, 89.6, 89.5, 89.3, 89.3, 89.1, 89.0, 88.6, 88.5, 88.5, 88.3, 87.9, 87.6, 87.5, 87.4, 87.0, 86.8, 86.7, 86.3, 86.0, 85.8, 85.8, 85.4, 85.3, 85.0, 84.9, 84.7, 84.4, 84.2, 84.0, 83.8, 83.4, 83.1, 82.6, 82.4, 82.0, 81.7, 81.4, 81.2, 81.0, 80.7, 80.6, 80.2, 79.8, 79.7, 79.5, 79.0, 79.0, 78.6, 78.6, 78.3, 78.1, 77.7, 77.2, 76.7, 76.5, 76.3, 75.9, 75.8, 75.7, 75.4, 74.9, 74.4, 74.0, 73.5, 73.2, 72.8, 72.6, 72.3, 71.9, 71.5, 71.1, 70.8, 70.3, 70.3, 69.9, 69.3, 69.0, 68.6, 68.3, 68.1, 67.8, 67.4, 67.1, 66.6, 66.0, 65.7, 65.3, 65.2, 64.7, 64.2, 64.0, 63.8, 63.5, 63.1, 62.7, 62.3, 61.8, 61.6, 61.2, 61.0, 60.4, 60.3, 60.0, 59.8, 59.4, 58.6, 58.4, 58.4, 58.0, 57.8, 55.4, 54.8, 54.1, 52.8, 50.8, 49.4, 47.7, 46.3, 44.7, 41.8, 41.4, 41.2, 40.9, 40.4, 40.0, 39.7, 39.4, 38.9, 38.7, 35.8, 35.2, 34.400000000000006, 33.5, 32.099999999999994, 30.299999999999997, 29.400000000000006, 28.0, 26.400000000000006, 24.900000000000006, 23.099999999999994, 22.400000000000006, 21.400000000000006, 20.299999999999997, 18.599999999999994, 15.5, 15.5, 15.200000000000003, 15.0, 14.400000000000006, 13.5, 13.099999999999994, 13.099999999999994, 12.700000000000003, 11.599999999999994, 11.299999999999997, 11.200000000000003, 10.400000000000006, 9.599999999999994, 8.799999999999997, 8.299999999999997, 8.099999999999994, 7.299999999999997, 6.700000000000003, 6.400000000000006, 5.5, 5.0, 4.599999999999994, 4.0, 3.9000000000000057, 3.299999999999997, 2.799999999999997, 2.4000000000000057, 2.0, 1.7999999999999972, 1.2000000000000028, 1.2000000000000028, 1.0999999999999943, 0.9000000000000057, 0.7999999999999972, 0.7999999999999972, 0.7000000000000028, 0.5999999999999943, 0.5, 0.4000000000000057, 0.4000000000000057, 0.29999999999999716, 0.20000000000000284, 0.09999999999999432, 0.0], "x": [311, 313, 322, 328, 329, 333, 336, 337, 338, 341, 343, 344, 350, 351, 354, 355, 358, 359, 360, 363, 364, 365, 366, 368, 370, 373, 374, 375, 377, 378, 379, 383, 385, 390, 392, 393, 395, 396, 398, 399, 400, 401, 403, 404, 405, 407, 408, 409, 410, 411, 412, 413, 414, 415, 416, 417, 418, 419, 420, 421, 422, 423, 424, 425, 426, 427, 428, 429, 430, 431, 432, 434, 435, 436, 439, 440, 441, 442, 443, 444, 445, 446, 447, 448, 450, 451, 452, 453, 454, 455, 456, 457, 458, 459, 460, 461, 462, 463, 464, 465, 466, 467, 468, 469, 470, 472, 473, 474, 475, 476, 477, 478, 479, 480, 481, 482, 483, 485, 486, 487, 488, 489, 490, 491, 492, 493, 494, 495, 496, 497, 498, 499, 500, 501, 502, 503, 504, 505, 506, 507, 508, 509, 510, 511, 512, 513, 514, 515, 516, 517, 518, 519, 520, 521, 522, 523, 524, 525, 526, 527, 528, 529, 530, 531, 532, 533, 534, 535, 536, 537, 538, 539, 540, 541, 542, 543, 544, 545, 546, 547, 548, 549, 550, 551, 552, 553, 554, 555, 556, 557, 558, 559, 560, 561, 562, 563, 564, 565, 566, 567, 568, 569, 570, 571, 572, 573, 574, 575, 576, 577, 578, 579, 580, 581, 582, 583, 584, 585, 586, 587, 588, 589, 590, 592, 593, 594, 595, 596, 597, 598, 599, 600, 601, 602, 603, 604, 605, 606, 607, 608, 609, 610, 611, 612, 613, 614, 615, 617, 619, 620, 621, 624, 625, 633, 638, 647, 655, 678, 684, 691, 704]}}