{"histogram": {"y": [1, 4, 5, 6, 10, 10, 10, 20, 28, 32, 40, 49, 61, 63, 78, 102, 95, 101, 142, 147, 141, 171, 158, 222, 240, 276, 412, 906, 541, 1650, 463, 1276, 134, 36, 128, 16, 136, 15], "x": [270, 300, 310, 320, 330, 340, 350, 360, 370, 380, 390, 400, 410, 420, 430, 440, 450, 460, 470, 480, 490, 500, 510, 520, 530, 540, 550, 559, 569, 584, 594, 615, 624, 633, 648, 663, 684, 705]}, "percentile": {"y": [100.0, 100.0, 100.0, 100.0, 100.0, 100.0, 100.0, 99.9, 99.9, 99.9, 99.9, 99.9, 99.9, 99.8, 99.8, 99.8, 99.8, 99.8, 99.8, 99.8, 99.7, 99.7, 99.7, 99.7, 99.7, 99.6, 99.6, 99.6, 99.6, 99.5, 99.5, 99.5, 99.5, 99.5, 99.5, 99.4, 99.4, 99.4, 99.4, 99.3, 99.3, 99.2, 99.2, 99.2, 99.2, 99.1, 99.1, 99.1, 99.0, 99.0, 99.0, 98.9, 98.9, 98.8, 98.8, 98.7, 98.7, 98.7, 98.6, 98.6, 98.5, 98.5, 98.5, 98.4, 98.4, 98.3, 98.3, 98.2, 98.1, 98.1, 98.0, 98.0, 98.0, 97.9, 97.8, 97.8, 97.7, 97.7, 97.6, 97.5, 97.4, 97.3, 97.3, 97.2, 97.2, 97.0, 97.0, 96.9, 96.8, 96.8, 96.7, 96.6, 96.5, 96.4, 96.4, 96.3, 96.2, 96.2, 96.1, 96.0, 95.9, 95.8, 95.7, 95.6, 95.5, 95.5, 95.3, 95.2, 95.1, 95.0, 95.0, 94.8, 94.7, 94.5, 94.4, 94.3, 94.2, 94.1, 94.0, 93.9, 93.8, 93.5, 93.3, 93.2, 93.1, 93.0, 92.8, 92.7, 92.6, 92.5, 92.4, 92.3, 92.2, 92.0, 91.9, 91.7, 91.6, 91.5, 91.4, 91.3, 91.2, 91.0, 90.9, 90.7, 90.5, 90.4, 90.2, 90.1, 90.0, 89.7, 89.5, 89.2, 89.1, 88.9, 88.7, 88.6, 88.4, 88.1, 88.0, 87.8, 87.6, 87.4, 87.2, 86.9, 86.8, 86.6, 86.5, 86.4, 86.1, 86.0, 85.9, 85.6, 85.4, 85.2, 85.1, 85.0, 84.7, 84.5, 84.2, 84.0, 83.7, 83.4, 83.3, 83.1, 82.9, 82.7, 82.5, 82.4, 82.2, 82.0, 81.8, 81.4, 81.2, 80.9, 80.7, 80.6, 80.2, 79.8, 79.7, 79.4, 79.1, 78.6, 78.4, 78.0, 77.8, 77.5, 77.2, 76.9, 76.6, 76.3, 76.0, 75.6, 75.4, 75.1, 74.9, 74.6, 74.3, 74.1, 73.8, 73.4, 72.9, 72.1, 72.0, 71.6, 71.3, 71.1, 70.1, 69.7, 69.3, 69.0, 68.8, 66.9, 66.4, 65.5, 64.4, 63.3, 62.1, 60.8, 59.5, 58.4, 55.5, 55.1, 54.7, 54.3, 54.0, 52.4, 52.0, 51.7, 51.4, 51.1, 48.7, 47.8, 46.8, 45.6, 44.2, 42.6, 41.3, 40.1, 38.6, 37.2, 35.599999999999994, 34.2, 32.599999999999994, 31.299999999999997, 30.200000000000003, 27.900000000000006, 27.5, 27.200000000000003, 26.700000000000003, 26.299999999999997, 25.299999999999997, 24.900000000000006, 24.400000000000006, 24.0, 23.700000000000003, 22.0, 21.599999999999994, 21.0, 19.900000000000006, 19.200000000000003, 18.299999999999997, 17.299999999999997, 16.700000000000003, 15.900000000000006, 15.0, 14.200000000000003, 13.299999999999997, 12.5, 11.700000000000003, 11.099999999999994, 10.5, 9.799999999999997, 9.099999999999994, 8.599999999999994, 8.200000000000003, 7.700000000000003, 5.900000000000006, 5.700000000000003, 5.5, 5.200000000000003, 5.099999999999994, 4.900000000000006, 4.700000000000003, 4.599999999999994, 4.5, 4.200000000000003, 4.200000000000003, 4.099999999999994, 4.099999999999994, 3.9000000000000057, 3.9000000000000057, 3.9000000000000057, 3.9000000000000057, 3.9000000000000057, 3.799999999999997, 3.700000000000003, 3.5999999999999943, 3.5, 3.299999999999997, 3.200000000000003, 3.0999999999999943, 3.0, 2.9000000000000057, 2.700000000000003, 2.5, 2.4000000000000057, 2.299999999999997, 2.299999999999997, 2.200000000000003, 2.0999999999999943, 2.0999999999999943, 2.0999999999999943, 2.0999999999999943, 2.0999999999999943, 2.0, 2.0, 2.0, 2.0, 1.9000000000000057, 1.9000000000000057, 1.7999999999999972, 1.7999999999999972, 1.7000000000000028, 1.7000000000000028, 1.5999999999999943, 1.5999999999999943, 1.5999999999999943, 1.5, 1.5, 1.4000000000000057, 1.2999999999999972, 1.2999999999999972, 1.2000000000000028, 1.2000000000000028, 1.0999999999999943, 1.0999999999999943, 1.0, 0.9000000000000057, 0.20000000000000284, 0.20000000000000284, 0.20000000000000284, 0.20000000000000284, 0.20000000000000284, 0.20000000000000284, 0.09999999999999432, 0.0], "x": [255, 282, 291, 297, 298, 304, 305, 306, 310, 311, 312, 316, 318, 320, 321, 322, 324, 325, 326, 327, 328, 329, 333, 335, 336, 339, 340, 342, 343, 344, 345, 346, 349, 350, 351, 352, 353, 354, 355, 356, 357, 358, 359, 360, 362, 363, 364, 365, 366, 367, 368, 369, 370, 371, 372, 373, 374, 375, 376, 377, 378, 379, 380, 381, 382, 383, 384, 385, 386, 387, 388, 389, 390, 391, 392, 393, 394, 395, 397, 398, 399, 400, 401, 402, 403, 404, 405, 406, 407, 408, 409, 410, 411, 412, 413, 414, 415, 416, 417, 418, 419, 420, 421, 422, 423, 424, 425, 426, 427, 428, 429, 430, 431, 432, 433, 434, 435, 436, 437, 438, 439, 440, 441, 442, 443, 444, 445, 446, 447, 448, 449, 450, 451, 452, 453, 454, 455, 456, 457, 458, 459, 460, 461, 462, 463, 464, 465, 466, 467, 468, 469, 470, 471, 472, 473, 474, 475, 476, 477, 478, 479, 480, 481, 482, 483, 484, 485, 486, 487, 488, 489, 490, 491, 492, 493, 494, 495, 496, 497, 498, 499, 500, 501, 502, 503, 504, 505, 506, 507, 508, 509, 510, 511, 512, 513, 514, 515, 516, 517, 518, 519, 520, 521, 522, 523, 524, 525, 526, 527, 528, 529, 530, 531, 532, 533, 534, 535, 536, 537, 538, 539, 540, 541, 542, 543, 544, 545, 546, 547, 548, 549, 550, 551, 552, 553, 554, 555, 556, 557, 558, 559, 560, 561, 562, 563, 564, 565, 566, 567, 568, 569, 570, 571, 572, 573, 574, 575, 576, 577, 578, 579, 580, 581, 582, 583, 584, 585, 586, 587, 588, 589, 590, 591, 592, 593, 594, 595, 596, 597, 598, 599, 600, 601, 602, 603, 604, 605, 606, 607, 608, 609, 610, 611, 612, 613, 614, 615, 616, 617, 618, 619, 620, 621, 622, 623, 624, 625, 626, 627, 628, 629, 630, 631, 632, 633, 634, 635, 636, 637, 638, 639, 640, 641, 642, 643, 644, 645, 646, 647, 648, 649, 651, 652, 654, 655, 656, 659, 660, 663, 664, 665, 666, 667, 668, 669, 670, 672, 673, 674, 675, 676, 677, 678, 679, 680, 681, 682, 683, 684, 685, 694, 696, 698, 700, 702, 704]}}