{"percentile": {"x": [375, 383, 446, 449, 464, 486, 537, 542, 545, 546, 552, 555, 556, 557, 558, 559, 569, 572, 573, 574, 576, 577, 578, 581, 583, 584, 586, 597, 599, 605, 607, 609, 611, 615, 646], "y": [97.8, 95.6, 93.4, 91.2, 88.9, 86.7, 84.5, 82.3, 80.0, 77.8, 75.6, 71.2, 68.9, 66.7, 64.5, 62.3, 57.8, 55.6, 51.2, 46.7, 44.5, 42.3, 37.8, 35.599999999999994, 33.400000000000006, 26.700000000000003, 24.5, 22.299999999999997, 20.0, 13.400000000000006, 8.900000000000006, 6.700000000000003, 4.5, 0.0, -2.200000000000003]}, "histogram": {"x": [380, 390, 400, 410, 420, 430, 440, 450, 460, 470, 480, 490, 500, 510, 520, 530, 540, 550, 559, 569, 584, 594, 615, 624, 633, 648, 663, 684, 705], "y": [1, 1, 0, 0, 0, 0, 0, 2, 0, 1, 0, 1, 0, 0, 0, 0, 1, 3, 7, 2, 14, 1, 11, 0, 0, 1, 0, 0, 0]}}