{"percentile": {"y": [98.8, 97.5, 96.3, 95.0, 93.7, 92.5, 91.2, 88.7, 87.4, 86.1, 84.9, 83.6, 82.3, 81.1, 79.8, 78.5, 77.3, 73.5, 72.2, 69.7, 68.4, 67.1, 63.3, 60.8, 59.5, 57.0, 55.7, 53.2, 49.4, 48.2, 45.6, 43.1, 40.6, 38.0, 36.8, 33.0, 29.200000000000003, 27.900000000000006, 26.599999999999994, 25.400000000000006, 24.099999999999994, 21.599999999999994, 17.799999999999997, 15.200000000000003, 14.0, 12.700000000000003, 11.400000000000006, 10.200000000000003, 8.900000000000006, 7.599999999999994, 5.099999999999994, 3.799999999999997, 2.5999999999999943, 1.2999999999999972, 0.0, -1.2000000000000028], "x": [395, 402, 405, 424, 477, 479, 483, 500, 504, 512, 518, 533, 534, 537, 541, 552, 557, 559, 564, 569, 570, 574, 575, 578, 579, 580, 582, 584, 589, 594, 596, 597, 598, 601, 603, 604, 605, 606, 607, 608, 609, 610, 612, 614, 615, 618, 620, 622, 637, 641, 642, 649, 654, 656, 663, 683]}, "histogram": {"y": [1, 2, 0, 1, 0, 0, 0, 0, 2, 1, 2, 1, 2, 0, 3, 1, 5, 3, 13, 4, 27, 3, 0, 4, 4, 1, 0], "x": [400, 410, 420, 430, 440, 450, 460, 470, 480, 490, 500, 510, 520, 530, 540, 550, 559, 569, 584, 594, 615, 624, 633, 648, 663, 684, 705]}}