{"histogram": {"y": [1, 0, 0, 0, 0, 0, 0, 2, 1, 0, 0, 0, 0, 2, 1, 1, 1, 8, 16, 16, 46, 69, 285, 590, 357, 65, 928, 94, 3531, 41], "x": [370, 380, 390, 400, 410, 420, 430, 440, 450, 460, 470, 480, 490, 500, 510, 520, 530, 540, 550, 559, 569, 584, 594, 615, 624, 633, 648, 663, 684, 705]}, "percentile": {"y": [100.0, 100.0, 100.0, 100.0, 100.0, 100.0, 99.9, 99.9, 99.9, 99.9, 99.8, 99.8, 99.7, 99.7, 99.7, 99.6, 99.5, 99.5, 99.5, 99.4, 99.4, 99.4, 99.3, 99.2, 99.2, 99.2, 99.2, 99.1, 99.0, 98.9, 98.8, 98.7, 98.6, 98.5, 98.5, 98.4, 98.3, 98.3, 98.2, 98.1, 98.0, 97.9, 97.9, 97.7, 97.7, 97.6, 97.5, 97.3, 97.2, 97.1, 96.8, 96.6, 96.2, 96.0, 95.7, 95.3, 94.7, 92.6, 92.5, 92.2, 92.0, 91.6, 91.2, 90.8, 90.5, 90.0, 89.2, 88.8, 88.4, 88.2, 87.7, 87.2, 86.8, 86.1, 85.5, 85.1, 84.5, 83.8, 82.9, 82.3, 81.8, 81.1, 80.5, 79.8, 78.9, 78.2, 77.7, 77.0, 76.9, 76.8, 76.6, 76.6, 76.5, 76.4, 76.2, 76.1, 75.9, 75.2, 74.3, 73.4, 72.6, 71.6, 70.7, 69.6, 68.1, 66.9, 65.7, 64.7, 63.5, 62.4, 61.4, 60.6, 60.5, 60.3, 60.3, 60.2, 60.1, 59.9, 59.7, 59.6, 59.5, 59.4, 59.3, 59.3, 59.2, 59.1, 59.0, 57.9, 56.8, 55.7, 54.5, 53.1, 51.8, 50.7, 49.5, 48.0, 46.5, 45.0, 43.7, 42.5, 41.2, 39.6, 38.0, 36.4, 34.900000000000006, 33.099999999999994, 30.400000000000006, 0.7000000000000028, 0.7000000000000028, 0.5999999999999943, 0.5999999999999943, 0.5999999999999943, 0.5999999999999943, 0.5999999999999943, 0.5, 0.5, 0.4000000000000057, 0.4000000000000057, 0.4000000000000057, 0.29999999999999716, 0.29999999999999716, 0.29999999999999716, 0.29999999999999716, 0.20000000000000284, 0.20000000000000284, 0.0], "x": [362, 439, 440, 442, 493, 499, 503, 514, 522, 538, 540, 542, 544, 547, 548, 549, 550, 552, 553, 554, 555, 556, 558, 559, 560, 561, 562, 563, 564, 565, 566, 567, 568, 569, 570, 571, 572, 574, 575, 576, 577, 578, 579, 580, 581, 582, 583, 584, 585, 586, 587, 588, 589, 590, 591, 592, 593, 594, 595, 596, 597, 598, 599, 600, 601, 602, 603, 604, 605, 606, 607, 608, 609, 610, 611, 612, 613, 614, 615, 616, 617, 618, 619, 620, 621, 622, 623, 624, 625, 626, 627, 628, 629, 630, 631, 632, 633, 634, 635, 636, 637, 638, 639, 640, 641, 642, 643, 644, 645, 646, 647, 648, 649, 650, 651, 652, 653, 654, 655, 656, 657, 658, 659, 660, 661, 662, 663, 664, 665, 666, 667, 668, 669, 670, 671, 672, 673, 674, 675, 676, 677, 678, 679, 680, 681, 682, 683, 684, 685, 687, 688, 689, 690, 691, 692, 693, 694, 695, 696, 697, 698, 699, 700, 702, 703, 704]}}