{"histogram": {"x": [410, 420, 430, 440, 450, 460, 470, 480, 490, 500, 510, 520, 530, 540, 550, 559, 569, 584, 594, 615, 624, 633, 648, 663, 684, 705], "y": [2, 0, 0, 0, 0, 1, 2, 2, 1, 4, 3, 1, 4, 3, 16, 17, 51, 76, 230, 410, 217, 48, 465, 54, 1196, 18]}, "percentile": {"x": [408, 409, 459, 464, 468, 472, 473, 485, 492, 493, 494, 497, 501, 504, 508, 512, 523, 525, 527, 529, 533, 540, 541, 542, 543, 544, 546, 547, 548, 549, 550, 552, 553, 554, 555, 556, 557, 558, 560, 561, 562, 563, 564, 565, 566, 567, 568, 569, 570, 571, 572, 573, 574, 575, 576, 577, 578, 579, 580, 581, 582, 583, 584, 585, 586, 587, 588, 589, 590, 591, 592, 593, 594, 595, 596, 597, 598, 599, 600, 601, 602, 603, 604, 605, 606, 607, 608, 609, 610, 611, 612, 613, 614, 615, 616, 617, 618, 619, 620, 621, 622, 623, 624, 625, 626, 627, 628, 629, 630, 631, 632, 633, 634, 635, 636, 637, 638, 639, 640, 641, 642, 643, 644, 645, 646, 647, 648, 649, 650, 651, 652, 653, 654, 655, 656, 657, 658, 659, 660, 661, 662, 663, 664, 665, 666, 667, 668, 669, 670, 671, 672, 673, 674, 675, 676, 677, 678, 679, 680, 681, 682, 683, 684, 685, 687, 688, 689, 690, 692, 693, 694, 695, 698, 699, 700, 703, 704], "y": [100.0, 100.0, 99.9, 99.9, 99.9, 99.8, 99.8, 99.8, 99.7, 99.7, 99.7, 99.6, 99.6, 99.6, 99.5, 99.5, 99.4, 99.4, 99.4, 99.3, 99.3, 99.2, 99.2, 99.1, 99.1, 99.0, 99.0, 98.9, 98.8, 98.7, 98.7, 98.6, 98.5, 98.5, 98.3, 98.2, 98.1, 98.1, 98.0, 98.0, 97.8, 97.7, 97.3, 97.2, 97.0, 96.7, 96.6, 96.3, 96.1, 95.9, 95.8, 95.8, 95.4, 95.2, 94.9, 94.7, 94.6, 94.3, 94.2, 94.0, 94.0, 93.7, 93.6, 93.3, 93.0, 92.5, 91.7, 91.0, 90.6, 90.2, 89.7, 88.5, 85.4, 85.1, 84.8, 84.4, 84.2, 83.6, 82.9, 82.0, 81.5, 80.8, 80.0, 79.1, 78.5, 77.6, 76.9, 76.0, 75.3, 74.4, 73.8, 73.1, 72.4, 70.9, 69.9, 69.3, 68.6, 67.9, 66.5, 65.6, 64.7, 63.9, 63.2, 63.0, 62.9, 62.8, 62.7, 62.5, 62.2, 62.1, 62.0, 61.5, 60.8, 59.8, 58.8, 57.8, 56.9, 55.4, 54.1, 52.8, 51.4, 50.0, 48.5, 47.5, 46.5, 45.6, 45.0, 44.8, 44.8, 44.6, 44.4, 44.3, 44.2, 44.0, 44.0, 43.9, 43.5, 43.5, 43.3, 43.2, 43.1, 43.1, 42.1, 41.1, 39.8, 39.0, 37.8, 36.8, 35.7, 34.599999999999994, 33.3, 32.3, 31.200000000000003, 30.299999999999997, 28.900000000000006, 27.700000000000003, 26.5, 25.099999999999994, 23.700000000000003, 22.599999999999994, 21.299999999999997, 19.5, 0.7000000000000028, 0.5999999999999943, 0.5999999999999943, 0.5, 0.5, 0.5, 0.4000000000000057, 0.4000000000000057, 0.4000000000000057, 0.29999999999999716, 0.20000000000000284, 0.20000000000000284, 0.09999999999999432, 0.09999999999999432, 0.0]}}