{"histogram": {"x": [330, 340, 350, 360, 370, 380, 390, 400, 410, 420, 430, 440, 450, 460, 470, 480, 490, 500, 510, 520, 530, 540, 550, 559, 569, 584, 594, 615, 624, 633, 648, 663, 684, 705], "y": [1, 2, 0, 1, 1, 1, 4, 0, 0, 2, 1, 2, 2, 9, 8, 10, 4, 8, 5, 7, 10, 16, 12, 41, 19, 58, 10, 24, 3, 0, 1, 0, 1, 0]}, "percentile": {"x": [321, 337, 340, 360, 367, 373, 381, 382, 387, 389, 419, 420, 426, 436, 437, 441, 447, 453, 454, 455, 457, 458, 459, 460, 463, 465, 466, 467, 468, 469, 470, 471, 472, 473, 474, 478, 480, 483, 487, 489, 492, 493, 496, 500, 501, 507, 508, 509, 512, 514, 517, 518, 519, 522, 524, 525, 526, 527, 528, 530, 532, 533, 534, 535, 536, 538, 540, 542, 543, 545, 546, 549, 550, 551, 552, 553, 554, 555, 556, 557, 558, 559, 560, 561, 563, 564, 565, 566, 567, 568, 569, 570, 571, 572, 573, 574, 575, 576, 577, 578, 579, 580, 581, 582, 583, 584, 588, 590, 594, 596, 598, 599, 600, 601, 602, 603, 604, 605, 606, 607, 608, 609, 611, 612, 615, 620, 623, 624, 641, 678], "y": [99.7, 99.3, 98.9, 98.5, 98.1, 97.8, 97.4, 97.0, 96.6, 96.2, 95.9, 95.5, 95.1, 94.7, 94.3, 93.9, 93.6, 93.2, 92.8, 92.4, 92.0, 90.9, 90.5, 90.1, 89.7, 89.4, 89.0, 88.6, 88.2, 87.8, 87.1, 86.3, 85.5, 84.4, 84.0, 83.6, 83.3, 82.9, 82.5, 81.7, 81.3, 81.0, 79.8, 78.7, 78.3, 77.9, 77.5, 76.8, 75.6, 75.2, 74.9, 74.5, 74.1, 73.3, 73.0, 72.6, 72.2, 71.0, 70.7, 70.3, 68.8, 68.0, 67.2, 66.8, 66.5, 66.1, 64.2, 63.8, 63.4, 62.3, 61.9, 61.5, 59.6, 59.2, 58.1, 55.0, 53.9, 52.0, 50.0, 48.9, 47.0, 43.9, 43.2, 42.8, 42.4, 40.5, 39.7, 39.0, 38.6, 38.2, 36.7, 34.8, 34.400000000000006, 32.900000000000006, 31.299999999999997, 30.200000000000003, 29.799999999999997, 28.299999999999997, 26.799999999999997, 24.900000000000006, 22.200000000000003, 20.299999999999997, 18.799999999999997, 17.599999999999994, 16.799999999999997, 14.599999999999994, 13.799999999999997, 13.0, 10.700000000000003, 9.599999999999994, 8.799999999999997, 8.400000000000006, 7.700000000000003, 7.299999999999997, 6.900000000000006, 6.200000000000003, 5.799999999999997, 5.400000000000006, 5.0, 4.599999999999994, 3.5, 2.700000000000003, 2.299999999999997, 2.0, 1.5999999999999943, 1.2000000000000028, 0.7999999999999972, 0.4000000000000057, 0.0, -0.29999999999999716]}}