{"histogram": {"y": [2, 0, 1, 2, 0, 0, 2, 0, 0, 0, 4, 3, 5, 13, 11, 50, 77, 258, 623, 324, 75, 744, 119, 1844, 43], "x": [420, 430, 440, 450, 460, 470, 480, 490, 500, 510, 520, 530, 540, 550, 559, 569, 584, 594, 615, 624, 633, 648, 663, 684, 705]}, "percentile": {"y": [100.0, 100.0, 100.0, 99.9, 99.9, 99.9, 99.9, 99.8, 99.8, 99.7, 99.7, 99.7, 99.6, 99.6, 99.5, 99.5, 99.4, 99.4, 99.3, 99.3, 99.2, 99.2, 99.1, 99.1, 99.0, 99.0, 99.0, 99.0, 98.8, 98.7, 98.5, 98.4, 98.3, 98.2, 98.1, 97.8, 97.8, 97.7, 97.6, 97.5, 97.4, 97.2, 97.1, 96.9, 96.8, 96.7, 96.6, 96.5, 96.4, 96.2, 96.0, 96.0, 95.8, 95.5, 95.1, 94.5, 94.1, 93.7, 93.1, 92.4, 89.9, 89.6, 89.2, 88.8, 88.4, 87.8, 87.2, 86.6, 85.8, 85.2, 84.7, 84.1, 83.4, 82.5, 81.7, 80.8, 80.1, 79.3, 78.4, 77.7, 76.9, 75.0, 74.1, 73.4, 72.7, 71.9, 70.9, 69.9, 68.9, 68.2, 67.3, 67.1, 67.0, 66.7, 66.5, 66.4, 66.2, 66.2, 66.0, 65.5, 64.7, 63.9, 62.7, 61.5, 60.4, 59.1, 57.9, 56.6, 55.2, 53.7, 52.3, 50.9, 49.8, 49.1, 47.8, 47.7, 47.5, 47.3, 47.0, 46.9, 46.8, 46.5, 46.3, 46.1, 45.9, 45.7, 45.4, 45.3, 45.1, 45.0, 43.9, 42.9, 41.8, 40.6, 39.1, 38.1, 37.0, 35.8, 34.7, 33.400000000000006, 32.099999999999994, 31.099999999999994, 29.900000000000006, 28.700000000000003, 27.599999999999994, 26.5, 25.200000000000003, 24.0, 22.599999999999994, 20.200000000000003, 1.0999999999999943, 1.0, 1.0, 0.9000000000000057, 0.9000000000000057, 0.9000000000000057, 0.7999999999999972, 0.7999999999999972, 0.7999999999999972, 0.7000000000000028, 0.5999999999999943, 0.5999999999999943, 0.5, 0.5, 0.5, 0.4000000000000057, 0.0], "x": [412, 438, 441, 447, 476, 480, 515, 517, 520, 523, 526, 531, 532, 539, 544, 545, 546, 549, 550, 551, 552, 554, 555, 556, 558, 559, 560, 561, 562, 563, 564, 565, 566, 567, 568, 569, 570, 571, 572, 573, 574, 575, 576, 577, 578, 579, 580, 581, 582, 583, 584, 585, 586, 587, 588, 589, 590, 591, 592, 593, 594, 595, 596, 597, 598, 599, 600, 601, 602, 603, 604, 605, 606, 607, 608, 609, 610, 611, 612, 613, 614, 615, 616, 617, 618, 619, 620, 621, 622, 623, 624, 625, 626, 627, 628, 629, 630, 631, 632, 633, 634, 635, 636, 637, 638, 639, 640, 641, 642, 643, 644, 645, 646, 647, 648, 649, 650, 651, 652, 653, 654, 655, 656, 657, 658, 659, 660, 661, 662, 663, 664, 665, 666, 667, 668, 669, 670, 671, 672, 673, 674, 675, 676, 677, 678, 679, 680, 681, 682, 683, 684, 685, 686, 687, 688, 689, 690, 691, 692, 694, 695, 697, 699, 700, 702, 703, 704]}}