{"histogram": {"x": [569, 584, 594, 615, 624, 633, 648, 663, 684, 705], "y": [1, 3, 57, 52, 13, 4, 13, 1, 10, 0]}, "percentile": {"x": [569, 572, 578, 585, 587, 589, 590, 591, 592, 593, 594, 595, 599, 600, 602, 603, 604, 605, 606, 607, 608, 609, 610, 611, 612, 613, 614, 615, 616, 618, 619, 621, 622, 624, 628, 629, 633, 636, 639, 640, 641, 643, 644, 645, 648, 650, 664, 666, 669, 670, 679, 684], "y": [99.4, 98.7, 97.4, 96.8, 95.5, 92.9, 92.2, 90.9, 90.2, 87.0, 60.2, 58.9, 56.9, 53.6, 51.7, 50.4, 47.8, 44.5, 43.8, 41.9, 41.2, 40.6, 39.3, 36.0, 32.099999999999994, 30.799999999999997, 30.099999999999994, 26.200000000000003, 25.5, 22.900000000000006, 21.599999999999994, 21.0, 20.299999999999997, 17.700000000000003, 17.0, 15.700000000000003, 15.099999999999994, 14.400000000000006, 13.099999999999994, 12.5, 10.5, 9.900000000000006, 8.5, 7.900000000000006, 6.599999999999994, 5.900000000000006, 5.299999999999997, 4.599999999999994, 2.700000000000003, 2.0, 1.4000000000000057, -0.5999999999999943]}}