{"percentile": {"y": [100.0, 100.0, 100.0, 100.0, 99.9, 99.9, 99.9, 99.8, 99.8, 99.7, 99.7, 99.7, 99.7, 99.6, 99.6, 99.5, 99.5, 99.4, 99.4, 99.3, 99.3, 99.2, 99.1, 99.1, 99.0, 99.0, 98.9, 98.8, 98.8, 98.6, 98.4, 98.3, 98.2, 98.2, 98.2, 98.0, 97.9, 97.9, 97.7, 97.5, 97.3, 97.2, 96.9, 96.7, 96.5, 96.3, 96.1, 95.9, 95.8, 95.7, 95.2, 95.0, 94.7, 94.5, 94.2, 93.8, 93.4, 93.0, 92.6, 92.0, 90.1, 89.8, 89.3, 88.7, 88.1, 87.5, 86.9, 86.1, 85.4, 84.5, 83.7, 82.8, 82.0, 80.8, 80.0, 79.2, 78.0, 76.9, 75.6, 74.8, 73.5, 71.6, 70.4, 69.4, 68.3, 67.1, 65.9, 64.7, 63.3, 62.1, 61.1, 60.9, 60.5, 60.2, 59.8, 59.5, 59.3, 59.1, 58.9, 58.5, 57.4, 56.1, 54.5, 53.0, 51.6, 50.1, 48.7, 46.9, 45.1, 43.6, 41.9, 40.1, 38.7, 37.3, 35.7, 35.599999999999994, 35.400000000000006, 35.3, 35.0, 34.5, 34.2, 34.0, 33.8, 33.8, 33.400000000000006, 33.3, 33.2, 33.099999999999994, 33.099999999999994, 32.8, 31.700000000000003, 30.200000000000003, 28.700000000000003, 27.200000000000003, 25.599999999999994, 24.0, 22.5, 21.400000000000006, 19.700000000000003, 18.0, 16.700000000000003, 15.599999999999994, 14.099999999999994, 13.0, 11.700000000000003, 10.400000000000006, 9.299999999999997, 8.0, 6.799999999999997, 5.5, 0.4000000000000057, 0.29999999999999716, 0.29999999999999716, 0.29999999999999716, 0.29999999999999716, 0.20000000000000284, 0.20000000000000284, 0.20000000000000284, 0.09999999999999432, 0.0], "x": [483, 501, 503, 509, 511, 528, 529, 534, 537, 541, 542, 543, 545, 547, 548, 549, 550, 551, 552, 553, 554, 555, 556, 557, 558, 559, 560, 561, 562, 563, 564, 565, 566, 567, 568, 569, 570, 571, 572, 573, 574, 575, 576, 577, 578, 579, 580, 581, 582, 583, 584, 585, 586, 587, 588, 589, 590, 591, 592, 593, 594, 595, 596, 597, 598, 599, 600, 601, 602, 603, 604, 605, 606, 607, 608, 609, 610, 611, 612, 613, 614, 615, 616, 617, 618, 619, 620, 621, 622, 623, 624, 625, 626, 627, 628, 629, 630, 631, 632, 633, 634, 635, 636, 637, 638, 639, 640, 641, 642, 643, 644, 645, 646, 647, 648, 649, 650, 651, 652, 653, 654, 655, 656, 657, 658, 659, 660, 661, 662, 663, 664, 665, 666, 667, 668, 669, 670, 671, 672, 673, 674, 675, 676, 677, 678, 679, 680, 681, 682, 683, 684, 685, 686, 687, 688, 691, 694, 700, 703, 704]}, "histogram": {"y": [1, 0, 3, 1, 2, 4, 13, 21, 40, 118, 211, 771, 435, 108, 950, 120, 1349, 15], "x": [490, 500, 510, 520, 530, 540, 550, 559, 569, 584, 594, 615, 624, 633, 648, 663, 684, 705]}}