{"histogram": {"y": [2, 5, 5, 2, 3, 1, 7, 1, 2, 4, 2, 5, 5, 8, 10, 3, 8, 6, 10, 8, 7, 12, 7, 17, 18, 18, 25, 24, 97, 40, 184, 30, 117, 7, 0, 8, 0, 2, 0], "x": [240, 270, 300, 310, 320, 330, 340, 350, 360, 370, 380, 390, 400, 410, 420, 430, 440, 450, 460, 470, 480, 490, 500, 510, 520, 530, 540, 550, 559, 569, 584, 594, 615, 624, 633, 648, 663, 684, 705]}, "percentile": {"y": [99.9, 99.8, 99.6, 99.5, 99.3, 99.2, 99.1, 98.9, 98.8, 98.6, 98.5, 98.4, 98.1, 97.9, 97.8, 97.7, 97.5, 97.4, 97.2, 97.1, 96.8, 96.7, 96.5, 96.4, 96.2, 96.1, 96.0, 95.8, 95.5, 95.4, 95.3, 95.0, 94.7, 94.5, 94.4, 94.3, 94.0, 93.8, 93.6, 93.4, 93.3, 93.1, 93.0, 92.7, 92.4, 92.2, 92.0, 91.9, 91.6, 91.3, 91.2, 91.0, 90.9, 90.7, 90.5, 90.3, 90.2, 89.8, 89.6, 89.5, 89.3, 89.2, 89.0, 88.9, 88.8, 88.6, 88.5, 88.2, 88.1, 87.9, 87.8, 87.5, 87.4, 87.2, 87.1, 86.9, 86.7, 86.5, 86.4, 86.1, 85.9, 85.8, 85.4, 85.1, 85.0, 84.8, 84.5, 84.3, 84.1, 84.0, 83.7, 83.5, 83.4, 83.3, 83.0, 82.8, 82.7, 82.3, 82.0, 81.9, 81.4, 81.2, 80.9, 80.7, 80.4, 80.3, 80.0, 79.6, 79.5, 78.9, 78.8, 78.3, 78.2, 77.9, 77.8, 77.5, 76.9, 76.6, 76.5, 76.4, 76.1, 75.8, 75.4, 75.2, 74.8, 74.7, 74.5, 74.2, 73.5, 72.7, 72.4, 72.3, 71.7, 71.3, 71.1, 70.9, 70.1, 69.9, 69.7, 68.3, 67.8, 67.2, 65.8, 64.5, 62.0, 60.1, 59.1, 57.5, 54.6, 54.5, 54.1, 52.9, 52.2, 51.5, 51.2, 49.0, 48.0, 47.3, 45.7, 43.6, 40.5, 38.4, 37.1, 34.900000000000006, 33.5, 32.099999999999994, 30.900000000000006, 29.099999999999994, 28.0, 25.900000000000006, 23.0, 22.799999999999997, 22.599999999999994, 22.5, 22.200000000000003, 21.099999999999994, 20.5, 20.400000000000006, 20.200000000000003, 20.099999999999994, 18.799999999999997, 17.799999999999997, 16.599999999999994, 16.0, 15.599999999999994, 14.900000000000006, 13.700000000000003, 12.700000000000003, 11.799999999999997, 10.599999999999994, 9.099999999999994, 8.5, 7.900000000000006, 7.099999999999994, 6.0, 5.400000000000006, 5.099999999999994, 4.700000000000003, 3.700000000000003, 3.5999999999999943, 2.299999999999997, 2.200000000000003, 1.9000000000000057, 1.7000000000000028, 1.2999999999999972, 1.2000000000000028, 0.7999999999999972, 0.5, 0.29999999999999716, 0.20000000000000284, 0.0, -0.09999999999999432], "x": [220, 239, 245, 255, 257, 266, 267, 272, 276, 277, 287, 296, 310, 316, 318, 320, 330, 331, 334, 335, 337, 339, 340, 342, 351, 355, 363, 364, 367, 376, 377, 382, 383, 385, 392, 396, 398, 400, 401, 403, 405, 406, 408, 410, 412, 413, 414, 415, 417, 418, 423, 425, 428, 433, 434, 435, 437, 440, 441, 443, 445, 446, 449, 450, 451, 452, 453, 454, 457, 458, 459, 460, 462, 463, 466, 467, 468, 469, 470, 474, 475, 476, 479, 481, 482, 483, 485, 486, 487, 489, 490, 493, 494, 495, 496, 497, 500, 501, 502, 503, 504, 505, 506, 508, 509, 510, 511, 512, 513, 514, 515, 516, 517, 518, 519, 521, 523, 524, 525, 526, 527, 528, 529, 530, 531, 532, 533, 535, 536, 537, 538, 539, 540, 542, 543, 544, 545, 547, 549, 550, 551, 552, 553, 554, 555, 556, 557, 558, 559, 560, 562, 564, 565, 566, 567, 569, 570, 571, 572, 573, 574, 575, 576, 577, 578, 579, 580, 581, 582, 583, 584, 585, 586, 587, 588, 589, 590, 591, 592, 593, 594, 595, 596, 597, 598, 599, 600, 601, 602, 603, 604, 605, 606, 607, 608, 609, 610, 612, 613, 614, 615, 616, 617, 620, 624, 634, 635, 640, 642, 648, 672, 684]}}