{"percentile": {"y": [100.0, 100.0, 99.9, 99.9, 99.8, 99.8, 99.8, 99.7, 99.7, 99.6, 99.5, 99.5, 99.4, 99.3, 99.2, 99.1, 99.0, 99.0, 99.0, 98.9, 98.8, 98.7, 98.6, 98.3, 98.2, 98.1, 97.9, 97.9, 97.7, 97.7, 97.6, 97.3, 97.1, 96.8, 96.4, 96.3, 96.0, 95.8, 95.5, 95.2, 94.9, 94.7, 94.6, 94.5, 94.2, 93.9, 93.6, 93.3, 93.1, 92.7, 92.4, 91.9, 91.4, 90.3, 87.0, 86.5, 85.8, 85.5, 84.5, 83.8, 83.0, 82.1, 81.1, 80.1, 78.9, 77.8, 77.0, 75.8, 74.5, 73.5, 71.9, 71.0, 70.0, 69.3, 67.8, 66.0, 64.7, 63.0, 62.1, 60.3, 59.0, 57.9, 56.2, 55.1, 53.8, 53.6, 53.5, 53.3, 53.2, 53.1, 52.8, 52.8, 52.7, 52.2, 51.1, 50.0, 48.5, 47.0, 45.2, 43.8, 42.6, 40.8, 39.7, 37.9, 36.4, 34.900000000000006, 33.7, 32.8, 31.5, 31.299999999999997, 31.200000000000003, 30.900000000000006, 30.799999999999997, 30.5, 30.299999999999997, 30.200000000000003, 30.0, 29.799999999999997, 29.799999999999997, 29.599999999999994, 29.5, 29.5, 29.400000000000006, 29.200000000000003, 28.299999999999997, 26.900000000000006, 25.400000000000006, 24.299999999999997, 22.900000000000006, 21.5, 20.099999999999994, 18.900000000000006, 17.400000000000006, 16.299999999999997, 15.299999999999997, 14.5, 13.099999999999994, 12.200000000000003, 11.0, 10.0, 9.0, 8.099999999999994, 7.0, 5.799999999999997, 0.4000000000000057, 0.29999999999999716, 0.29999999999999716, 0.29999999999999716, 0.0], "x": [455, 475, 479, 508, 520, 528, 532, 534, 537, 539, 542, 546, 547, 550, 552, 553, 554, 556, 557, 558, 559, 561, 562, 563, 564, 565, 566, 567, 568, 569, 570, 571, 572, 573, 574, 575, 576, 577, 578, 579, 580, 581, 582, 583, 584, 585, 586, 587, 588, 589, 590, 591, 592, 593, 594, 595, 596, 597, 598, 599, 600, 601, 602, 603, 604, 605, 606, 607, 608, 609, 610, 611, 612, 613, 614, 615, 616, 617, 618, 619, 620, 621, 622, 623, 624, 625, 626, 627, 628, 629, 630, 631, 632, 633, 634, 635, 636, 637, 638, 639, 640, 641, 642, 643, 644, 645, 646, 647, 648, 649, 650, 651, 652, 653, 654, 655, 656, 657, 658, 659, 660, 661, 662, 663, 664, 665, 666, 667, 668, 669, 670, 671, 672, 673, 674, 675, 676, 677, 678, 679, 680, 681, 682, 683, 684, 685, 694, 703, 704]}, "histogram": {"y": [1, 0, 2, 0, 0, 1, 1, 1, 5, 7, 11, 27, 83, 171, 497, 289, 37, 490, 54, 683, 9], "x": [460, 470, 480, 490, 500, 510, 520, 530, 540, 550, 559, 569, 584, 594, 615, 624, 633, 648, 663, 684, 705]}}