{"percentile": {"x": [428, 492, 526, 542, 552, 558, 560, 563, 564, 566, 568, 569, 570, 571, 572, 573, 574, 576, 577, 578, 579, 581, 582, 584, 585, 586, 587, 588, 589, 590, 591, 592, 593, 594, 595, 596, 597, 598, 599, 600, 601, 602, 603, 604, 605, 606, 607, 608, 609, 610, 611, 612, 613, 614, 615, 616, 617, 618, 619, 620, 621, 622, 623, 624, 625, 626, 627, 628, 629, 630, 631, 632, 633, 634, 635, 636, 637, 638, 639, 640, 641, 642, 643, 644, 645, 646, 647, 648, 649, 650, 651, 652, 653, 654, 655, 656, 657, 658, 659, 660, 661, 663, 664, 665, 666, 667, 668, 669, 670, 671, 672, 673, 674, 675, 676, 677, 678, 679, 680, 681, 682, 683, 684, 686, 687, 691, 692, 693, 694, 695, 699, 701, 702, 703, 704], "y": [100.0, 99.9, 99.8, 99.7, 99.4, 99.3, 99.2, 99.1, 99.0, 98.9, 98.8, 98.7, 98.6, 98.4, 98.3, 98.1, 98.0, 97.8, 97.7, 97.4, 97.2, 97.1, 97.0, 96.7, 96.6, 96.3, 96.1, 95.9, 95.5, 95.1, 94.8, 94.3, 94.1, 93.0, 92.9, 92.8, 92.6, 91.7, 91.4, 91.1, 90.9, 90.8, 90.3, 89.4, 88.7, 88.4, 87.6, 86.9, 86.3, 85.0, 84.3, 82.9, 82.2, 80.8, 78.2, 77.4, 76.7, 75.8, 75.2, 74.7, 74.1, 73.4, 72.9, 71.6, 71.2, 71.1, 71.0, 70.8, 70.1, 70.0, 69.9, 69.6, 69.0, 67.8, 65.9, 64.9, 64.2, 63.0, 61.8, 60.5, 59.3, 58.6, 57.6, 56.1, 54.8, 54.6, 53.8, 53.3, 53.0, 52.7, 52.1, 51.9, 51.4, 51.2, 50.6, 50.1, 49.7, 49.3, 49.2, 48.8, 48.7, 48.2, 47.4, 46.5, 45.4, 44.1, 42.5, 41.2, 39.7, 37.9, 36.8, 36.1, 34.8, 33.099999999999994, 31.900000000000006, 30.900000000000006, 29.099999999999994, 28.0, 26.700000000000003, 25.400000000000006, 23.400000000000006, 21.099999999999994, 2.0, 1.7999999999999972, 1.5999999999999943, 1.5, 1.4000000000000057, 1.2000000000000028, 0.9000000000000057, 0.7999999999999972, 0.7000000000000028, 0.5999999999999943, 0.5, 0.09999999999999432, 0.0]}, "histogram": {"x": [430, 440, 450, 460, 470, 480, 490, 500, 510, 520, 530, 540, 550, 559, 569, 584, 594, 615, 624, 633, 648, 663, 684, 705], "y": [1, 0, 0, 0, 0, 0, 0, 1, 0, 0, 1, 0, 1, 4, 6, 20, 38, 151, 68, 26, 161, 52, 472, 21]}}