{"percentile": {"y": [100.0, 99.9, 99.8, 99.6, 99.5, 99.4, 99.4, 99.3, 99.2, 99.1, 98.9, 98.8, 98.7, 98.6, 98.5, 98.3, 97.9, 97.6, 97.4, 96.9, 96.6, 96.4, 96.0, 95.3, 94.7, 91.8, 91.6, 91.3, 91.0, 90.6, 90.1, 89.8, 89.5, 89.0, 88.4, 87.9, 87.2, 86.4, 86.0, 85.7, 85.2, 84.8, 84.7, 84.4, 83.4, 81.2, 80.0, 78.8, 78.1, 77.4, 76.7, 75.7, 74.7, 74.2, 73.8, 73.6, 73.6, 73.4, 73.2, 73.0, 72.8, 72.7, 72.3, 71.5, 70.4, 69.4, 69.0, 68.1, 67.1, 66.0, 63.9, 62.6, 61.1, 60.0, 58.8, 58.2, 57.2, 56.2, 56.2, 56.1, 56.0, 55.8, 55.6, 55.3, 55.0, 54.9, 54.9, 54.7, 54.6, 54.4, 54.1, 53.7, 52.3, 50.7, 49.7, 48.1, 47.1, 45.8, 44.4, 42.8, 41.7, 40.8, 40.0, 38.8, 37.5, 35.5, 34.5, 32.599999999999994, 31.299999999999997, 29.5, 27.099999999999994, 0.7000000000000028, 0.5999999999999943, 0.4000000000000057, 0.29999999999999716, 0.20000000000000284, 0.0], "x": [481, 538, 543, 545, 548, 551, 554, 558, 563, 564, 569, 571, 573, 574, 576, 580, 584, 586, 587, 588, 589, 590, 591, 592, 593, 594, 595, 597, 598, 599, 600, 601, 602, 603, 604, 605, 606, 607, 608, 609, 610, 611, 612, 613, 614, 615, 616, 617, 618, 619, 620, 621, 622, 623, 624, 625, 627, 628, 629, 630, 631, 632, 633, 634, 635, 636, 637, 638, 639, 640, 641, 642, 643, 644, 645, 646, 647, 648, 649, 650, 651, 652, 653, 654, 655, 656, 659, 660, 661, 662, 663, 664, 665, 666, 667, 668, 669, 670, 671, 672, 673, 674, 675, 676, 677, 678, 679, 680, 681, 682, 683, 684, 689, 694, 695, 702, 704]}, "histogram": {"y": [1, 0, 0, 0, 0, 1, 4, 3, 4, 12, 70, 123, 85, 18, 185, 25, 617, 8], "x": [490, 500, 510, 520, 530, 540, 550, 559, 569, 584, 594, 615, 624, 633, 648, 663, 684, 705]}}