{"histogram": {"x": [320, 330, 340, 350, 360, 370, 380, 390, 400, 410, 420, 430, 440, 450, 460, 470, 480, 490, 500, 510, 520, 530, 540, 550, 559, 569, 584, 594, 615, 624, 633, 648, 663, 684, 705], "y": [2, 0, 0, 0, 0, 1, 1, 0, 1, 1, 0, 1, 0, 0, 0, 1, 0, 0, 2, 0, 2, 0, 0, 8, 3, 4, 8, 2, 4, 0, 0, 1, 0, 0, 0]}, "percentile": {"x": [313, 366, 377, 392, 402, 424, 468, 493, 500, 514, 520, 542, 544, 545, 549, 550, 553, 554, 559, 561, 564, 568, 569, 572, 575, 576, 578, 584, 589, 594, 601, 605, 607, 615, 638], "y": [95.2, 92.7, 90.3, 87.9, 85.4, 83.0, 80.5, 78.1, 75.7, 73.2, 70.8, 65.9, 63.5, 58.6, 56.1, 51.3, 48.8, 46.4, 44.0, 41.5, 39.1, 36.6, 34.2, 31.799999999999997, 29.299999999999997, 24.400000000000006, 22.0, 14.700000000000003, 12.200000000000003, 9.799999999999997, 7.400000000000006, 4.900000000000006, 2.5, 0.0, -2.4000000000000057]}}