{"percentile": {"x": [549, 579, 587, 588, 589, 590, 591, 592, 593, 594, 597, 598, 599, 600, 601, 602, 603, 604, 605, 606, 607, 608, 609, 610, 611, 613, 614, 615, 617, 619, 621, 623, 624, 627, 632, 633, 634, 636, 638, 641, 642, 644, 645, 646, 648, 652, 658, 668, 682, 684], "y": [99.4, 98.7, 98.0, 97.3, 95.9, 95.3, 93.2, 92.5, 89.8, 74.7, 72.0, 71.3, 69.2, 66.5, 64.4, 59.6, 56.2, 54.8, 51.4, 50.0, 48.0, 43.2, 41.1, 39.1, 35.0, 29.5, 27.400000000000006, 22.700000000000003, 22.0, 19.900000000000006, 19.200000000000003, 17.900000000000006, 14.400000000000006, 13.099999999999994, 12.400000000000006, 11.700000000000003, 11.0, 10.299999999999997, 9.0, 8.299999999999997, 6.900000000000006, 5.5, 4.799999999999997, 4.200000000000003, 3.5, 2.799999999999997, 2.0999999999999943, 1.4000000000000057, 0.7000000000000028, -0.5999999999999943]}, "histogram": {"x": [550, 559, 569, 584, 594, 615, 624, 633, 648, 663, 684, 705], "y": [1, 0, 0, 1, 35, 76, 12, 4, 12, 2, 4, 0]}}