{"percentile": {"x": [540, 568, 587, 590, 592, 599, 601, 603, 604, 605, 607, 609, 613, 614, 615, 616, 618, 620, 622, 623, 624, 632, 634, 635, 637, 638, 641, 643, 644, 646, 650, 658, 663, 664, 665, 666, 668, 670, 672, 673, 674, 679, 683, 684, 701, 702, 704], "y": [98.6, 97.2, 95.7, 94.3, 92.8, 89.9, 88.5, 87.0, 85.6, 84.1, 82.7, 81.2, 79.8, 78.3, 72.5, 71.1, 69.6, 68.2, 66.7, 65.3, 63.8, 60.9, 59.5, 58.0, 56.6, 55.1, 53.7, 49.3, 46.4, 43.5, 42.1, 40.6, 39.2, 36.3, 33.400000000000006, 29.0, 26.099999999999994, 24.700000000000003, 21.799999999999997, 18.900000000000006, 17.400000000000006, 13.099999999999994, 11.599999999999994, 2.9000000000000057, 1.5, 0.0, -1.4000000000000057]}, "histogram": {"x": [540, 550, 559, 569, 584, 594, 615, 624, 633, 648, 663, 684, 705], "y": [1, 0, 0, 1, 0, 3, 14, 6, 2, 12, 3, 25, 3]}}