{"percentile": {"y": [99.8, 99.5, 99.3, 99.0, 98.5, 98.0, 97.3, 96.8, 96.5, 95.7, 95.2, 95.0, 94.7, 94.5, 94.2, 94.0, 93.5, 92.2, 91.2, 90.4, 88.4, 86.9, 86.3, 83.6, 81.5, 77.7, 57.9, 55.9, 55.4, 53.3, 52.6, 49.3, 48.3, 47.0, 44.2, 41.4, 39.4, 37.6, 36.3, 32.8, 31.299999999999997, 29.5, 27.700000000000003, 25.400000000000006, 22.900000000000006, 20.099999999999994, 16.799999999999997, 12.700000000000003, 12.5, 12.200000000000003, 12.0, 11.200000000000003, 10.700000000000003, 9.900000000000006, 9.700000000000003, 9.200000000000003, 8.200000000000003, 7.900000000000006, 7.700000000000003, 6.900000000000006, 6.099999999999994, 5.599999999999994, 5.099999999999994, 4.900000000000006, 4.599999999999994, 4.400000000000006, 3.9000000000000057, 3.5999999999999943, 3.299999999999997, 2.299999999999997, 2.0999999999999943, 1.7999999999999972, 1.2999999999999972, 0.7999999999999972, 0.5999999999999943, 0.29999999999999716, -0.20000000000000284], "x": [545, 547, 558, 565, 566, 568, 569, 570, 571, 573, 574, 575, 576, 578, 579, 580, 582, 585, 586, 587, 588, 589, 590, 591, 592, 593, 594, 595, 596, 597, 598, 599, 600, 601, 602, 603, 604, 605, 606, 607, 608, 609, 610, 611, 612, 613, 614, 615, 616, 617, 618, 619, 620, 621, 622, 623, 624, 625, 627, 628, 629, 630, 631, 632, 633, 634, 636, 637, 638, 639, 640, 641, 642, 643, 648, 665, 684]}, "histogram": {"y": [2, 1, 8, 15, 140, 178, 18, 14, 16, 0, 3, 0], "x": [550, 559, 569, 584, 594, 615, 624, 633, 648, 663, 684, 705]}}