{"histogram": {"x": [460, 470, 480, 490, 500, 510, 520, 530, 540, 550, 559, 569, 584, 594, 615, 624, 633, 648, 663, 684, 705], "y": [2, 1, 0, 0, 0, 1, 1, 3, 2, 11, 18, 36, 91, 165, 839, 290, 111, 554, 118, 680, 21]}, "percentile": {"x": [454, 458, 470, 504, 520, 528, 529, 532, 540, 541, 543, 544, 545, 547, 548, 550, 551, 552, 553, 554, 555, 556, 557, 559, 560, 561, 562, 563, 564, 565, 566, 567, 568, 569, 570, 572, 573, 574, 575, 576, 577, 578, 579, 580, 581, 582, 583, 584, 585, 586, 587, 588, 589, 590, 591, 592, 593, 594, 595, 596, 597, 598, 599, 600, 601, 602, 603, 604, 605, 606, 607, 608, 609, 610, 611, 612, 613, 614, 615, 616, 617, 618, 619, 620, 621, 622, 623, 624, 625, 626, 627, 628, 629, 630, 631, 632, 633, 634, 635, 636, 637, 638, 639, 640, 641, 642, 643, 644, 645, 646, 647, 648, 649, 650, 651, 652, 653, 654, 655, 656, 657, 658, 659, 660, 661, 662, 663, 664, 665, 666, 667, 668, 669, 670, 671, 672, 673, 674, 675, 676, 677, 678, 679, 680, 681, 682, 683, 684, 687, 688, 689, 691, 692, 695, 699, 700, 701, 704], "y": [100.0, 100.0, 99.9, 99.9, 99.9, 99.8, 99.8, 99.7, 99.7, 99.7, 99.6, 99.6, 99.6, 99.4, 99.4, 99.3, 99.3, 99.2, 99.2, 99.1, 99.1, 98.9, 98.9, 98.7, 98.7, 98.7, 98.6, 98.5, 98.2, 98.1, 98.0, 97.9, 97.7, 97.5, 97.5, 97.2, 97.0, 96.7, 96.5, 96.4, 96.1, 95.8, 95.5, 95.4, 95.3, 95.1, 95.0, 94.4, 94.2, 94.0, 93.8, 93.6, 93.1, 92.5, 91.9, 91.4, 90.6, 88.8, 88.4, 88.1, 87.2, 86.3, 85.6, 84.8, 83.7, 82.7, 81.5, 80.0, 78.6, 77.2, 76.4, 74.8, 73.3, 71.8, 70.4, 68.5, 66.7, 65.1, 60.3, 59.2, 58.2, 57.2, 56.1, 55.0, 54.2, 53.2, 52.1, 50.4, 50.3, 49.8, 49.4, 49.0, 48.6, 48.3, 47.8, 47.5, 46.7, 45.6, 44.6, 43.0, 41.9, 40.4, 39.6, 38.3, 36.5, 34.8, 33.7, 32.3, 30.900000000000006, 30.0, 29.200000000000003, 27.799999999999997, 27.599999999999994, 27.200000000000003, 27.099999999999994, 26.799999999999997, 26.200000000000003, 26.0, 25.5, 25.099999999999994, 24.900000000000006, 24.5, 24.299999999999997, 24.099999999999994, 24.099999999999994, 24.0, 23.799999999999997, 22.799999999999997, 21.700000000000003, 20.299999999999997, 19.099999999999994, 17.900000000000006, 16.799999999999997, 15.700000000000003, 14.700000000000003, 13.400000000000006, 12.5, 11.700000000000003, 10.900000000000006, 10.0, 9.0, 8.099999999999994, 7.299999999999997, 6.400000000000006, 5.900000000000006, 5.599999999999994, 4.599999999999994, 0.7000000000000028, 0.7000000000000028, 0.5999999999999943, 0.5999999999999943, 0.4000000000000057, 0.29999999999999716, 0.29999999999999716, 0.20000000000000284, 0.20000000000000284, 0.20000000000000284, 0.0]}}