{"histogram": {"x": [370, 380, 390, 400, 410, 420, 430, 440, 450, 460, 470, 480, 490, 500, 510, 520, 530, 540, 550, 559, 569, 584, 594, 615, 624, 633, 648, 663, 684, 705], "y": [1, 0, 0, 0, 0, 2, 1, 0, 4, 1, 2, 0, 1, 4, 4, 6, 5, 7, 28, 41, 85, 207, 466, 1205, 520, 88, 1067, 108, 1171, 16]}, "percentile": {"x": [362, 415, 416, 427, 443, 445, 447, 448, 460, 461, 467, 486, 492, 497, 499, 500, 502, 509, 510, 511, 513, 514, 518, 522, 524, 526, 527, 530, 531, 535, 536, 537, 538, 541, 542, 543, 544, 545, 546, 547, 548, 549, 550, 551, 552, 553, 554, 555, 556, 557, 558, 559, 560, 561, 562, 563, 564, 565, 566, 567, 568, 569, 570, 571, 572, 573, 574, 575, 576, 577, 578, 579, 580, 581, 582, 583, 584, 585, 586, 587, 588, 589, 590, 591, 592, 593, 594, 595, 596, 597, 598, 599, 600, 601, 602, 603, 604, 605, 606, 607, 608, 609, 610, 611, 612, 613, 614, 615, 616, 617, 618, 619, 620, 621, 622, 623, 624, 625, 626, 627, 628, 629, 630, 631, 632, 633, 634, 635, 636, 637, 638, 639, 640, 641, 642, 643, 644, 645, 646, 647, 648, 649, 650, 651, 652, 653, 654, 655, 656, 657, 658, 659, 660, 661, 662, 663, 664, 665, 666, 667, 668, 669, 670, 671, 672, 673, 674, 675, 676, 677, 678, 679, 680, 681, 682, 683, 684, 691, 694, 697, 699, 701, 702, 703, 704], "y": [100.0, 100.0, 100.0, 100.0, 100.0, 99.9, 99.9, 99.9, 99.9, 99.9, 99.8, 99.8, 99.8, 99.8, 99.8, 99.7, 99.7, 99.7, 99.7, 99.6, 99.6, 99.6, 99.5, 99.5, 99.5, 99.5, 99.5, 99.4, 99.4, 99.4, 99.3, 99.3, 99.3, 99.3, 99.2, 99.2, 99.1, 99.0, 99.0, 99.0, 98.9, 98.9, 98.7, 98.7, 98.6, 98.6, 98.4, 98.3, 98.3, 98.2, 98.1, 97.9, 97.8, 97.8, 97.6, 97.5, 97.2, 97.0, 96.9, 96.8, 96.6, 96.2, 96.2, 96.1, 95.7, 95.6, 95.2, 94.9, 94.7, 94.3, 94.0, 93.5, 93.3, 93.0, 92.8, 92.5, 92.1, 91.9, 91.3, 90.9, 90.4, 89.3, 88.7, 88.0, 87.2, 86.0, 82.9, 82.6, 82.0, 81.1, 80.2, 79.4, 78.0, 77.1, 76.0, 75.0, 73.8, 72.4, 71.1, 69.9, 68.8, 67.3, 66.2, 65.0, 63.6, 62.6, 61.3, 59.0, 58.2, 57.2, 56.0, 54.5, 53.4, 52.0, 50.8, 49.9, 48.7, 48.6, 48.3, 48.2, 47.9, 47.8, 47.5, 47.4, 47.2, 46.9, 45.7, 44.4, 42.8, 41.5, 40.3, 38.8, 37.2, 35.7, 34.400000000000006, 32.7, 31.200000000000003, 29.5, 28.099999999999994, 26.799999999999997, 25.700000000000003, 25.599999999999994, 25.400000000000006, 25.400000000000006, 25.200000000000003, 25.0, 25.0, 24.700000000000003, 24.599999999999994, 24.400000000000006, 24.299999999999997, 24.200000000000003, 24.099999999999994, 24.0, 23.799999999999997, 23.599999999999994, 22.5, 21.200000000000003, 20.0, 18.799999999999997, 17.900000000000006, 16.799999999999997, 15.900000000000006, 14.799999999999997, 13.900000000000006, 12.900000000000006, 12.099999999999994, 11.200000000000003, 10.299999999999997, 9.400000000000006, 8.400000000000006, 7.700000000000003, 7.200000000000003, 6.599999999999994, 5.799999999999997, 4.900000000000006, 0.29999999999999716, 0.29999999999999716, 0.29999999999999716, 0.29999999999999716, 0.29999999999999716, 0.20000000000000284, 0.20000000000000284, 0.20000000000000284, 0.0]}}