{"percentile": {"y": [100.0, 99.8, 99.8, 99.7, 99.6, 99.5, 99.5, 99.4, 99.3, 99.2, 99.1, 99.0, 98.9, 98.9, 98.7, 98.6, 98.5, 98.4, 98.3, 98.3, 98.2, 98.0, 97.9, 97.8, 97.7, 97.7, 97.5, 97.4, 97.3, 97.1, 97.1, 96.9, 96.8, 96.6, 96.5, 96.4, 96.3, 96.2, 96.2, 96.0, 95.9, 95.7, 95.6, 95.4, 95.4, 95.2, 95.0, 94.8, 94.6, 94.5, 94.5, 94.3, 94.1, 93.9, 93.6, 93.5, 93.4, 93.1, 93.0, 92.8, 92.6, 92.4, 92.4, 92.2, 91.9, 91.7, 91.6, 91.5, 91.4, 91.3, 91.2, 90.7, 90.7, 90.4, 90.2, 90.0, 89.9, 89.8, 89.7, 89.4, 89.2, 89.1, 88.8, 88.6, 88.5, 88.1, 88.0, 87.8, 87.6, 87.5, 87.2, 87.1, 86.9, 86.6, 86.5, 86.4, 86.3, 86.2, 86.0, 85.9, 85.8, 85.6, 85.4, 85.2, 85.0, 84.8, 84.6, 84.2, 84.0, 83.7, 83.6, 83.3, 83.1, 82.5, 82.4, 82.0, 81.7, 81.6, 81.4, 81.3, 81.1, 81.0, 80.6, 80.3, 80.0, 79.8, 79.5, 79.0, 78.7, 78.6, 78.4, 78.3, 78.1, 77.8, 77.8, 77.5, 77.2, 77.1, 76.9, 76.7, 76.5, 76.2, 75.8, 75.4, 75.1, 74.7, 74.3, 74.1, 73.6, 73.1, 73.0, 72.7, 72.6, 72.2, 72.1, 71.7, 71.6, 71.4, 70.9, 70.5, 70.0, 69.9, 69.6, 69.2, 69.0, 68.5, 68.2, 67.7, 67.4, 67.1, 66.7, 66.4, 66.0, 65.5, 65.0, 64.7, 64.5, 64.1, 63.7, 63.2, 63.0, 62.8, 62.2, 61.6, 61.4, 60.6, 60.3, 60.3, 60.0, 59.8, 59.6, 58.3, 57.8, 57.3, 57.0, 56.6, 54.0, 52.9, 52.0, 50.6, 48.6, 47.0, 45.8, 44.2, 42.4, 38.4, 38.3, 38.0, 37.8, 36.5, 36.0, 35.599999999999994, 34.900000000000006, 34.5, 31.599999999999994, 31.099999999999994, 30.200000000000003, 29.099999999999994, 27.299999999999997, 25.599999999999994, 24.599999999999994, 22.599999999999994, 21.200000000000003, 19.900000000000006, 18.799999999999997, 16.799999999999997, 15.200000000000003, 14.299999999999997, 13.299999999999997, 10.299999999999997, 10.0, 9.900000000000006, 9.700000000000003, 9.200000000000003, 9.0, 8.799999999999997, 8.700000000000003, 7.400000000000006, 7.400000000000006, 7.099999999999994, 6.599999999999994, 6.400000000000006, 6.099999999999994, 5.599999999999994, 5.299999999999997, 5.0, 4.400000000000006, 4.099999999999994, 3.700000000000003, 3.5999999999999943, 3.299999999999997, 3.0, 2.700000000000003, 2.4000000000000057, 2.200000000000003, 2.0, 1.9000000000000057, 1.2000000000000028, 1.2000000000000028, 1.0999999999999943, 1.0, 0.9000000000000057, 0.9000000000000057, 0.7999999999999972, 0.7000000000000028, 0.5999999999999943, 0.5999999999999943, 0.5, 0.4000000000000057, 0.29999999999999716, 0.29999999999999716, 0.20000000000000284, 0.09999999999999432, 0.0], "x": [214, 275, 279, 283, 289, 293, 303, 311, 317, 320, 326, 332, 334, 335, 336, 337, 339, 345, 347, 349, 350, 351, 352, 353, 354, 358, 360, 361, 364, 366, 367, 368, 369, 371, 373, 376, 378, 380, 381, 382, 383, 384, 385, 386, 387, 388, 389, 390, 391, 392, 393, 394, 395, 396, 397, 398, 400, 401, 402, 403, 404, 405, 406, 407, 408, 409, 410, 411, 412, 413, 414, 415, 416, 417, 419, 420, 421, 422, 423, 424, 425, 426, 427, 428, 429, 430, 431, 432, 433, 434, 435, 437, 440, 441, 442, 445, 446, 447, 449, 450, 453, 454, 455, 456, 457, 458, 459, 460, 461, 462, 464, 465, 466, 467, 468, 469, 470, 471, 472, 473, 474, 475, 476, 477, 478, 479, 480, 481, 482, 483, 484, 485, 486, 487, 488, 489, 490, 491, 492, 493, 494, 495, 496, 497, 498, 499, 500, 501, 502, 503, 504, 505, 506, 507, 508, 509, 510, 511, 512, 513, 514, 515, 516, 517, 518, 519, 520, 521, 522, 523, 524, 525, 526, 527, 528, 529, 530, 531, 532, 533, 534, 535, 536, 537, 538, 539, 540, 541, 542, 543, 544, 545, 546, 547, 548, 549, 550, 551, 552, 553, 554, 555, 556, 557, 558, 559, 561, 562, 563, 564, 565, 566, 567, 568, 569, 570, 571, 572, 573, 574, 575, 576, 577, 578, 579, 580, 581, 582, 583, 584, 585, 587, 588, 589, 590, 591, 593, 594, 595, 596, 597, 598, 599, 600, 601, 602, 603, 604, 605, 606, 607, 608, 609, 610, 611, 612, 614, 615, 616, 617, 618, 619, 620, 622, 624, 629, 630, 636, 646, 647, 663, 669, 677, 704]}, "histogram": {"y": [1, 0, 6, 1, 4, 1, 8, 4, 9, 9, 8, 20, 18, 24, 22, 25, 17, 13, 23, 33, 30, 30, 39, 37, 46, 49, 56, 85, 209, 92, 286, 38, 83, 7, 2, 3, 1, 2, 2], "x": [240, 270, 300, 310, 320, 330, 340, 350, 360, 370, 380, 390, 400, 410, 420, 430, 440, 450, 460, 470, 480, 490, 500, 510, 520, 530, 540, 550, 559, 569, 584, 594, 615, 624, 633, 648, 663, 684, 705]}}