{"histogram": {"y": [1, 11, 17, 15, 2, 39, 10, 166, 3], "x": [584, 594, 615, 624, 633, 648, 663, 684, 705]}, "percentile": {"y": [99.7, 99.3, 98.9, 97.4, 97.0, 95.5, 95.1, 94.7, 94.3, 94.0, 93.6, 93.2, 92.8, 92.4, 90.9, 90.5, 90.2, 89.0, 88.6, 88.3, 87.1, 86.7, 86.0, 84.8, 84.1, 83.7, 83.3, 82.9, 82.6, 81.0, 79.5, 79.1, 78.8, 76.5, 75.7, 75.0, 73.8, 72.3, 70.8, 69.6, 68.5, 67.7, 67.0, 66.6, 66.2, 65.4, 65.1, 64.7, 64.3, 63.9, 63.5, 62.0, 61.6, 60.5, 59.4, 59.0, 58.6, 57.1, 54.8, 54.4, 53.3, 52.9, 52.5, 50.2, 47.6, 46.1, 45.3, 43.4, 40.7, 38.5, 0.7999999999999972, 0.4000000000000057, 0.0, -0.29999999999999716], "x": [573, 586, 591, 592, 593, 594, 598, 599, 600, 603, 604, 605, 609, 610, 612, 613, 614, 615, 616, 617, 618, 619, 620, 621, 622, 623, 624, 625, 633, 634, 635, 637, 638, 639, 640, 641, 642, 643, 644, 645, 646, 648, 651, 653, 654, 655, 656, 657, 659, 660, 664, 665, 666, 667, 668, 669, 670, 671, 672, 673, 674, 675, 676, 677, 678, 679, 680, 681, 682, 683, 684, 687, 691, 693]}}