{"histogram": {"x": [320, 330, 340, 350, 360, 370, 380, 390, 400, 410, 420, 430, 440, 450, 460, 470, 480, 490, 500, 510, 520, 530, 540, 550, 559, 569, 584, 594, 615, 624, 633, 648, 663, 684, 705], "y": [1, 0, 0, 0, 4, 0, 3, 3, 2, 1, 4, 4, 10, 8, 11, 14, 10, 10, 12, 14, 19, 22, 18, 34, 72, 33, 133, 39, 84, 9, 3, 2, 1, 16, 1]}, "percentile": {"x": [311, 353, 354, 357, 377, 380, 381, 382, 384, 393, 407, 411, 412, 415, 422, 425, 426, 430, 431, 432, 433, 440, 441, 442, 443, 446, 448, 450, 451, 452, 453, 455, 458, 459, 461, 462, 463, 464, 467, 468, 469, 470, 471, 476, 477, 478, 479, 480, 481, 482, 483, 484, 486, 487, 489, 491, 493, 494, 495, 496, 498, 499, 501, 503, 505, 506, 507, 508, 509, 510, 511, 512, 513, 514, 515, 518, 519, 520, 521, 522, 523, 524, 525, 526, 527, 528, 529, 531, 532, 533, 534, 535, 536, 537, 538, 539, 540, 542, 543, 545, 546, 547, 548, 549, 550, 551, 552, 553, 554, 555, 556, 557, 558, 559, 560, 561, 562, 564, 565, 566, 567, 569, 570, 571, 572, 573, 574, 575, 576, 577, 578, 579, 580, 581, 582, 583, 584, 585, 586, 587, 588, 589, 590, 591, 592, 594, 595, 596, 597, 598, 599, 600, 601, 602, 603, 604, 605, 606, 607, 608, 609, 610, 611, 612, 613, 614, 615, 616, 617, 618, 619, 620, 621, 622, 624, 625, 627, 629, 637, 643, 660, 669, 674, 676, 677, 683, 684, 704], "y": [99.9, 99.7, 99.5, 99.2, 98.9, 98.7, 98.5, 98.4, 98.2, 97.9, 97.7, 97.4, 97.2, 97.0, 96.9, 96.7, 96.5, 96.4, 95.9, 95.7, 95.5, 94.7, 94.2, 94.0, 93.8, 93.7, 93.5, 93.3, 92.8, 92.7, 92.5, 91.8, 91.7, 91.5, 91.3, 90.8, 90.7, 90.5, 90.2, 89.8, 89.5, 89.1, 88.8, 88.5, 88.3, 88.0, 87.8, 87.5, 87.3, 86.6, 86.5, 86.3, 86.1, 86.0, 85.8, 85.6, 85.5, 84.9, 84.4, 84.3, 83.9, 83.8, 83.4, 83.1, 82.6, 82.1, 81.9, 81.8, 81.6, 81.4, 81.3, 80.9, 80.8, 80.6, 80.1, 79.4, 78.9, 78.2, 77.9, 77.2, 76.9, 76.4, 76.1, 75.4, 75.2, 74.9, 74.5, 74.4, 74.2, 73.9, 73.7, 73.5, 73.2, 73.0, 72.4, 71.7, 71.5, 71.2, 71.0, 70.2, 69.3, 68.8, 68.5, 68.3, 65.8, 65.0, 64.0, 63.5, 61.6, 60.5, 58.8, 57.3, 56.6, 53.7, 53.2, 53.1, 52.9, 51.6, 50.9, 50.2, 50.0, 48.2, 47.2, 45.9, 44.2, 42.8, 40.8, 39.1, 37.6, 35.3, 34.599999999999994, 32.8, 32.099999999999994, 30.900000000000006, 29.599999999999994, 28.900000000000006, 25.900000000000006, 25.700000000000003, 25.400000000000006, 24.5, 24.200000000000003, 23.400000000000006, 22.5, 22.400000000000006, 22.0, 19.299999999999997, 18.200000000000003, 17.799999999999997, 16.799999999999997, 16.299999999999997, 15.5, 14.0, 13.599999999999994, 13.299999999999997, 12.299999999999997, 12.0, 11.599999999999994, 11.5, 11.099999999999994, 10.299999999999997, 9.900000000000006, 9.599999999999994, 9.099999999999994, 8.299999999999997, 7.599999999999994, 7.099999999999994, 5.299999999999997, 5.099999999999994, 4.900000000000006, 4.599999999999994, 4.400000000000006, 4.200000000000003, 4.099999999999994, 3.9000000000000057, 3.700000000000003, 3.5999999999999943, 3.4000000000000057, 3.200000000000003, 3.0999999999999943, 2.9000000000000057, 2.700000000000003, 2.4000000000000057, 2.0999999999999943, 1.9000000000000057, 1.5999999999999943, 1.4000000000000057, 0.0, -0.09999999999999432]}}