{"percentile": {"y": [97.7, 95.4, 93.1, 90.7, 88.4, 86.1, 83.8, 79.1, 76.8, 74.5, 72.1, 69.8, 60.5, 58.2, 55.9, 53.5, 48.9, 46.6, 44.2, 41.9, 39.6, 37.3, 32.599999999999994, 30.299999999999997, 28.0, 25.599999999999994, 23.299999999999997, 21.0, 18.700000000000003, 16.299999999999997, 14.0, 11.700000000000003, 9.400000000000006, 7.0, 4.700000000000003, 0.0, -2.299999999999997], "x": [397, 510, 545, 550, 551, 555, 556, 559, 560, 563, 568, 569, 570, 572, 575, 576, 578, 580, 582, 589, 594, 596, 599, 602, 603, 604, 606, 607, 608, 610, 611, 612, 615, 637, 665, 684, 695]}, "histogram": {"y": [1, 0, 0, 0, 0, 0, 0, 0, 0, 0, 0, 1, 0, 0, 0, 2, 5, 4, 11, 2, 13, 0, 0, 1, 0, 3, 1], "x": [400, 410, 420, 430, 440, 450, 460, 470, 480, 490, 500, 510, 520, 530, 540, 550, 559, 569, 584, 594, 615, 624, 633, 648, 663, 684, 705]}}