{"percentile": {"y": [98.6, 97.1, 95.6, 94.2, 92.7, 91.2, 88.3, 83.9, 82.4, 80.9, 79.5, 78.0, 76.5, 75.0, 72.1, 70.6, 69.2, 67.7, 64.8, 61.8, 60.3, 57.4, 55.9, 51.5, 50.0, 47.1, 42.7, 39.8, 36.8, 35.3, 33.900000000000006, 32.400000000000006, 30.900000000000006, 26.5, 25.0, 22.099999999999994, 20.599999999999994, 19.200000000000003, 17.700000000000003, 14.799999999999997, 13.299999999999997, 11.799999999999997, 7.400000000000006, 4.5, 0.0, -1.4000000000000057], "x": [512, 527, 530, 562, 581, 591, 593, 594, 597, 601, 603, 604, 609, 612, 614, 615, 618, 619, 620, 623, 632, 638, 639, 640, 641, 642, 643, 644, 645, 663, 664, 665, 668, 671, 672, 673, 674, 675, 676, 677, 679, 680, 681, 682, 684, 689]}, "histogram": {"y": [1, 2, 0, 0, 0, 1, 1, 6, 9, 6, 1, 16, 1, 24, 1], "x": [520, 530, 540, 550, 559, 569, 584, 594, 615, 624, 633, 648, 663, 684, 705]}}