{"histogram": {"y": [4, 3, 7, 6, 6, 11, 21, 27, 19, 36, 40, 46, 55, 47, 83, 87, 88, 114, 123, 105, 140, 154, 171, 173, 200, 295, 647, 393, 1235, 320, 1017, 80, 44, 55, 18, 77, 7], "x": [300, 310, 320, 330, 340, 350, 360, 370, 380, 390, 400, 410, 420, 430, 440, 450, 460, 470, 480, 490, 500, 510, 520, 530, 540, 550, 559, 569, 584, 594, 615, 624, 633, 648, 663, 684, 705]}, "percentile": {"y": [100.0, 100.0, 100.0, 100.0, 99.9, 99.9, 99.9, 99.9, 99.8, 99.8, 99.8, 99.8, 99.8, 99.8, 99.7, 99.7, 99.7, 99.7, 99.7, 99.6, 99.6, 99.6, 99.6, 99.6, 99.5, 99.5, 99.4, 99.4, 99.3, 99.3, 99.3, 99.2, 99.2, 99.1, 99.1, 99.1, 99.0, 99.0, 98.9, 98.9, 98.8, 98.8, 98.7, 98.6, 98.6, 98.5, 98.5, 98.5, 98.5, 98.4, 98.4, 98.4, 98.3, 98.3, 98.3, 98.2, 98.2, 98.1, 98.1, 98.0, 97.9, 97.8, 97.7, 97.6, 97.5, 97.5, 97.4, 97.4, 97.3, 97.2, 97.2, 97.2, 97.0, 96.9, 96.9, 96.8, 96.7, 96.7, 96.7, 96.6, 96.4, 96.3, 96.2, 96.2, 96.1, 96.0, 95.9, 95.8, 95.7, 95.6, 95.4, 95.3, 95.3, 95.2, 95.1, 95.1, 95.0, 95.0, 94.9, 94.8, 94.5, 94.4, 94.3, 94.1, 93.9, 93.8, 93.7, 93.6, 93.5, 93.3, 93.1, 93.0, 92.9, 92.7, 92.6, 92.5, 92.3, 92.1, 92.0, 91.8, 91.7, 91.5, 91.3, 91.2, 91.1, 91.0, 90.9, 90.7, 90.5, 90.4, 90.2, 90.1, 89.9, 89.8, 89.6, 89.4, 89.3, 89.1, 88.9, 88.6, 88.3, 88.1, 87.9, 87.7, 87.5, 87.2, 87.1, 86.9, 86.6, 86.4, 86.2, 86.0, 85.9, 85.7, 85.5, 85.4, 85.2, 85.0, 84.8, 84.7, 84.5, 84.2, 84.0, 83.7, 83.4, 83.2, 83.0, 82.8, 82.6, 82.4, 82.1, 81.8, 81.6, 81.4, 81.3, 81.0, 80.8, 80.6, 80.2, 79.8, 79.5, 79.3, 79.0, 78.8, 78.5, 78.2, 77.9, 77.6, 77.3, 77.0, 76.7, 76.4, 76.1, 75.9, 75.6, 75.3, 75.0, 74.7, 74.4, 74.0, 73.7, 73.4, 73.1, 72.8, 72.6, 72.3, 72.1, 71.8, 71.5, 71.1, 70.4, 70.2, 69.9, 69.7, 69.4, 68.4, 68.1, 67.7, 67.4, 67.2, 65.4, 64.9, 64.2, 63.2, 62.2, 61.1, 59.8, 58.7, 57.5, 54.6, 54.3, 53.9, 53.7, 53.4, 52.1, 51.7, 51.3, 51.0, 50.7, 48.0, 47.4, 46.4, 45.1, 43.9, 42.2, 40.7, 39.3, 37.8, 36.4, 34.8, 33.3, 32.0, 30.900000000000006, 29.799999999999997, 27.200000000000003, 27.0, 26.599999999999994, 26.299999999999997, 26.0, 24.799999999999997, 24.5, 24.200000000000003, 23.900000000000006, 23.599999999999994, 21.799999999999997, 21.5, 20.900000000000006, 20.099999999999994, 19.299999999999997, 18.400000000000006, 17.200000000000003, 16.5, 15.5, 14.599999999999994, 13.700000000000003, 12.799999999999997, 12.200000000000003, 11.400000000000006, 10.5, 9.799999999999997, 8.900000000000006, 8.5, 7.799999999999997, 7.400000000000006, 6.799999999999997, 4.799999999999997, 4.700000000000003, 4.599999999999994, 4.400000000000006, 4.200000000000003, 4.0, 3.799999999999997, 3.700000000000003, 3.5999999999999943, 3.4000000000000057, 3.4000000000000057, 3.299999999999997, 3.299999999999997, 3.0999999999999943, 3.0999999999999943, 3.0, 3.0, 2.9000000000000057, 2.700000000000003, 2.5999999999999943, 2.5999999999999943, 2.5999999999999943, 2.5, 2.4000000000000057, 2.299999999999997, 2.200000000000003, 2.0999999999999943, 2.0, 1.9000000000000057, 1.9000000000000057, 1.7999999999999972, 1.7000000000000028, 1.7000000000000028, 1.7000000000000028, 1.5999999999999943, 1.5999999999999943, 1.5999999999999943, 1.5999999999999943, 1.5999999999999943, 1.5, 1.5, 1.4000000000000057, 1.4000000000000057, 1.4000000000000057, 1.4000000000000057, 1.2999999999999972, 1.2999999999999972, 1.2999999999999972, 1.2999999999999972, 1.2000000000000028, 1.2000000000000028, 1.2000000000000028, 1.0999999999999943, 1.0999999999999943, 1.0999999999999943, 1.0, 1.0, 1.0, 0.9000000000000057, 0.9000000000000057, 0.20000000000000284, 0.09999999999999432, 0.09999999999999432, 0.09999999999999432, 0.0], "x": [284, 289, 293, 302, 306, 308, 311, 314, 316, 317, 318, 321, 324, 325, 327, 329, 330, 331, 332, 336, 337, 340, 341, 343, 344, 346, 347, 351, 352, 353, 354, 355, 356, 357, 359, 360, 362, 363, 364, 365, 366, 368, 369, 370, 371, 372, 373, 374, 375, 376, 377, 378, 379, 380, 381, 382, 383, 384, 385, 386, 388, 389, 390, 391, 392, 393, 394, 395, 396, 397, 398, 399, 400, 402, 403, 404, 405, 406, 407, 408, 409, 410, 411, 412, 413, 414, 415, 416, 417, 418, 419, 420, 421, 422, 423, 424, 425, 427, 428, 429, 430, 431, 432, 433, 434, 435, 436, 437, 438, 439, 440, 441, 442, 443, 444, 445, 446, 447, 448, 449, 450, 451, 452, 453, 454, 455, 456, 457, 458, 459, 460, 461, 462, 463, 464, 465, 466, 467, 468, 469, 470, 471, 472, 473, 474, 475, 476, 477, 478, 479, 480, 481, 482, 483, 484, 485, 486, 487, 488, 489, 490, 491, 492, 493, 494, 495, 496, 497, 498, 499, 500, 501, 502, 503, 504, 505, 506, 507, 508, 509, 510, 511, 512, 513, 514, 515, 516, 517, 518, 519, 520, 521, 522, 523, 524, 525, 526, 527, 528, 529, 530, 531, 532, 533, 534, 535, 536, 537, 538, 539, 540, 541, 542, 543, 544, 545, 546, 547, 548, 549, 550, 551, 552, 553, 554, 555, 556, 557, 558, 559, 560, 561, 562, 563, 564, 565, 566, 567, 568, 569, 570, 571, 572, 573, 574, 575, 576, 577, 578, 579, 580, 581, 582, 583, 584, 585, 586, 587, 588, 589, 590, 591, 592, 593, 594, 595, 596, 597, 598, 599, 600, 601, 602, 603, 604, 605, 606, 607, 608, 609, 610, 611, 612, 613, 614, 615, 616, 617, 618, 619, 620, 621, 622, 623, 624, 625, 626, 627, 628, 629, 630, 631, 632, 633, 634, 635, 636, 637, 638, 639, 640, 642, 643, 644, 645, 647, 648, 650, 652, 653, 654, 655, 656, 658, 660, 662, 663, 664, 665, 666, 668, 669, 670, 671, 672, 673, 674, 675, 676, 678, 679, 680, 681, 682, 683, 684, 698, 700, 702, 704]}}