{"histogram": {"y": [1, 2, 1, 0, 2, 3, 5, 7, 5, 9, 16, 9, 14, 22, 24, 15, 22, 34, 31, 30, 49, 28, 45, 50, 44, 73, 89, 210, 135, 358, 74, 155, 12, 4, 6, 0, 2, 4], "x": [270, 300, 310, 320, 330, 340, 350, 360, 370, 380, 390, 400, 410, 420, 430, 440, 450, 460, 470, 480, 490, 500, 510, 520, 530, 540, 550, 559, 569, 584, 594, 615, 624, 633, 648, 663, 684, 705]}, "percentile": {"y": [100.0, 99.9, 99.9, 99.8, 99.7, 99.7, 99.6, 99.5, 99.5, 99.4, 99.3, 99.2, 99.2, 99.1, 99.0, 98.9, 98.8, 98.7, 98.7, 98.5, 98.4, 98.4, 98.2, 98.2, 98.1, 98.0, 97.8, 97.6, 97.5, 97.3, 97.3, 97.1, 97.0, 96.9, 96.8, 96.8, 96.7, 96.7, 96.6, 96.5, 96.5, 96.4, 96.3, 96.1, 96.0, 96.0, 95.8, 95.6, 95.6, 95.5, 95.4, 95.3, 95.2, 95.0, 94.9, 94.8, 94.6, 94.4, 94.2, 94.0, 93.9, 93.8, 93.8, 93.6, 93.5, 93.3, 93.0, 92.7, 92.5, 92.3, 92.2, 92.1, 91.9, 91.9, 91.7, 91.6, 91.6, 91.5, 91.4, 91.2, 91.0, 90.7, 90.5, 90.3, 90.2, 90.0, 89.8, 89.5, 89.4, 89.1, 88.9, 88.8, 88.5, 88.3, 88.0, 87.8, 87.7, 87.7, 87.5, 87.3, 86.9, 86.6, 86.4, 86.2, 86.1, 85.7, 85.6, 85.4, 85.3, 85.2, 85.0, 84.9, 84.6, 84.4, 84.2, 84.0, 83.6, 83.3, 83.1, 82.7, 82.4, 82.2, 81.9, 81.4, 81.1, 81.0, 81.0, 80.8, 80.5, 80.4, 80.0, 79.9, 79.8, 79.7, 79.3, 79.0, 78.8, 78.7, 78.5, 78.0, 77.8, 77.6, 77.1, 76.8, 76.5, 76.5, 76.2, 76.0, 75.4, 75.3, 74.9, 74.5, 73.9, 73.8, 73.4, 73.2, 72.7, 72.4, 72.2, 71.7, 71.5, 71.3, 71.0, 70.9, 70.6, 70.3, 70.0, 69.7, 69.3, 68.5, 68.0, 67.5, 67.2, 66.4, 66.0, 65.9, 65.6, 65.4, 65.3, 64.5, 64.2, 64.0, 63.8, 63.4, 60.4, 59.9, 58.9, 57.7, 56.6, 54.9, 53.2, 51.8, 50.8, 47.2, 47.1, 46.8, 46.4, 45.9, 43.7, 43.0, 42.7, 42.0, 41.6, 38.7, 37.7, 37.0, 36.3, 34.7, 32.599999999999994, 30.799999999999997, 28.799999999999997, 27.200000000000003, 25.5, 24.0, 23.0, 21.799999999999997, 20.200000000000003, 19.0, 16.200000000000003, 15.799999999999997, 15.200000000000003, 15.0, 14.700000000000003, 13.799999999999997, 13.599999999999994, 13.5, 13.299999999999997, 13.099999999999994, 11.5, 11.299999999999997, 10.700000000000003, 10.400000000000006, 9.799999999999997, 9.200000000000003, 8.200000000000003, 7.700000000000003, 7.200000000000003, 6.5, 6.099999999999994, 5.700000000000003, 5.299999999999997, 4.799999999999997, 4.5, 3.9000000000000057, 3.5999999999999943, 3.299999999999997, 3.0, 2.799999999999997, 2.5999999999999943, 1.7000000000000028, 1.5999999999999943, 1.4000000000000057, 1.2999999999999972, 1.0999999999999943, 1.0999999999999943, 1.0, 0.9000000000000057, 0.9000000000000057, 0.7000000000000028, 0.7000000000000028, 0.5999999999999943, 0.5999999999999943, 0.5, 0.4000000000000057, 0.4000000000000057, 0.29999999999999716, 0.20000000000000284, 0.20000000000000284, 0.09999999999999432, 0.0], "x": [257, 278, 297, 304, 323, 327, 333, 335, 338, 341, 342, 345, 349, 352, 353, 354, 355, 358, 361, 365, 366, 371, 373, 374, 375, 376, 379, 381, 382, 383, 384, 387, 388, 389, 390, 391, 392, 393, 394, 396, 397, 398, 400, 401, 402, 403, 404, 405, 407, 408, 409, 411, 412, 413, 414, 415, 417, 418, 419, 420, 421, 422, 423, 424, 425, 426, 427, 429, 430, 431, 432, 433, 434, 435, 436, 437, 440, 441, 443, 445, 446, 447, 448, 449, 450, 451, 452, 453, 454, 455, 456, 457, 458, 459, 460, 461, 462, 463, 464, 465, 466, 467, 468, 469, 470, 471, 472, 473, 474, 475, 476, 477, 478, 479, 480, 481, 482, 483, 484, 485, 486, 487, 488, 489, 490, 491, 492, 493, 494, 495, 496, 497, 498, 499, 500, 501, 502, 503, 504, 505, 506, 507, 508, 509, 510, 511, 512, 513, 514, 515, 516, 517, 518, 519, 520, 521, 522, 523, 524, 525, 526, 527, 528, 529, 530, 531, 532, 533, 534, 535, 536, 537, 538, 539, 540, 541, 542, 543, 544, 545, 546, 547, 548, 549, 550, 551, 552, 553, 554, 555, 556, 557, 558, 559, 560, 561, 562, 563, 564, 565, 566, 567, 568, 569, 570, 571, 572, 573, 574, 575, 576, 577, 578, 579, 580, 581, 582, 583, 584, 585, 586, 587, 588, 589, 590, 591, 592, 593, 594, 595, 596, 597, 598, 599, 600, 601, 602, 603, 604, 605, 606, 607, 608, 609, 610, 611, 612, 613, 614, 615, 617, 618, 619, 622, 623, 624, 628, 629, 633, 635, 636, 639, 640, 644, 648, 666, 684, 685, 695, 704]}}