{"histogram": {"y": [1, 0, 2, 0, 13, 30, 22, 7, 37, 11, 146, 4], "x": [550, 559, 569, 584, 594, 615, 624, 633, 648, 663, 684, 705]}, "percentile": {"y": [99.7, 99.3, 98.9, 98.6, 97.8, 97.5, 97.1, 96.4, 94.2, 93.8, 93.1, 92.0, 90.9, 90.5, 89.8, 89.4, 88.7, 87.9, 87.2, 86.1, 84.2, 83.1, 81.7, 80.9, 80.2, 79.1, 78.0, 77.3, 76.2, 75.4, 75.0, 74.3, 73.6, 73.2, 72.5, 71.0, 70.3, 69.9, 68.8, 68.1, 67.0, 66.6, 64.8, 64.0, 63.3, 62.9, 62.2, 61.4, 61.1, 58.9, 58.5, 58.1, 57.8, 56.7, 56.3, 55.2, 54.8, 54.1, 53.4, 51.9, 51.2, 50.0, 46.4, 44.9, 44.2, 42.0, 40.9, 40.1, 39.4, 36.8, 35.7, 34.2, 33.900000000000006, 32.400000000000006, 29.799999999999997, 28.400000000000006, 24.700000000000003, 1.2000000000000028, 0.7999999999999972, 0.4000000000000057, -0.29999999999999716], "x": [546, 563, 567, 588, 589, 590, 592, 593, 594, 596, 598, 601, 603, 604, 605, 606, 608, 609, 610, 613, 614, 615, 616, 617, 618, 619, 620, 621, 622, 623, 624, 625, 630, 632, 633, 634, 635, 636, 637, 638, 639, 640, 641, 642, 643, 644, 645, 646, 647, 648, 649, 650, 653, 655, 657, 660, 663, 664, 665, 666, 667, 668, 669, 670, 671, 672, 673, 674, 675, 676, 677, 678, 679, 680, 681, 682, 683, 684, 688, 698, 704]}}