{"histogram": {"y": [11, 11, 1, 27, 4, 81, 0], "x": [615, 624, 633, 648, 663, 684, 705]}, "percentile": {"y": [99.3, 98.6, 97.8, 97.1, 96.3, 94.1, 93.3, 91.8, 91.1, 88.9, 86.6, 85.1, 83.6, 82.9, 80.6, 79.2, 77.7, 76.2, 74.7, 73.9, 73.2, 72.4, 71.7, 69.5, 68.7, 66.5, 63.5, 62.7, 62.0, 61.2, 59.8, 59.0, 58.3, 57.5, 56.8, 56.0, 53.0, 50.8, 48.6, 45.6, 43.3, 40.3, 37.4, 35.900000000000006, 34.400000000000006, 32.099999999999994, 30.599999999999994, 28.400000000000006, 25.400000000000006, 20.900000000000006, -0.7000000000000028], "x": [596, 605, 607, 608, 609, 611, 613, 615, 618, 620, 622, 623, 624, 626, 634, 635, 636, 637, 639, 640, 641, 642, 643, 644, 645, 646, 647, 648, 653, 654, 663, 664, 665, 666, 667, 668, 669, 670, 671, 673, 674, 675, 676, 677, 678, 679, 680, 681, 682, 683, 684]}}