{"percentile": {"y": [99.8, 99.6, 99.4, 99.2, 99.0, 98.4, 98.2, 97.8, 96.2, 96.0, 95.6, 95.2, 94.4, 94.0, 93.8, 93.6, 93.0, 92.6, 92.4, 92.0, 91.8, 91.4, 91.2, 89.7, 89.1, 88.9, 87.5, 86.9, 86.3, 86.1, 85.7, 85.1, 84.1, 83.9, 83.7, 83.5, 83.3, 82.9, 82.7, 81.5, 80.5, 79.2, 78.0, 76.4, 76.0, 74.6, 74.2, 73.0, 72.2, 71.2, 69.7, 69.3, 68.7, 68.5, 68.3, 68.1, 67.9, 67.3, 66.9, 66.7, 66.3, 66.1, 65.5, 64.5, 63.5, 61.5, 60.3, 58.6, 58.0, 57.0, 55.4, 55.0, 53.8, 53.2, 52.0, 51.6, 49.9, 49.1, 47.1, 45.5, 43.5, 39.6, 1.5, 1.2999999999999972, 1.0999999999999943, 0.9000000000000057, 0.7000000000000028, 0.5, 0.29999999999999716, -0.20000000000000284], "x": [546, 566, 579, 580, 586, 589, 592, 593, 594, 596, 597, 598, 600, 602, 603, 604, 605, 607, 608, 609, 610, 611, 612, 615, 616, 617, 618, 619, 620, 621, 622, 623, 624, 626, 627, 629, 631, 632, 633, 634, 635, 637, 638, 639, 640, 641, 642, 643, 644, 645, 646, 647, 648, 650, 651, 652, 654, 655, 656, 657, 658, 661, 664, 665, 666, 667, 668, 669, 670, 671, 672, 673, 674, 675, 676, 677, 678, 679, 680, 681, 682, 683, 684, 688, 692, 693, 695, 697, 701, 704]}, "histogram": {"y": [1, 0, 1, 2, 15, 32, 28, 7, 69, 13, 320, 8], "x": [550, 559, 569, 584, 594, 615, 624, 633, 648, 663, 684, 705]}}