{"percentile": {"y": [99.6, 99.2, 98.7, 98.3, 97.4, 97.0, 96.5, 95.6, 95.2, 94.7, 94.3, 93.9, 93.0, 92.5, 92.1, 91.2, 89.9, 89.0, 88.5, 87.2, 86.3, 84.6, 84.1, 83.7, 83.2, 81.9, 81.5, 79.7, 79.3, 77.5, 76.6, 74.8, 72.6, 71.3, 70.0, 67.7, 65.5, 64.7, 64.2, 62.9, 62.0, 61.6, 61.1, 60.7, 59.3, 58.5, 56.7, 55.4, 54.0, 50.9, 48.3, 46.5, 43.9, 41.2, 39.9, 39.0, 37.2, 35.0, 34.599999999999994, 32.8, 29.700000000000003, 28.400000000000006, 24.799999999999997, 21.299999999999997, 0.0, -0.4000000000000057], "x": [584, 587, 591, 592, 594, 598, 603, 604, 608, 610, 611, 612, 613, 614, 615, 616, 617, 618, 619, 620, 621, 622, 624, 626, 633, 634, 635, 636, 637, 638, 639, 640, 641, 642, 643, 644, 645, 647, 648, 651, 653, 655, 656, 659, 664, 665, 666, 667, 668, 669, 670, 671, 672, 673, 674, 675, 676, 677, 678, 679, 680, 681, 682, 683, 684, 704]}, "histogram": {"y": [1, 5, 12, 18, 2, 43, 8, 137, 1], "x": [584, 594, 615, 624, 633, 648, 663, 684, 705]}}