{"percentile": {"x": [569, 580, 593, 594, 597, 598, 600, 601, 602, 603, 604, 605, 608, 610, 611, 612, 613, 615, 618, 620, 621, 622, 624, 625, 628, 635, 638, 641, 642, 643, 644, 646, 648, 653, 666, 668, 673, 678, 683, 684], "y": [98.6, 97.2, 95.7, 72.5, 71.1, 69.6, 66.7, 63.8, 62.4, 60.9, 58.0, 55.1, 49.3, 47.9, 45.0, 43.5, 40.6, 39.2, 36.3, 34.8, 33.400000000000006, 31.900000000000006, 30.5, 29.0, 27.599999999999994, 24.700000000000003, 23.200000000000003, 21.799999999999997, 20.299999999999997, 18.900000000000006, 16.0, 14.5, 13.099999999999994, 11.599999999999994, 10.200000000000003, 8.700000000000003, 7.299999999999997, 5.799999999999997, 2.9000000000000057, -1.4000000000000057]}, "histogram": {"x": [569, 584, 594, 615, 624, 633, 648, 663, 684, 705], "y": [1, 1, 17, 23, 6, 2, 10, 1, 9, 0]}}