{"histogram": {"x": [460, 470, 480, 490, 500, 510, 520, 530, 540, 550, 559, 569, 584, 594, 615, 624, 633, 648, 663, 684, 705], "y": [2, 1, 0, 0, 0, 1, 1, 3, 2, 11, 17, 36, 90, 164, 845, 293, 113, 557, 118, 676, 20]}, "percentile": {"x": [454, 458, 470, 504, 520, 528, 529, 532, 540, 541, 543, 544, 545, 547, 548, 550, 551, 552, 553, 554, 555, 556, 557, 559, 560, 561, 562, 563, 564, 565, 566, 567, 568, 569, 570, 571, 572, 573, 574, 575, 576, 577, 578, 579, 580, 581, 582, 583, 584, 585, 586, 587, 588, 589, 590, 591, 592, 593, 594, 595, 596, 597, 598, 599, 600, 601, 602, 603, 604, 605, 606, 607, 608, 609, 610, 611, 612, 613, 614, 615, 616, 617, 618, 619, 620, 621, 622, 623, 624, 625, 626, 627, 628, 629, 630, 631, 632, 633, 634, 635, 636, 637, 638, 639, 640, 641, 642, 643, 644, 645, 646, 647, 648, 649, 650, 651, 652, 653, 654, 655, 656, 657, 658, 659, 660, 661, 662, 663, 664, 665, 666, 667, 668, 669, 670, 671, 672, 673, 674, 675, 676, 677, 678, 679, 680, 681, 682, 683, 684, 687, 688, 689, 691, 692, 695, 699, 700, 701, 704], "y": [100.0, 100.0, 99.9, 99.9, 99.9, 99.8, 99.8, 99.7, 99.7, 99.7, 99.6, 99.6, 99.6, 99.4, 99.4, 99.3, 99.3, 99.2, 99.2, 99.1, 99.1, 98.9, 98.9, 98.8, 98.7, 98.7, 98.6, 98.5, 98.2, 98.1, 98.0, 97.9, 97.8, 97.5, 97.5, 97.5, 97.2, 97.0, 96.7, 96.5, 96.5, 96.2, 95.9, 95.6, 95.5, 95.4, 95.2, 95.0, 94.5, 94.3, 94.0, 93.9, 93.7, 93.2, 92.6, 92.0, 91.5, 90.7, 88.9, 88.5, 88.2, 87.4, 86.5, 85.7, 85.0, 83.9, 82.9, 81.7, 80.2, 78.7, 77.3, 76.5, 74.9, 73.4, 71.9, 70.4, 68.5, 66.6, 65.2, 60.3, 59.2, 58.1, 57.1, 56.1, 55.0, 54.2, 53.2, 52.0, 50.3, 50.1, 49.7, 49.3, 48.8, 48.4, 48.1, 47.6, 47.3, 46.5, 45.4, 44.3, 42.7, 41.7, 40.2, 39.4, 38.1, 36.3, 34.7, 33.5, 32.099999999999994, 30.700000000000003, 29.700000000000003, 29.0, 27.599999999999994, 27.299999999999997, 27.0, 26.900000000000006, 26.5, 26.0, 25.799999999999997, 25.299999999999997, 24.900000000000006, 24.700000000000003, 24.299999999999997, 24.099999999999994, 23.900000000000006, 23.900000000000006, 23.799999999999997, 23.599999999999994, 22.599999999999994, 21.5, 20.200000000000003, 19.0, 17.700000000000003, 16.599999999999994, 15.5, 14.599999999999994, 13.299999999999997, 12.299999999999997, 11.5, 10.700000000000003, 9.799999999999997, 8.900000000000006, 8.099999999999994, 7.200000000000003, 6.400000000000006, 5.799999999999997, 5.599999999999994, 4.5, 0.7000000000000028, 0.5999999999999943, 0.5999999999999943, 0.5, 0.4000000000000057, 0.29999999999999716, 0.29999999999999716, 0.20000000000000284, 0.20000000000000284, 0.20000000000000284, 0.0]}}