{"percentile": {"x": [510, 540, 544, 549, 566, 567, 568, 571, 573, 576, 578, 579, 580, 585, 586, 587, 588, 589, 590, 591, 592, 593, 594, 595, 596, 597, 598, 599, 600, 601, 602, 603, 604, 605, 606, 607, 608, 609, 610, 611, 612, 613, 614, 615, 616, 617, 618, 619, 620, 621, 622, 623, 624, 625, 626, 627, 628, 629, 630, 631, 632, 633, 634, 635, 636, 637, 638, 639, 640, 641, 642, 643, 644, 645, 646, 647, 648, 650, 651, 652, 653, 655, 656, 657, 658, 661, 662, 663, 665, 666, 667, 668, 669, 670, 671, 673, 674, 675, 676, 677, 678, 679, 681, 682, 684, 701, 704], "y": [100.0, 99.8, 99.8, 99.7, 99.6, 99.5, 99.5, 99.4, 99.1, 99.0, 98.9, 98.8, 98.7, 98.5, 98.2, 98.0, 97.5, 96.9, 96.0, 95.4, 93.8, 91.9, 78.8, 78.3, 77.1, 75.7, 74.8, 73.0, 71.0, 68.9, 67.1, 64.7, 62.5, 59.9, 58.2, 55.7, 53.8, 51.0, 48.3, 46.0, 42.9, 40.3, 37.1, 31.799999999999997, 31.0, 30.0, 28.799999999999997, 27.200000000000003, 26.099999999999994, 23.900000000000006, 22.900000000000006, 22.0, 19.599999999999994, 19.200000000000003, 18.799999999999997, 17.900000000000006, 17.5, 16.700000000000003, 16.0, 15.599999999999994, 15.099999999999994, 14.299999999999997, 14.099999999999994, 13.5, 12.5, 11.799999999999997, 11.0, 10.200000000000003, 9.700000000000003, 9.0, 8.400000000000006, 7.599999999999994, 7.099999999999994, 6.299999999999997, 6.0, 5.799999999999997, 5.5, 5.200000000000003, 5.200000000000003, 4.900000000000006, 4.700000000000003, 4.599999999999994, 4.5, 4.299999999999997, 4.099999999999994, 3.9000000000000057, 3.799999999999997, 3.5, 3.4000000000000057, 3.299999999999997, 3.200000000000003, 2.9000000000000057, 2.799999999999997, 2.5999999999999943, 2.5999999999999943, 2.4000000000000057, 2.200000000000003, 2.0999999999999943, 2.0, 1.9000000000000057, 1.7000000000000028, 1.5999999999999943, 1.5, 1.4000000000000057, 0.09999999999999432, 0.0, 0.0]}, "histogram": {"x": [510, 520, 530, 540, 550, 559, 569, 584, 594, 615, 624, 633, 648, 663, 684, 705], "y": [1, 0, 0, 2, 2, 0, 3, 11, 276, 650, 169, 73, 123, 27, 47, 2]}}