{"percentile": {"y": [100.0, 99.9, 99.9, 99.8, 99.7, 99.7, 99.6, 99.6, 99.5, 99.4, 99.4, 99.3, 99.2, 99.2, 99.1, 99.0, 98.9, 98.8, 98.6, 98.5, 98.4, 98.4, 98.3, 98.2, 98.1, 98.0, 97.9, 97.8, 97.7, 97.6, 97.6, 97.5, 97.4, 97.3, 97.3, 97.2, 97.1, 97.1, 97.0, 97.0, 96.9, 96.8, 96.6, 96.6, 96.5, 96.5, 96.3, 96.1, 95.9, 95.8, 95.7, 95.6, 95.5, 95.5, 95.4, 95.3, 95.3, 95.1, 94.9, 94.8, 94.5, 94.4, 94.3, 94.2, 94.2, 94.0, 93.9, 93.9, 93.7, 93.6, 93.5, 93.4, 93.3, 93.2, 92.9, 92.7, 92.5, 92.2, 92.1, 91.9, 91.6, 91.4, 91.1, 90.8, 90.6, 90.5, 90.4, 90.3, 89.9, 89.8, 89.7, 89.6, 89.3, 89.0, 88.8, 88.6, 88.5, 88.4, 88.3, 88.2, 87.8, 87.7, 87.3, 87.0, 86.7, 86.7, 86.5, 86.3, 86.1, 86.0, 85.8, 85.7, 85.6, 85.4, 85.1, 84.9, 84.6, 84.5, 84.2, 84.1, 83.9, 83.8, 83.6, 83.4, 83.3, 83.3, 83.0, 82.6, 82.3, 81.9, 81.7, 81.3, 81.2, 80.8, 80.7, 80.5, 79.9, 79.6, 79.4, 79.2, 78.8, 77.7, 77.4, 76.4, 75.6, 74.0, 73.1, 71.7, 71.1, 70.5, 67.9, 67.8, 67.6, 67.3, 67.1, 66.2, 66.0, 65.7, 65.6, 63.0, 62.1, 61.4, 60.4, 58.5, 56.9, 55.6, 54.1, 52.8, 51.4, 50.0, 48.7, 47.0, 45.5, 44.3, 41.4, 40.9, 40.8, 40.3, 39.9, 39.1, 38.8, 38.6, 38.5, 38.0, 35.7, 35.5, 34.900000000000006, 34.099999999999994, 32.8, 31.900000000000006, 30.400000000000006, 29.200000000000003, 27.200000000000003, 25.799999999999997, 24.599999999999994, 23.299999999999997, 22.099999999999994, 20.900000000000006, 19.900000000000006, 18.5, 17.799999999999997, 16.400000000000006, 15.599999999999994, 14.900000000000006, 14.099999999999994, 9.599999999999994, 9.200000000000003, 9.099999999999994, 9.0, 8.799999999999997, 8.5, 8.0, 7.5, 7.200000000000003, 7.200000000000003, 7.099999999999994, 6.900000000000006, 6.900000000000006, 6.799999999999997, 6.700000000000003, 6.5, 6.400000000000006, 6.099999999999994, 5.900000000000006, 5.599999999999994, 5.400000000000006, 5.200000000000003, 5.099999999999994, 4.900000000000006, 4.5, 4.299999999999997, 4.200000000000003, 4.0, 3.9000000000000057, 3.700000000000003, 3.5, 3.4000000000000057, 3.299999999999997, 3.0999999999999943, 3.0, 2.700000000000003, 2.5, 2.5, 2.4000000000000057, 2.299999999999997, 2.299999999999997, 2.200000000000003, 2.0, 1.7000000000000028, 1.4000000000000057, 1.4000000000000057, 1.2000000000000028, 1.0, 0.9000000000000057, 0.7000000000000028, 0.0, 0.0], "x": [319, 327, 338, 339, 353, 359, 360, 364, 367, 370, 371, 373, 374, 375, 378, 381, 383, 384, 385, 386, 391, 394, 398, 399, 400, 402, 403, 405, 406, 407, 408, 409, 410, 411, 412, 415, 416, 418, 419, 421, 425, 427, 429, 430, 432, 434, 435, 436, 439, 440, 441, 442, 443, 444, 445, 448, 449, 454, 455, 456, 457, 458, 459, 460, 461, 463, 464, 467, 468, 469, 470, 472, 473, 474, 475, 476, 477, 478, 479, 480, 481, 482, 483, 484, 485, 486, 487, 488, 489, 490, 492, 494, 495, 496, 497, 500, 501, 503, 504, 505, 506, 507, 508, 509, 510, 511, 512, 513, 514, 515, 516, 518, 519, 520, 521, 522, 523, 524, 525, 526, 527, 528, 529, 530, 531, 533, 534, 535, 537, 538, 539, 540, 541, 542, 543, 544, 545, 546, 547, 548, 549, 550, 551, 552, 553, 554, 555, 556, 557, 558, 559, 560, 561, 562, 563, 564, 565, 566, 568, 569, 570, 571, 572, 573, 574, 575, 576, 577, 578, 579, 580, 581, 582, 583, 584, 585, 586, 587, 588, 589, 590, 591, 592, 593, 594, 595, 596, 597, 598, 599, 600, 601, 602, 603, 604, 605, 606, 607, 608, 609, 610, 611, 612, 613, 614, 615, 616, 617, 618, 619, 620, 621, 622, 624, 625, 626, 628, 629, 630, 632, 633, 634, 635, 636, 637, 638, 639, 640, 641, 642, 643, 644, 645, 646, 647, 648, 656, 657, 663, 664, 665, 667, 668, 672, 673, 674, 675, 676, 677, 678, 679, 680, 681, 682, 683, 684, 693]}, "histogram": {"y": [1, 1, 2, 0, 3, 3, 6, 9, 6, 12, 6, 7, 12, 9, 17, 12, 26, 33, 19, 31, 21, 32, 35, 57, 159, 79, 349, 91, 422, 38, 12, 49, 6, 49, 1], "x": [320, 330, 340, 350, 360, 370, 380, 390, 400, 410, 420, 430, 440, 450, 460, 470, 480, 490, 500, 510, 520, 530, 540, 550, 559, 569, 584, 594, 615, 624, 633, 648, 663, 684, 705]}}