{"percentile": {"x": [312, 332, 335, 343, 353, 358, 382, 400, 407, 409, 410, 440, 456, 464, 466, 467, 468, 470, 472, 475, 480, 481, 487, 489, 506, 515, 516, 524, 525, 532, 534, 535, 537, 544, 545, 550, 551, 552, 553, 554, 555, 556, 557, 558, 559, 560, 561, 562, 564, 569, 572, 574, 575, 576, 578, 581, 582, 586, 594, 601, 603, 610], "y": [98.8, 97.6, 96.3, 95.1, 93.9, 92.6, 91.4, 88.9, 87.7, 86.5, 85.2, 84.0, 82.8, 81.5, 80.3, 79.1, 77.8, 76.6, 75.4, 74.1, 71.7, 70.4, 69.2, 68.0, 66.7, 65.5, 63.0, 60.5, 59.3, 58.1, 56.8, 54.4, 53.1, 51.9, 50.7, 48.2, 44.5, 40.8, 39.6, 38.3, 34.599999999999994, 33.400000000000006, 32.099999999999994, 30.900000000000006, 24.700000000000003, 23.5, 22.299999999999997, 21.0, 19.799999999999997, 18.599999999999994, 17.299999999999997, 16.099999999999994, 14.900000000000006, 12.400000000000006, 9.900000000000006, 8.700000000000003, 7.5, 6.200000000000003, 3.799999999999997, 2.5, 1.2999999999999972, -1.2000000000000028]}, "histogram": {"x": [320, 330, 340, 350, 360, 370, 380, 390, 400, 410, 420, 430, 440, 450, 460, 470, 480, 490, 500, 510, 520, 530, 540, 550, 559, 569, 584, 594, 615, 624, 633, 648, 663, 684, 705], "y": [1, 0, 2, 1, 2, 0, 0, 1, 2, 3, 0, 0, 1, 0, 1, 5, 4, 3, 0, 1, 3, 3, 5, 4, 19, 5, 9, 3, 4, 0, 0, 0, 0, 0, 0]}}