{"histogram": {"y": [1, 0, 0, 0, 0, 3, 1, 1, 1, 2, 1, 1, 0, 1, 3, 0, 1, 0, 0, 1, 1, 0, 0, 3, 0, 1, 0, 3, 0, 0, 0, 0, 0, 0], "x": [330, 340, 350, 360, 370, 380, 390, 400, 410, 420, 430, 440, 450, 460, 470, 480, 490, 500, 510, 520, 530, 540, 550, 559, 569, 584, 594, 615, 624, 633, 648, 663, 684, 705]}, "percentile": {"y": [95.9, 91.7, 87.5, 83.4, 79.2, 75.0, 70.9, 66.7, 62.5, 58.4, 54.2, 50.0, 45.9, 37.5, 33.400000000000006, 29.200000000000003, 25.0, 20.900000000000006, 16.700000000000003, 12.5, 8.400000000000006, 4.200000000000003, 0.0, -4.099999999999994], "x": [330, 371, 374, 378, 390, 395, 408, 416, 419, 421, 435, 460, 469, 470, 486, 520, 524, 553, 555, 559, 579, 597, 602, 615]}}