{"percentile": {"x": [390, 426, 435, 436, 458, 462, 472, 474, 481, 484, 485, 486, 487, 490, 494, 496, 515, 518, 519, 523, 524, 526, 528, 531, 532, 534, 536, 538, 539, 540, 541, 542, 544, 545, 546, 547, 548, 549, 550, 551, 552, 553, 554, 555, 556, 557, 558, 559, 560, 561, 562, 563, 564, 565, 566, 567, 568, 569, 570, 571, 572, 573, 574, 575, 576, 577, 578, 579, 580, 581, 582, 583, 584, 585, 586, 587, 588, 589, 590, 591, 592, 593, 594, 595, 596, 597, 598, 599, 600, 601, 602, 603, 604, 605, 606, 607, 608, 609, 610, 611, 612, 613, 614, 615, 616, 617, 618, 619, 620, 621, 622, 623, 624, 625, 626, 627, 628, 629, 630, 631, 632, 633, 634, 635, 636, 637, 638, 639, 640, 641, 642, 643, 644, 645, 646, 647, 648, 649, 650, 651, 652, 653, 654, 655, 656, 657, 658, 659, 660, 661, 662, 663, 664, 665, 666, 667, 668, 669, 670, 671, 672, 673, 674, 675, 676, 677, 678, 679, 680, 681, 682, 683, 684, 685, 686, 687, 689, 690, 691, 692, 693, 694, 695, 697, 698, 699, 700, 701, 702, 703, 704], "y": [100.0, 100.0, 100.0, 100.0, 100.0, 99.9, 99.9, 99.9, 99.9, 99.9, 99.8, 99.8, 99.8, 99.8, 99.8, 99.8, 99.7, 99.7, 99.7, 99.7, 99.6, 99.6, 99.6, 99.6, 99.6, 99.5, 99.5, 99.5, 99.5, 99.4, 99.4, 99.3, 99.3, 99.2, 99.2, 99.1, 99.0, 99.0, 98.9, 98.9, 98.8, 98.8, 98.7, 98.7, 98.7, 98.6, 98.5, 98.5, 98.4, 98.3, 98.3, 98.3, 98.2, 98.0, 97.9, 97.8, 97.8, 97.5, 97.4, 97.4, 97.3, 97.2, 97.1, 96.9, 96.8, 96.6, 96.5, 96.5, 96.3, 96.2, 96.0, 95.9, 95.7, 95.4, 95.3, 95.0, 94.8, 94.4, 94.0, 93.5, 92.9, 92.2, 89.0, 88.9, 88.6, 88.4, 87.9, 87.3, 86.7, 86.1, 85.7, 85.1, 84.2, 83.4, 82.9, 82.2, 81.4, 80.4, 79.6, 78.8, 77.8, 76.9, 76.0, 74.2, 73.6, 73.0, 72.1, 70.9, 70.1, 69.1, 68.3, 67.6, 66.9, 66.7, 66.5, 66.2, 65.9, 65.8, 65.5, 65.4, 65.3, 65.1, 64.1, 63.1, 62.0, 61.0, 59.8, 58.5, 57.1, 56.2, 55.1, 53.8, 52.7, 51.8, 50.6, 49.6, 48.5, 48.4, 48.2, 48.1, 47.8, 47.6, 47.4, 47.2, 46.9, 46.6, 46.4, 46.3, 46.2, 46.1, 46.1, 45.8, 45.0, 43.8, 42.8, 41.6, 40.5, 39.3, 38.1, 36.9, 35.8, 34.8, 33.7, 32.3, 31.299999999999997, 30.099999999999994, 29.299999999999997, 27.900000000000006, 26.799999999999997, 25.700000000000003, 24.400000000000006, 22.200000000000003, 0.7999999999999972, 0.7999999999999972, 0.7000000000000028, 0.7000000000000028, 0.7000000000000028, 0.5999999999999943, 0.5999999999999943, 0.5999999999999943, 0.5, 0.5, 0.4000000000000057, 0.4000000000000057, 0.4000000000000057, 0.4000000000000057, 0.29999999999999716, 0.29999999999999716, 0.29999999999999716, 0.20000000000000284, 0.0]}, "histogram": {"x": [390, 400, 410, 420, 430, 440, 450, 460, 470, 480, 490, 500, 510, 520, 530, 540, 550, 559, 569, 584, 594, 615, 624, 633, 648, 663, 684, 705], "y": [1, 0, 0, 0, 1, 2, 0, 1, 1, 2, 6, 2, 0, 4, 4, 11, 26, 22, 55, 94, 360, 798, 395, 97, 892, 143, 2421, 43]}}