{"histogram": {"x": [310, 320, 330, 340, 350, 360, 370, 380, 390, 400, 410, 420, 430, 440, 450, 460, 470, 480, 490, 500, 510, 520, 530, 540, 550, 559, 569, 584, 594, 615, 624, 633, 648, 663, 684, 705], "y": [1, 0, 1, 1, 0, 5, 3, 2, 1, 4, 7, 6, 12, 9, 10, 12, 15, 14, 13, 17, 10, 29, 24, 32, 37, 81, 50, 155, 40, 92, 9, 3, 12, 0, 14, 3]}, "percentile": {"x": [310, 328, 339, 355, 356, 357, 360, 363, 365, 368, 371, 374, 383, 397, 398, 404, 405, 408, 409, 410, 412, 417, 419, 420, 422, 423, 424, 425, 426, 427, 430, 432, 434, 435, 436, 437, 438, 440, 442, 443, 445, 447, 448, 449, 450, 451, 452, 453, 455, 456, 457, 458, 461, 462, 463, 467, 468, 469, 470, 471, 472, 473, 475, 476, 477, 478, 480, 481, 483, 484, 485, 486, 487, 488, 489, 490, 492, 493, 494, 495, 496, 497, 498, 499, 500, 502, 505, 506, 508, 509, 511, 512, 513, 514, 515, 516, 517, 518, 519, 520, 521, 522, 523, 524, 525, 526, 527, 528, 529, 530, 531, 532, 533, 534, 535, 536, 537, 538, 539, 540, 542, 543, 544, 545, 546, 547, 548, 549, 550, 551, 552, 553, 554, 555, 556, 557, 558, 559, 560, 561, 562, 563, 564, 565, 566, 567, 568, 569, 570, 571, 572, 573, 574, 575, 576, 577, 578, 579, 580, 581, 582, 583, 584, 585, 587, 588, 589, 590, 591, 592, 593, 594, 595, 596, 597, 598, 599, 600, 601, 602, 603, 604, 605, 606, 607, 608, 610, 611, 612, 613, 614, 615, 616, 617, 619, 620, 621, 623, 624, 625, 633, 634, 635, 636, 638, 640, 641, 642, 643, 644, 645, 646, 672, 676, 678, 680, 681, 684, 700, 704], "y": [99.9, 99.8, 99.6, 99.5, 99.2, 99.1, 98.9, 98.8, 98.7, 98.5, 98.4, 98.3, 98.1, 97.8, 97.6, 97.4, 97.3, 97.1, 96.9, 96.6, 96.3, 96.2, 96.0, 95.8, 95.6, 95.2, 95.1, 94.9, 94.5, 94.2, 94.1, 93.7, 93.5, 93.4, 93.3, 93.1, 93.0, 92.9, 92.7, 92.6, 92.2, 92.0, 91.9, 91.8, 91.5, 91.3, 91.2, 91.1, 90.9, 90.4, 90.1, 89.8, 89.5, 89.1, 89.0, 88.8, 88.4, 88.0, 87.7, 87.6, 87.3, 87.2, 86.9, 86.4, 86.2, 86.1, 85.8, 85.7, 85.5, 85.3, 85.1, 85.0, 84.6, 84.4, 84.3, 84.0, 83.9, 83.7, 83.6, 83.5, 83.0, 82.8, 82.6, 82.2, 81.7, 81.5, 81.4, 81.1, 80.5, 80.3, 80.0, 79.6, 79.3, 79.2, 78.5, 77.6, 77.5, 77.2, 76.7, 76.3, 75.8, 75.6, 74.9, 74.7, 74.5, 74.0, 73.9, 73.6, 73.5, 72.9, 72.4, 72.0, 71.4, 71.0, 70.6, 70.2, 69.6, 69.3, 69.2, 68.5, 68.2, 68.1, 67.7, 67.0, 66.4, 66.0, 65.5, 65.1, 63.4, 63.1, 62.0, 60.9, 59.9, 59.1, 57.3, 56.3, 55.1, 52.2, 51.8, 51.6, 51.2, 50.8, 49.4, 49.3, 48.9, 48.5, 47.9, 45.3, 44.0, 42.8, 41.0, 39.6, 38.1, 36.3, 35.7, 33.7, 33.099999999999994, 31.599999999999994, 30.299999999999997, 27.700000000000003, 26.700000000000003, 25.799999999999997, 23.799999999999997, 23.400000000000006, 23.0, 22.900000000000006, 21.799999999999997, 21.599999999999994, 21.200000000000003, 21.099999999999994, 20.799999999999997, 18.299999999999997, 18.0, 17.5, 16.099999999999994, 15.700000000000003, 15.400000000000006, 14.400000000000006, 14.200000000000003, 13.700000000000003, 12.900000000000006, 12.599999999999994, 11.799999999999997, 11.299999999999997, 10.700000000000003, 10.099999999999994, 9.700000000000003, 8.900000000000006, 8.5, 7.900000000000006, 7.5, 5.599999999999994, 5.400000000000006, 5.200000000000003, 5.0, 4.900000000000006, 4.799999999999997, 4.599999999999994, 4.299999999999997, 4.200000000000003, 3.9000000000000057, 3.5999999999999943, 3.5, 3.4000000000000057, 3.200000000000003, 3.0999999999999943, 3.0, 2.799999999999997, 2.700000000000003, 2.5, 2.4000000000000057, 2.299999999999997, 2.0999999999999943, 2.0, 1.7000000000000028, 1.5999999999999943, 1.4000000000000057, 0.29999999999999716, 0.20000000000000284, -0.09999999999999432]}}