{"percentile": {"x": [410, 484, 503, 525, 531, 540, 546, 547, 552, 553, 556, 560, 561, 562, 563, 564, 565, 566, 567, 568, 569, 570, 571, 572, 575, 576, 577, 579, 580, 581, 582, 584, 585, 586, 587, 588, 589, 590, 591, 592, 593, 594, 595, 596, 597, 598, 599, 600, 601, 602, 603, 604, 605, 606, 607, 608, 609, 610, 611, 612, 613, 614, 615, 616, 617, 618, 619, 620, 621, 622, 623, 624, 626, 627, 629, 630, 631, 632, 633, 634, 635, 636, 637, 638, 639, 640, 641, 642, 643, 644, 645, 646, 647, 648, 649, 650, 651, 652, 653, 654, 655, 656, 657, 658, 659, 660, 661, 663, 664, 665, 666, 667, 668, 669, 670, 671, 672, 673, 674, 675, 676, 677, 678, 679, 680, 681, 682, 683, 684, 685, 688, 693, 694, 695, 696, 700, 703, 704], "y": [100.0, 99.9, 99.9, 99.8, 99.7, 99.6, 99.5, 99.4, 99.3, 99.3, 99.2, 99.1, 99.0, 99.0, 98.9, 98.8, 98.8, 98.7, 98.6, 98.6, 98.2, 98.1, 98.0, 97.9, 97.8, 97.6, 97.6, 97.5, 97.4, 97.1, 97.0, 96.9, 96.7, 96.3, 96.3, 95.8, 95.4, 95.1, 94.6, 94.4, 94.0, 91.1, 90.9, 90.4, 90.0, 89.5, 89.3, 89.0, 88.7, 88.5, 88.1, 87.6, 86.5, 85.8, 85.5, 85.1, 84.6, 84.1, 83.7, 83.3, 82.6, 82.1, 80.8, 80.2, 79.7, 79.1, 78.0, 77.0, 76.0, 75.3, 74.2, 73.0, 72.8, 72.7, 72.6, 72.6, 72.5, 72.4, 72.1, 71.4, 70.6, 69.1, 67.9, 66.6, 65.5, 63.9, 63.2, 62.0, 60.6, 59.0, 57.9, 57.1, 56.3, 55.3, 55.3, 55.2, 55.1, 55.0, 54.9, 54.7, 54.5, 54.3, 54.2, 54.1, 53.9, 53.8, 53.8, 53.5, 52.4, 51.2, 49.7, 48.3, 47.4, 45.6, 44.5, 43.0, 42.0, 40.9, 39.9, 39.0, 37.9, 36.7, 35.400000000000006, 34.2, 33.0, 32.099999999999994, 30.900000000000006, 28.400000000000006, 0.7999999999999972, 0.7000000000000028, 0.5999999999999943, 0.5, 0.5, 0.4000000000000057, 0.4000000000000057, 0.20000000000000284, 0.20000000000000284, 0.0]}, "histogram": {"x": [410, 420, 430, 440, 450, 460, 470, 480, 490, 500, 510, 520, 530, 540, 550, 559, 569, 584, 594, 615, 624, 633, 648, 663, 684, 705], "y": [1, 0, 0, 0, 0, 0, 0, 0, 1, 0, 1, 0, 1, 3, 3, 4, 16, 22, 95, 169, 128, 15, 275, 30, 866, 13]}}