{"percentile": {"y": [100.0, 99.9, 99.8, 99.7, 99.6, 99.5, 99.4, 99.3, 99.2, 99.1, 99.0, 99.0, 98.6, 98.2, 98.0, 97.9, 97.8, 97.5, 97.3, 97.1, 96.5, 96.0, 93.8, 93.5, 93.0, 92.7, 92.4, 91.7, 91.2, 90.8, 89.9, 89.1, 88.4, 86.9, 85.5, 84.4, 83.9, 82.9, 81.8, 80.8, 79.8, 78.9, 77.4, 75.4, 74.8, 73.7, 71.9, 71.1, 69.3, 68.3, 67.1, 65.8, 64.7, 64.6, 64.5, 64.2, 64.1, 63.8, 63.5, 63.4, 63.3, 62.7, 61.9, 60.5, 59.4, 57.7, 56.1, 54.4, 52.7, 51.0, 48.9, 46.6, 44.5, 42.6, 41.2, 39.5, 37.9, 37.8, 37.6, 37.4, 37.1, 36.8, 36.5, 36.4, 36.2, 36.1, 35.900000000000006, 34.7, 32.8, 30.900000000000006, 29.099999999999994, 27.599999999999994, 25.700000000000003, 24.5, 23.299999999999997, 22.0, 21.299999999999997, 20.0, 18.700000000000003, 17.5, 16.5, 15.599999999999994, 14.599999999999994, 13.299999999999997, 12.299999999999997, 11.299999999999997, 9.799999999999997, 0.29999999999999716, 0.20000000000000284, 0.09999999999999432, 0.0, 0.0], "x": [558, 560, 565, 571, 572, 574, 575, 576, 577, 579, 581, 582, 583, 584, 585, 586, 588, 589, 590, 591, 592, 593, 594, 595, 596, 597, 598, 599, 600, 601, 602, 603, 604, 605, 606, 607, 608, 609, 610, 611, 612, 613, 614, 615, 616, 617, 618, 619, 620, 621, 622, 623, 624, 625, 626, 627, 628, 629, 630, 631, 632, 633, 634, 635, 636, 637, 638, 639, 640, 641, 642, 643, 644, 645, 646, 647, 648, 649, 651, 652, 653, 654, 655, 656, 658, 661, 662, 664, 665, 666, 667, 668, 669, 670, 671, 672, 673, 674, 675, 676, 677, 678, 679, 680, 681, 682, 683, 684, 685, 690, 700, 704]}, "histogram": {"y": [1, 2, 17, 48, 201, 117, 21, 271, 22, 388, 4], "x": [559, 569, 584, 594, 615, 624, 633, 648, 663, 684, 705]}}