{"histogram": {"y": [4, 7, 1, 2, 6, 12, 11, 7, 14, 23, 21, 28, 23, 34, 31, 38, 34, 27, 42, 48, 66, 64, 71, 77, 75, 88, 136, 281, 185, 432, 94, 229, 34, 6, 7, 1, 4, 2], "x": [270, 300, 310, 320, 330, 340, 350, 360, 370, 380, 390, 400, 410, 420, 430, 440, 450, 460, 470, 480, 490, 500, 510, 520, 530, 540, 550, 559, 569, 584, 594, 615, 624, 633, 648, 663, 684, 705]}, "percentile": {"y": [100.0, 100.0, 99.9, 99.9, 99.8, 99.8, 99.7, 99.7, 99.6, 99.5, 99.5, 99.4, 99.4, 99.3, 99.3, 99.2, 99.1, 99.1, 99.0, 98.9, 98.9, 98.8, 98.6, 98.5, 98.5, 98.4, 98.4, 98.3, 98.2, 98.2, 98.2, 98.1, 98.1, 98.0, 97.9, 97.9, 97.8, 97.8, 97.7, 97.7, 97.6, 97.5, 97.4, 97.4, 97.2, 97.2, 97.1, 97.0, 96.8, 96.7, 96.6, 96.6, 96.4, 96.2, 96.1, 96.0, 95.9, 95.8, 95.7, 95.6, 95.5, 95.3, 95.2, 95.2, 95.1, 95.0, 94.8, 94.6, 94.4, 94.3, 94.2, 94.0, 93.9, 93.7, 93.6, 93.5, 93.4, 93.3, 93.1, 93.0, 92.9, 92.8, 92.7, 92.6, 92.5, 92.4, 92.1, 92.0, 91.8, 91.5, 91.3, 91.2, 91.0, 90.8, 90.8, 90.7, 90.6, 90.3, 90.3, 90.2, 90.0, 89.9, 89.7, 89.5, 89.3, 89.1, 89.1, 88.9, 88.7, 88.5, 88.2, 88.1, 87.9, 87.8, 87.6, 87.4, 87.2, 87.1, 87.0, 86.9, 86.8, 86.7, 86.4, 86.3, 86.3, 86.1, 86.1, 86.0, 85.8, 85.6, 85.4, 85.2, 85.1, 84.7, 84.6, 84.3, 84.1, 83.9, 83.7, 83.4, 83.3, 83.2, 83.0, 82.7, 82.6, 82.2, 82.0, 81.8, 81.6, 81.2, 80.8, 80.6, 80.1, 80.0, 79.8, 79.6, 79.2, 78.9, 78.8, 78.5, 78.1, 77.7, 77.4, 77.2, 76.9, 76.5, 76.4, 76.1, 75.7, 75.4, 75.0, 74.5, 74.2, 73.9, 73.7, 73.5, 73.2, 72.9, 72.5, 72.1, 71.8, 71.6, 71.3, 71.0, 70.7, 70.3, 69.9, 69.5, 69.4, 69.0, 68.6, 68.1, 67.6, 67.4, 67.0, 66.6, 66.5, 66.2, 65.8, 65.7, 65.4, 65.0, 64.4, 64.1, 63.9, 63.7, 63.0, 62.3, 62.1, 61.9, 61.5, 61.3, 60.2, 59.9, 59.6, 59.3, 59.1, 56.3, 55.5, 54.6, 53.5, 52.3, 51.0, 49.7, 48.3, 47.0, 43.9, 43.6, 43.4, 42.9, 42.4, 40.8, 40.4, 39.9, 39.6, 39.3, 35.7, 34.900000000000006, 34.2, 32.8, 31.799999999999997, 30.599999999999994, 29.299999999999997, 27.900000000000006, 26.900000000000006, 25.799999999999997, 23.700000000000003, 22.5, 21.400000000000006, 20.200000000000003, 19.200000000000003, 16.700000000000003, 16.5, 16.0, 15.900000000000006, 15.799999999999997, 15.0, 14.599999999999994, 14.099999999999994, 13.900000000000006, 13.599999999999994, 12.5, 12.200000000000003, 11.700000000000003, 11.400000000000006, 10.799999999999997, 10.200000000000003, 9.599999999999994, 9.0, 8.299999999999997, 7.400000000000006, 6.799999999999997, 6.299999999999997, 5.900000000000006, 5.400000000000006, 4.900000000000006, 4.599999999999994, 4.400000000000006, 4.0, 3.299999999999997, 3.0999999999999943, 2.9000000000000057, 2.4000000000000057, 2.0999999999999943, 1.9000000000000057, 1.7999999999999972, 1.7000000000000028, 1.5, 1.4000000000000057, 1.2000000000000028, 1.2000000000000028, 0.9000000000000057, 0.7999999999999972, 0.7999999999999972, 0.7000000000000028, 0.5999999999999943, 0.5, 0.5, 0.4000000000000057, 0.4000000000000057, 0.29999999999999716, 0.29999999999999716, 0.20000000000000284, 0.20000000000000284, 0.09999999999999432, 0.0], "x": [246, 253, 261, 270, 288, 291, 292, 297, 298, 302, 311, 320, 321, 323, 326, 329, 331, 332, 335, 336, 337, 338, 339, 341, 342, 343, 344, 345, 346, 347, 349, 351, 354, 356, 358, 359, 360, 361, 362, 363, 364, 365, 366, 367, 370, 371, 373, 374, 375, 376, 377, 378, 379, 380, 381, 382, 383, 385, 387, 388, 389, 390, 391, 392, 393, 394, 395, 396, 397, 398, 399, 400, 401, 402, 403, 404, 405, 407, 409, 410, 411, 412, 413, 414, 415, 416, 417, 418, 419, 420, 421, 422, 423, 424, 425, 426, 427, 428, 429, 430, 431, 432, 433, 434, 435, 436, 437, 438, 439, 440, 441, 442, 443, 444, 445, 446, 447, 449, 450, 451, 452, 453, 454, 455, 456, 457, 458, 459, 460, 461, 462, 463, 464, 465, 466, 467, 468, 470, 471, 472, 473, 474, 475, 476, 477, 478, 479, 480, 481, 482, 483, 484, 485, 486, 487, 488, 489, 490, 491, 492, 493, 494, 495, 496, 497, 498, 499, 500, 501, 502, 503, 504, 505, 506, 507, 508, 509, 510, 511, 512, 513, 514, 515, 516, 517, 518, 519, 520, 521, 522, 523, 524, 525, 526, 527, 528, 529, 530, 531, 532, 533, 534, 535, 536, 537, 538, 539, 540, 541, 542, 543, 544, 545, 546, 547, 548, 549, 550, 551, 552, 553, 554, 555, 556, 557, 558, 559, 560, 561, 562, 563, 564, 565, 566, 567, 568, 569, 570, 571, 572, 573, 574, 575, 576, 577, 578, 579, 580, 581, 582, 583, 584, 585, 586, 587, 588, 589, 590, 591, 592, 593, 594, 595, 596, 597, 598, 599, 600, 601, 602, 603, 604, 605, 606, 607, 608, 609, 610, 611, 612, 613, 614, 615, 616, 617, 618, 619, 620, 621, 622, 623, 624, 630, 631, 632, 633, 636, 637, 642, 645, 646, 658, 664, 678, 684, 704]}}