{"percentile": {"x": [318, 331, 332, 333, 339, 341, 342, 343, 357, 371, 373, 379, 380, 384, 387, 391, 392, 394, 395, 399, 400, 402, 408, 413, 414, 417, 422, 423, 429, 436, 437, 439, 442, 443, 449, 450, 451, 453, 456, 457, 459, 460, 462, 463, 464, 465, 468, 469, 470, 471, 473, 474, 475, 477, 478, 479, 481, 482, 483, 485, 486, 489, 490, 494, 495, 497, 498, 499, 500, 502, 503, 504, 505, 506, 508, 509, 510, 511, 513, 514, 516, 517, 518, 520, 521, 522, 523, 524, 525, 527, 528, 529, 530, 531, 532, 533, 534, 536, 537, 538, 539, 540, 541, 544, 545, 546, 548, 549, 550, 551, 552, 553, 554, 555, 556, 557, 558, 559, 560, 561, 562, 563, 564, 565, 566, 568, 569, 570, 571, 572, 573, 574, 575, 576, 577, 578, 579, 580, 581, 582, 583, 584, 587, 589, 590, 591, 594, 597, 598, 599, 600, 601, 602, 605, 606, 608, 609, 610, 611, 612, 613, 614, 615, 616, 619, 630, 650, 684], "y": [99.8, 99.6, 99.1, 98.8, 98.6, 98.3, 98.1, 97.8, 97.6, 97.3, 97.1, 96.8, 96.6, 96.3, 96.1, 95.8, 95.6, 95.1, 94.6, 94.3, 94.1, 93.3, 92.8, 92.6, 92.3, 92.1, 91.8, 91.6, 91.3, 91.1, 90.3, 89.8, 89.6, 89.3, 89.1, 88.8, 88.6, 88.3, 88.1, 87.8, 87.3, 87.1, 86.6, 85.8, 85.6, 84.8, 84.6, 84.3, 83.8, 83.3, 83.1, 82.6, 82.3, 82.1, 81.8, 81.6, 81.3, 81.1, 80.6, 80.3, 80.1, 79.6, 79.4, 79.1, 78.9, 78.6, 77.6, 77.4, 77.1, 76.9, 76.6, 75.9, 75.4, 75.1, 74.6, 73.9, 73.6, 73.1, 72.1, 71.9, 71.6, 71.1, 70.6, 70.1, 69.6, 69.1, 68.9, 68.6, 68.1, 67.6, 67.1, 66.9, 66.1, 65.6, 65.1, 64.4, 63.9, 63.4, 63.1, 62.9, 62.6, 62.1, 61.9, 61.1, 59.2, 58.9, 58.2, 57.7, 56.2, 55.7, 54.7, 53.7, 52.7, 50.4, 49.2, 46.7, 44.9, 40.2, 39.7, 39.0, 37.7, 37.5, 36.5, 36.2, 35.7, 34.7, 31.700000000000003, 31.5, 30.700000000000003, 28.5, 26.5, 24.5, 22.700000000000003, 21.0, 19.799999999999997, 17.799999999999997, 16.0, 15.299999999999997, 13.299999999999997, 12.0, 11.0, 9.0, 8.5, 8.0, 7.799999999999997, 7.299999999999997, 6.799999999999997, 6.0, 5.5, 5.0, 4.799999999999997, 4.299999999999997, 4.0, 3.799999999999997, 3.299999999999997, 3.0, 2.799999999999997, 2.5, 2.299999999999997, 1.7999999999999972, 1.5, 1.2999999999999972, 1.0, 0.7999999999999972, 0.5, 0.29999999999999716, 0.0, -0.20000000000000284]}, "histogram": {"x": [320, 330, 340, 350, 360, 370, 380, 390, 400, 410, 420, 430, 440, 450, 460, 470, 480, 490, 500, 510, 520, 530, 540, 550, 559, 569, 584, 594, 615, 624, 633, 648, 663, 684, 705], "y": [1, 0, 5, 3, 1, 0, 4, 2, 8, 5, 3, 3, 6, 4, 7, 13, 9, 9, 9, 14, 14, 16, 16, 24, 64, 34, 91, 9, 23, 2, 1, 0, 1, 1, 0]}}