{"histogram": {"y": [1, 1, 3, 2, 6, 7, 2, 8, 12, 5, 13, 9, 21, 9, 24, 16, 18, 23, 27, 26, 29, 47, 35, 40, 32, 81, 202, 97, 297, 58, 147, 15, 3, 14, 2, 4, 0], "x": [300, 310, 320, 330, 340, 350, 360, 370, 380, 390, 400, 410, 420, 430, 440, 450, 460, 470, 480, 490, 500, 510, 520, 530, 540, 550, 559, 569, 584, 594, 615, 624, 633, 648, 663, 684, 705]}, "percentile": {"y": [100.0, 99.9, 99.8, 99.8, 99.7, 99.6, 99.5, 99.5, 99.4, 99.2, 99.2, 99.1, 99.0, 98.9, 98.9, 98.8, 98.6, 98.6, 98.5, 98.4, 98.3, 98.2, 98.0, 97.8, 97.7, 97.6, 97.4, 97.3, 97.1, 97.0, 96.9, 96.8, 96.8, 96.7, 96.6, 96.5, 96.5, 96.2, 96.1, 96.0, 95.8, 95.7, 95.6, 95.6, 95.4, 95.3, 95.2, 95.1, 94.9, 94.7, 94.5, 94.2, 94.1, 93.8, 93.7, 93.5, 93.3, 93.2, 93.2, 93.1, 92.9, 92.8, 92.6, 92.6, 92.5, 92.3, 92.2, 91.9, 91.7, 91.5, 91.2, 91.1, 90.8, 90.6, 90.5, 90.4, 90.3, 90.2, 90.1, 90.0, 89.8, 89.7, 89.6, 89.6, 89.3, 89.2, 88.9, 88.7, 88.6, 88.5, 88.3, 88.1, 87.8, 87.6, 87.0, 86.8, 86.6, 86.6, 86.3, 86.2, 85.9, 85.6, 85.4, 85.2, 84.8, 84.5, 84.5, 84.2, 84.0, 83.9, 83.7, 83.4, 83.2, 83.1, 83.0, 82.6, 82.5, 82.4, 82.3, 82.0, 81.8, 81.5, 81.2, 80.9, 80.8, 80.4, 80.3, 79.8, 79.5, 78.9, 78.4, 78.3, 78.0, 77.7, 77.2, 76.9, 76.8, 76.5, 76.4, 76.2, 76.0, 75.8, 75.5, 75.1, 74.3, 74.1, 73.8, 73.4, 73.2, 72.8, 72.3, 72.1, 71.7, 71.7, 71.3, 71.1, 70.8, 70.8, 70.3, 70.2, 69.9, 69.9, 69.3, 68.9, 68.8, 68.7, 68.6, 68.2, 67.2, 66.8, 66.4, 66.1, 65.7, 62.8, 62.3, 61.7, 60.4, 58.1, 56.8, 55.1, 53.3, 51.8, 47.7, 47.5, 47.2, 47.0, 46.6, 45.2, 45.0, 44.5, 43.9, 43.6, 40.4, 40.0, 38.7, 37.4, 36.2, 34.599999999999994, 32.900000000000006, 30.799999999999997, 29.299999999999997, 27.5, 26.0, 24.700000000000003, 23.400000000000006, 22.400000000000006, 21.200000000000003, 18.200000000000003, 18.0, 17.700000000000003, 17.299999999999997, 17.099999999999994, 16.200000000000003, 15.900000000000006, 15.700000000000003, 15.400000000000006, 15.299999999999997, 13.799999999999997, 13.400000000000006, 12.900000000000006, 12.099999999999994, 11.700000000000003, 10.700000000000003, 9.900000000000006, 9.5, 9.099999999999994, 8.700000000000003, 8.200000000000003, 7.5, 6.900000000000006, 6.5, 6.0, 5.5, 5.099999999999994, 4.700000000000003, 4.099999999999994, 3.5999999999999943, 3.5, 2.799999999999997, 2.5999999999999943, 2.4000000000000057, 2.299999999999997, 2.200000000000003, 2.0, 1.9000000000000057, 1.7999999999999972, 1.7000000000000028, 1.5999999999999943, 1.5, 1.5, 1.4000000000000057, 1.2000000000000028, 1.0, 0.9000000000000057, 0.9000000000000057, 0.7999999999999972, 0.7000000000000028, 0.5999999999999943, 0.4000000000000057, 0.29999999999999716, 0.29999999999999716, 0.20000000000000284, 0.09999999999999432, 0.0, 0.0], "x": [280, 310, 312, 315, 320, 321, 324, 335, 336, 337, 339, 340, 343, 344, 346, 347, 348, 350, 358, 359, 362, 364, 366, 367, 371, 372, 373, 376, 378, 379, 380, 382, 384, 386, 387, 389, 391, 392, 393, 394, 395, 396, 398, 400, 401, 403, 404, 405, 410, 411, 412, 413, 415, 416, 418, 419, 420, 421, 422, 425, 427, 428, 430, 431, 432, 433, 434, 435, 436, 437, 438, 439, 440, 441, 442, 443, 444, 445, 446, 447, 448, 449, 450, 451, 452, 453, 455, 457, 458, 459, 460, 461, 463, 464, 465, 466, 467, 469, 472, 473, 475, 476, 477, 478, 479, 480, 481, 482, 483, 484, 485, 486, 487, 488, 489, 490, 491, 492, 493, 494, 495, 496, 497, 498, 499, 500, 501, 502, 503, 504, 505, 506, 507, 508, 509, 510, 511, 512, 513, 514, 515, 516, 518, 519, 520, 521, 522, 523, 524, 525, 526, 527, 528, 529, 530, 531, 532, 534, 535, 536, 537, 538, 539, 540, 541, 542, 543, 544, 545, 546, 547, 548, 549, 550, 551, 552, 553, 554, 555, 556, 557, 558, 559, 560, 561, 562, 563, 564, 565, 566, 567, 568, 569, 570, 571, 572, 573, 574, 575, 576, 577, 578, 579, 580, 581, 582, 583, 584, 585, 586, 587, 588, 589, 590, 591, 592, 593, 594, 595, 596, 597, 598, 599, 600, 601, 602, 603, 604, 605, 606, 607, 608, 609, 610, 611, 612, 613, 614, 615, 616, 617, 618, 619, 620, 621, 622, 623, 628, 629, 633, 635, 636, 637, 638, 640, 642, 644, 646, 648, 651, 652, 664, 671, 678, 683]}}