{"histogram": {"y": [1, 3, 4, 2, 5, 6, 5, 7, 6, 7, 6, 14, 14, 14, 15, 21, 14, 22, 19, 16, 33, 21, 37, 28, 28, 46, 27, 49, 120, 77, 199, 26, 80, 5, 1, 5, 1, 1, 0], "x": [240, 270, 300, 310, 320, 330, 340, 350, 360, 370, 380, 390, 400, 410, 420, 430, 440, 450, 460, 470, 480, 490, 500, 510, 520, 530, 540, 550, 559, 569, 584, 594, 615, 624, 633, 648, 663, 684, 705]}, "percentile": {"y": [99.9, 99.8, 99.7, 99.6, 99.5, 99.4, 99.3, 99.2, 99.0, 98.9, 98.8, 98.6, 98.5, 98.4, 98.2, 98.1, 97.9, 97.8, 97.6, 97.5, 97.4, 97.2, 97.1, 96.9, 96.8, 96.7, 96.6, 96.4, 96.3, 96.2, 96.1, 95.9, 95.8, 95.7, 95.6, 95.4, 95.3, 95.1, 95.0, 94.9, 94.8, 94.7, 94.6, 94.5, 94.3, 94.1, 94.0, 93.7, 93.5, 93.3, 93.1, 92.9, 92.7, 92.6, 92.3, 92.2, 92.1, 92.0, 91.9, 91.7, 91.5, 91.3, 91.1, 91.0, 90.9, 90.7, 90.5, 90.3, 89.9, 89.7, 89.4, 89.3, 89.0, 88.9, 88.4, 87.8, 87.5, 87.4, 87.1, 86.9, 86.8, 86.7, 86.5, 86.3, 86.0, 85.9, 85.8, 85.5, 85.4, 85.1, 84.7, 84.4, 84.1, 83.7, 83.6, 83.3, 83.2, 83.0, 82.7, 82.6, 82.5, 82.2, 81.9, 81.7, 81.4, 81.2, 80.9, 80.8, 80.7, 80.5, 80.4, 80.1, 79.6, 79.2, 78.6, 78.4, 78.0, 77.6, 77.4, 76.7, 76.6, 76.3, 76.0, 75.8, 75.7, 75.5, 75.2, 74.8, 74.1, 73.6, 72.9, 72.5, 72.3, 71.8, 71.6, 71.4, 71.2, 70.8, 70.4, 70.2, 70.0, 69.4, 69.0, 68.6, 68.3, 68.1, 67.8, 67.6, 67.5, 67.2, 66.4, 66.2, 66.1, 65.9, 65.6, 65.4, 65.1, 64.9, 64.7, 64.3, 63.8, 63.4, 63.0, 62.9, 62.4, 62.2, 61.5, 60.6, 60.0, 59.9, 59.6, 59.5, 59.1, 58.9, 58.7, 58.3, 58.2, 57.7, 57.3, 57.1, 56.9, 56.1, 56.0, 55.8, 55.6, 55.2, 52.3, 51.6, 50.6, 49.2, 48.0, 46.4, 45.3, 44.0, 42.5, 40.1, 39.6, 39.2, 38.9, 38.7, 36.8, 36.6, 36.4, 35.900000000000006, 35.8, 32.3, 31.200000000000003, 30.5, 29.299999999999997, 28.0, 26.5, 25.400000000000006, 24.299999999999997, 22.799999999999997, 21.099999999999994, 19.5, 18.400000000000006, 16.799999999999997, 15.099999999999994, 14.299999999999997, 12.0, 11.900000000000006, 11.799999999999997, 11.700000000000003, 11.400000000000006, 11.099999999999994, 10.799999999999997, 10.5, 10.200000000000003, 10.099999999999994, 9.400000000000006, 9.200000000000003, 8.599999999999994, 8.400000000000006, 7.799999999999997, 7.200000000000003, 6.400000000000006, 6.099999999999994, 5.900000000000006, 5.200000000000003, 4.799999999999997, 4.0, 3.799999999999997, 3.299999999999997, 3.0, 2.9000000000000057, 2.5, 2.0999999999999943, 1.9000000000000057, 1.2999999999999972, 1.0999999999999943, 1.0, 0.9000000000000057, 0.7999999999999972, 0.7000000000000028, 0.5, 0.4000000000000057, 0.20000000000000284, 0.0, -0.09999999999999432], "x": [224, 244, 258, 260, 279, 285, 287, 296, 306, 315, 317, 318, 320, 326, 328, 329, 330, 334, 335, 336, 338, 341, 344, 346, 347, 348, 351, 356, 357, 359, 360, 361, 362, 364, 367, 369, 372, 374, 375, 377, 379, 381, 382, 383, 384, 385, 386, 387, 389, 390, 391, 392, 393, 394, 395, 396, 397, 399, 400, 401, 402, 403, 404, 405, 406, 407, 408, 412, 413, 414, 416, 417, 420, 421, 422, 423, 424, 425, 426, 428, 430, 431, 433, 434, 435, 437, 438, 439, 440, 441, 442, 444, 445, 446, 448, 449, 450, 452, 453, 454, 455, 456, 457, 458, 459, 460, 461, 462, 463, 465, 466, 467, 468, 472, 473, 474, 475, 476, 477, 478, 479, 480, 482, 483, 484, 485, 487, 489, 490, 491, 492, 493, 494, 495, 496, 497, 498, 499, 500, 501, 502, 503, 504, 505, 506, 507, 508, 509, 510, 511, 512, 513, 514, 515, 516, 517, 518, 519, 520, 521, 522, 523, 524, 525, 526, 527, 528, 529, 530, 531, 532, 533, 534, 535, 536, 537, 538, 539, 540, 542, 543, 545, 546, 547, 548, 549, 550, 551, 552, 553, 554, 555, 556, 557, 558, 559, 560, 561, 562, 563, 564, 565, 566, 567, 568, 569, 570, 571, 572, 573, 574, 575, 576, 577, 578, 579, 580, 581, 582, 583, 584, 585, 586, 587, 588, 589, 590, 591, 592, 593, 594, 595, 596, 597, 598, 599, 600, 601, 602, 603, 604, 605, 606, 607, 608, 609, 610, 611, 614, 615, 616, 621, 622, 623, 626, 638, 640, 646, 657, 674]}}