{"histogram": {"y": [1, 0, 4, 0, 6, 2, 3, 8, 10, 13, 11, 12, 10, 16, 11, 14, 15, 28, 24, 25, 31, 42, 55, 140, 73, 258, 62, 210, 14, 4, 11, 0, 8, 3], "x": [330, 340, 350, 360, 370, 380, 390, 400, 410, 420, 430, 440, 450, 460, 470, 480, 490, 500, 510, 520, 530, 540, 550, 559, 569, 584, 594, 615, 624, 633, 648, 663, 684, 705]}, "percentile": {"y": [100.0, 99.9, 99.8, 99.7, 99.6, 99.5, 99.4, 99.3, 99.2, 99.1, 99.0, 98.9, 98.8, 98.7, 98.6, 98.5, 98.4, 98.4, 98.1, 98.0, 97.9, 97.8, 97.7, 97.6, 97.4, 97.3, 97.1, 97.0, 96.7, 96.5, 96.3, 96.1, 96.0, 95.9, 95.6, 95.5, 95.4, 95.3, 95.2, 95.1, 95.0, 94.9, 94.7, 94.5, 94.4, 94.2, 94.1, 94.0, 93.9, 93.8, 93.7, 93.6, 93.5, 93.5, 93.3, 93.2, 93.0, 92.9, 92.7, 92.6, 92.4, 92.1, 92.0, 91.9, 91.7, 91.5, 91.4, 91.3, 91.2, 91.1, 91.1, 90.8, 90.5, 90.4, 90.3, 90.2, 90.1, 90.0, 89.7, 89.5, 89.5, 89.3, 89.2, 89.0, 88.9, 88.8, 88.7, 88.7, 88.6, 88.4, 88.1, 87.9, 87.8, 87.3, 87.0, 86.7, 86.5, 86.3, 85.7, 85.6, 85.4, 85.4, 85.3, 85.1, 84.8, 84.5, 84.4, 84.0, 83.8, 83.5, 83.3, 83.2, 83.0, 82.7, 82.4, 82.2, 81.9, 81.8, 81.6, 81.4, 81.1, 80.9, 80.5, 80.4, 80.1, 79.7, 79.5, 78.9, 78.8, 78.3, 78.1, 77.8, 77.5, 77.2, 76.9, 76.7, 76.4, 76.1, 75.8, 74.6, 74.3, 73.8, 73.3, 73.0, 72.1, 71.7, 71.4, 71.1, 69.7, 69.2, 68.7, 67.8, 66.2, 64.1, 63.4, 62.2, 60.6, 57.2, 56.8, 56.1, 55.8, 55.4, 54.1, 53.8, 53.3, 53.0, 52.8, 50.7, 50.2, 49.1, 47.7, 46.4, 44.5, 42.7, 40.7, 39.1, 37.5, 35.8, 34.3, 32.8, 31.799999999999997, 30.099999999999994, 27.700000000000003, 27.299999999999997, 26.799999999999997, 26.200000000000003, 25.700000000000003, 24.900000000000006, 24.400000000000006, 24.200000000000003, 23.799999999999997, 23.400000000000006, 22.200000000000003, 21.900000000000006, 21.200000000000003, 20.299999999999997, 19.599999999999994, 18.700000000000003, 17.0, 15.5, 14.5, 13.599999999999994, 12.700000000000003, 11.700000000000003, 11.299999999999997, 10.700000000000003, 9.799999999999997, 9.099999999999994, 8.0, 7.5, 6.900000000000006, 6.599999999999994, 5.900000000000006, 3.5, 3.299999999999997, 3.200000000000003, 2.799999999999997, 2.5999999999999943, 2.5, 2.4000000000000057, 2.299999999999997, 2.200000000000003, 2.0, 1.9000000000000057, 1.7999999999999972, 1.7000000000000028, 1.7000000000000028, 1.5999999999999943, 1.5, 1.2999999999999972, 1.2000000000000028, 0.9000000000000057, 0.9000000000000057, 0.7999999999999972, 0.7000000000000028, 0.5999999999999943, 0.5, 0.20000000000000284, 0.09999999999999432, 0.0, 0.0], "x": [323, 341, 343, 349, 350, 361, 362, 363, 365, 367, 374, 379, 384, 387, 389, 392, 393, 395, 396, 398, 399, 402, 403, 406, 407, 408, 409, 410, 411, 413, 414, 416, 419, 420, 421, 422, 424, 425, 426, 427, 428, 430, 431, 432, 433, 435, 436, 438, 439, 440, 441, 442, 443, 445, 446, 447, 448, 449, 451, 453, 454, 455, 456, 457, 458, 459, 461, 463, 465, 466, 467, 469, 470, 471, 472, 473, 475, 476, 477, 478, 479, 480, 481, 482, 483, 484, 485, 486, 487, 488, 489, 490, 491, 492, 494, 495, 496, 497, 498, 499, 500, 501, 502, 503, 504, 505, 506, 507, 508, 509, 510, 511, 512, 513, 514, 515, 516, 517, 518, 519, 520, 521, 523, 524, 525, 526, 527, 528, 529, 530, 531, 532, 533, 534, 535, 536, 537, 538, 539, 540, 541, 542, 543, 544, 545, 546, 547, 548, 550, 551, 552, 553, 554, 555, 556, 557, 558, 559, 560, 561, 562, 563, 564, 565, 566, 567, 568, 569, 570, 571, 572, 573, 574, 575, 576, 577, 578, 579, 580, 581, 582, 583, 584, 585, 586, 587, 588, 589, 590, 591, 592, 593, 594, 595, 596, 597, 598, 599, 600, 601, 602, 603, 604, 605, 606, 607, 608, 609, 610, 611, 612, 613, 614, 615, 616, 617, 618, 619, 620, 621, 624, 626, 630, 633, 634, 635, 639, 642, 643, 644, 646, 647, 664, 669, 675, 682, 683, 684, 698, 702, 703]}}