{"histogram": {"y": [1, 0, 2, 0, 1, 0, 2, 1, 3, 1, 3, 1, 0, 0, 1, 4, 1, 1, 1, 1, 4, 3, 1, 3, 5, 8, 5, 3, 10, 3, 5, 1, 0, 0, 0, 0, 0], "x": [300, 310, 320, 330, 340, 350, 360, 370, 380, 390, 400, 410, 420, 430, 440, 450, 460, 470, 480, 490, 500, 510, 520, 530, 540, 550, 559, 569, 584, 594, 615, 624, 633, 648, 663, 684, 705]}, "percentile": {"y": [98.7, 97.3, 96.0, 94.6, 93.3, 91.9, 90.6, 89.2, 87.9, 86.5, 85.2, 83.8, 82.5, 81.1, 79.8, 78.4, 75.7, 74.4, 73.0, 71.7, 70.3, 69.0, 67.6, 66.3, 64.9, 63.6, 62.2, 60.9, 59.5, 58.2, 56.8, 55.5, 52.8, 51.4, 50.0, 48.7, 46.0, 44.6, 35.2, 32.5, 29.799999999999997, 28.400000000000006, 27.099999999999994, 25.700000000000003, 24.400000000000006, 23.0, 20.299999999999997, 19.0, 14.900000000000006, 10.900000000000006, 9.5, 8.200000000000003, 6.799999999999997, 5.5, 4.099999999999994, 2.799999999999997, 0.0, -1.2999999999999972], "x": [293, 313, 317, 334, 352, 360, 365, 375, 377, 380, 390, 391, 399, 400, 410, 436, 447, 449, 450, 456, 466, 473, 484, 491, 492, 498, 499, 501, 502, 510, 512, 522, 527, 531, 532, 536, 539, 543, 550, 557, 558, 559, 562, 564, 565, 572, 578, 581, 583, 584, 585, 589, 590, 597, 606, 610, 615, 620]}}