{"histogram": {"y": [1, 1, 0, 0, 1, 3, 2, 0, 4, 3, 2, 2, 4, 10, 2, 9, 4, 8, 13, 10, 16, 21, 26, 25, 55, 37, 106, 31, 70, 7, 2, 4, 4, 6, 0], "x": [320, 330, 340, 350, 360, 370, 380, 390, 400, 410, 420, 430, 440, 450, 460, 470, 480, 490, 500, 510, 520, 530, 540, 550, 559, 569, 584, 594, 615, 624, 633, 648, 663, 684, 705]}, "percentile": {"y": [99.8, 99.6, 99.4, 99.2, 99.0, 98.8, 98.6, 98.4, 98.2, 98.0, 97.6, 97.4, 97.2, 97.0, 96.8, 96.6, 96.4, 96.2, 96.0, 95.7, 95.5, 95.3, 95.1, 94.9, 94.5, 94.1, 93.9, 93.5, 93.3, 93.1, 92.9, 92.5, 92.3, 91.9, 91.6, 91.4, 91.2, 91.0, 90.8, 90.6, 90.2, 90.0, 89.8, 89.6, 89.2, 88.6, 88.2, 88.0, 87.8, 87.1, 86.9, 86.7, 86.5, 85.9, 85.7, 85.5, 85.1, 84.9, 84.5, 83.9, 83.7, 83.2, 82.8, 81.8, 81.6, 81.4, 81.0, 80.6, 80.4, 80.2, 79.8, 79.6, 78.5, 78.1, 77.5, 76.7, 76.3, 75.9, 75.5, 75.3, 74.6, 74.4, 73.8, 73.0, 72.6, 71.0, 70.5, 70.3, 70.1, 69.3, 69.1, 68.9, 68.7, 68.3, 65.8, 64.6, 63.8, 62.8, 61.5, 60.1, 59.3, 58.2, 56.6, 54.6, 54.1, 53.5, 53.3, 53.1, 51.7, 51.3, 50.9, 50.5, 50.0, 47.0, 46.2, 45.5, 44.7, 43.1, 42.3, 41.2, 39.4, 38.0, 36.5, 33.7, 32.400000000000006, 30.400000000000006, 28.299999999999997, 27.700000000000003, 25.299999999999997, 24.599999999999994, 24.0, 23.400000000000006, 23.200000000000003, 22.400000000000006, 21.599999999999994, 21.200000000000003, 21.0, 18.900000000000006, 18.700000000000003, 18.5, 17.900000000000006, 17.099999999999994, 16.400000000000006, 16.0, 15.200000000000003, 14.200000000000003, 13.799999999999997, 12.799999999999997, 11.099999999999994, 9.900000000000006, 9.099999999999994, 8.900000000000006, 7.799999999999997, 7.599999999999994, 7.0, 6.799999999999997, 6.599999999999994, 6.200000000000003, 4.599999999999994, 4.099999999999994, 3.700000000000003, 3.5, 3.299999999999997, 3.0999999999999943, 2.9000000000000057, 2.700000000000003, 2.299999999999997, 2.0999999999999943, 1.9000000000000057, 1.7000000000000028, 1.5, 1.0999999999999943, 0.9000000000000057, 0.7000000000000028, 0.5, -0.20000000000000284], "x": [312, 322, 359, 365, 366, 369, 375, 376, 398, 399, 400, 402, 404, 408, 414, 418, 425, 426, 432, 435, 436, 438, 441, 445, 446, 447, 448, 449, 450, 451, 452, 461, 462, 463, 465, 467, 468, 469, 473, 478, 480, 482, 483, 484, 486, 487, 491, 492, 495, 496, 497, 498, 499, 500, 504, 505, 506, 507, 509, 510, 512, 513, 515, 516, 517, 518, 519, 520, 521, 522, 523, 524, 525, 527, 528, 529, 530, 531, 532, 534, 535, 536, 537, 538, 539, 540, 542, 543, 544, 545, 546, 547, 548, 549, 550, 551, 552, 553, 554, 555, 556, 557, 558, 559, 560, 561, 562, 563, 564, 565, 566, 567, 568, 569, 570, 571, 572, 573, 574, 575, 576, 577, 578, 579, 580, 581, 582, 583, 584, 585, 586, 587, 588, 589, 590, 591, 592, 594, 595, 596, 597, 598, 599, 600, 601, 602, 603, 604, 605, 606, 607, 608, 609, 610, 611, 612, 613, 614, 615, 616, 617, 618, 619, 620, 626, 630, 637, 639, 643, 651, 659, 663, 666, 667, 668, 684]}}