{"histogram": {"x": [450, 460, 470, 480, 490, 500, 510, 520, 530, 540, 550, 559, 569, 584, 594, 615, 624, 633, 648, 663, 684, 705], "y": [1, 2, 1, 2, 0, 0, 4, 5, 4, 9, 23, 37, 62, 234, 424, 1062, 500, 84, 909, 60, 917, 13]}, "percentile": {"x": [442, 458, 459, 470, 471, 478, 504, 506, 510, 513, 515, 518, 520, 525, 529, 530, 531, 535, 536, 538, 539, 541, 542, 543, 544, 545, 546, 547, 549, 550, 551, 552, 553, 554, 555, 556, 557, 558, 559, 560, 561, 562, 563, 564, 565, 566, 567, 568, 569, 570, 571, 572, 573, 574, 575, 576, 577, 578, 579, 580, 581, 582, 583, 584, 585, 586, 587, 588, 589, 590, 591, 592, 593, 594, 595, 596, 597, 598, 599, 600, 601, 602, 603, 604, 605, 606, 607, 608, 609, 610, 611, 612, 613, 614, 615, 616, 617, 618, 619, 620, 621, 622, 623, 624, 625, 626, 627, 628, 629, 630, 631, 632, 633, 634, 635, 636, 637, 638, 639, 640, 641, 642, 643, 644, 645, 646, 647, 648, 649, 650, 651, 652, 653, 654, 655, 656, 657, 658, 659, 660, 661, 662, 663, 664, 665, 666, 667, 668, 669, 670, 671, 672, 673, 674, 675, 676, 677, 678, 679, 680, 681, 682, 683, 684, 685, 688, 693, 700, 704], "y": [100.0, 100.0, 100.0, 100.0, 99.9, 99.9, 99.9, 99.9, 99.8, 99.8, 99.8, 99.7, 99.7, 99.7, 99.7, 99.6, 99.6, 99.5, 99.5, 99.5, 99.4, 99.4, 99.3, 99.3, 99.3, 99.2, 99.2, 99.2, 99.0, 98.9, 98.8, 98.7, 98.6, 98.5, 98.4, 98.3, 98.2, 98.2, 98.0, 97.9, 97.9, 97.8, 97.7, 97.5, 97.4, 97.3, 97.0, 96.9, 96.6, 96.4, 96.1, 95.8, 95.5, 95.1, 94.7, 94.2, 93.9, 93.5, 93.2, 92.9, 92.5, 92.1, 91.7, 91.2, 90.9, 90.7, 90.1, 89.5, 88.6, 88.0, 86.9, 86.0, 84.9, 81.5, 81.1, 80.5, 79.9, 79.0, 77.9, 76.7, 75.8, 74.4, 73.1, 72.1, 70.6, 69.6, 68.4, 67.1, 65.6, 64.3, 63.0, 61.7, 60.5, 59.1, 57.1, 55.5, 54.5, 53.2, 52.1, 50.6, 49.2, 48.1, 47.1, 45.6, 45.4, 45.3, 45.1, 44.9, 44.7, 44.5, 44.4, 44.1, 43.7, 42.5, 41.0, 39.5, 38.3, 36.9, 35.3, 33.599999999999994, 32.3, 31.0, 29.5, 28.099999999999994, 26.700000000000003, 25.099999999999994, 23.900000000000006, 22.799999999999997, 22.799999999999997, 22.700000000000003, 22.5, 22.400000000000006, 22.200000000000003, 22.099999999999994, 22.0, 21.900000000000006, 21.799999999999997, 21.599999999999994, 21.599999999999994, 21.599999999999994, 21.5, 21.5, 21.400000000000006, 20.599999999999994, 19.599999999999994, 18.799999999999997, 17.599999999999994, 16.700000000000003, 15.5, 14.599999999999994, 13.599999999999994, 12.400000000000006, 11.400000000000006, 10.5, 9.400000000000006, 8.599999999999994, 7.900000000000006, 7.200000000000003, 6.599999999999994, 6.0, 5.400000000000006, 4.799999999999997, 4.0, 0.29999999999999716, 0.29999999999999716, 0.29999999999999716, 0.20000000000000284, 0.20000000000000284, 0.0]}}