{"histogram": {"y": [1, 0, 1, 1, 0, 2, 1, 4, 6, 1, 3, 3, 9, 12, 3, 15, 10, 10, 10, 18, 12, 11, 24, 20, 36, 64, 47, 122, 29, 90, 9, 2, 6, 1, 6, 1], "x": [310, 320, 330, 340, 350, 360, 370, 380, 390, 400, 410, 420, 430, 440, 450, 460, 470, 480, 490, 500, 510, 520, 530, 540, 550, 559, 569, 584, 594, 615, 624, 633, 648, 663, 684, 705]}, "percentile": {"y": [99.9, 99.7, 99.5, 99.4, 99.2, 99.0, 98.9, 98.7, 98.5, 98.4, 98.2, 98.0, 97.8, 97.7, 97.5, 97.3, 97.2, 97.0, 96.8, 96.7, 96.5, 96.3, 96.1, 95.8, 95.6, 95.5, 95.3, 95.0, 94.8, 94.6, 94.4, 94.1, 93.9, 93.8, 93.4, 93.3, 93.1, 92.9, 92.6, 92.4, 92.2, 92.1, 91.9, 91.4, 90.9, 90.7, 90.5, 90.4, 89.9, 89.5, 89.4, 89.2, 88.7, 88.5, 88.2, 87.8, 87.7, 87.1, 86.8, 86.6, 86.5, 86.1, 85.8, 85.4, 85.3, 85.1, 84.9, 84.6, 84.4, 84.1, 83.6, 83.4, 83.1, 82.7, 82.6, 82.1, 81.7, 81.4, 81.2, 81.0, 80.9, 80.7, 80.4, 80.0, 79.3, 79.0, 78.8, 78.7, 78.5, 77.8, 77.5, 77.3, 76.5, 75.8, 75.3, 74.4, 74.1, 73.9, 73.4, 73.2, 72.5, 72.2, 71.9, 71.7, 71.0, 70.0, 69.7, 69.2, 68.1, 68.0, 67.5, 67.3, 63.9, 63.4, 62.9, 62.4, 60.8, 59.8, 58.6, 57.1, 56.1, 53.0, 52.5, 51.8, 51.7, 51.2, 49.6, 49.1, 48.6, 48.3, 47.9, 45.0, 44.2, 43.3, 42.5, 41.3, 40.1, 38.8, 37.6, 35.900000000000006, 34.3, 33.2, 31.099999999999994, 28.900000000000006, 27.400000000000006, 26.200000000000003, 24.299999999999997, 23.799999999999997, 23.599999999999994, 23.299999999999997, 23.099999999999994, 22.299999999999997, 21.299999999999997, 20.900000000000006, 20.400000000000006, 19.400000000000006, 19.099999999999994, 17.5, 16.900000000000006, 16.0, 15.700000000000003, 15.299999999999997, 14.799999999999997, 14.5, 13.0, 11.900000000000006, 10.599999999999994, 9.599999999999994, 8.5, 8.200000000000003, 7.200000000000003, 6.799999999999997, 6.299999999999997, 5.799999999999997, 4.099999999999994, 3.799999999999997, 3.5999999999999943, 3.4000000000000057, 3.0999999999999943, 2.799999999999997, 2.5999999999999943, 2.4000000000000057, 2.299999999999997, 2.0999999999999943, 1.7000000000000028, 1.4000000000000057, 1.2000000000000028, 1.0999999999999943, 0.9000000000000057, 0.7000000000000028, 0.5999999999999943, 0.0, -0.09999999999999432], "x": [305, 325, 340, 357, 358, 367, 373, 375, 378, 380, 381, 383, 384, 385, 387, 390, 400, 405, 409, 410, 411, 417, 420, 422, 424, 425, 426, 427, 428, 429, 432, 433, 434, 435, 436, 437, 438, 439, 440, 441, 442, 450, 451, 452, 453, 454, 455, 456, 459, 460, 463, 465, 466, 467, 469, 470, 473, 475, 476, 477, 478, 480, 481, 482, 483, 484, 486, 488, 489, 491, 492, 493, 494, 495, 497, 498, 499, 500, 502, 503, 504, 506, 508, 509, 510, 511, 512, 514, 516, 519, 520, 522, 524, 525, 526, 527, 528, 529, 530, 532, 534, 535, 537, 538, 539, 540, 542, 543, 545, 546, 547, 549, 550, 551, 552, 553, 554, 555, 556, 557, 558, 559, 560, 561, 562, 563, 564, 565, 566, 567, 568, 569, 570, 571, 572, 573, 574, 575, 576, 577, 578, 579, 580, 581, 582, 583, 584, 585, 586, 587, 588, 589, 590, 591, 593, 594, 596, 597, 598, 599, 600, 601, 602, 603, 604, 605, 606, 607, 609, 610, 611, 612, 613, 614, 615, 616, 618, 619, 621, 623, 624, 628, 633, 635, 639, 644, 645, 649, 665, 679, 683, 684, 696]}}