{"histogram": {"x": [240, 270, 300, 310, 320, 330, 340, 350, 360, 370, 380, 390, 400, 410, 420, 430, 440, 450, 460, 470, 480, 490, 500, 510, 520, 530, 540, 550, 559, 569, 584, 594, 615, 624, 633, 648, 663, 684, 705], "y": [1, 1, 3, 0, 1, 2, 4, 2, 5, 6, 4, 6, 9, 10, 10, 13, 12, 7, 11, 14, 15, 11, 20, 18, 26, 24, 27, 20, 74, 35, 93, 19, 27, 3, 0, 0, 0, 0, 0]}, "percentile": {"x": [232, 269, 277, 292, 299, 311, 324, 330, 333, 335, 337, 339, 344, 345, 354, 356, 358, 360, 361, 366, 367, 368, 370, 375, 378, 384, 387, 388, 389, 391, 392, 396, 398, 400, 401, 402, 403, 407, 409, 410, 412, 414, 415, 416, 417, 418, 419, 420, 421, 423, 424, 425, 426, 427, 428, 429, 430, 432, 433, 434, 435, 437, 438, 439, 440, 441, 444, 447, 448, 449, 451, 453, 455, 456, 457, 458, 460, 461, 462, 463, 464, 467, 468, 469, 470, 471, 472, 473, 474, 475, 476, 477, 478, 480, 481, 482, 483, 484, 485, 486, 487, 488, 489, 491, 492, 493, 494, 495, 497, 498, 499, 500, 502, 503, 504, 505, 506, 507, 508, 509, 511, 512, 513, 515, 516, 517, 518, 519, 520, 521, 522, 523, 524, 525, 526, 527, 528, 530, 531, 532, 533, 534, 535, 537, 538, 539, 540, 541, 542, 545, 546, 547, 548, 549, 550, 551, 552, 553, 554, 555, 556, 557, 558, 559, 560, 561, 563, 564, 565, 567, 568, 569, 570, 571, 572, 573, 574, 575, 576, 577, 578, 579, 580, 581, 582, 583, 584, 585, 586, 588, 589, 590, 591, 592, 593, 594, 595, 597, 598, 602, 603, 605, 607, 608, 610, 611, 612, 613, 615, 616, 622], "y": [99.9, 99.7, 99.5, 99.3, 99.1, 98.9, 98.7, 98.5, 98.4, 98.2, 98.0, 97.8, 97.6, 97.4, 97.2, 97.0, 96.9, 96.5, 96.3, 96.1, 95.9, 95.5, 95.4, 95.0, 94.6, 94.4, 93.8, 93.7, 93.5, 93.3, 93.1, 92.5, 92.3, 91.8, 91.4, 90.8, 90.7, 90.5, 90.1, 89.9, 89.7, 89.3, 89.1, 88.8, 88.6, 88.4, 88.2, 88.0, 87.8, 87.6, 87.3, 86.9, 86.5, 86.3, 86.0, 85.8, 85.6, 85.2, 84.8, 84.4, 84.3, 84.1, 83.9, 83.5, 83.3, 83.1, 82.8, 82.6, 82.2, 82.0, 81.8, 81.6, 81.1, 80.9, 80.3, 80.1, 79.9, 79.4, 79.0, 78.6, 78.4, 78.2, 77.9, 77.7, 77.3, 77.1, 76.9, 76.6, 76.0, 75.4, 75.2, 75.0, 74.7, 74.5, 74.3, 74.1, 73.9, 73.5, 73.4, 73.2, 73.0, 72.6, 72.4, 72.2, 71.3, 70.9, 70.2, 69.6, 69.4, 69.2, 69.0, 68.7, 68.3, 67.2, 66.6, 66.4, 66.2, 65.8, 65.7, 65.3, 64.9, 64.0, 63.8, 63.2, 62.8, 62.3, 61.7, 61.3, 60.4, 60.0, 59.6, 58.5, 58.3, 57.4, 57.2, 56.8, 56.3, 55.9, 54.7, 54.6, 54.0, 53.6, 53.1, 52.3, 51.9, 51.6, 50.8, 50.6, 50.4, 50.2, 50.0, 49.9, 49.5, 49.3, 47.0, 45.9, 45.2, 44.0, 41.6, 40.1, 38.6, 36.9, 35.599999999999994, 33.099999999999994, 32.900000000000006, 32.8, 32.0, 30.299999999999997, 29.900000000000006, 29.700000000000003, 29.200000000000003, 26.599999999999994, 25.599999999999994, 24.5, 23.0, 22.0, 20.700000000000003, 18.5, 16.599999999999994, 15.5, 14.5, 13.200000000000003, 12.799999999999997, 11.700000000000003, 11.099999999999994, 11.0, 9.099999999999994, 8.700000000000003, 8.299999999999997, 8.099999999999994, 7.599999999999994, 7.400000000000006, 7.200000000000003, 7.0, 6.799999999999997, 5.5, 5.099999999999994, 4.599999999999994, 4.400000000000006, 3.5999999999999943, 3.4000000000000057, 3.0999999999999943, 2.700000000000003, 2.0999999999999943, 1.7000000000000028, 1.5999999999999943, 1.4000000000000057, 1.2000000000000028, 0.4000000000000057, 0.0, -0.09999999999999432]}}