{"histogram": {"x": [460, 470, 480, 490, 500, 510, 520, 530, 540, 550, 559, 569, 584, 594, 615, 624, 633, 648, 663, 684, 705], "y": [1, 0, 0, 0, 0, 0, 0, 0, 0, 0, 0, 3, 3, 7, 13, 6, 1, 13, 0, 58, 1]}, "percentile": {"x": [456, 561, 569, 579, 582, 583, 589, 592, 593, 594, 601, 602, 603, 604, 605, 606, 607, 610, 612, 615, 616, 620, 621, 623, 624, 633, 637, 639, 640, 642, 643, 644, 645, 646, 648, 664, 665, 666, 667, 668, 669, 670, 671, 673, 674, 675, 676, 677, 678, 679, 680, 681, 682, 683, 684, 700], "y": [99.1, 98.1, 96.2, 95.3, 94.3, 93.4, 92.4, 91.5, 89.6, 86.7, 85.8, 84.8, 83.9, 82.9, 82.0, 79.1, 78.1, 76.2, 75.3, 74.3, 73.4, 71.5, 70.5, 69.6, 68.6, 67.7, 65.8, 64.8, 63.9, 62.0, 60.0, 59.1, 58.1, 56.2, 55.3, 53.4, 51.5, 47.7, 45.8, 43.9, 42.0, 41.0, 40.0, 39.1, 37.2, 36.2, 34.3, 31.5, 30.5, 28.599999999999994, 26.700000000000003, 24.799999999999997, 22.0, 19.099999999999994, 0.0, -0.9000000000000057]}}