{"histogram": {"y": [3, 2, 0, 0, 1, 1, 1, 1, 5, 3, 1, 2, 6, 4, 6, 9, 6, 7, 10, 8, 7, 4, 7, 18, 9, 16, 32, 30, 75, 13, 55, 3, 0, 1, 0, 2, 0], "x": [300, 310, 320, 330, 340, 350, 360, 370, 380, 390, 400, 410, 420, 430, 440, 450, 460, 470, 480, 490, 500, 510, 520, 530, 540, 550, 559, 569, 584, 594, 615, 624, 633, 648, 663, 684, 705]}, "percentile": {"y": [99.8, 99.5, 99.2, 98.9, 98.6, 98.3, 98.0, 97.7, 97.5, 97.2, 96.6, 96.3, 96.0, 95.7, 95.4, 95.2, 94.9, 94.3, 94.0, 93.7, 93.1, 92.6, 92.3, 92.0, 91.7, 91.4, 91.1, 90.8, 90.5, 89.7, 89.1, 88.2, 87.9, 87.1, 86.5, 86.2, 85.9, 85.6, 85.4, 85.1, 84.8, 84.5, 84.2, 83.9, 83.6, 83.3, 82.8, 82.2, 81.9, 81.6, 81.3, 80.7, 80.5, 80.2, 79.9, 79.3, 79.0, 78.7, 78.4, 78.1, 77.9, 77.3, 77.0, 76.4, 76.1, 75.8, 75.6, 75.3, 75.0, 74.7, 74.4, 74.1, 73.0, 72.7, 71.8, 71.2, 70.7, 70.1, 69.8, 69.5, 69.2, 68.3, 67.8, 66.9, 66.6, 66.3, 66.0, 65.2, 64.3, 64.0, 63.7, 63.5, 62.9, 62.6, 60.6, 60.3, 60.0, 58.8, 58.0, 56.8, 56.5, 55.7, 54.2, 51.3, 49.6, 49.0, 46.7, 46.2, 45.6, 45.3, 42.7, 41.8, 41.0, 39.2, 38.1, 36.9, 35.2, 33.8, 33.2, 32.0, 30.599999999999994, 28.599999999999994, 25.400000000000006, 24.299999999999997, 23.400000000000006, 21.099999999999994, 20.5, 19.900000000000006, 19.400000000000006, 18.799999999999997, 18.200000000000003, 17.900000000000006, 17.299999999999997, 16.5, 15.900000000000006, 15.599999999999994, 15.0, 13.599999999999994, 12.400000000000006, 11.900000000000006, 10.700000000000003, 9.299999999999997, 9.0, 8.099999999999994, 7.299999999999997, 7.0, 6.099999999999994, 5.200000000000003, 4.400000000000006, 3.799999999999997, 1.5, 1.2000000000000028, 0.9000000000000057, 0.5999999999999943, 0.29999999999999716, 0.0, -0.20000000000000284], "x": [291, 297, 298, 304, 306, 340, 342, 352, 364, 371, 372, 377, 379, 383, 384, 388, 400, 407, 416, 418, 419, 420, 421, 422, 426, 430, 431, 435, 437, 440, 441, 444, 445, 447, 453, 454, 455, 457, 460, 461, 462, 463, 464, 466, 468, 470, 471, 472, 475, 476, 477, 478, 480, 482, 483, 484, 485, 486, 487, 488, 495, 497, 498, 499, 500, 502, 504, 507, 509, 513, 515, 516, 520, 521, 522, 523, 524, 525, 526, 527, 528, 529, 530, 533, 534, 535, 536, 539, 541, 542, 543, 544, 545, 549, 550, 551, 552, 553, 554, 555, 556, 557, 558, 559, 560, 562, 564, 565, 567, 568, 569, 570, 571, 572, 573, 574, 575, 576, 577, 578, 579, 580, 581, 582, 583, 584, 585, 587, 589, 590, 591, 592, 594, 596, 597, 598, 599, 600, 601, 602, 604, 605, 606, 607, 608, 609, 610, 611, 613, 614, 615, 618, 622, 624, 641, 666, 676]}}