{"histogram": {"x": [569, 584, 594, 615, 624, 633, 648, 663, 684, 705], "y": [1, 0, 4, 16, 2, 4, 8, 7, 17, 1]}, "percentile": {"x": [560, 585, 586, 594, 595, 613, 614, 615, 623, 624, 627, 629, 632, 637, 638, 639, 641, 644, 648, 652, 655, 657, 658, 664, 665, 667, 668, 670, 673, 674, 675, 677, 678, 680, 682, 684, 700], "y": [98.4, 96.7, 95.0, 91.6, 89.9, 83.1, 79.7, 64.5, 62.8, 61.1, 59.4, 56.0, 54.3, 52.6, 50.9, 49.2, 45.8, 44.1, 40.7, 39.0, 32.3, 30.599999999999994, 28.900000000000006, 27.200000000000003, 23.799999999999997, 22.099999999999994, 20.400000000000006, 18.700000000000003, 17.0, 15.299999999999997, 13.599999999999994, 11.900000000000006, 10.200000000000003, 8.5, 6.799999999999997, 0.0, -1.5999999999999943]}}