{"percentile": {"y": [98.0, 95.9, 93.8, 91.7, 89.6, 87.5, 85.5, 83.4, 81.3, 79.2, 77.1, 75.0, 73.0, 70.9, 68.8, 66.7, 64.6, 62.5, 60.5, 58.4, 56.3, 54.2, 52.1, 50.0, 48.0, 45.9, 43.8, 39.6, 37.5, 35.5, 31.299999999999997, 29.200000000000003, 27.099999999999994, 23.0, 18.799999999999997, 16.700000000000003, 12.5, 10.5, 8.400000000000006, 6.299999999999997, 2.0999999999999943, 0.0, -2.0], "x": [247, 266, 276, 301, 302, 312, 320, 335, 347, 359, 375, 382, 389, 394, 421, 423, 428, 437, 448, 449, 451, 455, 470, 475, 476, 489, 490, 491, 504, 510, 515, 516, 518, 522, 540, 545, 551, 556, 557, 569, 584, 594, 610]}, "histogram": {"y": [2, 1, 2, 2, 0, 1, 1, 1, 0, 1, 2, 1, 0, 0, 3, 1, 2, 2, 1, 2, 2, 2, 2, 4, 2, 2, 1, 4, 1, 2, 1, 1, 0, 0, 0, 0, 0, 0], "x": [270, 300, 310, 320, 330, 340, 350, 360, 370, 380, 390, 400, 410, 420, 430, 440, 450, 460, 470, 480, 490, 500, 510, 520, 530, 540, 550, 559, 569, 584, 594, 615, 624, 633, 648, 663, 684, 705]}}