{"histogram": {"x": [360, 370, 380, 390, 400, 410, 420, 430, 440, 450, 460, 470, 480, 490, 500, 510, 520, 530, 540, 550, 559, 569, 584, 594, 615, 624, 633, 648, 663, 684, 705], "y": [1, 0, 0, 0, 0, 0, 1, 0, 0, 0, 1, 2, 0, 1, 0, 2, 2, 2, 3, 6, 9, 24, 33, 89, 108, 69, 9, 181, 21, 409, 7]}, "percentile": {"x": [359, 415, 456, 463, 464, 483, 504, 510, 512, 527, 530, 534, 539, 542, 545, 546, 549, 550, 554, 557, 558, 559, 560, 561, 562, 563, 564, 565, 566, 567, 568, 569, 570, 571, 572, 573, 574, 575, 576, 577, 578, 579, 580, 581, 582, 583, 584, 585, 586, 587, 588, 589, 590, 591, 592, 593, 594, 596, 597, 598, 599, 600, 601, 602, 603, 604, 605, 606, 607, 608, 609, 610, 611, 612, 613, 614, 615, 616, 617, 618, 619, 620, 621, 622, 623, 624, 626, 630, 632, 633, 634, 635, 636, 637, 638, 639, 640, 641, 642, 643, 644, 645, 646, 647, 648, 649, 651, 653, 654, 656, 657, 658, 659, 660, 661, 662, 663, 664, 665, 666, 667, 668, 669, 670, 671, 672, 673, 674, 675, 676, 677, 678, 679, 680, 681, 682, 683, 684, 689, 691, 693, 694, 700, 701], "y": [99.9, 99.8, 99.7, 99.6, 99.5, 99.4, 99.3, 99.2, 99.0, 98.9, 98.8, 98.6, 98.5, 98.4, 98.2, 98.1, 98.0, 97.9, 97.7, 97.6, 97.4, 97.0, 96.8, 96.7, 96.1, 96.0, 95.9, 95.8, 95.6, 95.4, 95.1, 94.5, 94.3, 94.2, 94.1, 93.9, 93.6, 93.5, 93.4, 93.3, 92.8, 92.6, 92.5, 92.2, 92.0, 91.7, 91.2, 90.9, 90.4, 89.7, 89.5, 89.3, 88.6, 87.6, 86.8, 84.8, 82.1, 82.0, 81.3, 80.4, 80.0, 79.6, 79.1, 78.5, 77.9, 77.3, 76.9, 75.8, 75.2, 74.8, 74.4, 73.8, 73.5, 73.0, 72.4, 72.0, 71.0, 70.5, 70.1, 68.9, 68.2, 66.8, 66.3, 65.5, 64.8, 64.0, 63.9, 63.7, 63.6, 63.1, 62.3, 61.2, 60.5, 59.3, 58.5, 57.8, 56.0, 54.9, 53.8, 52.5, 50.5, 49.4, 47.9, 46.4, 44.6, 44.5, 44.4, 44.2, 43.9, 43.8, 43.7, 43.6, 43.4, 43.2, 43.1, 42.8, 42.4, 40.9, 39.7, 38.4, 36.8, 34.7, 33.2, 32.099999999999994, 30.200000000000003, 28.299999999999997, 27.299999999999997, 25.700000000000003, 24.700000000000003, 23.599999999999994, 21.599999999999994, 20.5, 19.200000000000003, 17.200000000000003, 16.0, 14.0, 12.599999999999994, 0.7000000000000028, 0.5999999999999943, 0.5, 0.29999999999999716, 0.20000000000000284, 0.0, -0.09999999999999432]}}